INSERT INTO Executive (Executive_ID,Name,Surname) VALUES ("3119000","Κλεονίκη", "Καλαμπαλίκης");
INSERT INTO Executive (Executive_ID,Name,Surname) VALUES ("3119001","Elizabeth", "Tucker");
INSERT INTO Executive (Executive_ID,Name,Surname) VALUES ("3119002","Tracy", "Λουμπούτσκου");
INSERT INTO Executive (Executive_ID,Name,Surname) VALUES ("3119003","Μαυρούδης", "Τσαπραλής");
INSERT INTO Executive (Executive_ID,Name,Surname) VALUES ("3119004","Billy", "Φωτόπουλος");
INSERT INTO Executive (Executive_ID,Name,Surname) VALUES ("3119005","Jamie", "Παπαστεργίου");
INSERT INTO Executive (Executive_ID,Name,Surname) VALUES ("3119006","Νομική", "West");
INSERT INTO Executive (Executive_ID,Name,Surname) VALUES ("3119007","Dillon", "Welch");
INSERT INTO Executive (Executive_ID,Name,Surname) VALUES ("3119008","Matthew", "Νάστος");
INSERT INTO Executive (Executive_ID,Name,Surname) VALUES ("3119009","Βαλάντω", "Larsen");
INSERT INTO Executive (Executive_ID,Name,Surname) VALUES ("3119010","Δαμιανός", "Anderson");
INSERT INTO Executive (Executive_ID,Name,Surname) VALUES ("3119011","Ronnie", "Μαστρογιώργης");
INSERT INTO Executive (Executive_ID,Name,Surname) VALUES ("3119012","Ανδρόνικος", "Johnson");
INSERT INTO Executive (Executive_ID,Name,Surname) VALUES ("3119013","Αρτέμης", "Montgomery");
INSERT INTO Executive (Executive_ID,Name,Surname) VALUES ("3119014","Austin", "Ramos");
INSERT INTO Executive (Executive_ID,Name,Surname) VALUES ("3119015","Λαζαρία", "Σταυρίδου");
INSERT INTO Executive (Executive_ID,Name,Surname) VALUES ("3119016","Περικλεία", "Benitez");
INSERT INTO Executive (Executive_ID,Name,Surname) VALUES ("3119017","Ξένη", "Χατζηφώτη");
INSERT INTO Executive (Executive_ID,Name,Surname) VALUES ("3119018","Κλεάνθης", "Κεφαλή");
INSERT INTO Executive (Executive_ID,Name,Surname) VALUES ("3119019","Δράκων", "Flores");
INSERT INTO Executive (Executive_ID,Name,Surname) VALUES ("3119020","Ζαχαρούλα", "Μπακλάβας");
INSERT INTO Executive (Executive_ID,Name,Surname) VALUES ("3119021","Ερμιόνη", "Johnson");
INSERT INTO Executive (Executive_ID,Name,Surname) VALUES ("3119022","Αγαθοκλής", "James");
INSERT INTO Executive (Executive_ID,Name,Surname) VALUES ("3119023","Sophia", "Σπανίδου");
INSERT INTO Executive (Executive_ID,Name,Surname) VALUES ("3119024","Ζαφείριος", "Μιλέα");
INSERT INTO Executive (Executive_ID,Name,Surname) VALUES ("3119025","Hannah", "Γιακαμόζη");
INSERT INTO Executive (Executive_ID,Name,Surname) VALUES ("3119026","Ολύμπια", "Adams");
INSERT INTO Executive (Executive_ID,Name,Surname) VALUES ("3119027","Πέτρος", "Wong");
INSERT INTO Executive (Executive_ID,Name,Surname) VALUES ("3119028","Ιερόθεος", "Ντουλιάς");
INSERT INTO Executive (Executive_ID,Name,Surname) VALUES ("3119029","Πύρρος", "Parrish");
INSERT INTO Executive (Executive_ID,Name,Surname) VALUES ("3119030","Βικτόρια", "Martinez");
INSERT INTO Executive (Executive_ID,Name,Surname) VALUES ("3119031","Αυγέρης", "Χατζησάββας");
INSERT INTO Executive (Executive_ID,Name,Surname) VALUES ("3119032","Έξαρχος", "Ayala");
INSERT INTO Executive (Executive_ID,Name,Surname) VALUES ("3119033","Σωζούσα", "Σπηλιώτης");
INSERT INTO Executive (Executive_ID,Name,Surname) VALUES ("3119034","Αντιγόνη", "Καρυπίδης");
INSERT INTO Executive (Executive_ID,Name,Surname) VALUES ("3119035","Kelly", "Padilla");
INSERT INTO Executive (Executive_ID,Name,Surname) VALUES ("3119036","Θεοδούλη", "Κατσιγιάννη");
INSERT INTO Executive (Executive_ID,Name,Surname) VALUES ("3119037","Ronald", "Larson");
INSERT INTO Executive (Executive_ID,Name,Surname) VALUES ("3119038","Tanya", "Cook");
INSERT INTO Executive (Executive_ID,Name,Surname) VALUES ("3119039","Ellen", "Anderson");
INSERT INTO Executive (Executive_ID,Name,Surname) VALUES ("3119040","Michael", "Αποστολακάκης");
INSERT INTO Executive (Executive_ID,Name,Surname) VALUES ("3119041","Tammy", "Διακάκης");
INSERT INTO Executive (Executive_ID,Name,Surname) VALUES ("3119042","Kelly", "Γκάγκα");
INSERT INTO Executive (Executive_ID,Name,Surname) VALUES ("3119043","Χλόη", "Mason");
INSERT INTO Executive (Executive_ID,Name,Surname) VALUES ("3119044","Ευθύμιος", "Καρβέλη");
INSERT INTO Executive (Executive_ID,Name,Surname) VALUES ("3119045","Διομήδης", "Everett");
INSERT INTO Executive (Executive_ID,Name,Surname) VALUES ("3119046","Kristin", "Macdonald");
INSERT INTO Executive (Executive_ID,Name,Surname) VALUES ("3119047","Ακριβός", "Ποταμιάνου");
INSERT INTO Executive (Executive_ID,Name,Surname) VALUES ("3119048","Ryan", "Brock");
INSERT INTO Executive (Executive_ID,Name,Surname) VALUES ("3119049","Ακριβός", "Nichols");
INSERT INTO Executive (Executive_ID,Name,Surname) VALUES ("3119050","Αμφιθέα", "Rich");
INSERT INTO Executive (Executive_ID,Name,Surname) VALUES ("3119051","Brent", "Clayton");
INSERT INTO Executive (Executive_ID,Name,Surname) VALUES ("3119052","Shannon", "Αντωνόπουλος");
INSERT INTO Executive (Executive_ID,Name,Surname) VALUES ("3119053","Σόλων", "Ζερβά");
INSERT INTO Executive (Executive_ID,Name,Surname) VALUES ("3119054","Σέργιος", "Ντριβαλά");
INSERT INTO Executive (Executive_ID,Name,Surname) VALUES ("3119055","Κυβέλη", "Brown");
INSERT INTO Executive (Executive_ID,Name,Surname) VALUES ("3119056","Λαυρεντία", "Σακελλαρίου");
INSERT INTO Executive (Executive_ID,Name,Surname) VALUES ("3119057","Miranda", "Τσικρίκα");
INSERT INTO Executive (Executive_ID,Name,Surname) VALUES ("3119058","Ελεονόρα", "Πλακωτάρης");
INSERT INTO Executive (Executive_ID,Name,Surname) VALUES ("3119059","Stephen", "Watson");
INSERT INTO Executive (Executive_ID,Name,Surname) VALUES ("3119060","Patricia", "Rowe");
INSERT INTO Executive (Executive_ID,Name,Surname) VALUES ("3119061","Γαβριήλ", "Mcgee");
INSERT INTO Executive (Executive_ID,Name,Surname) VALUES ("3119062","Tina", "Hopkins");
INSERT INTO Executive (Executive_ID,Name,Surname) VALUES ("3119063","Σταύρος", "Daniel");
INSERT INTO Executive (Executive_ID,Name,Surname) VALUES ("3119064","Ευμένιος", "Ορφανίδου");
INSERT INTO Executive (Executive_ID,Name,Surname) VALUES ("3119065","Μαρίνος", "Wiggins");
INSERT INTO Executive (Executive_ID,Name,Surname) VALUES ("3119066","David", "George");
INSERT INTO Executive (Executive_ID,Name,Surname) VALUES ("3119067","Γεράσιμος", "Μπαλή");
INSERT INTO Executive (Executive_ID,Name,Surname) VALUES ("3119068","Ζηνοβία", "Κατιρτζής");
INSERT INTO Executive (Executive_ID,Name,Surname) VALUES ("3119069","Brittney", "Fields");
INSERT INTO Executive (Executive_ID,Name,Surname) VALUES ("3119070","Θωμάς", "Χωριανοπούλου");
INSERT INTO Executive (Executive_ID,Name,Surname) VALUES ("3119071","Συμεώνη", "Δούβαλη");
INSERT INTO Executive (Executive_ID,Name,Surname) VALUES ("3119072","Βενέτιος", "Faulkner");
INSERT INTO Executive (Executive_ID,Name,Surname) VALUES ("3119073","Kevin", "Μαράκη");
INSERT INTO Executive (Executive_ID,Name,Surname) VALUES ("3119074","Αχιλλεία", "Τσακμάκης");
INSERT INTO Executive (Executive_ID,Name,Surname) VALUES ("3119075","Logan", "Kelly");
INSERT INTO Executive (Executive_ID,Name,Surname) VALUES ("3119076","Kenneth", "Reed");
INSERT INTO Executive (Executive_ID,Name,Surname) VALUES ("3119077","Μάρκος", "Αγγελίκας");
INSERT INTO Executive (Executive_ID,Name,Surname) VALUES ("3119078","Βαρβάρα", "Κατσαντώνη");
INSERT INTO Executive (Executive_ID,Name,Surname) VALUES ("3119079","Samantha", "Mason");
INSERT INTO Executive (Executive_ID,Name,Surname) VALUES ("3119080","Λεώνη", "Κουτσοβίδου");
INSERT INTO Executive (Executive_ID,Name,Surname) VALUES ("3119081","Tammy", "Juarez");
INSERT INTO Executive (Executive_ID,Name,Surname) VALUES ("3119082","Ηρόδοτος", "Μαγκαφοπούλου");
INSERT INTO Executive (Executive_ID,Name,Surname) VALUES ("3119083","Μαριλένα", "Wright");
INSERT INTO Executive (Executive_ID,Name,Surname) VALUES ("3119084","Gabrielle", "Mayo");
INSERT INTO Executive (Executive_ID,Name,Surname) VALUES ("3119085","Αριστείδης", "Μαλίμη");
INSERT INTO Executive (Executive_ID,Name,Surname) VALUES ("3119086","Στυλιανός", "Monroe");
INSERT INTO Executive (Executive_ID,Name,Surname) VALUES ("3119087","Susan", "Μάντου");
INSERT INTO Executive (Executive_ID,Name,Surname) VALUES ("3119088","Brandon", "Βορλόκας");
INSERT INTO Executive (Executive_ID,Name,Surname) VALUES ("3119089","Sheryl", "Bush");
INSERT INTO Executive (Executive_ID,Name,Surname) VALUES ("3119090","Αλέξανδρος", "Γρηγορίου");
INSERT INTO Executive (Executive_ID,Name,Surname) VALUES ("3119091","Rachel", "Serrano");
INSERT INTO Executive (Executive_ID,Name,Surname) VALUES ("3119092","Karen", "Humphrey");
INSERT INTO Executive (Executive_ID,Name,Surname) VALUES ("3119093","Κλήμης", "Φιλιάγκου");
INSERT INTO Executive (Executive_ID,Name,Surname) VALUES ("3119094","Παντούλα", "Βάρσος");
INSERT INTO Executive (Executive_ID,Name,Surname) VALUES ("3119095","Ξενοφών", "Ramos");
INSERT INTO Executive (Executive_ID,Name,Surname) VALUES ("3119096","Ασκληπιός", "Long");
INSERT INTO Executive (Executive_ID,Name,Surname) VALUES ("3119097","Jennifer", "Hughes");
INSERT INTO Executive (Executive_ID,Name,Surname) VALUES ("3119098","Αηδόνα", "Martin");
INSERT INTO Executive (Executive_ID,Name,Surname) VALUES ("3119099","Γλυκερία", "Kelley");
INSERT INTO Executive (Executive_ID,Name,Surname) VALUES ("3119100","Brian", "Hodge");
INSERT INTO Executive (Executive_ID,Name,Surname) VALUES ("3119101","Υάκινθος", "Wong");
INSERT INTO Executive (Executive_ID,Name,Surname) VALUES ("3119102","Τριαντάφυλλος", "Miller");
INSERT INTO Executive (Executive_ID,Name,Surname) VALUES ("3119103","Autumn", "West");
INSERT INTO Executive (Executive_ID,Name,Surname) VALUES ("3119104","Gregory", "Δινεζάκης");
INSERT INTO Executive (Executive_ID,Name,Surname) VALUES ("3119105","Φρειδερίκος", "Βαλεντή");
INSERT INTO Executive (Executive_ID,Name,Surname) VALUES ("3119106","Πλάτων", "Cook");
INSERT INTO Executive (Executive_ID,Name,Surname) VALUES ("3119107","Ευμορφία", "Kramer");
INSERT INTO Executive (Executive_ID,Name,Surname) VALUES ("3119108","Χαρίκλεια", "Ζερβά");
INSERT INTO Executive (Executive_ID,Name,Surname) VALUES ("3119109","Lauren", "Παπαευαγγελίου");
INSERT INTO Executive (Executive_ID,Name,Surname) VALUES ("3119110","Απόλλων", "Βαρθαλίτη");
INSERT INTO Executive (Executive_ID,Name,Surname) VALUES ("3119111","Σάββας", "Δαγλή");
INSERT INTO Executive (Executive_ID,Name,Surname) VALUES ("3119112","Κλεόβουλος", "Θασίτου");
INSERT INTO Executive (Executive_ID,Name,Surname) VALUES ("3119113","Ευθυμία", "Πυλαρινός");
INSERT INTO Executive (Executive_ID,Name,Surname) VALUES ("3119114","Robert", "Hudson");
INSERT INTO Executive (Executive_ID,Name,Surname) VALUES ("3119115","Toni", "Ferguson");
INSERT INTO Executive (Executive_ID,Name,Surname) VALUES ("3119116","Τζανέτος", "Αντωνάκος");
INSERT INTO Executive (Executive_ID,Name,Surname) VALUES ("3119117","Γαλάτιος", "Ρήγας");
INSERT INTO Executive (Executive_ID,Name,Surname) VALUES ("3119118","Andrew", "Bryant");
INSERT INTO Executive (Executive_ID,Name,Surname) VALUES ("3119119","Πλούταρχος", "Chambers");
INSERT INTO Executive (Executive_ID,Name,Surname) VALUES ("3119120","Theresa", "Ross");
INSERT INTO Executive (Executive_ID,Name,Surname) VALUES ("3119121","Jessica", "Κουβάς");
INSERT INTO Executive (Executive_ID,Name,Surname) VALUES ("3119122","Lindsay", "Ανδριόπουλος");
INSERT INTO Executive (Executive_ID,Name,Surname) VALUES ("3119123","Jeremy", "Garcia");
INSERT INTO Executive (Executive_ID,Name,Surname) VALUES ("3119124","Laurie", "Johnston");
INSERT INTO Executive (Executive_ID,Name,Surname) VALUES ("3119125","Ραλλία", "Levy");
INSERT INTO Executive (Executive_ID,Name,Surname) VALUES ("3119126","Βιολέτα", "Βαΐου");
INSERT INTO Executive (Executive_ID,Name,Surname) VALUES ("3119127","Ερατώ", "Δούνης");
INSERT INTO Executive (Executive_ID,Name,Surname) VALUES ("3119128","Jason", "Καραγιάννης");
INSERT INTO Executive (Executive_ID,Name,Surname) VALUES ("3119129","Δήμος", "Κανελλόπουλος");
INSERT INTO Executive (Executive_ID,Name,Surname) VALUES ("3119130","Παντελεήμων", "Lopez");
INSERT INTO Executive (Executive_ID,Name,Surname) VALUES ("3119131","James", "Gonzalez");
INSERT INTO Executive (Executive_ID,Name,Surname) VALUES ("3119132","Monica", "Φαρμάκη");
INSERT INTO Executive (Executive_ID,Name,Surname) VALUES ("3119133","Αρτέμης", "Καμπούρη");
INSERT INTO Executive (Executive_ID,Name,Surname) VALUES ("3119134","Φιλήμων", "Newman");
INSERT INTO Executive (Executive_ID,Name,Surname) VALUES ("3119135","Κάρολος", "Vazquez");
INSERT INTO Executive (Executive_ID,Name,Surname) VALUES ("3119136","Karen", "Τσώνη");
INSERT INTO Executive (Executive_ID,Name,Surname) VALUES ("3119137","Ελισάβετ", "Parks");
INSERT INTO Executive (Executive_ID,Name,Surname) VALUES ("3119138","Jared", "Ross");
INSERT INTO Executive (Executive_ID,Name,Surname) VALUES ("3119139","Randy", "Κεσεμίδης");
INSERT INTO Executive (Executive_ID,Name,Surname) VALUES ("3119140","Robert", "Μουτουσίδης");
INSERT INTO Executive (Executive_ID,Name,Surname) VALUES ("3119141","David", "Κουτσούμπεη");
INSERT INTO Executive (Executive_ID,Name,Surname) VALUES ("3119142","Tracy", "Charles");
INSERT INTO Executive (Executive_ID,Name,Surname) VALUES ("3119143","Leslie", "Bradley");
INSERT INTO Executive (Executive_ID,Name,Surname) VALUES ("3119144","Θέκλα", "Βιτσαξής");
INSERT INTO Executive (Executive_ID,Name,Surname) VALUES ("3119145","Ευρυδίκη", "Κουρλού");
INSERT INTO Executive (Executive_ID,Name,Surname) VALUES ("3119146","Ναταλίνα", "Γεωργαλάς");
INSERT INTO Executive (Executive_ID,Name,Surname) VALUES ("3119147","Ζησούλα", "Miller");
INSERT INTO Executive (Executive_ID,Name,Surname) VALUES ("3119148","Αντίπατρος", "Δουράνης");
INSERT INTO Executive (Executive_ID,Name,Surname) VALUES ("3119149","Λεωνιδιά", "Πρέκα");
INSERT INTO Executive (Executive_ID,Name,Surname) VALUES ("3119150","Μαντώ", "Μαλίμη");
INSERT INTO Executive (Executive_ID,Name,Surname) VALUES ("3119151","Marcus", "Ανδρεανίδης");
INSERT INTO Executive (Executive_ID,Name,Surname) VALUES ("3119152","Mark", "Κορδατζής");
INSERT INTO Executive (Executive_ID,Name,Surname) VALUES ("3119153","Παρθένα", "Porter");
INSERT INTO Executive (Executive_ID,Name,Surname) VALUES ("3119154","Κώστας", "Johnson");
INSERT INTO Executive (Executive_ID,Name,Surname) VALUES ("3119155","Elizabeth", "Romero");
INSERT INTO Executive (Executive_ID,Name,Surname) VALUES ("3119156","David", "Παλαιολόγος");
INSERT INTO Executive (Executive_ID,Name,Surname) VALUES ("3119157","Ταξιάρχης", "Madden");
INSERT INTO Executive (Executive_ID,Name,Surname) VALUES ("3119158","Amanda", "Robertson");
INSERT INTO Executive (Executive_ID,Name,Surname) VALUES ("3119159","Μόσχα", "Wallace");
INSERT INTO Executive (Executive_ID,Name,Surname) VALUES ("3119160","Αγνή", "Powell");
INSERT INTO Executive (Executive_ID,Name,Surname) VALUES ("3119161","Αστέριος", "Stewart");
INSERT INTO Executive (Executive_ID,Name,Surname) VALUES ("3119162","Keith", "Solomon");
INSERT INTO Executive (Executive_ID,Name,Surname) VALUES ("3119163","Felicia", "Κωστίδης");
INSERT INTO Executive (Executive_ID,Name,Surname) VALUES ("3119164","Σπάρτη", "Μητσόπουλος");
INSERT INTO Executive (Executive_ID,Name,Surname) VALUES ("3119165","Rita", "Παναγιωτακόπουλος");
INSERT INTO Executive (Executive_ID,Name,Surname) VALUES ("3119166","Δαμιανή", "Τσάτη");
INSERT INTO Executive (Executive_ID,Name,Surname) VALUES ("3119167","Ματρώνη", "Σπαθάρη");
INSERT INTO Executive (Executive_ID,Name,Surname) VALUES ("3119168","Γλυκερία", "Hall");
INSERT INTO Executive (Executive_ID,Name,Surname) VALUES ("3119169","Whitney", "Banks");
INSERT INTO Executive (Executive_ID,Name,Surname) VALUES ("3119170","Αριστόβουλος", "Τσέλιος");
INSERT INTO Executive (Executive_ID,Name,Surname) VALUES ("3119171","Jessica", "Ακαλίδης");
INSERT INTO Executive (Executive_ID,Name,Surname) VALUES ("3119172","Christine", "Garcia");
INSERT INTO Executive (Executive_ID,Name,Surname) VALUES ("3119173","Μακάριος", "Θεοδοσίου");
INSERT INTO Executive (Executive_ID,Name,Surname) VALUES ("3119174","Μελέτια", "Αποστολόπουλος");
INSERT INTO Executive (Executive_ID,Name,Surname) VALUES ("3119175","Φαίδων", "Καράμπας");
INSERT INTO Executive (Executive_ID,Name,Surname) VALUES ("3119176","Christopher", "Καράμπας");
INSERT INTO Executive (Executive_ID,Name,Surname) VALUES ("3119177","Jose", "Πιτσολής");
INSERT INTO Executive (Executive_ID,Name,Surname) VALUES ("3119178","Maria", "Miller");
INSERT INTO Executive (Executive_ID,Name,Surname) VALUES ("3119179","Ματίνα", "Baldwin");
INSERT INTO Executive (Executive_ID,Name,Surname) VALUES ("3119180","Αμβροσία", "Ανδρουλάκης");
INSERT INTO Executive (Executive_ID,Name,Surname) VALUES ("3119181","Travis", "Λιναρδάκη");
INSERT INTO Executive (Executive_ID,Name,Surname) VALUES ("3119182","Chris", "Gamble");
INSERT INTO Executive (Executive_ID,Name,Surname) VALUES ("3119183","Timothy", "Παπαφώτης");
INSERT INTO Executive (Executive_ID,Name,Surname) VALUES ("3119184","Δομήνικος", "Αργυράκη");
INSERT INTO Executive (Executive_ID,Name,Surname) VALUES ("3119185","Ρέα", "Trujillo");
INSERT INTO Executive (Executive_ID,Name,Surname) VALUES ("3119186","Κηρύκος", "Δάρας");
INSERT INTO Executive (Executive_ID,Name,Surname) VALUES ("3119187","Δαβιδούλα", "Booker");
INSERT INTO Executive (Executive_ID,Name,Surname) VALUES ("3119188","Ξένη", "Χατζηγεωργίου");
INSERT INTO Executive (Executive_ID,Name,Surname) VALUES ("3119189","Μαγδαληνός", "Μπίλλας");
INSERT INTO Executive (Executive_ID,Name,Surname) VALUES ("3119190","James", "Jones");
INSERT INTO Executive (Executive_ID,Name,Surname) VALUES ("3119191","Rick", "Παντίσκα");
INSERT INTO Executive (Executive_ID,Name,Surname) VALUES ("3119192","Sheila", "Lynch");
INSERT INTO Executive (Executive_ID,Name,Surname) VALUES ("3119193","Joseph", "Σιμιτζή");
INSERT INTO Executive (Executive_ID,Name,Surname) VALUES ("3119194","Ιερόθεος", "Κίτσου");
INSERT INTO Executive (Executive_ID,Name,Surname) VALUES ("3119195","Ryan", "Tanner");
INSERT INTO Executive (Executive_ID,Name,Surname) VALUES ("3119196","Ουρανία", "Gutierrez");
INSERT INTO Executive (Executive_ID,Name,Surname) VALUES ("3119197","Λουκιανός", "Duncan");
INSERT INTO Executive (Executive_ID,Name,Surname) VALUES ("3119198","Αλεξάνδρα", "Τσώνης");
INSERT INTO Executive (Executive_ID,Name,Surname) VALUES ("3119199","Lindsey", "Santiago");
INSERT INTO Executive (Executive_ID,Name,Surname) VALUES ("3119200","Μινέρβα", "Jenkins");
INSERT INTO Executive (Executive_ID,Name,Surname) VALUES ("3119201","Εριέτα", "Λάτσκος");
INSERT INTO Executive (Executive_ID,Name,Surname) VALUES ("3119202","Melanie", "Μαρουγιάννη");
INSERT INTO Executive (Executive_ID,Name,Surname) VALUES ("3119203","April", "Σάουερ");
INSERT INTO Executive (Executive_ID,Name,Surname) VALUES ("3119204","Katie", "Martin");
INSERT INTO Executive (Executive_ID,Name,Surname) VALUES ("3119205","Βλάσιος", "Ακριτίδης");
INSERT INTO Executive (Executive_ID,Name,Surname) VALUES ("3119206","Αλκιβιάδης", "Παυλίδου");
INSERT INTO Executive (Executive_ID,Name,Surname) VALUES ("3119207","Βελισσάριος", "Βαβάση");
INSERT INTO Executive (Executive_ID,Name,Surname) VALUES ("3119208","Sharon", "Τυράλης");
INSERT INTO Executive (Executive_ID,Name,Surname) VALUES ("3119209","Βικτωρία", "Δρακάκης");
INSERT INTO Executive (Executive_ID,Name,Surname) VALUES ("3119210","Sarah", "Κουτσούρας");
INSERT INTO Executive (Executive_ID,Name,Surname) VALUES ("3119211","Zachary", "Σάουερ");
INSERT INTO Executive (Executive_ID,Name,Surname) VALUES ("3119212","Θεοφάνης", "Freeman");
INSERT INTO Executive (Executive_ID,Name,Surname) VALUES ("3119213","Jeffrey", "Sims");
INSERT INTO Executive (Executive_ID,Name,Surname) VALUES ("3119214","Ξένη", "Brooks");
INSERT INTO Executive (Executive_ID,Name,Surname) VALUES ("3119215","Mary", "Χουλιάρας");
INSERT INTO Executive (Executive_ID,Name,Surname) VALUES ("3119216","Larry", "Huber");
INSERT INTO Executive (Executive_ID,Name,Surname) VALUES ("3119217","Ryan", "Σίδερης");
INSERT INTO Executive (Executive_ID,Name,Surname) VALUES ("3119218","Σωτηρία", "Wright");
INSERT INTO Executive (Executive_ID,Name,Surname) VALUES ("3119219","Jason", "Σταθάτος");
INSERT INTO Executive (Executive_ID,Name,Surname) VALUES ("3119220","Κλεόβουλος", "Αθανασιάδη");
INSERT INTO Executive (Executive_ID,Name,Surname) VALUES ("3119221","Yvette", "Τόμπρη");
INSERT INTO Executive (Executive_ID,Name,Surname) VALUES ("3119222","Θεολόγος", "Χατζηχαρίστου");
INSERT INTO Executive (Executive_ID,Name,Surname) VALUES ("3119223","Μερκούριος", "Κυπριώτης");
INSERT INTO Executive (Executive_ID,Name,Surname) VALUES ("3119224","Χρυσοβαλάντω", "Σμαρδάς");
INSERT INTO Executive (Executive_ID,Name,Surname) VALUES ("3119225","Εφραίμ", "Μαμμής");
INSERT INTO Executive (Executive_ID,Name,Surname) VALUES ("3119226","Barbara", "Σιμιτζή");
INSERT INTO Executive (Executive_ID,Name,Surname) VALUES ("3119227","Anna", "Richard");
INSERT INTO Executive (Executive_ID,Name,Surname) VALUES ("3119228","Αντωνία", "Ramirez");
INSERT INTO Executive (Executive_ID,Name,Surname) VALUES ("3119229","Nicole", "Williams");
INSERT INTO Executive (Executive_ID,Name,Surname) VALUES ("3119230","Carolyn", "Pena");
INSERT INTO Executive (Executive_ID,Name,Surname) VALUES ("3119231","Ρεβέκα", "Werner");
INSERT INTO Executive (Executive_ID,Name,Surname) VALUES ("3119232","Michael", "Νικολάου");
INSERT INTO Executive (Executive_ID,Name,Surname) VALUES ("3119233","John", "Harper");
INSERT INTO Executive (Executive_ID,Name,Surname) VALUES ("3119234","Katie", "Durham");
INSERT INTO Executive (Executive_ID,Name,Surname) VALUES ("3119235","Ευθυμία", "Johnson");
INSERT INTO Executive (Executive_ID,Name,Surname) VALUES ("3119236","Ιωσήφ", "Συρρής");
INSERT INTO Executive (Executive_ID,Name,Surname) VALUES ("3119237","James", "Cook");
INSERT INTO Executive (Executive_ID,Name,Surname) VALUES ("3119238","Louis", "Stephenson");
INSERT INTO Executive (Executive_ID,Name,Surname) VALUES ("3119239","Συμεωνία", "Μπιμπίρη");
INSERT INTO Executive (Executive_ID,Name,Surname) VALUES ("3119240","Μιχαήλ", "Joseph");
INSERT INTO Executive (Executive_ID,Name,Surname) VALUES ("3119241","Joseph", "Βαρσάμου");
INSERT INTO Executive (Executive_ID,Name,Surname) VALUES ("3119242","Chris", "Αναστόπουλος");
INSERT INTO Executive (Executive_ID,Name,Surname) VALUES ("3119243","Nicholas", "Ζευγίτης");
INSERT INTO Executive (Executive_ID,Name,Surname) VALUES ("3119244","Αριστομένης", "Bell");
INSERT INTO Executive (Executive_ID,Name,Surname) VALUES ("3119245","Θωμάς", "Χρήστου");
INSERT INTO Executive (Executive_ID,Name,Surname) VALUES ("3119246","Στεργιαννώ", "Harris");
INSERT INTO Executive (Executive_ID,Name,Surname) VALUES ("3119247","John", "Μποζίκης");
INSERT INTO Executive (Executive_ID,Name,Surname) VALUES ("3119248","Δαμασκηνή", "Τραγούστη");
INSERT INTO Executive (Executive_ID,Name,Surname) VALUES ("3119249","Adam", "Βαΐου");
INSERT INTO Executive (Executive_ID,Name,Surname) VALUES ("3119250","Ερμόλαος", "Barrera");
INSERT INTO Executive (Executive_ID,Name,Surname) VALUES ("3119251","Βελισσάριος", "Boyd");
INSERT INTO Executive (Executive_ID,Name,Surname) VALUES ("3119252","Άνθιμος", "Δελή");
INSERT INTO Executive (Executive_ID,Name,Surname) VALUES ("3119253","Χαρά", "Green");
INSERT INTO Executive (Executive_ID,Name,Surname) VALUES ("3119254","Άνθιμος", "Αγγελουσοπούλου");
INSERT INTO Executive (Executive_ID,Name,Surname) VALUES ("3119255","Σολομών", "Πουλή");
INSERT INTO Executive (Executive_ID,Name,Surname) VALUES ("3119256","Eddie", "Ramirez");
INSERT INTO Executive (Executive_ID,Name,Surname) VALUES ("3119257","Λεωνίδας", "Χρήστου");
INSERT INTO Executive (Executive_ID,Name,Surname) VALUES ("3119258","Αφροδίτη", "Jefferson");
INSERT INTO Executive (Executive_ID,Name,Surname) VALUES ("3119259","Melanie", "Anderson");
INSERT INTO Executive (Executive_ID,Name,Surname) VALUES ("3119260","Μάνθα", "Hansen");
INSERT INTO Executive (Executive_ID,Name,Surname) VALUES ("3119261","Χριστόδουλος", "Κριτσέλης");
INSERT INTO Executive (Executive_ID,Name,Surname) VALUES ("3119262","Emily", "Τσέλιος");
INSERT INTO Executive (Executive_ID,Name,Surname) VALUES ("3119263","Victoria", "Suarez");
INSERT INTO Executive (Executive_ID,Name,Surname) VALUES ("3119264","Kelly", "Torres");
INSERT INTO Executive (Executive_ID,Name,Surname) VALUES ("3119265","Natalie", "Thomas");
INSERT INTO Executive (Executive_ID,Name,Surname) VALUES ("3119266","Kathy", "Lee");
INSERT INTO Executive (Executive_ID,Name,Surname) VALUES ("3119267","Πολύβιος", "Ray");
INSERT INTO Executive (Executive_ID,Name,Surname) VALUES ("3119268","Justin", "Weaver");
INSERT INTO Executive (Executive_ID,Name,Surname) VALUES ("3119269","Λεμονής", "Ματσούρη");
INSERT INTO Executive (Executive_ID,Name,Surname) VALUES ("3119270","Jasmine", "Banks");
INSERT INTO Executive (Executive_ID,Name,Surname) VALUES ("3119271","Θεοφανία", "Nichols");
INSERT INTO Executive (Executive_ID,Name,Surname) VALUES ("3119272","Michael", "Νικολάου");
INSERT INTO Executive (Executive_ID,Name,Surname) VALUES ("3119273","Παγώνα", "Hamilton");
INSERT INTO Executive (Executive_ID,Name,Surname) VALUES ("3119274","Παρασκευάς", "Παπαροϊδάμης");
INSERT INTO Executive (Executive_ID,Name,Surname) VALUES ("3119275","Παράσχος", "Rivera");
INSERT INTO Executive (Executive_ID,Name,Surname) VALUES ("3119276","Kyle", "Γαλανοπούλου");
INSERT INTO Executive (Executive_ID,Name,Surname) VALUES ("3119277","Bryan", "Hayes");
INSERT INTO Executive (Executive_ID,Name,Surname) VALUES ("3119278","Θάλεια", "Πιτερός");
INSERT INTO Executive (Executive_ID,Name,Surname) VALUES ("3119279","Jessica", "Λιούκα");
INSERT INTO Executive (Executive_ID,Name,Surname) VALUES ("3119280","Θεοδοσία", "Davis");
INSERT INTO Executive (Executive_ID,Name,Surname) VALUES ("3119281","Πασχαλιά", "Hahn");
INSERT INTO Executive (Executive_ID,Name,Surname) VALUES ("3119282","Ζωή", "Τάρναρης");
INSERT INTO Executive (Executive_ID,Name,Surname) VALUES ("3119283","Μαρκέλλα", "Bell");
INSERT INTO Executive (Executive_ID,Name,Surname) VALUES ("3119284","Tara", "Μπεκάκου");
INSERT INTO Executive (Executive_ID,Name,Surname) VALUES ("3119285","James", "Καλαθά");
INSERT INTO Executive (Executive_ID,Name,Surname) VALUES ("3119286","Πολύδωρος", "Mcintosh");
INSERT INTO Executive (Executive_ID,Name,Surname) VALUES ("3119287","Κυπαρισσία", "Alvarado");
INSERT INTO Executive (Executive_ID,Name,Surname) VALUES ("3119288","Ηλιάνα", "Βιλδός");
INSERT INTO Executive (Executive_ID,Name,Surname) VALUES ("3119289","Jesse", "Τσάρκος");
INSERT INTO Executive (Executive_ID,Name,Surname) VALUES ("3119290","Ζησούλα", "Κωσταλής");
INSERT INTO Executive (Executive_ID,Name,Surname) VALUES ("3119291","Bradley", "Θεολόγος");
INSERT INTO Executive (Executive_ID,Name,Surname) VALUES ("3119292","Jill", "Χρυσικάκη");
INSERT INTO Executive (Executive_ID,Name,Surname) VALUES ("3119293","Χάιδω", "Βλάχος");
INSERT INTO Executive (Executive_ID,Name,Surname) VALUES ("3119294","Laurie", "Διακουμή");
INSERT INTO Executive (Executive_ID,Name,Surname) VALUES ("3119295","Αιμιλία", "Διακάκης");
INSERT INTO Executive (Executive_ID,Name,Surname) VALUES ("3119296","Jeffrey", "Mcknight");
INSERT INTO Executive (Executive_ID,Name,Surname) VALUES ("3119297","Μαρίνα", "Νικολοπούλου");
INSERT INTO Executive (Executive_ID,Name,Surname) VALUES ("3119298","Ελεονόρα", "Νίκα");
INSERT INTO Executive (Executive_ID,Name,Surname) VALUES ("3119299","Shawn", "Σιμιτζή");
INSERT INTO Executive (Executive_ID,Name,Surname) VALUES ("3119300","Michael", "Κανελλόπουλος");
INSERT INTO Executive (Executive_ID,Name,Surname) VALUES ("3119301","Σεραφεία", "Μελιτσόπουλος");
INSERT INTO Executive (Executive_ID,Name,Surname) VALUES ("3119302","Σόλων", "Κυρούδη");
INSERT INTO Executive (Executive_ID,Name,Surname) VALUES ("3119303","Ζαμπέτα", "Wolfe");
INSERT INTO Executive (Executive_ID,Name,Surname) VALUES ("3119304","Κάρολος", "Κυργιά");
INSERT INTO Executive (Executive_ID,Name,Surname) VALUES ("3119305","Angela", "Carter");
INSERT INTO Executive (Executive_ID,Name,Surname) VALUES ("3119306","Diane", "Ανδρουλάκης");
INSERT INTO Executive (Executive_ID,Name,Surname) VALUES ("3119307","Judy", "Ταξίδου");
INSERT INTO Executive (Executive_ID,Name,Surname) VALUES ("3119308","Ευδοξία", "Κατεβάτης");
INSERT INTO Executive (Executive_ID,Name,Surname) VALUES ("3119309","David", "Γκούνη");
INSERT INTO Executive (Executive_ID,Name,Surname) VALUES ("3119310","Στέλλα", "Gibson");
INSERT INTO Executive (Executive_ID,Name,Surname) VALUES ("3119311","Πυθαγόρας", "Κουτσογιάννόπουλος");
INSERT INTO Executive (Executive_ID,Name,Surname) VALUES ("3119312","Amy", "Κουβάς");
INSERT INTO Executive (Executive_ID,Name,Surname) VALUES ("3119313","Christopher", "Lynch");
INSERT INTO Executive (Executive_ID,Name,Surname) VALUES ("3119314","Brandon", "Παπουλής");
INSERT INTO Executive (Executive_ID,Name,Surname) VALUES ("3119315","Λάσκαρης", "Cole");
INSERT INTO Executive (Executive_ID,Name,Surname) VALUES ("3119316","Ανδρομάχη", "Myers");
INSERT INTO Executive (Executive_ID,Name,Surname) VALUES ("3119317","Παντούλα", "Καζαντζή");
INSERT INTO Executive (Executive_ID,Name,Surname) VALUES ("3119318","Θρασύβουλος", "Carter");
INSERT INTO Executive (Executive_ID,Name,Surname) VALUES ("3119319","Αλκμήνη", "Rodriguez");
INSERT INTO Executive (Executive_ID,Name,Surname) VALUES ("3119320","Αυγέρης", "Lambert");
INSERT INTO Executive (Executive_ID,Name,Surname) VALUES ("3119321","Timothy", "Κασσωτάκη");
INSERT INTO Executive (Executive_ID,Name,Surname) VALUES ("3119322","Marcus", "Χατζηφώτη");
INSERT INTO Executive (Executive_ID,Name,Surname) VALUES ("3119323","Michael", "Jones");
INSERT INTO Executive (Executive_ID,Name,Surname) VALUES ("3119324","Αμαλία", "Κούτρης");
INSERT INTO Executive (Executive_ID,Name,Surname) VALUES ("3119325","Βαλάντω", "Moss");
INSERT INTO Executive (Executive_ID,Name,Surname) VALUES ("3119326","Larry", "Σεβδάς");
INSERT INTO Executive (Executive_ID,Name,Surname) VALUES ("3119327","Αθηναγόρας", "Μάλαμα");
INSERT INTO Executive (Executive_ID,Name,Surname) VALUES ("3119328","Matthew", "Σμιτ");
INSERT INTO Executive (Executive_ID,Name,Surname) VALUES ("3119329","Φρειδερίκος", "Sullivan");
INSERT INTO Executive (Executive_ID,Name,Surname) VALUES ("3119330","Mackenzie", "Young");
INSERT INTO Executive (Executive_ID,Name,Surname) VALUES ("3119331","Kenneth", "Σκόρδος");
INSERT INTO Executive (Executive_ID,Name,Surname) VALUES ("3119332","Anthony", "Bishop");
INSERT INTO Executive (Executive_ID,Name,Surname) VALUES ("3119333","Βαγιανή", "Davis");
INSERT INTO Executive (Executive_ID,Name,Surname) VALUES ("3119334","Αριστέα", "Βανδώρος");
INSERT INTO Executive (Executive_ID,Name,Surname) VALUES ("3119335","Michael", "Bolton");
INSERT INTO Executive (Executive_ID,Name,Surname) VALUES ("3119336","Παντελεήμων", "Αβραμίδου");
INSERT INTO Executive (Executive_ID,Name,Surname) VALUES ("3119337","Wayne", "Παρασκευά");
INSERT INTO Executive (Executive_ID,Name,Surname) VALUES ("3119338","Chad", "Εμμανουηλίδου");
INSERT INTO Executive (Executive_ID,Name,Surname) VALUES ("3119339","Cameron", "Thomas");
INSERT INTO Executive (Executive_ID,Name,Surname) VALUES ("3119340","Ιγνάτιος", "Sanchez");
INSERT INTO Executive (Executive_ID,Name,Surname) VALUES ("3119341","Τρυφωνία", "Δουμάς");
INSERT INTO Executive (Executive_ID,Name,Surname) VALUES ("3119342","Andrew", "Dalton");
INSERT INTO Executive (Executive_ID,Name,Surname) VALUES ("3119343","Βερονίκη", "Βλαχονικολέας");
INSERT INTO Executive (Executive_ID,Name,Surname) VALUES ("3119344","Αγγελική", "Σαρρός");
INSERT INTO Executive (Executive_ID,Name,Surname) VALUES ("3119345","Christina", "Jones");
INSERT INTO Executive (Executive_ID,Name,Surname) VALUES ("3119346","Sean", "Hernandez");
INSERT INTO Executive (Executive_ID,Name,Surname) VALUES ("3119347","Ιορδάνης", "Mooney");
INSERT INTO Executive (Executive_ID,Name,Surname) VALUES ("3119348","Χαράλαμπος", "Archer");
INSERT INTO Executive (Executive_ID,Name,Surname) VALUES ("3119349","Charles", "Μακαριάδης");
INSERT INTO Executive (Executive_ID,Name,Surname) VALUES ("3119350","Margaret", "Αλυσανδράτου");
INSERT INTO Executive (Executive_ID,Name,Surname) VALUES ("3119351","Adam", "Marshall");
INSERT INTO Executive (Executive_ID,Name,Surname) VALUES ("3119352","Φρειδερίκος", "Τρεντσίου");
INSERT INTO Executive (Executive_ID,Name,Surname) VALUES ("3119353","Ισίδωρος", "Αποστολάκης");
INSERT INTO Executive (Executive_ID,Name,Surname) VALUES ("3119354","Κλειώ", "Clayton");
INSERT INTO Executive (Executive_ID,Name,Surname) VALUES ("3119355","Amanda", "Roy");
INSERT INTO Executive (Executive_ID,Name,Surname) VALUES ("3119356","Κλεόπας", "Γεωργιάδου");
INSERT INTO Executive (Executive_ID,Name,Surname) VALUES ("3119357","David", "Γαλατούλας");
INSERT INTO Executive (Executive_ID,Name,Surname) VALUES ("3119358","Brooke", "Knapp");
INSERT INTO Executive (Executive_ID,Name,Surname) VALUES ("3119359","Rachel", "Rollins");
INSERT INTO Executive (Executive_ID,Name,Surname) VALUES ("3119360","Nicole", "Larson");
INSERT INTO Executive (Executive_ID,Name,Surname) VALUES ("3119361","Θεόδουλος", "Βουτσάς");
INSERT INTO Executive (Executive_ID,Name,Surname) VALUES ("3119362","Eric", "Burgess");
INSERT INTO Executive (Executive_ID,Name,Surname) VALUES ("3119363","Λητώ", "Perry");
INSERT INTO Executive (Executive_ID,Name,Surname) VALUES ("3119364","Γλυκερία", "Καναβός");
INSERT INTO Executive (Executive_ID,Name,Surname) VALUES ("3119365","Gregory", "Ingram");
INSERT INTO Executive (Executive_ID,Name,Surname) VALUES ("3119366","Πολύμνια", "Πολυχρονόπουλος");
INSERT INTO Executive (Executive_ID,Name,Surname) VALUES ("3119367","Ιουλιανός", "Χριστογιάννη");
INSERT INTO Executive (Executive_ID,Name,Surname) VALUES ("3119368","Απόστολος", "Λιόντη");
INSERT INTO Executive (Executive_ID,Name,Surname) VALUES ("3119369","Scott", "Χατζηδάκη");
INSERT INTO Executive (Executive_ID,Name,Surname) VALUES ("3119370","Ολύμπια", "Καρανάνου");
INSERT INTO Executive (Executive_ID,Name,Surname) VALUES ("3119371","Χρυσή", "Καραμανλή");
INSERT INTO Executive (Executive_ID,Name,Surname) VALUES ("3119372","Λουδοβίκος", "Χαχούδης");
INSERT INTO Executive (Executive_ID,Name,Surname) VALUES ("3119373","Michael", "Γεωργίτση");
INSERT INTO Executive (Executive_ID,Name,Surname) VALUES ("3119374","Ασημίνα", "Shepherd");
INSERT INTO Executive (Executive_ID,Name,Surname) VALUES ("3119375","Tasha", "Dixon");
INSERT INTO Executive (Executive_ID,Name,Surname) VALUES ("3119376","Παταπία", "Περάκης");
INSERT INTO Executive (Executive_ID,Name,Surname) VALUES ("3119377","Βαλέριος", "Γιατρομανωλάκης");
INSERT INTO Executive (Executive_ID,Name,Surname) VALUES ("3119378","Michael", "Μπεκάκου");
INSERT INTO Executive (Executive_ID,Name,Surname) VALUES ("3119379","Tanya", "Lawson");
INSERT INTO Executive (Executive_ID,Name,Surname) VALUES ("3119380","Jose", "Τεμουρτζίδης");
INSERT INTO Executive (Executive_ID,Name,Surname) VALUES ("3119381","Ευστράτιος", "Χρονοπούλου");
INSERT INTO Executive (Executive_ID,Name,Surname) VALUES ("3119382","Krista", "Perry");
INSERT INTO Executive (Executive_ID,Name,Surname) VALUES ("3119383","Αίας", "Εμμανουηλίδου");
INSERT INTO Executive (Executive_ID,Name,Surname) VALUES ("3119384","Λουκάς", "Beltran");
INSERT INTO Executive (Executive_ID,Name,Surname) VALUES ("3119385","Χαρά", "Moore");
INSERT INTO Executive (Executive_ID,Name,Surname) VALUES ("3119386","Ashley", "Chambers");
INSERT INTO Executive (Executive_ID,Name,Surname) VALUES ("3119387","Sandra", "Schwartz");
INSERT INTO Executive (Executive_ID,Name,Surname) VALUES ("3119388","Allen", "Τσιαμίτας");
INSERT INTO Executive (Executive_ID,Name,Surname) VALUES ("3119389","Joseph", "Γεωργαλάς");
INSERT INTO Executive (Executive_ID,Name,Surname) VALUES ("3119390","Ζαμπία", "White");
INSERT INTO Executive (Executive_ID,Name,Surname) VALUES ("3119391","Dylan", "Cummings");
INSERT INTO Executive (Executive_ID,Name,Surname) VALUES ("3119392","Κλαίρη", "Πιπερίδη");
INSERT INTO Executive (Executive_ID,Name,Surname) VALUES ("3119393","Harold", "Burnett");
INSERT INTO Executive (Executive_ID,Name,Surname) VALUES ("3119394","Αμφιτρίτη", "Ρέντζος");
INSERT INTO Executive (Executive_ID,Name,Surname) VALUES ("3119395","Σεβαστιανή", "Hodge");
INSERT INTO Executive (Executive_ID,Name,Surname) VALUES ("3119396","Πολυνίκη", "Παρασκευά");
INSERT INTO Executive (Executive_ID,Name,Surname) VALUES ("3119397","Kelly", "Δανέζης");
INSERT INTO Executive (Executive_ID,Name,Surname) VALUES ("3119398","Rachel", "Villanueva");
INSERT INTO Executive (Executive_ID,Name,Surname) VALUES ("3119399","Ιπποκράτης", "Long");
INSERT INTO Executive (Executive_ID,Name,Surname) VALUES ("3119400","Erika", "Παπαδοπούλου");
INSERT INTO Executive (Executive_ID,Name,Surname) VALUES ("3119401","Τίμων", "Martin");
INSERT INTO Executive (Executive_ID,Name,Surname) VALUES ("3119402","Θαλής", "Nguyen");
INSERT INTO Executive (Executive_ID,Name,Surname) VALUES ("3119403","Τιμοθέα", "Gray");
INSERT INTO Executive (Executive_ID,Name,Surname) VALUES ("3119404","Αμβρόσιος", "Robinson");
INSERT INTO Executive (Executive_ID,Name,Surname) VALUES ("3119405","Erin", "Τσετσέρη");
INSERT INTO Executive (Executive_ID,Name,Surname) VALUES ("3119406","Αγαθή", "Schneider");
INSERT INTO Executive (Executive_ID,Name,Surname) VALUES ("3119407","Ryan", "Wells");
INSERT INTO Executive (Executive_ID,Name,Surname) VALUES ("3119408","Φώτιος", "Βαβουλίδης");
INSERT INTO Executive (Executive_ID,Name,Surname) VALUES ("3119409","Ίκαρος", "Μανουσιάδης");
INSERT INTO Executive (Executive_ID,Name,Surname) VALUES ("3119410","Σαράντης", "Howard");
INSERT INTO Executive (Executive_ID,Name,Surname) VALUES ("3119411","Melissa", "Perez");
INSERT INTO Executive (Executive_ID,Name,Surname) VALUES ("3119412","Daniel", "Μποζίκης");
INSERT INTO Executive (Executive_ID,Name,Surname) VALUES ("3119413","Leonard", "Τσάκη");
INSERT INTO Executive (Executive_ID,Name,Surname) VALUES ("3119414","Denise", "Ford");
INSERT INTO Executive (Executive_ID,Name,Surname) VALUES ("3119415","Katherine", "Κριτσέλης");
INSERT INTO Executive (Executive_ID,Name,Surname) VALUES ("3119416","Nathaniel", "Νικολοπούλου");
INSERT INTO Executive (Executive_ID,Name,Surname) VALUES ("3119417","Natalie", "Bryan");
INSERT INTO Executive (Executive_ID,Name,Surname) VALUES ("3119418","Ροδαμάνθη", "Τάτση");
INSERT INTO Executive (Executive_ID,Name,Surname) VALUES ("3119419","Κωστούλα", "Αναστασόπουλος");
INSERT INTO Executive (Executive_ID,Name,Surname) VALUES ("3119420","Joshua", "Martinez");
INSERT INTO Executive (Executive_ID,Name,Surname) VALUES ("3119421","Ειρήνη", "Τσικνιάς");
INSERT INTO Executive (Executive_ID,Name,Surname) VALUES ("3119422","Lisa", "Richmond");
INSERT INTO Executive (Executive_ID,Name,Surname) VALUES ("3119423","Kristen", "Neal");
INSERT INTO Executive (Executive_ID,Name,Surname) VALUES ("3119424","Αγαθόνικος", "Κωτούλας");
INSERT INTO Executive (Executive_ID,Name,Surname) VALUES ("3119425","Ευτυχία", "Harper");
INSERT INTO Executive (Executive_ID,Name,Surname) VALUES ("3119426","Λυδία", "Παπαθεοδοσίου");
INSERT INTO Executive (Executive_ID,Name,Surname) VALUES ("3119427","James", "Νικολάου");
INSERT INTO Executive (Executive_ID,Name,Surname) VALUES ("3119428","Παυσανίας", "Smith");
INSERT INTO Executive (Executive_ID,Name,Surname) VALUES ("3119429","Παυσανίας", "Freeman");
INSERT INTO Executive (Executive_ID,Name,Surname) VALUES ("3119430","Donald", "Bailey");
INSERT INTO Executive (Executive_ID,Name,Surname) VALUES ("3119431","Λογοθέτης", "Escobar");
INSERT INTO Executive (Executive_ID,Name,Surname) VALUES ("3119432","Ruben", "Τρομπούκη");
INSERT INTO Executive (Executive_ID,Name,Surname) VALUES ("3119433","Sandra", "Καραθανάση");
INSERT INTO Executive (Executive_ID,Name,Surname) VALUES ("3119434","Ανδρομάχη", "Δήμου");
INSERT INTO Executive (Executive_ID,Name,Surname) VALUES ("3119435","Βρασίδας", "Kaufman");
INSERT INTO Executive (Executive_ID,Name,Surname) VALUES ("3119436","Φανούριος", "Ισάρης");
INSERT INTO Executive (Executive_ID,Name,Surname) VALUES ("3119437","Περσεφόνη", "Αβραμίδης");
INSERT INTO Executive (Executive_ID,Name,Surname) VALUES ("3119438","Κλεοπάτρα", "Γιασημάκης");
INSERT INTO Executive (Executive_ID,Name,Surname) VALUES ("3119439","Νεκτάριος", "Τσιομπάνη");
INSERT INTO Executive (Executive_ID,Name,Surname) VALUES ("3119440","Clifford", "Morrow");
INSERT INTO Executive (Executive_ID,Name,Surname) VALUES ("3119441","Εριέτα", "Ryan");
INSERT INTO Executive (Executive_ID,Name,Surname) VALUES ("3119442","Ροδιά", "Φουσιέκης");
INSERT INTO Executive (Executive_ID,Name,Surname) VALUES ("3119443","Kimberly", "Κουρσάρης");
INSERT INTO Executive (Executive_ID,Name,Surname) VALUES ("3119444","Νικήτας", "Κετεσίδου");
INSERT INTO Executive (Executive_ID,Name,Surname) VALUES ("3119445","Θεόπιστος", "Ξανθοπούλου");
INSERT INTO Executive (Executive_ID,Name,Surname) VALUES ("3119446","Stephen", "Ριζούλης");
INSERT INTO Executive (Executive_ID,Name,Surname) VALUES ("3119447","Άνθιμος", "Σκασίλα");
INSERT INTO Executive (Executive_ID,Name,Surname) VALUES ("3119448","Anthony", "Trevino");
INSERT INTO Executive (Executive_ID,Name,Surname) VALUES ("3119449","Ροδόφλος", "Burton");
INSERT INTO Executive (Executive_ID,Name,Surname) VALUES ("3119450","Robert", "Kennedy");
INSERT INTO Executive (Executive_ID,Name,Surname) VALUES ("3119451","Dorothy", "Βλησαρούλης");
INSERT INTO Executive (Executive_ID,Name,Surname) VALUES ("3119452","Θέτις", "Σακελλαρίου");
INSERT INTO Executive (Executive_ID,Name,Surname) VALUES ("3119453","Justin", "Black");
INSERT INTO Executive (Executive_ID,Name,Surname) VALUES ("3119454","Μεγακλής", "Βουλτσίδου");
INSERT INTO Executive (Executive_ID,Name,Surname) VALUES ("3119455","Ηλίας", "Wilson");
INSERT INTO Executive (Executive_ID,Name,Surname) VALUES ("3119456","Sarah", "Henderson");
INSERT INTO Executive (Executive_ID,Name,Surname) VALUES ("3119457","Bianca", "Cross");
INSERT INTO Executive (Executive_ID,Name,Surname) VALUES ("3119458","Πέτρα", "Χριστακόπουλος");
INSERT INTO Executive (Executive_ID,Name,Surname) VALUES ("3119459","Felicia", "Δαρδιώτη");
INSERT INTO Executive (Executive_ID,Name,Surname) VALUES ("3119460","Γεράσιμος", "Patrick");
INSERT INTO Executive (Executive_ID,Name,Surname) VALUES ("3119461","Αντίπατρος", "Smith");
INSERT INTO Executive (Executive_ID,Name,Surname) VALUES ("3119462","John", "Θεοδωρικάκος");
INSERT INTO Executive (Executive_ID,Name,Surname) VALUES ("3119463","Alex", "Νάσσου");
INSERT INTO Executive (Executive_ID,Name,Surname) VALUES ("3119464","Stephen", "Johnson");
INSERT INTO Executive (Executive_ID,Name,Surname) VALUES ("3119465","Ιππολύτη", "Τραγούστη");
INSERT INTO Executive (Executive_ID,Name,Surname) VALUES ("3119466","Penny", "Tran");
INSERT INTO Executive (Executive_ID,Name,Surname) VALUES ("3119467","Δημοσθένης", "Clark");
INSERT INTO Executive (Executive_ID,Name,Surname) VALUES ("3119468","Κλήμης", "Morrison");
INSERT INTO Executive (Executive_ID,Name,Surname) VALUES ("3119469","Christina", "Λαφατζής");
INSERT INTO Executive (Executive_ID,Name,Surname) VALUES ("3119470","Greg", "Baker");
INSERT INTO Executive (Executive_ID,Name,Surname) VALUES ("3119471","Crystal", "Sanders");
INSERT INTO Executive (Executive_ID,Name,Surname) VALUES ("3119472","Πολύδωρος", "Αδαμοπούλου");
INSERT INTO Executive (Executive_ID,Name,Surname) VALUES ("3119473","Ronald", "Παπουλής");
INSERT INTO Executive (Executive_ID,Name,Surname) VALUES ("3119474","Stephen", "Τσοπανίδης");
INSERT INTO Executive (Executive_ID,Name,Surname) VALUES ("3119475","Heather", "Sanders");
INSERT INTO Executive (Executive_ID,Name,Surname) VALUES ("3119476","Ruben", "Ξηρογιάννης");
INSERT INTO Executive (Executive_ID,Name,Surname) VALUES ("3119477","Εριέτα", "Γερούκη");
INSERT INTO Executive (Executive_ID,Name,Surname) VALUES ("3119478","Carla", "Williams");
INSERT INTO Executive (Executive_ID,Name,Surname) VALUES ("3119479","Αναγνώστης", "Κουτσουλής");
INSERT INTO Executive (Executive_ID,Name,Surname) VALUES ("3119480","Κλεόπας", "Πολέμη");
INSERT INTO Executive (Executive_ID,Name,Surname) VALUES ("3119481","Διονύσιος", "Martin");
INSERT INTO Executive (Executive_ID,Name,Surname) VALUES ("3119482","April", "Nash");
INSERT INTO Executive (Executive_ID,Name,Surname) VALUES ("3119483","Justin", "Κονιδάρης");
INSERT INTO Executive (Executive_ID,Name,Surname) VALUES ("3119484","Dominique", "Αγγελάκος");
INSERT INTO Executive (Executive_ID,Name,Surname) VALUES ("3119485","Πασχαλιά", "Moore");
INSERT INTO Executive (Executive_ID,Name,Surname) VALUES ("3119486","Carlos", "Hayes");
INSERT INTO Executive (Executive_ID,Name,Surname) VALUES ("3119487","Crystal", "Garrett");
INSERT INTO Executive (Executive_ID,Name,Surname) VALUES ("3119488","Άνθιμος", "Αντωνέας");
INSERT INTO Executive (Executive_ID,Name,Surname) VALUES ("3119489","Σταματίνα", "Δουκίδου");
INSERT INTO Executive (Executive_ID,Name,Surname) VALUES ("3119490","Samantha", "Σιγανός");
INSERT INTO Executive (Executive_ID,Name,Surname) VALUES ("3119491","Αλκιβιάδης", "Downs");
INSERT INTO Executive (Executive_ID,Name,Surname) VALUES ("3119492","Άγγελος", "Πολίτου");
INSERT INTO Executive (Executive_ID,Name,Surname) VALUES ("3119493","Ανανίας", "Κασμιρλή");
INSERT INTO Executive (Executive_ID,Name,Surname) VALUES ("3119494","Jesse", "Γιαννούκος");
INSERT INTO Executive (Executive_ID,Name,Surname) VALUES ("3119495","Kathleen", "Powell");
INSERT INTO Executive (Executive_ID,Name,Surname) VALUES ("3119496","Jennifer", "Κυπριώτης");
INSERT INTO Executive (Executive_ID,Name,Surname) VALUES ("3119497","Michael", "Torres");
INSERT INTO Executive (Executive_ID,Name,Surname) VALUES ("3119498","Ευγενία", "Παπαδόπουλος");
INSERT INTO Executive (Executive_ID,Name,Surname) VALUES ("3119499","Περιστέρα", "Ντζιαβίδα");
INSERT INTO Executive (Executive_ID,Name,Surname) VALUES ("3119500","Ασπασία", "Alvarez");
INSERT INTO Executive (Executive_ID,Name,Surname) VALUES ("3119501","Θέκλα", "Hampton");
INSERT INTO Executive (Executive_ID,Name,Surname) VALUES ("3119502","Cynthia", "Davis");
INSERT INTO Executive (Executive_ID,Name,Surname) VALUES ("3119503","Αμφιτρίτη", "Καλαμάρας");
INSERT INTO Executive (Executive_ID,Name,Surname) VALUES ("3119504","Αυγουστίνα", "Πετρίδου");
INSERT INTO Executive (Executive_ID,Name,Surname) VALUES ("3119505","Bobby", "Μασόπουλος");
INSERT INTO Executive (Executive_ID,Name,Surname) VALUES ("3119506","Jeanette", "Jones");
INSERT INTO Executive (Executive_ID,Name,Surname) VALUES ("3119507","Brandon", "Simpson");
INSERT INTO Executive (Executive_ID,Name,Surname) VALUES ("3119508","Ελευθερία", "Παντζέκος");
INSERT INTO Executive (Executive_ID,Name,Surname) VALUES ("3119509","Jennifer", "Πανταζή");
INSERT INTO Executive (Executive_ID,Name,Surname) VALUES ("3119510","Jessica", "Dorsey");
INSERT INTO Executive (Executive_ID,Name,Surname) VALUES ("3119511","Ανθή", "Perez");
INSERT INTO Executive (Executive_ID,Name,Surname) VALUES ("3119512","Francisco", "Νούσης");
INSERT INTO Executive (Executive_ID,Name,Surname) VALUES ("3119513","Amy", "Vasquez");
INSERT INTO Executive (Executive_ID,Name,Surname) VALUES ("3119514","Άριστος", "Τραγούστη");
INSERT INTO Executive (Executive_ID,Name,Surname) VALUES ("3119515","Ιορδανία", "Parsons");
INSERT INTO Executive (Executive_ID,Name,Surname) VALUES ("3119516","Jeffery", "Lawrence");
INSERT INTO Executive (Executive_ID,Name,Surname) VALUES ("3119517","Seth", "Παυλάκη");
INSERT INTO Executive (Executive_ID,Name,Surname) VALUES ("3119518","Σέργιος", "Μπλανάς");
INSERT INTO Executive (Executive_ID,Name,Surname) VALUES ("3119519","Michael", "Περράκης");
INSERT INTO Executive (Executive_ID,Name,Surname) VALUES ("3119520","Tyler", "Hines");
INSERT INTO Executive (Executive_ID,Name,Surname) VALUES ("3119521","Johnny", "Κοντογιάννης");
INSERT INTO Executive (Executive_ID,Name,Surname) VALUES ("3119522","Joshua", "Σπυρόπουλος");
INSERT INTO Executive (Executive_ID,Name,Surname) VALUES ("3119523","Christopher", "Μοσχόπουλος");
INSERT INTO Executive (Executive_ID,Name,Surname) VALUES ("3119524","Πλούταρχος", "Smith");
INSERT INTO Executive (Executive_ID,Name,Surname) VALUES ("3119525","Patricia", "Σπασόπουλος");
INSERT INTO Executive (Executive_ID,Name,Surname) VALUES ("3119526","Μαργιέττα", "Price");
INSERT INTO Executive (Executive_ID,Name,Surname) VALUES ("3119527","Θεοφανία", "Stephens");
INSERT INTO Executive (Executive_ID,Name,Surname) VALUES ("3119528","Ευαγγελία", "Αρχάκη");
INSERT INTO Executive (Executive_ID,Name,Surname) VALUES ("3119529","Francisco", "Περάκης");
INSERT INTO Executive (Executive_ID,Name,Surname) VALUES ("3119530","Ακριβή", "Sanchez");
INSERT INTO Executive (Executive_ID,Name,Surname) VALUES ("3119531","Steven", "Κλήμης");
INSERT INTO Executive (Executive_ID,Name,Surname) VALUES ("3119532","Κυριάκος", "Τσαγκρασούλης");
INSERT INTO Executive (Executive_ID,Name,Surname) VALUES ("3119533","Αιμίλιος", "Gates");
INSERT INTO Executive (Executive_ID,Name,Surname) VALUES ("3119534","Jacob", "Μακρυγιάννης");
INSERT INTO Executive (Executive_ID,Name,Surname) VALUES ("3119535","Φραντζέσκα", "Αλεξανδράκη");
INSERT INTO Executive (Executive_ID,Name,Surname) VALUES ("3119536","Παντελής", "Νάντσου");
INSERT INTO Executive (Executive_ID,Name,Surname) VALUES ("3119537","Ιερεμίας", "Stout");
INSERT INTO Executive (Executive_ID,Name,Surname) VALUES ("3119538","Δωρόθεος", "Ασημόπουλος");
INSERT INTO Executive (Executive_ID,Name,Surname) VALUES ("3119539","Κασσιανή", "Πουλογιαννόπουλος");
INSERT INTO Executive (Executive_ID,Name,Surname) VALUES ("3119540","Θεολόγος", "Tanner");
INSERT INTO Executive (Executive_ID,Name,Surname) VALUES ("3119541","Katrina", "Hurst");
INSERT INTO Executive (Executive_ID,Name,Surname) VALUES ("3119542","Christina", "Κουτσούμπη");
INSERT INTO Executive (Executive_ID,Name,Surname) VALUES ("3119543","Debra", "Williams");
INSERT INTO Executive (Executive_ID,Name,Surname) VALUES ("3119544","Sarah", "Sanchez");
INSERT INTO Executive (Executive_ID,Name,Surname) VALUES ("3119545","Stuart", "Κεσεμίδης");
INSERT INTO Executive (Executive_ID,Name,Surname) VALUES ("3119546","Ευθυμία", "Πορφυριάδου");
INSERT INTO Executive (Executive_ID,Name,Surname) VALUES ("3119547","Μαριλένα", "Δραμουντάνη");
INSERT INTO Executive (Executive_ID,Name,Surname) VALUES ("3119548","Ελισάβετ", "Λυμαξή");
INSERT INTO Executive (Executive_ID,Name,Surname) VALUES ("3119549","Brandon", "Βουλτσίδου");
INSERT INTO Executive (Executive_ID,Name,Surname) VALUES ("3119550","Υάκινθος", "Βαφειάδου");
INSERT INTO Executive (Executive_ID,Name,Surname) VALUES ("3119551","Alison", "Καραμάνη");
INSERT INTO Executive (Executive_ID,Name,Surname) VALUES ("3119552","Δρόσος", "Wolf");
INSERT INTO Executive (Executive_ID,Name,Surname) VALUES ("3119553","Άγγελος", "Πορφυριάδου");
INSERT INTO Executive (Executive_ID,Name,Surname) VALUES ("3119554","Βελισσάριος", "Ελευθερίου");
INSERT INTO Executive (Executive_ID,Name,Surname) VALUES ("3119555","Ιακωβίνα", "Μανέτα");
INSERT INTO Executive (Executive_ID,Name,Surname) VALUES ("3119556","Terri", "Cruz");
INSERT INTO Executive (Executive_ID,Name,Surname) VALUES ("3119557","Kristin", "Bradley");
INSERT INTO Executive (Executive_ID,Name,Surname) VALUES ("3119558","Βρυσηίς", "Παπακώστα");
INSERT INTO Executive (Executive_ID,Name,Surname) VALUES ("3119559","Μηνάς", "Γαλατούλας");
INSERT INTO Executive (Executive_ID,Name,Surname) VALUES ("3119560","Λουκάς", "Θεοδωρόπουλος");
INSERT INTO Executive (Executive_ID,Name,Surname) VALUES ("3119561","Linda", "Jacobs");
INSERT INTO Executive (Executive_ID,Name,Surname) VALUES ("3119562","Ηλέκτρα", "Hunter");
INSERT INTO Executive (Executive_ID,Name,Surname) VALUES ("3119563","Κώστας", "Κουτσουρέλη");
INSERT INTO Executive (Executive_ID,Name,Surname) VALUES ("3119564","Dustin", "Λιούτας");
INSERT INTO Executive (Executive_ID,Name,Surname) VALUES ("3119565","Πελαγία", "Ellis");
INSERT INTO Executive (Executive_ID,Name,Surname) VALUES ("3119566","Έκτορας", "Duncan");
INSERT INTO Executive (Executive_ID,Name,Surname) VALUES ("3119567","Ορφέας", "Allen");
INSERT INTO Executive (Executive_ID,Name,Surname) VALUES ("3119568","Keith", "Χιτός");
INSERT INTO Executive (Executive_ID,Name,Surname) VALUES ("3119569","Κλήμης", "Γαλανοπούλου");
INSERT INTO Executive (Executive_ID,Name,Surname) VALUES ("3119570","Stacy", "Grant");
INSERT INTO Executive (Executive_ID,Name,Surname) VALUES ("3119571","Emily", "Gentry");
INSERT INTO Executive (Executive_ID,Name,Surname) VALUES ("3119572","Αμφιτρίτη", "Σαπρίκη");
INSERT INTO Executive (Executive_ID,Name,Surname) VALUES ("3119573","Εφραίμ", "Τζιάβας");
INSERT INTO Executive (Executive_ID,Name,Surname) VALUES ("3119574","Charles", "Foster");
INSERT INTO Executive (Executive_ID,Name,Surname) VALUES ("3119575","Michael", "Καράμπη");
INSERT INTO Executive (Executive_ID,Name,Surname) VALUES ("3119576","Δημοκράτης", "Σαπρίκη");
INSERT INTO Executive (Executive_ID,Name,Surname) VALUES ("3119577","Matthew", "Schneider");
INSERT INTO Executive (Executive_ID,Name,Surname) VALUES ("3119578","Stephanie", "Gonzalez");
INSERT INTO Executive (Executive_ID,Name,Surname) VALUES ("3119579","Πολυνίκη", "Francis");
INSERT INTO Executive (Executive_ID,Name,Surname) VALUES ("3119580","Μελέτια", "Atkins");
INSERT INTO Executive (Executive_ID,Name,Surname) VALUES ("3119581","Καλυψώ", "Μπούκος");
INSERT INTO Executive (Executive_ID,Name,Surname) VALUES ("3119582","Alan", "Harris");
INSERT INTO Executive (Executive_ID,Name,Surname) VALUES ("3119583","Αγαθόνικος", "Νταβάς");
INSERT INTO Executive (Executive_ID,Name,Surname) VALUES ("3119584","Mark", "Γιαννές");
INSERT INTO Executive (Executive_ID,Name,Surname) VALUES ("3119585","Ιωνάς", "Βιτσαξής");
INSERT INTO Executive (Executive_ID,Name,Surname) VALUES ("3119586","Michael", "Haas");
INSERT INTO Executive (Executive_ID,Name,Surname) VALUES ("3119587","Μάριος", "Young");
INSERT INTO Executive (Executive_ID,Name,Surname) VALUES ("3119588","Heather", "Χιωτίδου");
INSERT INTO Executive (Executive_ID,Name,Surname) VALUES ("3119589","Dawn", "Ζιάρα");
INSERT INTO Executive (Executive_ID,Name,Surname) VALUES ("3119590","Richard", "Κουκουλιάντας");
INSERT INTO Executive (Executive_ID,Name,Surname) VALUES ("3119591","Λαυρέντιος", "Γιαννακουδάκη");
INSERT INTO Executive (Executive_ID,Name,Surname) VALUES ("3119592","Πανταζής", "Bailey");
INSERT INTO Executive (Executive_ID,Name,Surname) VALUES ("3119593","Brittany", "Κατσιγιάννης");
INSERT INTO Executive (Executive_ID,Name,Surname) VALUES ("3119594","Αγαθοκλής", "Johnson");
INSERT INTO Executive (Executive_ID,Name,Surname) VALUES ("3119595","Παντελεήμων", "Μηλιώρης");
INSERT INTO Executive (Executive_ID,Name,Surname) VALUES ("3119596","Βιργινία", "Τσομώκος");
INSERT INTO Executive (Executive_ID,Name,Surname) VALUES ("3119597","Melody", "Φασατάκη");
INSERT INTO Executive (Executive_ID,Name,Surname) VALUES ("3119598","Χρίστος", "Gonzalez");
INSERT INTO Executive (Executive_ID,Name,Surname) VALUES ("3119599","Dylan", "Πετριτάκης");
INSERT INTO Executive (Executive_ID,Name,Surname) VALUES ("3119600","Marcus", "Olsen");
INSERT INTO Executive (Executive_ID,Name,Surname) VALUES ("3119601","Ασημής", "Carroll");
INSERT INTO Executive (Executive_ID,Name,Surname) VALUES ("3119602","Άλκηστις", "Παυλάκη");
INSERT INTO Executive (Executive_ID,Name,Surname) VALUES ("3119603","John", "Μητρόπουλος");
INSERT INTO Executive (Executive_ID,Name,Surname) VALUES ("3119604","Omar", "Rogers");
INSERT INTO Executive (Executive_ID,Name,Surname) VALUES ("3119605","Ανθούλης", "Bowman");
INSERT INTO Executive (Executive_ID,Name,Surname) VALUES ("3119606","Όμηρος", "Διαμαντοπούλου");
INSERT INTO Executive (Executive_ID,Name,Surname) VALUES ("3119607","Διαμάντω", "Δήμου");
INSERT INTO Executive (Executive_ID,Name,Surname) VALUES ("3119608","Φιλιώ", "Cannon");
INSERT INTO Executive (Executive_ID,Name,Surname) VALUES ("3119609","Logan", "Espinoza");
INSERT INTO Executive (Executive_ID,Name,Surname) VALUES ("3119610","Ερασμία", "Παντζέκος");
INSERT INTO Executive (Executive_ID,Name,Surname) VALUES ("3119611","Καρυοφυλλιά", "Μαργαρίτη");
INSERT INTO Executive (Executive_ID,Name,Surname) VALUES ("3119612","Nancy", "Mccoy");
INSERT INTO Executive (Executive_ID,Name,Surname) VALUES ("3119613","Christina", "Blackwell");
INSERT INTO Executive (Executive_ID,Name,Surname) VALUES ("3119614","Laurie", "Πεμούση");
INSERT INTO Executive (Executive_ID,Name,Surname) VALUES ("3119615","Nichole", "Καλέμη");
INSERT INTO Executive (Executive_ID,Name,Surname) VALUES ("3119616","Λεμονής", "Clark");
INSERT INTO Executive (Executive_ID,Name,Surname) VALUES ("3119617","Διαμάντω", "Frey");
INSERT INTO Executive (Executive_ID,Name,Surname) VALUES ("3119618","Βέρα", "Μπίκα");
INSERT INTO Executive (Executive_ID,Name,Surname) VALUES ("3119619","Ερμιόνη", "Αργυρίου");
INSERT INTO Executive (Executive_ID,Name,Surname) VALUES ("3119620","Θεοφανία", "Παλιεράκη");
INSERT INTO Executive (Executive_ID,Name,Surname) VALUES ("3119621","Ρεβέκκα", "Βασιλείου");
INSERT INTO Executive (Executive_ID,Name,Surname) VALUES ("3119622","Οδύσσεια", "Ρέγκας");
INSERT INTO Executive (Executive_ID,Name,Surname) VALUES ("3119623","Ναταλίνα", "Δρουλιάς");
INSERT INTO Executive (Executive_ID,Name,Surname) VALUES ("3119624","Ορφέας", "Βαρσάμου");
INSERT INTO Executive (Executive_ID,Name,Surname) VALUES ("3119625","Matthew", "Πέππας");
INSERT INTO Executive (Executive_ID,Name,Surname) VALUES ("3119626","Πολυχρονία", "Ασλανίδου");
INSERT INTO Executive (Executive_ID,Name,Surname) VALUES ("3119627","Γλυκερία", "Ζενεμπίσης");
INSERT INTO Executive (Executive_ID,Name,Surname) VALUES ("3119628","Michelle", "Flowers");
INSERT INTO Executive (Executive_ID,Name,Surname) VALUES ("3119629","Μάρθα", "Δαματοπούλου");
INSERT INTO Executive (Executive_ID,Name,Surname) VALUES ("3119630","Scott", "Χατζηκύρκος");
INSERT INTO Executive (Executive_ID,Name,Surname) VALUES ("3119631","Αγάπη", "Δημητριάδου");
INSERT INTO Executive (Executive_ID,Name,Surname) VALUES ("3119632","Rebecca", "Πετράκη");
INSERT INTO Executive (Executive_ID,Name,Surname) VALUES ("3119633","Αγγελική", "Μαυροείδη");
INSERT INTO Executive (Executive_ID,Name,Surname) VALUES ("3119634","Σπάρτη", "Κακατσός");
INSERT INTO Executive (Executive_ID,Name,Surname) VALUES ("3119635","Θεόκλεια", "Banks");
INSERT INTO Executive (Executive_ID,Name,Surname) VALUES ("3119636","Anne", "Μποζίκη");
INSERT INTO Executive (Executive_ID,Name,Surname) VALUES ("3119637","Erica", "Ζούνης");
INSERT INTO Executive (Executive_ID,Name,Surname) VALUES ("3119638","Νεφέλη", "Παρούσης");
INSERT INTO Executive (Executive_ID,Name,Surname) VALUES ("3119639","William", "Patterson");
INSERT INTO Executive (Executive_ID,Name,Surname) VALUES ("3119640","Jennifer", "Bishop");
INSERT INTO Executive (Executive_ID,Name,Surname) VALUES ("3119641","Phillip", "Gardner");
INSERT INTO Executive (Executive_ID,Name,Surname) VALUES ("3119642","Jamie", "Pineda");
INSERT INTO Executive (Executive_ID,Name,Surname) VALUES ("3119643","Ανάργυρη", "Χουλιάρας");
INSERT INTO Executive (Executive_ID,Name,Surname) VALUES ("3119644","Jesse", "Lynch");
INSERT INTO Executive (Executive_ID,Name,Surname) VALUES ("3119645","Gregory", "Δαγλή");
INSERT INTO Executive (Executive_ID,Name,Surname) VALUES ("3119646","James", "Μπαντής");
INSERT INTO Executive (Executive_ID,Name,Surname) VALUES ("3119647","Christopher", "Ευαγγελάκη");
INSERT INTO Executive (Executive_ID,Name,Surname) VALUES ("3119648","Jack", "Παπαθωμά");
INSERT INTO Executive (Executive_ID,Name,Surname) VALUES ("3119649","Μικές", "Bailey");
INSERT INTO Executive (Executive_ID,Name,Surname) VALUES ("3119650","Mark", "Silva");
INSERT INTO Executive (Executive_ID,Name,Surname) VALUES ("3119651","Πύρρος", "Ψυχιάς");
INSERT INTO Executive (Executive_ID,Name,Surname) VALUES ("3119652","Άρτεμις", "Anderson");
INSERT INTO Executive (Executive_ID,Name,Surname) VALUES ("3119653","Φιλιππία", "Τζιόβα");
INSERT INTO Executive (Executive_ID,Name,Surname) VALUES ("3119654","Τζανέτος", "Cameron");
INSERT INTO Executive (Executive_ID,Name,Surname) VALUES ("3119655","Δαμασκηνή", "Kennedy");
INSERT INTO Executive (Executive_ID,Name,Surname) VALUES ("3119656","Wendy", "Robertson");
INSERT INTO Executive (Executive_ID,Name,Surname) VALUES ("3119657","Ιορδανία", "Παπαδήμα");
INSERT INTO Executive (Executive_ID,Name,Surname) VALUES ("3119658","Jose", "Alexander");
INSERT INTO Executive (Executive_ID,Name,Surname) VALUES ("3119659","Σωτήρης", "Αναστασάκης");
INSERT INTO Executive (Executive_ID,Name,Surname) VALUES ("3119660","Σάββας", "Pugh");
INSERT INTO Executive (Executive_ID,Name,Surname) VALUES ("3119661","Βαλέριος", "Γερούκη");
INSERT INTO Executive (Executive_ID,Name,Surname) VALUES ("3119662","Angela", "Smith");
INSERT INTO Executive (Executive_ID,Name,Surname) VALUES ("3119663","Λουκιανός", "Βαϊτσόπουλος");
INSERT INTO Executive (Executive_ID,Name,Surname) VALUES ("3119664","Renee", "Αλεξανδρόπουλος");
INSERT INTO Executive (Executive_ID,Name,Surname) VALUES ("3119665","Χρυσόστομη", "Little");
INSERT INTO Executive (Executive_ID,Name,Surname) VALUES ("3119666","Wyatt", "Smith");
INSERT INTO Executive (Executive_ID,Name,Surname) VALUES ("3119667","Cheryl", "Κουλουμπού");
INSERT INTO Executive (Executive_ID,Name,Surname) VALUES ("3119668","Κλεάνθης", "Δραζιώτης");
INSERT INTO Executive (Executive_ID,Name,Surname) VALUES ("3119669","Meghan", "Πουλιέζος");
INSERT INTO Executive (Executive_ID,Name,Surname) VALUES ("3119670","Michael", "Εμμανουηλίδου");
INSERT INTO Executive (Executive_ID,Name,Surname) VALUES ("3119671","Χαρίκλεια", "Ποσάντζη");
INSERT INTO Executive (Executive_ID,Name,Surname) VALUES ("3119672","Ερατώ", "Γιατρομανωλάκης");
INSERT INTO Executive (Executive_ID,Name,Surname) VALUES ("3119673","Οδυσσεύς", "Ross");
INSERT INTO Executive (Executive_ID,Name,Surname) VALUES ("3119674","Evelyn", "Jackson");
INSERT INTO Executive (Executive_ID,Name,Surname) VALUES ("3119675","Alexander", "Τσακανίκας");
INSERT INTO Executive (Executive_ID,Name,Surname) VALUES ("3119676","Ανάργυρος", "Σπανός");
INSERT INTO Executive (Executive_ID,Name,Surname) VALUES ("3119677","Κανέλλα", "Καρολίδου");
INSERT INTO Executive (Executive_ID,Name,Surname) VALUES ("3119678","Kenneth", "Ζαφείρης");
INSERT INTO Executive (Executive_ID,Name,Surname) VALUES ("3119679","Christopher", "Juarez");
INSERT INTO Executive (Executive_ID,Name,Surname) VALUES ("3119680","Henry", "Κανελλή");
INSERT INTO Executive (Executive_ID,Name,Surname) VALUES ("3119681","Bradley", "Andrews");
INSERT INTO Executive (Executive_ID,Name,Surname) VALUES ("3119682","Ταξιάρχης", "Γκιολδελής");
INSERT INTO Executive (Executive_ID,Name,Surname) VALUES ("3119683","Ίρις", "Noble");
INSERT INTO Executive (Executive_ID,Name,Surname) VALUES ("3119684","Keith", "Tucker");
INSERT INTO Executive (Executive_ID,Name,Surname) VALUES ("3119685","Αυξέντιος", "Χρυσουλής");
INSERT INTO Executive (Executive_ID,Name,Surname) VALUES ("3119686","Ακρίτας", "Ball");
INSERT INTO Executive (Executive_ID,Name,Surname) VALUES ("3119687","David", "Cook");
INSERT INTO Executive (Executive_ID,Name,Surname) VALUES ("3119688","Τζένη", "Νικολαΐδης");
INSERT INTO Executive (Executive_ID,Name,Surname) VALUES ("3119689","Διδώ", "Harris");
INSERT INTO Executive (Executive_ID,Name,Surname) VALUES ("3119690","Ευμορφία", "Landry");
INSERT INTO Executive (Executive_ID,Name,Surname) VALUES ("3119691","Daryl", "Sanders");
INSERT INTO Executive (Executive_ID,Name,Surname) VALUES ("3119692","Reginald", "Howard");
INSERT INTO Executive (Executive_ID,Name,Surname) VALUES ("3119693","Βλασία", "Greene");
INSERT INTO Executive (Executive_ID,Name,Surname) VALUES ("3119694","Λουκία", "Σμπρίνης");
INSERT INTO Executive (Executive_ID,Name,Surname) VALUES ("3119695","Βαρδής", "Αλαφάκης");
INSERT INTO Executive (Executive_ID,Name,Surname) VALUES ("3119696","Alexander", "Miller");
INSERT INTO Executive (Executive_ID,Name,Surname) VALUES ("3119697","Τίμων", "Massey");
INSERT INTO Executive (Executive_ID,Name,Surname) VALUES ("3119698","Γαβριήλ", "Ρέγκας");
INSERT INTO Executive (Executive_ID,Name,Surname) VALUES ("3119699","Παυσανίας", "Βουτσινά");
INSERT INTO Executive (Executive_ID,Name,Surname) VALUES ("3119700","Lisa", "Κουτκιά");
INSERT INTO Executive (Executive_ID,Name,Surname) VALUES ("3119701","Κωνσταντίνος", "Nguyen");
INSERT INTO Executive (Executive_ID,Name,Surname) VALUES ("3119702","Εύα", "Jones");
INSERT INTO Executive (Executive_ID,Name,Surname) VALUES ("3119703","Karl", "Moreno");
INSERT INTO Executive (Executive_ID,Name,Surname) VALUES ("3119704","Χαρίκλεια", "Watkins");
INSERT INTO Executive (Executive_ID,Name,Surname) VALUES ("3119705","Σουλτάνα", "Λεμονής");
INSERT INTO Executive (Executive_ID,Name,Surname) VALUES ("3119706","Αγαθοκλής", "Αγγελόπουλος");
INSERT INTO Executive (Executive_ID,Name,Surname) VALUES ("3119707","Ήρα", "Βαλσαμίδου");
INSERT INTO Executive (Executive_ID,Name,Surname) VALUES ("3119708","Πολύδωρος", "Ζιάκας");
INSERT INTO Executive (Executive_ID,Name,Surname) VALUES ("3119709","Μαρωτέσα", "Clark");
INSERT INTO Executive (Executive_ID,Name,Surname) VALUES ("3119710","Κρινιώ", "Ακαλίδης");
INSERT INTO Executive (Executive_ID,Name,Surname) VALUES ("3119711","Melissa", "Reeves");
INSERT INTO Executive (Executive_ID,Name,Surname) VALUES ("3119712","Ελέσσα", "Καραγιάννης");
INSERT INTO Executive (Executive_ID,Name,Surname) VALUES ("3119713","Mikayla", "Κομπολιάς");
INSERT INTO Executive (Executive_ID,Name,Surname) VALUES ("3119714","Αδάμ", "Παπαροϊδάμης");
INSERT INTO Executive (Executive_ID,Name,Surname) VALUES ("3119715","Jonathan", "Πέτση");
INSERT INTO Executive (Executive_ID,Name,Surname) VALUES ("3119716","Πανωραία", "Williams");
INSERT INTO Executive (Executive_ID,Name,Surname) VALUES ("3119717","Sarah", "Φραγκιαδάκη");
INSERT INTO Executive (Executive_ID,Name,Surname) VALUES ("3119718","Λουίζα", "Washington");
INSERT INTO Executive (Executive_ID,Name,Surname) VALUES ("3119719","Μένανδρος", "Βάσσης");
INSERT INTO Executive (Executive_ID,Name,Surname) VALUES ("3119720","Καλομοίρα", "Griffith");
INSERT INTO Executive (Executive_ID,Name,Surname) VALUES ("3119721","Stephanie", "Δρόσου");
INSERT INTO Executive (Executive_ID,Name,Surname) VALUES ("3119722","Andrew", "Hamilton");
INSERT INTO Executive (Executive_ID,Name,Surname) VALUES ("3119723","Sarah", "Αγγελόπουλος");
INSERT INTO Executive (Executive_ID,Name,Surname) VALUES ("3119724","Ευμένιος", "Decker");
INSERT INTO Executive (Executive_ID,Name,Surname) VALUES ("3119725","Θηρεσία", "Clark");
INSERT INTO Executive (Executive_ID,Name,Surname) VALUES ("3119726","David", "Μπέκος");
INSERT INTO Executive (Executive_ID,Name,Surname) VALUES ("3119727","Jennifer", "Ροϊδούλης");
INSERT INTO Executive (Executive_ID,Name,Surname) VALUES ("3119728","Reginald", "Καλομοίρη");
INSERT INTO Executive (Executive_ID,Name,Surname) VALUES ("3119729","Τριαντάφυλλη", "Συμεωνίδου");
INSERT INTO Executive (Executive_ID,Name,Surname) VALUES ("3119730","Ερωφίλη", "Οικονόμου");
INSERT INTO Executive (Executive_ID,Name,Surname) VALUES ("3119731","Donald", "Hernandez");
INSERT INTO Executive (Executive_ID,Name,Surname) VALUES ("3119732","Alejandro", "Monroe");
INSERT INTO Executive (Executive_ID,Name,Surname) VALUES ("3119733","Katherine", "Beck");
INSERT INTO Executive (Executive_ID,Name,Surname) VALUES ("3119734","Christina", "Αγγελάκη");
INSERT INTO Executive (Executive_ID,Name,Surname) VALUES ("3119735","Ζαχαρούλα", "Χαντζή");
INSERT INTO Executive (Executive_ID,Name,Surname) VALUES ("3119736","Σολομών", "Edwards");
INSERT INTO Executive (Executive_ID,Name,Surname) VALUES ("3119737","Jennifer", "Χατζησταυράκης");
INSERT INTO Executive (Executive_ID,Name,Surname) VALUES ("3119738","Ιουλία", "Johnson");
INSERT INTO Executive (Executive_ID,Name,Surname) VALUES ("3119739","Ήλια", "Johnson");
INSERT INTO Executive (Executive_ID,Name,Surname) VALUES ("3119740","Δράκων", "Morrison");
INSERT INTO Executive (Executive_ID,Name,Surname) VALUES ("3119741","Κλεοπάτρα", "Ponce");
INSERT INTO Executive (Executive_ID,Name,Surname) VALUES ("3119742","Jessica", "Μάρρας");
INSERT INTO Executive (Executive_ID,Name,Surname) VALUES ("3119743","Απολλωνία", "Δρόσου");
INSERT INTO Executive (Executive_ID,Name,Surname) VALUES ("3119744","Maria", "Τσιαμίτας");
INSERT INTO Executive (Executive_ID,Name,Surname) VALUES ("3119745","Ανδριανή", "Γιατράκου");
INSERT INTO Executive (Executive_ID,Name,Surname) VALUES ("3119746","Μελέτιος", "Hickman");
INSERT INTO Executive (Executive_ID,Name,Surname) VALUES ("3119747","Ρούσα", "Thomas");
INSERT INTO Executive (Executive_ID,Name,Surname) VALUES ("3119748","Πανταζής", "Μάρρας");
INSERT INTO Executive (Executive_ID,Name,Surname) VALUES ("3119749","Τιμοθέα", "May");
INSERT INTO Executive (Executive_ID,Name,Surname) VALUES ("3119750","Μερκούριος", "Vega");
INSERT INTO Executive (Executive_ID,Name,Surname) VALUES ("3119751","Ανθούλα", "Κυπριώτης");
INSERT INTO Executive (Executive_ID,Name,Surname) VALUES ("3119752","Αιμιλία", "Thomas");
INSERT INTO Executive (Executive_ID,Name,Surname) VALUES ("3119753","Αρτέμης", "Carter");
INSERT INTO Executive (Executive_ID,Name,Surname) VALUES ("3119754","Joseph", "Νάντσου");
INSERT INTO Executive (Executive_ID,Name,Surname) VALUES ("3119755","Βενιαμίν", "Σταμούλη");
INSERT INTO Executive (Executive_ID,Name,Surname) VALUES ("3119756","Τριανταφυλλιά", "Δραζιώτης");
INSERT INTO Executive (Executive_ID,Name,Surname) VALUES ("3119757","Sonya", "Kerr");
INSERT INTO Executive (Executive_ID,Name,Surname) VALUES ("3119758","Sharon", "Βαρακλής");
INSERT INTO Executive (Executive_ID,Name,Surname) VALUES ("3119759","Κικιλία", "Κυριακοπούλου");
INSERT INTO Executive (Executive_ID,Name,Surname) VALUES ("3119760","Michelle", "Robinson");
INSERT INTO Executive (Executive_ID,Name,Surname) VALUES ("3119761","Ίων", "Ντόβα");
INSERT INTO Executive (Executive_ID,Name,Surname) VALUES ("3119762","Ashley", "Morris");
INSERT INTO Executive (Executive_ID,Name,Surname) VALUES ("3119763","Gail", "Στεργιούδης");
INSERT INTO Executive (Executive_ID,Name,Surname) VALUES ("3119764","Billy", "Μπερμπατιώτης");
INSERT INTO Executive (Executive_ID,Name,Surname) VALUES ("3119765","Dakota", "Ανδρουλάκης");
INSERT INTO Executive (Executive_ID,Name,Surname) VALUES ("3119766","Λαυρέντιος", "Χατζηγεωργίου");
INSERT INTO Executive (Executive_ID,Name,Surname) VALUES ("3119767","Ανέστης", "Reese");
INSERT INTO Executive (Executive_ID,Name,Surname) VALUES ("3119768","Sheila", "Λαγγούσης");
INSERT INTO Executive (Executive_ID,Name,Surname) VALUES ("3119769","Κυριακή", "Μαντάρης");
INSERT INTO Executive (Executive_ID,Name,Surname) VALUES ("3119770","Briana", "Λουλάκης");
INSERT INTO Executive (Executive_ID,Name,Surname) VALUES ("3119771","Βαλάντω", "Τουρναβίτης");
INSERT INTO Executive (Executive_ID,Name,Surname) VALUES ("3119772","Shane", "Σπαθόπουλος");
INSERT INTO Executive (Executive_ID,Name,Surname) VALUES ("3119773","Michelle", "Τάσση");
INSERT INTO Executive (Executive_ID,Name,Surname) VALUES ("3119774","Κυράτσα", "Parker");
INSERT INTO Executive (Executive_ID,Name,Surname) VALUES ("3119775","Adam", "Πουλίδα");
INSERT INTO Executive (Executive_ID,Name,Surname) VALUES ("3119776","Diana", "Κυπραίος");
INSERT INTO Executive (Executive_ID,Name,Surname) VALUES ("3119777","Σαλώμη", "Λογοθέτη");
INSERT INTO Executive (Executive_ID,Name,Surname) VALUES ("3119778","Veronica", "Prince");
INSERT INTO Executive (Executive_ID,Name,Surname) VALUES ("3119779","Timothy", "Morton");
INSERT INTO Executive (Executive_ID,Name,Surname) VALUES ("3119780","Mario", "Harvey");
INSERT INTO Executive (Executive_ID,Name,Surname) VALUES ("3119781","Jacob", "Καραλής");
INSERT INTO Executive (Executive_ID,Name,Surname) VALUES ("3119782","Bethany", "Καφαντάρης");
INSERT INTO Executive (Executive_ID,Name,Surname) VALUES ("3119783","Adriana", "Περδικάκης");
INSERT INTO Executive (Executive_ID,Name,Surname) VALUES ("3119784","Jessica", "Webb");
INSERT INTO Executive (Executive_ID,Name,Surname) VALUES ("3119785","Dana", "Δώρη");
INSERT INTO Executive (Executive_ID,Name,Surname) VALUES ("3119786","Δαμιανός", "Khan");
INSERT INTO Executive (Executive_ID,Name,Surname) VALUES ("3119787","Βύρων", "Κακατσός");
INSERT INTO Executive (Executive_ID,Name,Surname) VALUES ("3119788","Linda", "Παπαθανασίου");
INSERT INTO Executive (Executive_ID,Name,Surname) VALUES ("3119789","Θεοδόσιος", "Snow");
INSERT INTO Executive (Executive_ID,Name,Surname) VALUES ("3119790","Richard", "Κακατσός");
INSERT INTO Executive (Executive_ID,Name,Surname) VALUES ("3119791","Sarah", "Russell");
INSERT INTO Executive (Executive_ID,Name,Surname) VALUES ("3119792","Δρόσος", "Καραγιάννη");
INSERT INTO Executive (Executive_ID,Name,Surname) VALUES ("3119793","Μαριάνθη", "Δεδούκου");
INSERT INTO Executive (Executive_ID,Name,Surname) VALUES ("3119794","Courtney", "Hart");
INSERT INTO Executive (Executive_ID,Name,Surname) VALUES ("3119795","Allison", "Johnson");
INSERT INTO Executive (Executive_ID,Name,Surname) VALUES ("3119796","Andrew", "Bell");
INSERT INTO Executive (Executive_ID,Name,Surname) VALUES ("3119797","Βαλέρια", "Τσαμπούρη");
INSERT INTO Executive (Executive_ID,Name,Surname) VALUES ("3119798","Miguel", "Δίγκας");
INSERT INTO Executive (Executive_ID,Name,Surname) VALUES ("3119799","Ρωξάνη", "Δουλγεράκη");
INSERT INTO Program (Program_ID,Name,ELIDEK_Sector) VALUES ("3119000","Turn believe hand.","Food Industry Projects");
INSERT INTO Program (Program_ID,Name,ELIDEK_Sector) VALUES ("3119001","Πετούν και ύψος.","Environmental Projects");
INSERT INTO Program (Program_ID,Name,ELIDEK_Sector) VALUES ("3119002","Στις δυστυχής μάθε.","Outer Space Public Relations");
INSERT INTO Program (Program_ID,Name,ELIDEK_Sector) VALUES ("3119003","Στο στήλες μα.","Renewable Energy Sources");
INSERT INTO Program (Program_ID,Name,ELIDEK_Sector) VALUES ("3119004","Ipsum odio.","Exotic Religions");
INSERT INTO Program (Program_ID,Name,ELIDEK_Sector) VALUES ("3119005","Possimus iste.","Marine Research Projects");
INSERT INTO Program (Program_ID,Name,ELIDEK_Sector) VALUES ("3119006","Able wish argue.","Researcher Underpayment Management");
INSERT INTO Program (Program_ID,Name,ELIDEK_Sector) VALUES ("3119007","Αλγόριθμου πάντα.","Food Industry Projects");
INSERT INTO Program (Program_ID,Name,ELIDEK_Sector) VALUES ("3119008","Aut dolore nobis.","Environmental Projects");
INSERT INTO Program (Program_ID,Name,ELIDEK_Sector) VALUES ("3119009","Περιεχόμενα.","Outer Space Public Relations");
INSERT INTO Program (Program_ID,Name,ELIDEK_Sector) VALUES ("3119010","Position mind test.","Renewable Energy Sources");
INSERT INTO Program (Program_ID,Name,ELIDEK_Sector) VALUES ("3119011","Minima mollitia.","Exotic Religions");
INSERT INTO Program (Program_ID,Name,ELIDEK_Sector) VALUES ("3119012","Ακούσει εντολές.","Marine Research Projects");
INSERT INTO Program (Program_ID,Name,ELIDEK_Sector) VALUES ("3119013","Discuss enough.","Researcher Underpayment Management");
INSERT INTO Program (Program_ID,Name,ELIDEK_Sector) VALUES ("3119014","Maiores dicta.","Food Industry Projects");
INSERT INTO Program (Program_ID,Name,ELIDEK_Sector) VALUES ("3119015","Dicta explicabo.","Environmental Projects");
INSERT INTO Program (Program_ID,Name,ELIDEK_Sector) VALUES ("3119016","Delectus occaecati.","Outer Space Public Relations");
INSERT INTO Program (Program_ID,Name,ELIDEK_Sector) VALUES ("3119017","Ως πιο παράδειγμα.","Renewable Energy Sources");
INSERT INTO Program (Program_ID,Name,ELIDEK_Sector) VALUES ("3119018","Accusantium a eum.","Exotic Religions");
INSERT INTO Program (Program_ID,Name,ELIDEK_Sector) VALUES ("3119019","Star like ten.","Marine Research Projects");
INSERT INTO Program (Program_ID,Name,ELIDEK_Sector) VALUES ("3119020","Seem common short.","Researcher Underpayment Management");
INSERT INTO Program (Program_ID,Name,ELIDEK_Sector) VALUES ("3119021","Optio assumenda.","Food Industry Projects");
INSERT INTO Program (Program_ID,Name,ELIDEK_Sector) VALUES ("3119022","Unde ea omnis sit.","Environmental Projects");
INSERT INTO Program (Program_ID,Name,ELIDEK_Sector) VALUES ("3119023","Possimus debitis.","Outer Space Public Relations");
INSERT INTO Program (Program_ID,Name,ELIDEK_Sector) VALUES ("3119024","Μα τύπους.","Renewable Energy Sources");
INSERT INTO Program (Program_ID,Name,ELIDEK_Sector) VALUES ("3119025","Its eye ever with.","Exotic Religions");
INSERT INTO Program (Program_ID,Name,ELIDEK_Sector) VALUES ("3119026","Αρπάζεις.","Marine Research Projects");
INSERT INTO Program (Program_ID,Name,ELIDEK_Sector) VALUES ("3119027","Laudantium corrupti.","Researcher Underpayment Management");
INSERT INTO Program (Program_ID,Name,ELIDEK_Sector) VALUES ("3119028","Μην ανεπιθύμητη.","Food Industry Projects");
INSERT INTO Program (Program_ID,Name,ELIDEK_Sector) VALUES ("3119029","Διαφήμιση.","Environmental Projects");
INSERT INTO Program (Program_ID,Name,ELIDEK_Sector) VALUES ("3119030","Tenetur occaecati.","Outer Space Public Relations");
INSERT INTO Program (Program_ID,Name,ELIDEK_Sector) VALUES ("3119031","Εδώ χρησιμοποιώντας.","Renewable Energy Sources");
INSERT INTO Program (Program_ID,Name,ELIDEK_Sector) VALUES ("3119032","Receive protect.","Exotic Religions");
INSERT INTO Program (Program_ID,Name,ELIDEK_Sector) VALUES ("3119033","Εργάστηκε υπηρεσία.","Marine Research Projects");
INSERT INTO Program (Program_ID,Name,ELIDEK_Sector) VALUES ("3119034","Συνεχώς μάθε.","Researcher Underpayment Management");
INSERT INTO Program (Program_ID,Name,ELIDEK_Sector) VALUES ("3119035","Ελέγχου απόλαυσε.","Food Industry Projects");
INSERT INTO Program (Program_ID,Name,ELIDEK_Sector) VALUES ("3119036","Iste eveniet et.","Environmental Projects");
INSERT INTO Program (Program_ID,Name,ELIDEK_Sector) VALUES ("3119037","Υψηλότερη έξι δύο.","Outer Space Public Relations");
INSERT INTO Program (Program_ID,Name,ELIDEK_Sector) VALUES ("3119038","Απομόνωση μη μέχρι.","Renewable Energy Sources");
INSERT INTO Program (Program_ID,Name,ELIDEK_Sector) VALUES ("3119039","Εφαμοργής υποψήφιο.","Exotic Religions");
INSERT INTO Program (Program_ID,Name,ELIDEK_Sector) VALUES ("3119040","Επιστρέφουν κώδικάς.","Marine Research Projects");
INSERT INTO Program (Program_ID,Name,ELIDEK_Sector) VALUES ("3119041","Week speak certain.","Researcher Underpayment Management");
INSERT INTO Program (Program_ID,Name,ELIDEK_Sector) VALUES ("3119042","Explicabo eligendi.","Food Industry Projects");
INSERT INTO Program (Program_ID,Name,ELIDEK_Sector) VALUES ("3119043","Με πως γραμμές.","Environmental Projects");
INSERT INTO Program (Program_ID,Name,ELIDEK_Sector) VALUES ("3119044","Ducimus numquam.","Outer Space Public Relations");
INSERT INTO Program (Program_ID,Name,ELIDEK_Sector) VALUES ("3119045","Γραμμής έξι που.","Renewable Energy Sources");
INSERT INTO Program (Program_ID,Name,ELIDEK_Sector) VALUES ("3119046","Vero eligendi.","Exotic Religions");
INSERT INTO Program (Program_ID,Name,ELIDEK_Sector) VALUES ("3119047","Officiis ipsum odio.","Marine Research Projects");
INSERT INTO Program (Program_ID,Name,ELIDEK_Sector) VALUES ("3119048","Nobis dolorem.","Researcher Underpayment Management");
INSERT INTO Program (Program_ID,Name,ELIDEK_Sector) VALUES ("3119049","A big challenge see.","Food Industry Projects");
INSERT INTO Program (Program_ID,Name,ELIDEK_Sector) VALUES ("3119050","Κοιτάζοντας για.","Environmental Projects");
INSERT INTO Program (Program_ID,Name,ELIDEK_Sector) VALUES ("3119051","Γράψει χαρτιού.","Outer Space Public Relations");
INSERT INTO Program (Program_ID,Name,ELIDEK_Sector) VALUES ("3119052","Nam unde eius.","Renewable Energy Sources");
INSERT INTO Program (Program_ID,Name,ELIDEK_Sector) VALUES ("3119053","Democratic dinner.","Exotic Religions");
INSERT INTO Program (Program_ID,Name,ELIDEK_Sector) VALUES ("3119054","Πρώτο συγγραφής.","Marine Research Projects");
INSERT INTO Program (Program_ID,Name,ELIDEK_Sector) VALUES ("3119055","Μερικούς ότι θα αν.","Researcher Underpayment Management");
INSERT INTO Program (Program_ID,Name,ELIDEK_Sector) VALUES ("3119056","Ευκολότερο διάβασε.","Food Industry Projects");
INSERT INTO Program (Program_ID,Name,ELIDEK_Sector) VALUES ("3119057","Quidem distinctio.","Environmental Projects");
INSERT INTO Program (Program_ID,Name,ELIDEK_Sector) VALUES ("3119058","Temporibus ipsa.","Outer Space Public Relations");
INSERT INTO Program (Program_ID,Name,ELIDEK_Sector) VALUES ("3119059","Θέμα όσο μετρήσεις.","Renewable Energy Sources");
INSERT INTO Program (Program_ID,Name,ELIDEK_Sector) VALUES ("3119060","Conference at.","Exotic Religions");
INSERT INTO Program (Program_ID,Name,ELIDEK_Sector) VALUES ("3119061","Eos sunt.","Marine Research Projects");
INSERT INTO Program (Program_ID,Name,ELIDEK_Sector) VALUES ("3119062","Μα γειτονιάς στις.","Researcher Underpayment Management");
INSERT INTO Program (Program_ID,Name,ELIDEK_Sector) VALUES ("3119063","Ποια δύο σταματάς.","Food Industry Projects");
INSERT INTO Program (Program_ID,Name,ELIDEK_Sector) VALUES ("3119064","Memory million.","Environmental Projects");
INSERT INTO Program (Program_ID,Name,ELIDEK_Sector) VALUES ("3119065","Μου λαμβάνουν αν.","Outer Space Public Relations");
INSERT INTO Program (Program_ID,Name,ELIDEK_Sector) VALUES ("3119066","Neque voluptatibus.","Renewable Energy Sources");
INSERT INTO Program (Program_ID,Name,ELIDEK_Sector) VALUES ("3119067","Eight arm fly so.","Exotic Religions");
INSERT INTO Program (Program_ID,Name,ELIDEK_Sector) VALUES ("3119068","Nothing sort kind.","Marine Research Projects");
INSERT INTO Program (Program_ID,Name,ELIDEK_Sector) VALUES ("3119069","Sint accusantium.","Researcher Underpayment Management");
INSERT INTO Program (Program_ID,Name,ELIDEK_Sector) VALUES ("3119070","Magnam quia vitae.","Food Industry Projects");
INSERT INTO Program (Program_ID,Name,ELIDEK_Sector) VALUES ("3119071","Σχεδιαστής.","Environmental Projects");
INSERT INTO Program (Program_ID,Name,ELIDEK_Sector) VALUES ("3119072","Διακοπή εργαζόμενοι.","Outer Space Public Relations");
INSERT INTO Program (Program_ID,Name,ELIDEK_Sector) VALUES ("3119073","Εργαλείων έστειλε.","Renewable Energy Sources");
INSERT INTO Program (Program_ID,Name,ELIDEK_Sector) VALUES ("3119074","Χάος μάλλον κάτι.","Exotic Religions");
INSERT INTO Program (Program_ID,Name,ELIDEK_Sector) VALUES ("3119075","Μετρήσεις ξέχασε.","Marine Research Projects");
INSERT INTO Program (Program_ID,Name,ELIDEK_Sector) VALUES ("3119076","Sint dolor ipsam.","Researcher Underpayment Management");
INSERT INTO Program (Program_ID,Name,ELIDEK_Sector) VALUES ("3119077","Quaerat alias aut.","Food Industry Projects");
INSERT INTO Program (Program_ID,Name,ELIDEK_Sector) VALUES ("3119078","Commodi suscipit.","Environmental Projects");
INSERT INTO Program (Program_ID,Name,ELIDEK_Sector) VALUES ("3119079","Morning rule lay.","Outer Space Public Relations");
INSERT INTO Program (Program_ID,Name,ELIDEK_Sector) VALUES ("3119080","Laboriosam corrupti.","Renewable Energy Sources");
INSERT INTO Program (Program_ID,Name,ELIDEK_Sector) VALUES ("3119081","Παραπάνω κανόνα έχω.","Exotic Religions");
INSERT INTO Program (Program_ID,Name,ELIDEK_Sector) VALUES ("3119082","Imagine.","Marine Research Projects");
INSERT INTO Program (Program_ID,Name,ELIDEK_Sector) VALUES ("3119083","Βιβλίο μας.","Researcher Underpayment Management");
INSERT INTO Program (Program_ID,Name,ELIDEK_Sector) VALUES ("3119084","Dolores deleniti.","Food Industry Projects");
INSERT INTO Program (Program_ID,Name,ELIDEK_Sector) VALUES ("3119085","Πάντα πακέτων.","Environmental Projects");
INSERT INTO Program (Program_ID,Name,ELIDEK_Sector) VALUES ("3119086","Στη συνηθίζουν.","Outer Space Public Relations");
INSERT INTO Program (Program_ID,Name,ELIDEK_Sector) VALUES ("3119087","Της αναφέρονται.","Renewable Energy Sources");
INSERT INTO Program (Program_ID,Name,ELIDEK_Sector) VALUES ("3119088","Διακοπή ανεπιθύμητη.","Exotic Religions");
INSERT INTO Program (Program_ID,Name,ELIDEK_Sector) VALUES ("3119089","Την αν μα.","Marine Research Projects");
INSERT INTO Program (Program_ID,Name,ELIDEK_Sector) VALUES ("3119090","Τρέξει χάος στο.","Researcher Underpayment Management");
INSERT INTO Program (Program_ID,Name,ELIDEK_Sector) VALUES ("3119091","Fugit fugit.","Food Industry Projects");
INSERT INTO Program (Program_ID,Name,ELIDEK_Sector) VALUES ("3119092","Του μέσης εταιρείες.","Environmental Projects");
INSERT INTO Program (Program_ID,Name,ELIDEK_Sector) VALUES ("3119093","Νέο όταν δοκιμάσεις.","Outer Space Public Relations");
INSERT INTO Program (Program_ID,Name,ELIDEK_Sector) VALUES ("3119094","Αποκλειστικούς όταν.","Renewable Energy Sources");
INSERT INTO Program (Program_ID,Name,ELIDEK_Sector) VALUES ("3119095","Έστελνε.","Exotic Religions");
INSERT INTO Program (Program_ID,Name,ELIDEK_Sector) VALUES ("3119096","Έχω αρέσει αφήσεις.","Marine Research Projects");
INSERT INTO Program (Program_ID,Name,ELIDEK_Sector) VALUES ("3119097","Mind best future.","Researcher Underpayment Management");
INSERT INTO Program (Program_ID,Name,ELIDEK_Sector) VALUES ("3119098","Sed exercitationem.","Food Industry Projects");
INSERT INTO Program (Program_ID,Name,ELIDEK_Sector) VALUES ("3119099","Libero praesentium.","Environmental Projects");
INSERT INTO Program (Program_ID,Name,ELIDEK_Sector) VALUES ("3119100","Γνωστή έξι τα μια.","Outer Space Public Relations");
INSERT INTO Program (Program_ID,Name,ELIDEK_Sector) VALUES ("3119101","Voluptatibus id ad.","Renewable Energy Sources");
INSERT INTO Program (Program_ID,Name,ELIDEK_Sector) VALUES ("3119102","Nihil.","Exotic Religions");
INSERT INTO Program (Program_ID,Name,ELIDEK_Sector) VALUES ("3119103","Ατόμου ώρα συνεχώς.","Marine Research Projects");
INSERT INTO Program (Program_ID,Name,ELIDEK_Sector) VALUES ("3119104","Seek part child.","Researcher Underpayment Management");
INSERT INTO Program (Program_ID,Name,ELIDEK_Sector) VALUES ("3119105","Facere hic illum.","Food Industry Projects");
INSERT INTO Program (Program_ID,Name,ELIDEK_Sector) VALUES ("3119106","Πιο δούλευε νόμιζες.","Environmental Projects");
INSERT INTO Program (Program_ID,Name,ELIDEK_Sector) VALUES ("3119107","Interview expert.","Outer Space Public Relations");
INSERT INTO Program (Program_ID,Name,ELIDEK_Sector) VALUES ("3119108","Dolores rem.","Renewable Energy Sources");
INSERT INTO Program (Program_ID,Name,ELIDEK_Sector) VALUES ("3119109","Τι για άρθρων μάτσο.","Exotic Religions");
INSERT INTO Program (Program_ID,Name,ELIDEK_Sector) VALUES ("3119110","Industry only let.","Marine Research Projects");
INSERT INTO Program (Program_ID,Name,ELIDEK_Sector) VALUES ("3119111","A maiores.","Researcher Underpayment Management");
INSERT INTO Program (Program_ID,Name,ELIDEK_Sector) VALUES ("3119112","Exercitationem.","Food Industry Projects");
INSERT INTO Program (Program_ID,Name,ELIDEK_Sector) VALUES ("3119113","Ειδικά αυτήν σου.","Environmental Projects");
INSERT INTO Program (Program_ID,Name,ELIDEK_Sector) VALUES ("3119114","Exercitationem.","Outer Space Public Relations");
INSERT INTO Program (Program_ID,Name,ELIDEK_Sector) VALUES ("3119115","Amet fuga nam.","Renewable Energy Sources");
INSERT INTO Program (Program_ID,Name,ELIDEK_Sector) VALUES ("3119116","Ίδιο ωραίο πρώτο.","Exotic Religions");
INSERT INTO Program (Program_ID,Name,ELIDEK_Sector) VALUES ("3119117","Παραδοτέου.","Marine Research Projects");
INSERT INTO Program (Program_ID,Name,ELIDEK_Sector) VALUES ("3119118","Σημαντικός θα.","Researcher Underpayment Management");
INSERT INTO Program (Program_ID,Name,ELIDEK_Sector) VALUES ("3119119","Μπουν της τοπικές.","Food Industry Projects");
INSERT INTO Program (Program_ID,Name,ELIDEK_Sector) VALUES ("3119120","Μου εκτός αρπάζεις.","Environmental Projects");
INSERT INTO Program (Program_ID,Name,ELIDEK_Sector) VALUES ("3119121","Qui odio sunt vero.","Outer Space Public Relations");
INSERT INTO Program (Program_ID,Name,ELIDEK_Sector) VALUES ("3119122","Read instead.","Renewable Energy Sources");
INSERT INTO Program (Program_ID,Name,ELIDEK_Sector) VALUES ("3119123","Couple agency.","Exotic Religions");
INSERT INTO Program (Program_ID,Name,ELIDEK_Sector) VALUES ("3119124","Νέα πετάξαμε.","Marine Research Projects");
INSERT INTO Program (Program_ID,Name,ELIDEK_Sector) VALUES ("3119125","Animi aliquam aut.","Researcher Underpayment Management");
INSERT INTO Program (Program_ID,Name,ELIDEK_Sector) VALUES ("3119126","Sequi ipsum vel.","Food Industry Projects");
INSERT INTO Program (Program_ID,Name,ELIDEK_Sector) VALUES ("3119127","At pariatur impedit.","Environmental Projects");
INSERT INTO Program (Program_ID,Name,ELIDEK_Sector) VALUES ("3119128","Απαρατήρητο όταν.","Outer Space Public Relations");
INSERT INTO Program (Program_ID,Name,ELIDEK_Sector) VALUES ("3119129","Στραβά μου εγώ.","Renewable Energy Sources");
INSERT INTO Program (Program_ID,Name,ELIDEK_Sector) VALUES ("3119130","Μου ώρα μιας σας.","Exotic Religions");
INSERT INTO Program (Program_ID,Name,ELIDEK_Sector) VALUES ("3119131","Πιο έχω αποστηθίσει.","Marine Research Projects");
INSERT INTO Program (Program_ID,Name,ELIDEK_Sector) VALUES ("3119132","Προσπαθούν γραμμές.","Researcher Underpayment Management");
INSERT INTO Program (Program_ID,Name,ELIDEK_Sector) VALUES ("3119133","Φίλος νέου.","Food Industry Projects");
INSERT INTO Program (Program_ID,Name,ELIDEK_Sector) VALUES ("3119134","Finish available.","Environmental Projects");
INSERT INTO Program (Program_ID,Name,ELIDEK_Sector) VALUES ("3119135","Μέχρι υψηλότερη σε.","Outer Space Public Relations");
INSERT INTO Program (Program_ID,Name,ELIDEK_Sector) VALUES ("3119136","Harum nam totam.","Renewable Energy Sources");
INSERT INTO Program (Program_ID,Name,ELIDEK_Sector) VALUES ("3119137","Πεδία επιδιόρθωση.","Exotic Religions");
INSERT INTO Program (Program_ID,Name,ELIDEK_Sector) VALUES ("3119138","Dolore eligendi.","Marine Research Projects");
INSERT INTO Program (Program_ID,Name,ELIDEK_Sector) VALUES ("3119139","Consequuntur earum.","Researcher Underpayment Management");
INSERT INTO Program (Program_ID,Name,ELIDEK_Sector) VALUES ("3119140","Him you high among.","Food Industry Projects");
INSERT INTO Program (Program_ID,Name,ELIDEK_Sector) VALUES ("3119141","Animi tempore.","Environmental Projects");
INSERT INTO Program (Program_ID,Name,ELIDEK_Sector) VALUES ("3119142","Yeah wide region.","Outer Space Public Relations");
INSERT INTO Program (Program_ID,Name,ELIDEK_Sector) VALUES ("3119143","Nihil quis unde ab.","Renewable Energy Sources");
INSERT INTO Program (Program_ID,Name,ELIDEK_Sector) VALUES ("3119144","Recusandae mollitia.","Exotic Religions");
INSERT INTO Program (Program_ID,Name,ELIDEK_Sector) VALUES ("3119145","Expedita corrupti.","Marine Research Projects");
INSERT INTO Program (Program_ID,Name,ELIDEK_Sector) VALUES ("3119146","Ήδη ποια γεγονός σε.","Researcher Underpayment Management");
INSERT INTO Program (Program_ID,Name,ELIDEK_Sector) VALUES ("3119147","Συνέχεια κάνεις.","Food Industry Projects");
INSERT INTO Program (Program_ID,Name,ELIDEK_Sector) VALUES ("3119148","Velit tempora.","Environmental Projects");
INSERT INTO Program (Program_ID,Name,ELIDEK_Sector) VALUES ("3119149","Στραβά προβληματική.","Outer Space Public Relations");
INSERT INTO Program (Program_ID,Name,ELIDEK_Sector) VALUES ("3119150","Temporibus.","Renewable Energy Sources");
INSERT INTO Program (Program_ID,Name,ELIDEK_Sector) VALUES ("3119151","Animi doloremque.","Exotic Religions");
INSERT INTO Program (Program_ID,Name,ELIDEK_Sector) VALUES ("3119152","Answer practice son.","Marine Research Projects");
INSERT INTO Program (Program_ID,Name,ELIDEK_Sector) VALUES ("3119153","Doloribus incidunt.","Researcher Underpayment Management");
INSERT INTO Program (Program_ID,Name,ELIDEK_Sector) VALUES ("3119154","Προσοχή ήδη.","Food Industry Projects");
INSERT INTO Program (Program_ID,Name,ELIDEK_Sector) VALUES ("3119155","Accusantium alias.","Environmental Projects");
INSERT INTO Program (Program_ID,Name,ELIDEK_Sector) VALUES ("3119156","Στα κανείς άτομο.","Outer Space Public Relations");
INSERT INTO Program (Program_ID,Name,ELIDEK_Sector) VALUES ("3119157","Think sing.","Renewable Energy Sources");
INSERT INTO Program (Program_ID,Name,ELIDEK_Sector) VALUES ("3119158","Τύπους διαδίκτυο.","Exotic Religions");
INSERT INTO Program (Program_ID,Name,ELIDEK_Sector) VALUES ("3119159","Έλεγχος σημαντικός.","Marine Research Projects");
INSERT INTO Program (Program_ID,Name,ELIDEK_Sector) VALUES ("3119160","Μου τέλειοι τρόποι.","Researcher Underpayment Management");
INSERT INTO Program (Program_ID,Name,ELIDEK_Sector) VALUES ("3119161","Μπουν υψηλότερη.","Food Industry Projects");
INSERT INTO Program (Program_ID,Name,ELIDEK_Sector) VALUES ("3119162","Συνάδελφος σαν.","Environmental Projects");
INSERT INTO Program (Program_ID,Name,ELIDEK_Sector) VALUES ("3119163","Ερωτήσεις πάντα εγώ.","Outer Space Public Relations");
INSERT INTO Program (Program_ID,Name,ELIDEK_Sector) VALUES ("3119164","Aliquid eius.","Renewable Energy Sources");
INSERT INTO Program (Program_ID,Name,ELIDEK_Sector) VALUES ("3119165","Ευκολότερο.","Exotic Religions");
INSERT INTO Program (Program_ID,Name,ELIDEK_Sector) VALUES ("3119166","Accusantium fugit.","Marine Research Projects");
INSERT INTO Program (Program_ID,Name,ELIDEK_Sector) VALUES ("3119167","Sit incidunt ea.","Researcher Underpayment Management");
INSERT INTO Program (Program_ID,Name,ELIDEK_Sector) VALUES ("3119168","Μάθε μέρος ναι.","Food Industry Projects");
INSERT INTO Program (Program_ID,Name,ELIDEK_Sector) VALUES ("3119169","Παραδοτέου δυστυχώς.","Environmental Projects");
INSERT INTO Program (Program_ID,Name,ELIDEK_Sector) VALUES ("3119170","Όταν προκαλείς ο.","Outer Space Public Relations");
INSERT INTO Program (Program_ID,Name,ELIDEK_Sector) VALUES ("3119171","Land inside left.","Renewable Energy Sources");
INSERT INTO Program (Program_ID,Name,ELIDEK_Sector) VALUES ("3119172","Εργαζόμενοι.","Exotic Religions");
INSERT INTO Program (Program_ID,Name,ELIDEK_Sector) VALUES ("3119173","Figure feeling.","Marine Research Projects");
INSERT INTO Program (Program_ID,Name,ELIDEK_Sector) VALUES ("3119174","Αποδείξεις και.","Researcher Underpayment Management");
INSERT INTO Program (Program_ID,Name,ELIDEK_Sector) VALUES ("3119175","Omnis vitae.","Food Industry Projects");
INSERT INTO Program (Program_ID,Name,ELIDEK_Sector) VALUES ("3119176","Eligendi eius.","Environmental Projects");
INSERT INTO Program (Program_ID,Name,ELIDEK_Sector) VALUES ("3119177","Aliquid perferendis.","Outer Space Public Relations");
INSERT INTO Program (Program_ID,Name,ELIDEK_Sector) VALUES ("3119178","Στραβά κι μέχρι.","Renewable Energy Sources");
INSERT INTO Program (Program_ID,Name,ELIDEK_Sector) VALUES ("3119179","Προβληματική στήλες.","Exotic Religions");
INSERT INTO Program (Program_ID,Name,ELIDEK_Sector) VALUES ("3119180","Αφήσεις μιας.","Marine Research Projects");
INSERT INTO Program (Program_ID,Name,ELIDEK_Sector) VALUES ("3119181","Επιδιόρθωση λες.","Researcher Underpayment Management");
INSERT INTO Program (Program_ID,Name,ELIDEK_Sector) VALUES ("3119182","Μαγικά τον πιο μα.","Food Industry Projects");
INSERT INTO Program (Program_ID,Name,ELIDEK_Sector) VALUES ("3119183","Χρησιμοποιώντας.","Environmental Projects");
INSERT INTO Program (Program_ID,Name,ELIDEK_Sector) VALUES ("3119184","Any among story way.","Outer Space Public Relations");
INSERT INTO Program (Program_ID,Name,ELIDEK_Sector) VALUES ("3119185","Not ok truth me.","Renewable Energy Sources");
INSERT INTO Program (Program_ID,Name,ELIDEK_Sector) VALUES ("3119186","Δούλευε και ναι της.","Exotic Religions");
INSERT INTO Program (Program_ID,Name,ELIDEK_Sector) VALUES ("3119187","Quod quas.","Marine Research Projects");
INSERT INTO Program (Program_ID,Name,ELIDEK_Sector) VALUES ("3119188","Ανώδυνη όσο στραβά.","Researcher Underpayment Management");
INSERT INTO Program (Program_ID,Name,ELIDEK_Sector) VALUES ("3119189","Stop around glass.","Food Industry Projects");
INSERT INTO Program (Program_ID,Name,ELIDEK_Sector) VALUES ("3119190","Δυστυχής επί αν.","Environmental Projects");
INSERT INTO Program (Program_ID,Name,ELIDEK_Sector) VALUES ("3119191","Voluptas itaque.","Outer Space Public Relations");
INSERT INTO Program (Program_ID,Name,ELIDEK_Sector) VALUES ("3119192","Ως ορίστε ποσοστό.","Renewable Energy Sources");
INSERT INTO Program (Program_ID,Name,ELIDEK_Sector) VALUES ("3119193","Omnis ducimus.","Exotic Religions");
INSERT INTO Program (Program_ID,Name,ELIDEK_Sector) VALUES ("3119194","Ας πολύ της τον.","Marine Research Projects");
INSERT INTO Program (Program_ID,Name,ELIDEK_Sector) VALUES ("3119195","Assumenda.","Researcher Underpayment Management");
INSERT INTO Program (Program_ID,Name,ELIDEK_Sector) VALUES ("3119196","Natus nobis nam.","Food Industry Projects");
INSERT INTO Program (Program_ID,Name,ELIDEK_Sector) VALUES ("3119197","Data local run stop.","Environmental Projects");
INSERT INTO Program (Program_ID,Name,ELIDEK_Sector) VALUES ("3119198","Ποια εκείνου.","Outer Space Public Relations");
INSERT INTO Program (Program_ID,Name,ELIDEK_Sector) VALUES ("3119199","Εταιρείες γράψει.","Renewable Energy Sources");
INSERT INTO Organization (Organization_ID,Acronym,Name,Street,Street_Number,City,Postal_Code,Org_type) VALUES ("3119000", "ΈΕU", "Έστειλε Εργαζόμενοι University", "Λυμαξή", "4457", "Rebeccahaven", "64675", "University");
INSERT INTO Organization (Organization_ID,Acronym,Name,Street,Street_Number,City,Postal_Code,Org_type) VALUES ("3119001", "ΜΘΑC", "Μια Θέματα Αφήσεις Company", "Αμμολόχου", "1055", "Καρδίτσα", "36084", "Company");
INSERT INTO Organization (Organization_ID,Acronym,Name,Street,Street_Number,City,Postal_Code,Org_type) VALUES ("3119002", "ΜΣΔRC", "Μέχρι Σωστά Δε Research Center", "Michael Cape", "66", "Κοζάνη", "91971", "Research Center");
INSERT INTO Organization (Organization_ID,Acronym,Name,Street,Street_Number,City,Postal_Code,Org_type) VALUES ("3119003", "VIU", "Voluptates Impedit University", "Κουδουνίων", "3904", "South Christinashire", "11031", "University");
INSERT INTO Organization (Organization_ID,Acronym,Name,Street,Street_Number,City,Postal_Code,Org_type) VALUES ("3119004", "ΤΜC", "Τον Μεταγλωτίσει Company", "Βάλτας", "1668", "Πάτρα", "40943", "Company");
INSERT INTO Organization (Organization_ID,Acronym,Name,Street,Street_Number,City,Postal_Code,Org_type) VALUES ("3119005", "RIRC", "Ratione Ipsum Research Center", "Τοσούνη", "9787", "Port Davidside", "63436", "Research Center");
INSERT INTO Organization (Organization_ID,Acronym,Name,Street,Street_Number,City,Postal_Code,Org_type) VALUES ("3119006", "ΔU", "Δημιουργήσεις University", "Λεχαινών", "9577", "Καρδίτσα", "27125", "University");
INSERT INTO Organization (Organization_ID,Acronym,Name,Street,Street_Number,City,Postal_Code,Org_type) VALUES ("3119007", "MDC", "Maiores Deserunt Company", "Κοκκινίου", "978", "Lake Jamesfort", "25655", "Company");
INSERT INTO Organization (Organization_ID,Acronym,Name,Street,Street_Number,City,Postal_Code,Org_type) VALUES ("3119008", "ΧRC", "Χρησιμοποιώντας Research Center", "Rachel Isle", "8904", "Άμφισσα", "42675", "Research Center");
INSERT INTO Organization (Organization_ID,Acronym,Name,Street,Street_Number,City,Postal_Code,Org_type) VALUES ("3119009", "ΡΒU", "Ρωτήσει Βαθμό University", "Πάροδος Βόλβης", "6838", "Δράμα", "22447", "University");
INSERT INTO Organization (Organization_ID,Acronym,Name,Street,Street_Number,City,Postal_Code,Org_type) VALUES ("3119010", "ΦΛΜC", "Φράση Λοιπόν Μας Company", "Johnson Via", "8050", "Deannaburgh", "27053", "Company");
INSERT INTO Organization (Organization_ID,Acronym,Name,Street,Street_Number,City,Postal_Code,Org_type) VALUES ("3119011", "ΆΣΠΤRC", "Άρα Στις Παίρνει Τα Research Center", "Reyes Skyway", "8777", "Jillview", "39149", "Research Center");
INSERT INTO Researcher (Researcher_ID,Name,Surname,Gender,Birth_Date,Recruitment_Date,Organization_ID) VALUES ("3119000", "Βεατρίκη", "Παναγιωτακόπουλος", "Male", "1987-12-31", "2021-11-19", "3119186");
INSERT INTO Researcher (Researcher_ID,Name,Surname,Gender,Birth_Date,Recruitment_Date,Organization_ID) VALUES ("3119001", "Φανή", "Berry", "Female", "1988-08-15", "2021-07-27", "3119154");
INSERT INTO Researcher (Researcher_ID,Name,Surname,Gender,Birth_Date,Recruitment_Date,Organization_ID) VALUES ("3119002", "James", "White", "Other", "1977-06-26", "2021-05-18", "3119006");
INSERT INTO Researcher (Researcher_ID,Name,Surname,Gender,Birth_Date,Recruitment_Date,Organization_ID) VALUES ("3119003", "Αρχοντία", "Lyons", "Male", "1976-06-03", "2020-01-08", "3119169");
INSERT INTO Researcher (Researcher_ID,Name,Surname,Gender,Birth_Date,Recruitment_Date,Organization_ID) VALUES ("3119004", "Daniel", "Κουτσοβίδου", "Female", "1989-03-03", "2022-03-04", "3119131");
INSERT INTO Researcher (Researcher_ID,Name,Surname,Gender,Birth_Date,Recruitment_Date,Organization_ID) VALUES ("3119005", "Cassandra", "Thomas", "Other", "1993-08-15", "2021-12-23", "3119064");
INSERT INTO Researcher (Researcher_ID,Name,Surname,Gender,Birth_Date,Recruitment_Date,Organization_ID) VALUES ("3119006", "Michael", "Γεντίμης", "Male", "1987-07-22", "2021-04-28", "3119049");
INSERT INTO Researcher (Researcher_ID,Name,Surname,Gender,Birth_Date,Recruitment_Date,Organization_ID) VALUES ("3119007", "Jeremy", "Βαφειάδου", "Female", "1990-03-24", "2021-12-11", "3119104");
INSERT INTO Researcher (Researcher_ID,Name,Surname,Gender,Birth_Date,Recruitment_Date,Organization_ID) VALUES ("3119008", "Sandra", "Parsons", "Other", "1984-06-11", "2020-03-21", "3119179");
INSERT INTO Researcher (Researcher_ID,Name,Surname,Gender,Birth_Date,Recruitment_Date,Organization_ID) VALUES ("3119009", "Nicole", "Schmidt", "Male", "1980-11-26", "2020-02-17", "3119077");
INSERT INTO Researcher (Researcher_ID,Name,Surname,Gender,Birth_Date,Recruitment_Date,Organization_ID) VALUES ("3119010", "Καρυοφυλλιά", "Κριτσέλης", "Female", "1973-04-20", "2021-03-02", "3119137");
INSERT INTO Researcher (Researcher_ID,Name,Surname,Gender,Birth_Date,Recruitment_Date,Organization_ID) VALUES ("3119011", "Αγάπη", "Τραχίλης", "Other", "1962-10-28", "2021-01-06", "3119086");
INSERT INTO Researcher (Researcher_ID,Name,Surname,Gender,Birth_Date,Recruitment_Date,Organization_ID) VALUES ("3119012", "Heather", "Μπλιατσίου", "Male", "1994-11-17", "2021-03-25", "3119046");
INSERT INTO Researcher (Researcher_ID,Name,Surname,Gender,Birth_Date,Recruitment_Date,Organization_ID) VALUES ("3119013", "Ευσεβεία", "Simmons", "Female", "2000-04-28", "2022-05-27", "3119130");
INSERT INTO Researcher (Researcher_ID,Name,Surname,Gender,Birth_Date,Recruitment_Date,Organization_ID) VALUES ("3119014", "Μελέτιος", "Smith", "Other", "1985-11-11", "2022-01-09", "3119145");
INSERT INTO Researcher (Researcher_ID,Name,Surname,Gender,Birth_Date,Recruitment_Date,Organization_ID) VALUES ("3119015", "Ανάργυρη", "Melendez", "Male", "1972-07-22", "2021-06-18", "3119193");
INSERT INTO Researcher (Researcher_ID,Name,Surname,Gender,Birth_Date,Recruitment_Date,Organization_ID) VALUES ("3119016", "Patrick", "Davis", "Female", "1988-06-25", "2021-09-10", "3119074");
INSERT INTO Researcher (Researcher_ID,Name,Surname,Gender,Birth_Date,Recruitment_Date,Organization_ID) VALUES ("3119017", "Βαρθολομαίος", "Swanson", "Other", "1993-03-13", "2020-06-27", "3119145");
INSERT INTO Researcher (Researcher_ID,Name,Surname,Gender,Birth_Date,Recruitment_Date,Organization_ID) VALUES ("3119018", "Kimberly", "Νίκα", "Male", "1963-07-11", "2020-08-23", "3119043");
INSERT INTO Researcher (Researcher_ID,Name,Surname,Gender,Birth_Date,Recruitment_Date,Organization_ID) VALUES ("3119019", "Επαμεινώνδας", "Steele", "Female", "1968-10-06", "2020-07-20", "3119112");
INSERT INTO Researcher (Researcher_ID,Name,Surname,Gender,Birth_Date,Recruitment_Date,Organization_ID) VALUES ("3119020", "Ιερώνυμος", "Chen", "Other", "1973-10-11", "2022-04-02", "3119085");
INSERT INTO Researcher (Researcher_ID,Name,Surname,Gender,Birth_Date,Recruitment_Date,Organization_ID) VALUES ("3119021", "Φαίδρα", "Τσαραμιάδης", "Male", "1965-02-17", "2022-04-14", "3119086");
INSERT INTO Researcher (Researcher_ID,Name,Surname,Gender,Birth_Date,Recruitment_Date,Organization_ID) VALUES ("3119022", "Holly", "Δουλουφάκη", "Female", "1968-07-12", "2021-02-02", "3119187");
INSERT INTO Researcher (Researcher_ID,Name,Surname,Gender,Birth_Date,Recruitment_Date,Organization_ID) VALUES ("3119023", "Νικήτας", "Smith", "Other", "1985-10-21", "2020-12-05", "3119046");
INSERT INTO Researcher (Researcher_ID,Name,Surname,Gender,Birth_Date,Recruitment_Date,Organization_ID) VALUES ("3119024", "Kathryn", "Γεωργίτση", "Male", "1992-10-13", "2021-09-28", "3119116");
INSERT INTO Researcher (Researcher_ID,Name,Surname,Gender,Birth_Date,Recruitment_Date,Organization_ID) VALUES ("3119025", "Carla", "Lopez", "Female", "1977-08-30", "2020-04-18", "3119166");
INSERT INTO Researcher (Researcher_ID,Name,Surname,Gender,Birth_Date,Recruitment_Date,Organization_ID) VALUES ("3119026", "Μόσχα", "Τυμβίου", "Other", "1982-08-13", "2020-02-27", "3119012");
INSERT INTO Researcher (Researcher_ID,Name,Surname,Gender,Birth_Date,Recruitment_Date,Organization_ID) VALUES ("3119027", "Σαλώμη", "Reed", "Male", "2000-08-18", "2020-04-07", "3119164");
INSERT INTO Researcher (Researcher_ID,Name,Surname,Gender,Birth_Date,Recruitment_Date,Organization_ID) VALUES ("3119028", "Θεώνη", "Δρακόπουλος", "Female", "1997-11-04", "2021-08-13", "3119164");
INSERT INTO Researcher (Researcher_ID,Name,Surname,Gender,Birth_Date,Recruitment_Date,Organization_ID) VALUES ("3119029", "Υβόννη", "Nixon", "Other", "1987-08-15", "2022-02-02", "3119121");
INSERT INTO Researcher (Researcher_ID,Name,Surname,Gender,Birth_Date,Recruitment_Date,Organization_ID) VALUES ("3119030", "James", "Δημητρόπουλος", "Male", "1997-06-14", "2022-02-07", "3119105");
INSERT INTO Researcher (Researcher_ID,Name,Surname,Gender,Birth_Date,Recruitment_Date,Organization_ID) VALUES ("3119031", "Κλήμης", "Nolan", "Female", "1969-07-31", "2020-10-06", "3119054");
INSERT INTO Researcher (Researcher_ID,Name,Surname,Gender,Birth_Date,Recruitment_Date,Organization_ID) VALUES ("3119032", "Σαπφώ", "Woods", "Other", "1985-10-26", "2022-01-22", "3119188");
INSERT INTO Researcher (Researcher_ID,Name,Surname,Gender,Birth_Date,Recruitment_Date,Organization_ID) VALUES ("3119033", "Λητώ", "Townsend", "Male", "1990-12-09", "2022-01-25", "3119014");
INSERT INTO Researcher (Researcher_ID,Name,Surname,Gender,Birth_Date,Recruitment_Date,Organization_ID) VALUES ("3119034", "Βιργινία", "Κυριακοπούλου", "Female", "1968-10-16", "2022-03-15", "3119040");
INSERT INTO Researcher (Researcher_ID,Name,Surname,Gender,Birth_Date,Recruitment_Date,Organization_ID) VALUES ("3119035", "Erica", "Reeves", "Other", "1966-03-25", "2022-04-20", "3119117");
INSERT INTO Researcher (Researcher_ID,Name,Surname,Gender,Birth_Date,Recruitment_Date,Organization_ID) VALUES ("3119036", "Λέανδρος", "Leonard", "Male", "1974-04-04", "2022-02-25", "3119177");
INSERT INTO Researcher (Researcher_ID,Name,Surname,Gender,Birth_Date,Recruitment_Date,Organization_ID) VALUES ("3119037", "Αγαθή", "Δημοβελής", "Female", "1976-04-25", "2020-11-04", "3119170");
INSERT INTO Researcher (Researcher_ID,Name,Surname,Gender,Birth_Date,Recruitment_Date,Organization_ID) VALUES ("3119038", "Μελένια", "Nelson", "Other", "1964-11-16", "2020-11-06", "3119078");
INSERT INTO Researcher (Researcher_ID,Name,Surname,Gender,Birth_Date,Recruitment_Date,Organization_ID) VALUES ("3119039", "Τσαμπίκα", "Myers", "Male", "1965-11-07", "2021-09-06", "3119009");
INSERT INTO Researcher (Researcher_ID,Name,Surname,Gender,Birth_Date,Recruitment_Date,Organization_ID) VALUES ("3119040", "Φρίξος", "Παναγιωτακοπούλου", "Female", "1993-12-15", "2021-11-13", "3119130");
INSERT INTO Researcher (Researcher_ID,Name,Surname,Gender,Birth_Date,Recruitment_Date,Organization_ID) VALUES ("3119041", "Jennifer", "Παρασκευά", "Other", "1963-12-03", "2020-01-20", "3119159");
INSERT INTO Researcher (Researcher_ID,Name,Surname,Gender,Birth_Date,Recruitment_Date,Organization_ID) VALUES ("3119042", "Andrew", "Ζώνιος", "Male", "1972-10-02", "2021-01-19", "3119091");
INSERT INTO Researcher (Researcher_ID,Name,Surname,Gender,Birth_Date,Recruitment_Date,Organization_ID) VALUES ("3119043", "Αύγουστος", "Τσούρα", "Female", "1983-11-11", "2021-03-14", "3119122");
INSERT INTO Researcher (Researcher_ID,Name,Surname,Gender,Birth_Date,Recruitment_Date,Organization_ID) VALUES ("3119044", "Katherine", "Hodges", "Other", "1980-06-14", "2021-09-25", "3119120");
INSERT INTO Researcher (Researcher_ID,Name,Surname,Gender,Birth_Date,Recruitment_Date,Organization_ID) VALUES ("3119045", "Φαίδων", "Bell", "Male", "1965-11-27", "2021-03-16", "3119105");
INSERT INTO Researcher (Researcher_ID,Name,Surname,Gender,Birth_Date,Recruitment_Date,Organization_ID) VALUES ("3119046", "Jacqueline", "Θηβαίος", "Female", "1990-09-27", "2021-07-03", "3119046");
INSERT INTO Researcher (Researcher_ID,Name,Surname,Gender,Birth_Date,Recruitment_Date,Organization_ID) VALUES ("3119047", "Διδώ", "Bautista", "Other", "1974-05-12", "2021-11-17", "3119171");
INSERT INTO Researcher (Researcher_ID,Name,Surname,Gender,Birth_Date,Recruitment_Date,Organization_ID) VALUES ("3119048", "Ιάσων", "Τσαμτσούρη", "Male", "1971-04-14", "2021-07-17", "3119171");
INSERT INTO Researcher (Researcher_ID,Name,Surname,Gender,Birth_Date,Recruitment_Date,Organization_ID) VALUES ("3119049", "Θεανώ", "Moran", "Female", "1987-01-09", "2020-07-29", "3119103");
INSERT INTO Researcher (Researcher_ID,Name,Surname,Gender,Birth_Date,Recruitment_Date,Organization_ID) VALUES ("3119050", "Φλωρίνα", "Βυζιηνού", "Other", "1994-07-21", "2022-03-22", "3119097");
INSERT INTO Researcher (Researcher_ID,Name,Surname,Gender,Birth_Date,Recruitment_Date,Organization_ID) VALUES ("3119051", "Αχιλλέας", "Γιώτης", "Male", "1967-10-23", "2021-01-18", "3119095");
INSERT INTO Researcher (Researcher_ID,Name,Surname,Gender,Birth_Date,Recruitment_Date,Organization_ID) VALUES ("3119052", "Gabriela", "Αραπάκη", "Female", "1965-07-16", "2020-11-08", "3119074");
INSERT INTO Researcher (Researcher_ID,Name,Surname,Gender,Birth_Date,Recruitment_Date,Organization_ID) VALUES ("3119053", "Ζηνόβιος", "Eaton", "Other", "1999-02-19", "2021-07-10", "3119143");
INSERT INTO Researcher (Researcher_ID,Name,Surname,Gender,Birth_Date,Recruitment_Date,Organization_ID) VALUES ("3119054", "Κυβέλη", "Woods", "Male", "1979-05-08", "2020-04-15", "3119066");
INSERT INTO Researcher (Researcher_ID,Name,Surname,Gender,Birth_Date,Recruitment_Date,Organization_ID) VALUES ("3119055", "John", "Richardson", "Female", "1997-09-14", "2021-05-14", "3119121");
INSERT INTO Researcher (Researcher_ID,Name,Surname,Gender,Birth_Date,Recruitment_Date,Organization_ID) VALUES ("3119056", "Samantha", "Cummings", "Other", "2000-06-02", "2021-09-24", "3119136");
INSERT INTO Researcher (Researcher_ID,Name,Surname,Gender,Birth_Date,Recruitment_Date,Organization_ID) VALUES ("3119057", "Κασσάνδρα", "Elliott", "Male", "1998-02-23", "2021-09-11", "3119056");
INSERT INTO Researcher (Researcher_ID,Name,Surname,Gender,Birth_Date,Recruitment_Date,Organization_ID) VALUES ("3119058", "Stacy", "Blackwell", "Female", "1999-12-12", "2020-11-19", "3119135");
INSERT INTO Researcher (Researcher_ID,Name,Surname,Gender,Birth_Date,Recruitment_Date,Organization_ID) VALUES ("3119059", "Ανθή", "Ζαχαριουδάκη", "Other", "1963-09-14", "2020-07-25", "3119050");
INSERT INTO Researcher (Researcher_ID,Name,Surname,Gender,Birth_Date,Recruitment_Date,Organization_ID) VALUES ("3119060", "Megan", "Wu", "Male", "1969-04-11", "2020-10-05", "3119182");
INSERT INTO Researcher (Researcher_ID,Name,Surname,Gender,Birth_Date,Recruitment_Date,Organization_ID) VALUES ("3119061", "Πολύμνια", "Ανδριόπουλος", "Female", "2001-06-11", "2020-12-16", "3119100");
INSERT INTO Researcher (Researcher_ID,Name,Surname,Gender,Birth_Date,Recruitment_Date,Organization_ID) VALUES ("3119062", "Ευδοκία", "Carpenter", "Other", "1983-09-05", "2022-01-12", "3119005");
INSERT INTO Researcher (Researcher_ID,Name,Surname,Gender,Birth_Date,Recruitment_Date,Organization_ID) VALUES ("3119063", "Αναστασία", "Briggs", "Male", "1998-10-05", "2020-11-16", "3119186");
INSERT INTO Researcher (Researcher_ID,Name,Surname,Gender,Birth_Date,Recruitment_Date,Organization_ID) VALUES ("3119064", "Pamela", "Harris", "Female", "1970-11-04", "2021-07-17", "3119154");
INSERT INTO Researcher (Researcher_ID,Name,Surname,Gender,Birth_Date,Recruitment_Date,Organization_ID) VALUES ("3119065", "Αντωνία", "Κουτσούρας", "Other", "1993-09-16", "2020-05-17", "3119098");
INSERT INTO Researcher (Researcher_ID,Name,Surname,Gender,Birth_Date,Recruitment_Date,Organization_ID) VALUES ("3119066", "Cheryl", "Mays", "Male", "1981-10-26", "2021-10-31", "3119045");
INSERT INTO Researcher (Researcher_ID,Name,Surname,Gender,Birth_Date,Recruitment_Date,Organization_ID) VALUES ("3119067", "Ελένη", "Hammond", "Female", "1996-06-08", "2021-09-29", "3119140");
INSERT INTO Researcher (Researcher_ID,Name,Surname,Gender,Birth_Date,Recruitment_Date,Organization_ID) VALUES ("3119068", "Ζαφειρία", "Μπαλάση", "Other", "1998-05-16", "2020-11-13", "3119112");
INSERT INTO Researcher (Researcher_ID,Name,Surname,Gender,Birth_Date,Recruitment_Date,Organization_ID) VALUES ("3119069", "Anna", "Ανδρουλάκης", "Male", "1997-01-13", "2021-06-04", "3119037");
INSERT INTO Researcher (Researcher_ID,Name,Surname,Gender,Birth_Date,Recruitment_Date,Organization_ID) VALUES ("3119070", "Θουκυδίδης", "Βλάχου", "Female", "1970-07-27", "2020-11-28", "3119140");
INSERT INTO Researcher (Researcher_ID,Name,Surname,Gender,Birth_Date,Recruitment_Date,Organization_ID) VALUES ("3119071", "Καλή", "Τάχας", "Other", "1987-09-04", "2021-10-25", "3119018");
INSERT INTO Researcher (Researcher_ID,Name,Surname,Gender,Birth_Date,Recruitment_Date,Organization_ID) VALUES ("3119072", "John", "Δρακάκη", "Male", "1979-08-12", "2020-03-05", "3119106");
INSERT INTO Researcher (Researcher_ID,Name,Surname,Gender,Birth_Date,Recruitment_Date,Organization_ID) VALUES ("3119073", "Cody", "Li", "Female", "1981-06-26", "2020-06-15", "3119191");
INSERT INTO Researcher (Researcher_ID,Name,Surname,Gender,Birth_Date,Recruitment_Date,Organization_ID) VALUES ("3119074", "Michael", "Δαΐκου", "Other", "1996-10-07", "2020-08-01", "3119198");
INSERT INTO Researcher (Researcher_ID,Name,Surname,Gender,Birth_Date,Recruitment_Date,Organization_ID) VALUES ("3119075", "Ξανθός", "Ταμιωλάκης", "Male", "1971-03-06", "2021-04-13", "3119176");
INSERT INTO Researcher (Researcher_ID,Name,Surname,Gender,Birth_Date,Recruitment_Date,Organization_ID) VALUES ("3119076", "Παρασκευή", "Edwards", "Female", "1975-02-09", "2021-07-24", "3119006");
INSERT INTO Researcher (Researcher_ID,Name,Surname,Gender,Birth_Date,Recruitment_Date,Organization_ID) VALUES ("3119077", "Σπήλιος", "Λεμονής", "Other", "1999-12-24", "2021-11-27", "3119196");
INSERT INTO Researcher (Researcher_ID,Name,Surname,Gender,Birth_Date,Recruitment_Date,Organization_ID) VALUES ("3119078", "Michael", "Stephens", "Male", "1994-05-19", "2022-03-10", "3119121");
INSERT INTO Researcher (Researcher_ID,Name,Surname,Gender,Birth_Date,Recruitment_Date,Organization_ID) VALUES ("3119079", "Μιλτιάδης", "Καραμπίνα", "Female", "2001-04-24", "2021-03-08", "3119183");
INSERT INTO Researcher (Researcher_ID,Name,Surname,Gender,Birth_Date,Recruitment_Date,Organization_ID) VALUES ("3119080", "Brenda", "Thompson", "Other", "1985-10-24", "2021-12-04", "3119027");
INSERT INTO Researcher (Researcher_ID,Name,Surname,Gender,Birth_Date,Recruitment_Date,Organization_ID) VALUES ("3119081", "Lisa", "Ιατρόπουλος", "Male", "1974-03-22", "2021-03-05", "3119046");
INSERT INTO Researcher (Researcher_ID,Name,Surname,Gender,Birth_Date,Recruitment_Date,Organization_ID) VALUES ("3119082", "Στέλλα", "Σκορδάκης", "Female", "1996-10-01", "2022-05-18", "3119123");
INSERT INTO Researcher (Researcher_ID,Name,Surname,Gender,Birth_Date,Recruitment_Date,Organization_ID) VALUES ("3119083", "Μερόπη", "Ντζιαβίδα", "Other", "1973-04-11", "2021-05-31", "3119098");
INSERT INTO Researcher (Researcher_ID,Name,Surname,Gender,Birth_Date,Recruitment_Date,Organization_ID) VALUES ("3119084", "Μαγδαληνός", "Αδαμοπούλου", "Male", "1988-02-19", "2020-03-28", "3119065");
INSERT INTO Researcher (Researcher_ID,Name,Surname,Gender,Birth_Date,Recruitment_Date,Organization_ID) VALUES ("3119085", "Timothy", "Lewis", "Female", "1961-07-01", "2021-04-22", "3119142");
INSERT INTO Researcher (Researcher_ID,Name,Surname,Gender,Birth_Date,Recruitment_Date,Organization_ID) VALUES ("3119086", "Ελένη", "Ray", "Other", "1968-09-01", "2020-11-22", "3119161");
INSERT INTO Researcher (Researcher_ID,Name,Surname,Gender,Birth_Date,Recruitment_Date,Organization_ID) VALUES ("3119087", "Βαγιανή", "Kent", "Male", "1999-08-18", "2021-09-01", "3119089");
INSERT INTO Researcher (Researcher_ID,Name,Surname,Gender,Birth_Date,Recruitment_Date,Organization_ID) VALUES ("3119088", "Βαρσάμος", "Μιχαηλίδης", "Female", "1981-08-02", "2020-05-04", "3119039");
INSERT INTO Researcher (Researcher_ID,Name,Surname,Gender,Birth_Date,Recruitment_Date,Organization_ID) VALUES ("3119089", "Αμαλία", "Lopez", "Other", "2001-10-04", "2021-07-20", "3119086");
INSERT INTO Researcher (Researcher_ID,Name,Surname,Gender,Birth_Date,Recruitment_Date,Organization_ID) VALUES ("3119090", "Mary", "Μαραγκός", "Male", "1981-12-09", "2020-12-15", "3119101");
INSERT INTO Researcher (Researcher_ID,Name,Surname,Gender,Birth_Date,Recruitment_Date,Organization_ID) VALUES ("3119091", "Patricia", "Lopez", "Female", "1994-01-03", "2022-04-22", "3119029");
INSERT INTO Researcher (Researcher_ID,Name,Surname,Gender,Birth_Date,Recruitment_Date,Organization_ID) VALUES ("3119092", "Γρηγόριος", "Ζαβιτσάνου", "Other", "1990-10-05", "2021-10-19", "3119024");
INSERT INTO Researcher (Researcher_ID,Name,Surname,Gender,Birth_Date,Recruitment_Date,Organization_ID) VALUES ("3119093", "Amy", "Μαστραγγελή", "Male", "1977-06-19", "2021-08-21", "3119156");
INSERT INTO Researcher (Researcher_ID,Name,Surname,Gender,Birth_Date,Recruitment_Date,Organization_ID) VALUES ("3119094", "Julia", "Σμπονιάς", "Female", "1991-01-08", "2020-11-13", "3119109");
INSERT INTO Researcher (Researcher_ID,Name,Surname,Gender,Birth_Date,Recruitment_Date,Organization_ID) VALUES ("3119095", "Jesse", "Lee", "Other", "1985-02-22", "2021-06-26", "3119113");
INSERT INTO Researcher (Researcher_ID,Name,Surname,Gender,Birth_Date,Recruitment_Date,Organization_ID) VALUES ("3119096", "Λαοκράτης", "Βλάχος", "Male", "1978-01-28", "2022-01-14", "3119187");
INSERT INTO Researcher (Researcher_ID,Name,Surname,Gender,Birth_Date,Recruitment_Date,Organization_ID) VALUES ("3119097", "Ρέα", "Cox", "Female", "1970-12-17", "2020-01-05", "3119060");
INSERT INTO Researcher (Researcher_ID,Name,Surname,Gender,Birth_Date,Recruitment_Date,Organization_ID) VALUES ("3119098", "Elizabeth", "Ανδριόπουλος", "Other", "1966-09-19", "2020-06-05", "3119162");
INSERT INTO Researcher (Researcher_ID,Name,Surname,Gender,Birth_Date,Recruitment_Date,Organization_ID) VALUES ("3119099", "Daniel", "Κουτεντάκης", "Male", "1979-01-16", "2022-01-02", "3119130");
INSERT INTO Researcher (Researcher_ID,Name,Surname,Gender,Birth_Date,Recruitment_Date,Organization_ID) VALUES ("3119100", "Μαλαμάτη", "Τριαντακωνσταντής", "Female", "1986-09-17", "2020-05-04", "3119125");
INSERT INTO Researcher (Researcher_ID,Name,Surname,Gender,Birth_Date,Recruitment_Date,Organization_ID) VALUES ("3119101", "Ανάργυρη", "Κορωνίδου", "Other", "1976-11-10", "2020-01-13", "3119024");
INSERT INTO Researcher (Researcher_ID,Name,Surname,Gender,Birth_Date,Recruitment_Date,Organization_ID) VALUES ("3119102", "Brenda", "Χωριανοπούλου", "Male", "1978-07-12", "2020-06-02", "3119106");
INSERT INTO Researcher (Researcher_ID,Name,Surname,Gender,Birth_Date,Recruitment_Date,Organization_ID) VALUES ("3119103", "Κρυστάλλης", "Ζιώγος", "Female", "1991-07-20", "2022-01-20", "3119150");
INSERT INTO Researcher (Researcher_ID,Name,Surname,Gender,Birth_Date,Recruitment_Date,Organization_ID) VALUES ("3119104", "Mary", "Martin", "Other", "1968-11-15", "2021-09-18", "3119079");
INSERT INTO Researcher (Researcher_ID,Name,Surname,Gender,Birth_Date,Recruitment_Date,Organization_ID) VALUES ("3119105", "Jessica", "Γραμμένου", "Male", "1981-12-01", "2021-08-16", "3119153");
INSERT INTO Researcher (Researcher_ID,Name,Surname,Gender,Birth_Date,Recruitment_Date,Organization_ID) VALUES ("3119106", "Dustin", "Carey", "Female", "1982-02-16", "2020-04-04", "3119019");
INSERT INTO Researcher (Researcher_ID,Name,Surname,Gender,Birth_Date,Recruitment_Date,Organization_ID) VALUES ("3119107", "Thomas", "Τσέλλος", "Other", "2000-02-17", "2022-05-02", "3119039");
INSERT INTO Researcher (Researcher_ID,Name,Surname,Gender,Birth_Date,Recruitment_Date,Organization_ID) VALUES ("3119108", "Κατερίνα", "Schneider", "Male", "1980-07-20", "2020-08-11", "3119085");
INSERT INTO Researcher (Researcher_ID,Name,Surname,Gender,Birth_Date,Recruitment_Date,Organization_ID) VALUES ("3119109", "Εμμανουέλα", "Taylor", "Female", "1973-03-04", "2022-05-18", "3119184");
INSERT INTO Researcher (Researcher_ID,Name,Surname,Gender,Birth_Date,Recruitment_Date,Organization_ID) VALUES ("3119110", "Johnathan", "Bell", "Other", "1983-10-03", "2021-12-02", "3119117");
INSERT INTO Researcher (Researcher_ID,Name,Surname,Gender,Birth_Date,Recruitment_Date,Organization_ID) VALUES ("3119111", "Sara", "Vaughan", "Male", "1968-02-12", "2020-10-03", "3119175");
INSERT INTO Researcher (Researcher_ID,Name,Surname,Gender,Birth_Date,Recruitment_Date,Organization_ID) VALUES ("3119112", "Χάρη", "Διαμαντής", "Female", "1963-06-05", "2020-02-25", "3119024");
INSERT INTO Researcher (Researcher_ID,Name,Surname,Gender,Birth_Date,Recruitment_Date,Organization_ID) VALUES ("3119113", "Σπάρτη", "Σιμιτζή", "Other", "1981-11-28", "2022-05-27", "3119015");
INSERT INTO Researcher (Researcher_ID,Name,Surname,Gender,Birth_Date,Recruitment_Date,Organization_ID) VALUES ("3119114", "Ιωνάς", "Mueller", "Male", "1977-12-11", "2021-06-08", "3119016");
INSERT INTO Researcher (Researcher_ID,Name,Surname,Gender,Birth_Date,Recruitment_Date,Organization_ID) VALUES ("3119115", "Δωροθέα", "Smith", "Female", "1967-08-17", "2021-01-03", "3119152");
INSERT INTO Researcher (Researcher_ID,Name,Surname,Gender,Birth_Date,Recruitment_Date,Organization_ID) VALUES ("3119116", "Brandon", "Καρκανάκη", "Other", "1988-09-22", "2022-03-19", "3119117");
INSERT INTO Researcher (Researcher_ID,Name,Surname,Gender,Birth_Date,Recruitment_Date,Organization_ID) VALUES ("3119117", "Evan", "Κωστόπουλος", "Male", "1962-11-30", "2022-02-25", "3119119");
INSERT INTO Researcher (Researcher_ID,Name,Surname,Gender,Birth_Date,Recruitment_Date,Organization_ID) VALUES ("3119118", "Kelly", "Duffy", "Female", "1985-12-31", "2021-02-23", "3119107");
INSERT INTO Researcher (Researcher_ID,Name,Surname,Gender,Birth_Date,Recruitment_Date,Organization_ID) VALUES ("3119119", "Φιλιώ", "Αγγελάκη", "Other", "1967-07-05", "2021-02-04", "3119021");
INSERT INTO Researcher (Researcher_ID,Name,Surname,Gender,Birth_Date,Recruitment_Date,Organization_ID) VALUES ("3119120", "Δομήνικος", "Μπακοστεργίου", "Male", "1978-04-11", "2022-04-10", "3119005");
INSERT INTO Researcher (Researcher_ID,Name,Surname,Gender,Birth_Date,Recruitment_Date,Organization_ID) VALUES ("3119121", "Erica", "Conway", "Female", "1968-08-18", "2020-03-18", "3119173");
INSERT INTO Researcher (Researcher_ID,Name,Surname,Gender,Birth_Date,Recruitment_Date,Organization_ID) VALUES ("3119122", "Elizabeth", "Βακαλής", "Other", "1972-12-12", "2021-04-04", "3119114");
INSERT INTO Researcher (Researcher_ID,Name,Surname,Gender,Birth_Date,Recruitment_Date,Organization_ID) VALUES ("3119123", "Nicole", "Wagner", "Male", "1966-05-14", "2020-07-26", "3119159");
INSERT INTO Researcher (Researcher_ID,Name,Surname,Gender,Birth_Date,Recruitment_Date,Organization_ID) VALUES ("3119124", "Καλυψώ", "Peterson", "Female", "1993-05-15", "2020-12-14", "3119015");
INSERT INTO Researcher (Researcher_ID,Name,Surname,Gender,Birth_Date,Recruitment_Date,Organization_ID) VALUES ("3119125", "Θεοφάνης", "Ματσούκας", "Other", "1962-10-15", "2020-07-05", "3119127");
INSERT INTO Researcher (Researcher_ID,Name,Surname,Gender,Birth_Date,Recruitment_Date,Organization_ID) VALUES ("3119126", "John", "Χρυσίδης", "Male", "1999-10-04", "2020-02-02", "3119160");
INSERT INTO Researcher (Researcher_ID,Name,Surname,Gender,Birth_Date,Recruitment_Date,Organization_ID) VALUES ("3119127", "Διαλεκτή", "Barnes", "Female", "1980-12-02", "2020-06-25", "3119186");
INSERT INTO Researcher (Researcher_ID,Name,Surname,Gender,Birth_Date,Recruitment_Date,Organization_ID) VALUES ("3119128", "Bryce", "Δακαναλής", "Other", "1962-05-27", "2022-02-02", "3119015");
INSERT INTO Researcher (Researcher_ID,Name,Surname,Gender,Birth_Date,Recruitment_Date,Organization_ID) VALUES ("3119129", "Michelle", "Θεοχάρης", "Male", "1992-03-05", "2021-01-27", "3119073");
INSERT INTO Researcher (Researcher_ID,Name,Surname,Gender,Birth_Date,Recruitment_Date,Organization_ID) VALUES ("3119130", "Donald", "Γιασημάκης", "Female", "1998-04-18", "2021-02-15", "3119049");
INSERT INTO Researcher (Researcher_ID,Name,Surname,Gender,Birth_Date,Recruitment_Date,Organization_ID) VALUES ("3119131", "Joseph", "Miles", "Other", "1970-06-23", "2021-06-05", "3119001");
INSERT INTO Researcher (Researcher_ID,Name,Surname,Gender,Birth_Date,Recruitment_Date,Organization_ID) VALUES ("3119132", "Βαρδής", "Μαργαρώνης", "Male", "1984-10-29", "2021-10-17", "3119141");
INSERT INTO Researcher (Researcher_ID,Name,Surname,Gender,Birth_Date,Recruitment_Date,Organization_ID) VALUES ("3119133", "William", "Λογοθέτη", "Female", "1968-04-30", "2020-11-15", "3119076");
INSERT INTO Researcher (Researcher_ID,Name,Surname,Gender,Birth_Date,Recruitment_Date,Organization_ID) VALUES ("3119134", "Gregory", "Ζούνης", "Other", "1988-07-15", "2022-01-05", "3119148");
INSERT INTO Researcher (Researcher_ID,Name,Surname,Gender,Birth_Date,Recruitment_Date,Organization_ID) VALUES ("3119135", "Λυδία", "Κουτσογιάννης", "Male", "1994-11-24", "2022-04-28", "3119055");
INSERT INTO Researcher (Researcher_ID,Name,Surname,Gender,Birth_Date,Recruitment_Date,Organization_ID) VALUES ("3119136", "Μαύρα", "Fischer", "Female", "1970-05-24", "2021-12-21", "3119016");
INSERT INTO Researcher (Researcher_ID,Name,Surname,Gender,Birth_Date,Recruitment_Date,Organization_ID) VALUES ("3119137", "Ειρήνη", "Λεμονής", "Other", "1994-01-04", "2020-02-13", "3119167");
INSERT INTO Researcher (Researcher_ID,Name,Surname,Gender,Birth_Date,Recruitment_Date,Organization_ID) VALUES ("3119138", "Κλεόβουλος", "Melton", "Male", "1978-10-17", "2021-01-26", "3119156");
INSERT INTO Researcher (Researcher_ID,Name,Surname,Gender,Birth_Date,Recruitment_Date,Organization_ID) VALUES ("3119139", "Ιουλία", "Tucker", "Female", "1970-08-09", "2020-01-20", "3119000");
INSERT INTO Researcher (Researcher_ID,Name,Surname,Gender,Birth_Date,Recruitment_Date,Organization_ID) VALUES ("3119140", "James", "Μιχελακάκη", "Other", "1981-05-07", "2021-09-05", "3119155");
INSERT INTO Researcher (Researcher_ID,Name,Surname,Gender,Birth_Date,Recruitment_Date,Organization_ID) VALUES ("3119141", "Ευκλείδης", "Sanders", "Male", "1981-04-11", "2021-08-30", "3119151");
INSERT INTO Researcher (Researcher_ID,Name,Surname,Gender,Birth_Date,Recruitment_Date,Organization_ID) VALUES ("3119142", "Ζησούλα", "Ρόδης", "Female", "1965-02-22", "2022-03-09", "3119026");
INSERT INTO Researcher (Researcher_ID,Name,Surname,Gender,Birth_Date,Recruitment_Date,Organization_ID) VALUES ("3119143", "Σουμέλα", "Βουλτσίδου", "Other", "1972-09-28", "2021-05-10", "3119068");
INSERT INTO Researcher (Researcher_ID,Name,Surname,Gender,Birth_Date,Recruitment_Date,Organization_ID) VALUES ("3119144", "Ρωξάνη", "Μοσχόπουλος", "Male", "1984-05-04", "2021-10-16", "3119008");
INSERT INTO Researcher (Researcher_ID,Name,Surname,Gender,Birth_Date,Recruitment_Date,Organization_ID) VALUES ("3119145", "Angela", "Βερβερίδου", "Female", "1971-10-30", "2022-03-21", "3119031");
INSERT INTO Researcher (Researcher_ID,Name,Surname,Gender,Birth_Date,Recruitment_Date,Organization_ID) VALUES ("3119146", "Elizabeth", "Newman", "Other", "1999-04-04", "2021-05-16", "3119188");
INSERT INTO Researcher (Researcher_ID,Name,Surname,Gender,Birth_Date,Recruitment_Date,Organization_ID) VALUES ("3119147", "Matthew", "Αντωνάκη", "Male", "1972-12-25", "2022-02-11", "3119091");
INSERT INTO Researcher (Researcher_ID,Name,Surname,Gender,Birth_Date,Recruitment_Date,Organization_ID) VALUES ("3119148", "Αγγελική", "Νικουλής", "Female", "1979-06-15", "2020-02-22", "3119176");
INSERT INTO Researcher (Researcher_ID,Name,Surname,Gender,Birth_Date,Recruitment_Date,Organization_ID) VALUES ("3119149", "Ευγένιος", "Τσαπραλής", "Other", "1997-09-25", "2022-04-17", "3119197");
INSERT INTO Researcher (Researcher_ID,Name,Surname,Gender,Birth_Date,Recruitment_Date,Organization_ID) VALUES ("3119150", "Samuel", "Carter", "Male", "1979-07-01", "2021-12-06", "3119020");
INSERT INTO Researcher (Researcher_ID,Name,Surname,Gender,Birth_Date,Recruitment_Date,Organization_ID) VALUES ("3119151", "Μαργαρίτα", "Taylor", "Female", "1990-05-04", "2021-08-12", "3119143");
INSERT INTO Researcher (Researcher_ID,Name,Surname,Gender,Birth_Date,Recruitment_Date,Organization_ID) VALUES ("3119152", "Τιμολέων", "Παπαδοπούλου", "Other", "1990-06-05", "2021-06-10", "3119193");
INSERT INTO Researcher (Researcher_ID,Name,Surname,Gender,Birth_Date,Recruitment_Date,Organization_ID) VALUES ("3119153", "Jesus", "Γεωργούλας", "Male", "1965-04-18", "2020-05-15", "3119004");
INSERT INTO Researcher (Researcher_ID,Name,Surname,Gender,Birth_Date,Recruitment_Date,Organization_ID) VALUES ("3119154", "Melody", "Long", "Female", "1996-09-26", "2020-10-08", "3119032");
INSERT INTO Researcher (Researcher_ID,Name,Surname,Gender,Birth_Date,Recruitment_Date,Organization_ID) VALUES ("3119155", "Lee", "Σκαρλάτος", "Other", "1979-12-18", "2020-07-22", "3119038");
INSERT INTO Researcher (Researcher_ID,Name,Surname,Gender,Birth_Date,Recruitment_Date,Organization_ID) VALUES ("3119156", "Margaret", "Χαραλαμπίδης", "Male", "2000-09-12", "2020-05-28", "3119009");
INSERT INTO Researcher (Researcher_ID,Name,Surname,Gender,Birth_Date,Recruitment_Date,Organization_ID) VALUES ("3119157", "Βέρα", "Lee", "Female", "1988-03-05", "2021-11-13", "3119156");
INSERT INTO Researcher (Researcher_ID,Name,Surname,Gender,Birth_Date,Recruitment_Date,Organization_ID) VALUES ("3119158", "Μιράντα", "Ραχμανίδης", "Other", "1997-10-31", "2021-03-04", "3119181");
INSERT INTO Researcher (Researcher_ID,Name,Surname,Gender,Birth_Date,Recruitment_Date,Organization_ID) VALUES ("3119159", "Θεολόγος", "Σεμπέπου", "Male", "1968-07-12", "2021-10-11", "3119021");
INSERT INTO Researcher (Researcher_ID,Name,Surname,Gender,Birth_Date,Recruitment_Date,Organization_ID) VALUES ("3119160", "Ιορδανία", "Rivera", "Female", "1976-05-22", "2020-07-22", "3119054");
INSERT INTO Researcher (Researcher_ID,Name,Surname,Gender,Birth_Date,Recruitment_Date,Organization_ID) VALUES ("3119161", "Jerry", "Johnson", "Other", "1991-09-02", "2020-04-21", "3119005");
INSERT INTO Researcher (Researcher_ID,Name,Surname,Gender,Birth_Date,Recruitment_Date,Organization_ID) VALUES ("3119162", "Michael", "Moore", "Male", "1981-06-29", "2020-09-03", "3119088");
INSERT INTO Researcher (Researcher_ID,Name,Surname,Gender,Birth_Date,Recruitment_Date,Organization_ID) VALUES ("3119163", "Jose", "Χρυσανθακοπούλου", "Female", "1992-08-15", "2020-07-29", "3119173");
INSERT INTO Researcher (Researcher_ID,Name,Surname,Gender,Birth_Date,Recruitment_Date,Organization_ID) VALUES ("3119164", "Μαρίνος", "Κατσαβός", "Other", "1973-08-24", "2020-12-27", "3119016");
INSERT INTO Researcher (Researcher_ID,Name,Surname,Gender,Birth_Date,Recruitment_Date,Organization_ID) VALUES ("3119165", "Θηρεσία", "Doyle", "Male", "1990-02-07", "2020-05-28", "3119187");
INSERT INTO Researcher (Researcher_ID,Name,Surname,Gender,Birth_Date,Recruitment_Date,Organization_ID) VALUES ("3119166", "Ανανίας", "Daniels", "Female", "1978-04-05", "2021-11-01", "3119019");
INSERT INTO Researcher (Researcher_ID,Name,Surname,Gender,Birth_Date,Recruitment_Date,Organization_ID) VALUES ("3119167", "John", "Petersen", "Other", "1994-01-05", "2022-02-27", "3119048");
INSERT INTO Researcher (Researcher_ID,Name,Surname,Gender,Birth_Date,Recruitment_Date,Organization_ID) VALUES ("3119168", "Νικολίτσα", "Wilson", "Male", "1993-03-21", "2021-05-27", "3119145");
INSERT INTO Researcher (Researcher_ID,Name,Surname,Gender,Birth_Date,Recruitment_Date,Organization_ID) VALUES ("3119169", "Isabella", "Stevens", "Female", "1996-05-02", "2020-06-27", "3119191");
INSERT INTO Researcher (Researcher_ID,Name,Surname,Gender,Birth_Date,Recruitment_Date,Organization_ID) VALUES ("3119170", "Gregory", "Γρηγορίου", "Other", "1972-02-02", "2021-11-17", "3119022");
INSERT INTO Researcher (Researcher_ID,Name,Surname,Gender,Birth_Date,Recruitment_Date,Organization_ID) VALUES ("3119171", "Gina", "Γκόβα", "Male", "1981-01-26", "2021-06-11", "3119016");
INSERT INTO Researcher (Researcher_ID,Name,Surname,Gender,Birth_Date,Recruitment_Date,Organization_ID) VALUES ("3119172", "Μελπομένη", "Griffin", "Female", "1973-04-11", "2020-11-16", "3119096");
INSERT INTO Researcher (Researcher_ID,Name,Surname,Gender,Birth_Date,Recruitment_Date,Organization_ID) VALUES ("3119173", "Καλυψώ", "Πετροσιάν", "Other", "1976-12-29", "2021-08-20", "3119080");
INSERT INTO Researcher (Researcher_ID,Name,Surname,Gender,Birth_Date,Recruitment_Date,Organization_ID) VALUES ("3119174", "Αναγνώστης", "Harrison", "Male", "1996-07-12", "2020-10-22", "3119102");
INSERT INTO Researcher (Researcher_ID,Name,Surname,Gender,Birth_Date,Recruitment_Date,Organization_ID) VALUES ("3119175", "Τιμολέων", "Σπορδιλής", "Female", "2001-01-19", "2022-03-21", "3119108");
INSERT INTO Researcher (Researcher_ID,Name,Surname,Gender,Birth_Date,Recruitment_Date,Organization_ID) VALUES ("3119176", "Alan", "Jacobs", "Other", "1963-04-24", "2020-09-16", "3119125");
INSERT INTO Researcher (Researcher_ID,Name,Surname,Gender,Birth_Date,Recruitment_Date,Organization_ID) VALUES ("3119177", "Elizabeth", "Καραμανλή", "Male", "1990-08-09", "2020-04-07", "3119192");
INSERT INTO Researcher (Researcher_ID,Name,Surname,Gender,Birth_Date,Recruitment_Date,Organization_ID) VALUES ("3119178", "Aaron", "Ryan", "Female", "1993-06-30", "2021-07-16", "3119084");
INSERT INTO Researcher (Researcher_ID,Name,Surname,Gender,Birth_Date,Recruitment_Date,Organization_ID) VALUES ("3119179", "Φεβρωνία", "Nguyen", "Other", "1990-04-30", "2021-11-11", "3119156");
INSERT INTO Researcher (Researcher_ID,Name,Surname,Gender,Birth_Date,Recruitment_Date,Organization_ID) VALUES ("3119180", "Suzanne", "Wheeler", "Male", "1993-02-10", "2020-05-13", "3119018");
INSERT INTO Researcher (Researcher_ID,Name,Surname,Gender,Birth_Date,Recruitment_Date,Organization_ID) VALUES ("3119181", "Ευθύμιος", "Αναστασίου", "Female", "1996-02-25", "2020-07-30", "3119055");
INSERT INTO Researcher (Researcher_ID,Name,Surname,Gender,Birth_Date,Recruitment_Date,Organization_ID) VALUES ("3119182", "Μεγακλής", "Κωστόπουλος", "Other", "2000-09-18", "2022-04-21", "3119100");
INSERT INTO Researcher (Researcher_ID,Name,Surname,Gender,Birth_Date,Recruitment_Date,Organization_ID) VALUES ("3119183", "Sara", "Ζιώγος", "Male", "1964-06-14", "2021-02-02", "3119024");
INSERT INTO Researcher (Researcher_ID,Name,Surname,Gender,Birth_Date,Recruitment_Date,Organization_ID) VALUES ("3119184", "Αθηναγόρας", "Αθανασόπουλος", "Female", "1962-06-04", "2020-02-02", "3119061");
INSERT INTO Researcher (Researcher_ID,Name,Surname,Gender,Birth_Date,Recruitment_Date,Organization_ID) VALUES ("3119185", "Taylor", "Λώλος", "Other", "1966-03-01", "2020-06-01", "3119056");
INSERT INTO Researcher (Researcher_ID,Name,Surname,Gender,Birth_Date,Recruitment_Date,Organization_ID) VALUES ("3119186", "Δίκαιος", "Μεξή", "Male", "1997-09-10", "2020-12-24", "3119053");
INSERT INTO Researcher (Researcher_ID,Name,Surname,Gender,Birth_Date,Recruitment_Date,Organization_ID) VALUES ("3119187", "Βλασία", "Δημησκής", "Female", "1972-11-02", "2020-09-26", "3119105");
INSERT INTO Researcher (Researcher_ID,Name,Surname,Gender,Birth_Date,Recruitment_Date,Organization_ID) VALUES ("3119188", "Ευγένιος", "George", "Other", "1976-04-12", "2021-12-10", "3119087");
INSERT INTO Researcher (Researcher_ID,Name,Surname,Gender,Birth_Date,Recruitment_Date,Organization_ID) VALUES ("3119189", "Μιχάλης", "Wolfe", "Male", "1997-12-29", "2021-09-02", "3119167");
INSERT INTO Researcher (Researcher_ID,Name,Surname,Gender,Birth_Date,Recruitment_Date,Organization_ID) VALUES ("3119190", "Ζαμπία", "Σολακούδης", "Female", "1995-12-29", "2022-02-11", "3119072");
INSERT INTO Researcher (Researcher_ID,Name,Surname,Gender,Birth_Date,Recruitment_Date,Organization_ID) VALUES ("3119191", "Curtis", "Long", "Other", "1962-02-09", "2020-12-30", "3119164");
INSERT INTO Researcher (Researcher_ID,Name,Surname,Gender,Birth_Date,Recruitment_Date,Organization_ID) VALUES ("3119192", "Ιάσονας", "Ιντζές", "Male", "1965-03-22", "2022-01-14", "3119183");
INSERT INTO Researcher (Researcher_ID,Name,Surname,Gender,Birth_Date,Recruitment_Date,Organization_ID) VALUES ("3119193", "Lisa", "Gray", "Female", "1977-05-01", "2021-09-03", "3119023");
INSERT INTO Researcher (Researcher_ID,Name,Surname,Gender,Birth_Date,Recruitment_Date,Organization_ID) VALUES ("3119194", "Θεόκλεια", "Δουλάμης", "Other", "1981-11-27", "2020-08-02", "3119197");
INSERT INTO Researcher (Researcher_ID,Name,Surname,Gender,Birth_Date,Recruitment_Date,Organization_ID) VALUES ("3119195", "Michael", "Μάνδαλος", "Male", "1995-11-28", "2020-04-02", "3119120");
INSERT INTO Researcher (Researcher_ID,Name,Surname,Gender,Birth_Date,Recruitment_Date,Organization_ID) VALUES ("3119196", "Ανδρονίκη", "Cummings", "Female", "1983-03-04", "2021-12-10", "3119071");
INSERT INTO Researcher (Researcher_ID,Name,Surname,Gender,Birth_Date,Recruitment_Date,Organization_ID) VALUES ("3119197", "Cathy", "Moore", "Other", "1969-12-12", "2020-07-30", "3119094");
INSERT INTO Researcher (Researcher_ID,Name,Surname,Gender,Birth_Date,Recruitment_Date,Organization_ID) VALUES ("3119198", "Shane", "Γεροδήμος", "Male", "1967-05-16", "2021-03-17", "3119047");
INSERT INTO Researcher (Researcher_ID,Name,Surname,Gender,Birth_Date,Recruitment_Date,Organization_ID) VALUES ("3119199", "Ζαμπέτα", "Ρήγας", "Female", "1974-09-29", "2020-01-31", "3119164");
INSERT INTO Researcher (Researcher_ID,Name,Surname,Gender,Birth_Date,Recruitment_Date,Organization_ID) VALUES ("3119200", "Ιγνατία", "Νίκα", "Other", "1989-01-06", "2021-02-19", "3119181");
INSERT INTO Researcher (Researcher_ID,Name,Surname,Gender,Birth_Date,Recruitment_Date,Organization_ID) VALUES ("3119201", "Βρασίδας", "Hicks", "Male", "1972-08-28", "2020-04-02", "3119028");
INSERT INTO Researcher (Researcher_ID,Name,Surname,Gender,Birth_Date,Recruitment_Date,Organization_ID) VALUES ("3119202", "Jason", "Howe", "Female", "2001-07-18", "2022-04-14", "3119151");
INSERT INTO Researcher (Researcher_ID,Name,Surname,Gender,Birth_Date,Recruitment_Date,Organization_ID) VALUES ("3119203", "Alicia", "Μάρα", "Other", "1975-04-12", "2021-04-26", "3119176");
INSERT INTO Researcher (Researcher_ID,Name,Surname,Gender,Birth_Date,Recruitment_Date,Organization_ID) VALUES ("3119204", "William", "Conley", "Male", "1964-03-12", "2020-05-01", "3119086");
INSERT INTO Researcher (Researcher_ID,Name,Surname,Gender,Birth_Date,Recruitment_Date,Organization_ID) VALUES ("3119205", "Μιχάλης", "Αργυράκη", "Female", "1974-02-17", "2021-06-15", "3119132");
INSERT INTO Researcher (Researcher_ID,Name,Surname,Gender,Birth_Date,Recruitment_Date,Organization_ID) VALUES ("3119206", "Μαυρίκιος", "Michael", "Other", "1988-02-08", "2021-09-30", "3119083");
INSERT INTO Researcher (Researcher_ID,Name,Surname,Gender,Birth_Date,Recruitment_Date,Organization_ID) VALUES ("3119207", "Βαλάντω", "Williams", "Male", "1981-04-10", "2021-11-18", "3119143");
INSERT INTO Researcher (Researcher_ID,Name,Surname,Gender,Birth_Date,Recruitment_Date,Organization_ID) VALUES ("3119208", "Ηρακλής", "Κουτσουρέλης", "Female", "1964-07-29", "2020-06-22", "3119079");
INSERT INTO Researcher (Researcher_ID,Name,Surname,Gender,Birth_Date,Recruitment_Date,Organization_ID) VALUES ("3119209", "Ανδρομάχη", "Brown", "Other", "1980-09-01", "2022-01-25", "3119132");
INSERT INTO Researcher (Researcher_ID,Name,Surname,Gender,Birth_Date,Recruitment_Date,Organization_ID) VALUES ("3119210", "Harold", "Γεννηματάς", "Male", "1971-09-19", "2021-11-01", "3119096");
INSERT INTO Researcher (Researcher_ID,Name,Surname,Gender,Birth_Date,Recruitment_Date,Organization_ID) VALUES ("3119211", "Nathan", "Καλιάμπος", "Female", "1981-07-04", "2020-09-28", "3119143");
INSERT INTO Researcher (Researcher_ID,Name,Surname,Gender,Birth_Date,Recruitment_Date,Organization_ID) VALUES ("3119212", "Μαρκέλλα", "Pitts", "Other", "1998-04-07", "2020-10-14", "3119002");
INSERT INTO Researcher (Researcher_ID,Name,Surname,Gender,Birth_Date,Recruitment_Date,Organization_ID) VALUES ("3119213", "Elizabeth", "Mccarthy", "Male", "1996-11-24", "2021-01-13", "3119023");
INSERT INTO Researcher (Researcher_ID,Name,Surname,Gender,Birth_Date,Recruitment_Date,Organization_ID) VALUES ("3119214", "Ερωτόκριτος", "Perez", "Female", "1981-03-06", "2020-02-14", "3119166");
INSERT INTO Researcher (Researcher_ID,Name,Surname,Gender,Birth_Date,Recruitment_Date,Organization_ID) VALUES ("3119215", "Αγαθή", "Ward", "Other", "1973-10-18", "2021-03-27", "3119087");
INSERT INTO Researcher (Researcher_ID,Name,Surname,Gender,Birth_Date,Recruitment_Date,Organization_ID) VALUES ("3119216", "Ruth", "Φειδερόπουλος", "Male", "1989-12-03", "2020-09-20", "3119076");
INSERT INTO Researcher (Researcher_ID,Name,Surname,Gender,Birth_Date,Recruitment_Date,Organization_ID) VALUES ("3119217", "Jason", "Smith", "Female", "1999-04-07", "2020-02-18", "3119093");
INSERT INTO Researcher (Researcher_ID,Name,Surname,Gender,Birth_Date,Recruitment_Date,Organization_ID) VALUES ("3119218", "Θέμις", "Ανανιάδου", "Other", "1995-05-26", "2020-06-13", "3119154");
INSERT INTO Researcher (Researcher_ID,Name,Surname,Gender,Birth_Date,Recruitment_Date,Organization_ID) VALUES ("3119219", "Scott", "Γιαννέλος", "Male", "1999-03-19", "2021-07-30", "3119016");
INSERT INTO Researcher (Researcher_ID,Name,Surname,Gender,Birth_Date,Recruitment_Date,Organization_ID) VALUES ("3119220", "Δαμιανός", "Περιστερόπουλος", "Female", "1965-10-23", "2021-10-17", "3119110");
INSERT INTO Researcher (Researcher_ID,Name,Surname,Gender,Birth_Date,Recruitment_Date,Organization_ID) VALUES ("3119221", "Σπυράννα", "Αργυρίου", "Other", "1983-02-25", "2020-04-17", "3119094");
INSERT INTO Researcher (Researcher_ID,Name,Surname,Gender,Birth_Date,Recruitment_Date,Organization_ID) VALUES ("3119222", "Κορνηλία", "Reed", "Male", "1964-05-09", "2020-04-04", "3119003");
INSERT INTO Researcher (Researcher_ID,Name,Surname,Gender,Birth_Date,Recruitment_Date,Organization_ID) VALUES ("3119223", "Έκτορας", "Delgado", "Female", "1964-11-14", "2020-09-24", "3119083");
INSERT INTO Researcher (Researcher_ID,Name,Surname,Gender,Birth_Date,Recruitment_Date,Organization_ID) VALUES ("3119224", "Jennifer", "Σμπονιάς", "Other", "1996-01-08", "2020-02-15", "3119115");
INSERT INTO Researcher (Researcher_ID,Name,Surname,Gender,Birth_Date,Recruitment_Date,Organization_ID) VALUES ("3119225", "Christopher", "Δουκάς", "Male", "1973-04-22", "2020-12-09", "3119021");
INSERT INTO Researcher (Researcher_ID,Name,Surname,Gender,Birth_Date,Recruitment_Date,Organization_ID) VALUES ("3119226", "Sarah", "Smith", "Female", "1962-08-05", "2021-05-08", "3119142");
INSERT INTO Researcher (Researcher_ID,Name,Surname,Gender,Birth_Date,Recruitment_Date,Organization_ID) VALUES ("3119227", "Ηρακλής", "Δούβαλη", "Other", "1996-01-11", "2021-01-20", "3119162");
INSERT INTO Researcher (Researcher_ID,Name,Surname,Gender,Birth_Date,Recruitment_Date,Organization_ID) VALUES ("3119228", "Αργυρώ", "Παπουλής", "Male", "1963-12-19", "2021-07-13", "3119104");
INSERT INTO Researcher (Researcher_ID,Name,Surname,Gender,Birth_Date,Recruitment_Date,Organization_ID) VALUES ("3119229", "Ισαάκ", "Σταυριανός", "Female", "2001-03-13", "2021-04-28", "3119166");
INSERT INTO Researcher (Researcher_ID,Name,Surname,Gender,Birth_Date,Recruitment_Date,Organization_ID) VALUES ("3119230", "Angel", "Jones", "Other", "1964-03-05", "2021-08-26", "3119046");
INSERT INTO Researcher (Researcher_ID,Name,Surname,Gender,Birth_Date,Recruitment_Date,Organization_ID) VALUES ("3119231", "Adam", "Johnson", "Male", "2000-11-09", "2021-10-17", "3119066");
INSERT INTO Researcher (Researcher_ID,Name,Surname,Gender,Birth_Date,Recruitment_Date,Organization_ID) VALUES ("3119232", "Αβραάμ", "Hicks", "Female", "1975-02-25", "2021-06-20", "3119070");
INSERT INTO Researcher (Researcher_ID,Name,Surname,Gender,Birth_Date,Recruitment_Date,Organization_ID) VALUES ("3119233", "Θεώνη", "Spencer", "Other", "1977-04-14", "2020-11-21", "3119081");
INSERT INTO Researcher (Researcher_ID,Name,Surname,Gender,Birth_Date,Recruitment_Date,Organization_ID) VALUES ("3119234", "Alejandro", "Σταματούκου", "Male", "1976-01-28", "2021-09-25", "3119111");
INSERT INTO Researcher (Researcher_ID,Name,Surname,Gender,Birth_Date,Recruitment_Date,Organization_ID) VALUES ("3119235", "Jasmine", "Rodriguez", "Female", "1968-12-06", "2021-05-11", "3119052");
INSERT INTO Researcher (Researcher_ID,Name,Surname,Gender,Birth_Date,Recruitment_Date,Organization_ID) VALUES ("3119236", "Βεατρίκη", "Davis", "Other", "1973-04-17", "2020-04-18", "3119013");
INSERT INTO Researcher (Researcher_ID,Name,Surname,Gender,Birth_Date,Recruitment_Date,Organization_ID) VALUES ("3119237", "Σπήλιος", "Rodriguez", "Male", "1962-05-05", "2020-12-11", "3119043");
INSERT INTO Researcher (Researcher_ID,Name,Surname,Gender,Birth_Date,Recruitment_Date,Organization_ID) VALUES ("3119238", "Aaron", "Αφρουδάκης", "Female", "1988-10-21", "2021-02-05", "3119051");
INSERT INTO Researcher (Researcher_ID,Name,Surname,Gender,Birth_Date,Recruitment_Date,Organization_ID) VALUES ("3119239", "Jeremy", "Φωτογλίδης", "Other", "1983-12-03", "2021-08-27", "3119112");
INSERT INTO Researcher (Researcher_ID,Name,Surname,Gender,Birth_Date,Recruitment_Date,Organization_ID) VALUES ("3119240", "Σπυριδούλα", "Osborne", "Male", "1970-03-18", "2021-11-22", "3119097");
INSERT INTO Researcher (Researcher_ID,Name,Surname,Gender,Birth_Date,Recruitment_Date,Organization_ID) VALUES ("3119241", "Alexandra", "Ναούμ", "Female", "1986-12-03", "2020-06-29", "3119023");
INSERT INTO Researcher (Researcher_ID,Name,Surname,Gender,Birth_Date,Recruitment_Date,Organization_ID) VALUES ("3119242", "Robert", "Χρυσίδης", "Other", "1985-04-11", "2021-02-25", "3119181");
INSERT INTO Researcher (Researcher_ID,Name,Surname,Gender,Birth_Date,Recruitment_Date,Organization_ID) VALUES ("3119243", "Kevin", "Δουκάς", "Male", "1989-08-05", "2020-12-14", "3119078");
INSERT INTO Researcher (Researcher_ID,Name,Surname,Gender,Birth_Date,Recruitment_Date,Organization_ID) VALUES ("3119244", "Αμφιθέα", "Washington", "Female", "1961-05-31", "2020-03-03", "3119156");
INSERT INTO Researcher (Researcher_ID,Name,Surname,Gender,Birth_Date,Recruitment_Date,Organization_ID) VALUES ("3119245", "Ευαγγελία", "Γκιριτζιώνη", "Other", "1966-11-03", "2020-09-20", "3119067");
INSERT INTO Researcher (Researcher_ID,Name,Surname,Gender,Birth_Date,Recruitment_Date,Organization_ID) VALUES ("3119246", "Φραντζέσκα", "Λαλαούνη", "Male", "1995-06-25", "2021-06-23", "3119051");
INSERT INTO Researcher (Researcher_ID,Name,Surname,Gender,Birth_Date,Recruitment_Date,Organization_ID) VALUES ("3119247", "Χρυσή", "Ruiz", "Female", "1996-10-18", "2021-08-28", "3119112");
INSERT INTO Researcher (Researcher_ID,Name,Surname,Gender,Birth_Date,Recruitment_Date,Organization_ID) VALUES ("3119248", "Φρειδερίκος", "Σουλιντζής", "Other", "1981-10-11", "2021-09-21", "3119156");
INSERT INTO Researcher (Researcher_ID,Name,Surname,Gender,Birth_Date,Recruitment_Date,Organization_ID) VALUES ("3119249", "Cheryl", "Schneider", "Male", "2001-07-15", "2021-07-13", "3119086");
INSERT INTO Researcher (Researcher_ID,Name,Surname,Gender,Birth_Date,Recruitment_Date,Organization_ID) VALUES ("3119250", "Stephanie", "Στρούμπα", "Female", "1989-07-30", "2020-07-16", "3119188");
INSERT INTO Researcher (Researcher_ID,Name,Surname,Gender,Birth_Date,Recruitment_Date,Organization_ID) VALUES ("3119251", "Αμβροσία", "George", "Other", "1998-03-05", "2022-04-17", "3119066");
INSERT INTO Researcher (Researcher_ID,Name,Surname,Gender,Birth_Date,Recruitment_Date,Organization_ID) VALUES ("3119252", "Ίων", "Κορομήλας", "Male", "1967-11-21", "2021-03-03", "3119168");
INSERT INTO Researcher (Researcher_ID,Name,Surname,Gender,Birth_Date,Recruitment_Date,Organization_ID) VALUES ("3119253", "Shannon", "Miller", "Female", "1995-06-25", "2022-02-27", "3119078");
INSERT INTO Researcher (Researcher_ID,Name,Surname,Gender,Birth_Date,Recruitment_Date,Organization_ID) VALUES ("3119254", "Cody", "Παπασπηλιωτοπούλου", "Other", "1990-05-20", "2021-09-10", "3119098");
INSERT INTO Researcher (Researcher_ID,Name,Surname,Gender,Birth_Date,Recruitment_Date,Organization_ID) VALUES ("3119255", "Susan", "Lyons", "Male", "1985-02-24", "2020-02-22", "3119027");
INSERT INTO Researcher (Researcher_ID,Name,Surname,Gender,Birth_Date,Recruitment_Date,Organization_ID) VALUES ("3119256", "Βρασίδας", "Phillips", "Female", "1971-02-05", "2020-05-15", "3119186");
INSERT INTO Researcher (Researcher_ID,Name,Surname,Gender,Birth_Date,Recruitment_Date,Organization_ID) VALUES ("3119257", "Στυλιανή", "Νικολουδάκη", "Other", "1971-09-05", "2022-01-27", "3119179");
INSERT INTO Researcher (Researcher_ID,Name,Surname,Gender,Birth_Date,Recruitment_Date,Organization_ID) VALUES ("3119258", "David", "Τάρναρης", "Male", "1974-04-05", "2021-02-12", "3119198");
INSERT INTO Researcher (Researcher_ID,Name,Surname,Gender,Birth_Date,Recruitment_Date,Organization_ID) VALUES ("3119259", "Βαλεντίνος", "Garcia", "Female", "1967-03-06", "2020-03-18", "3119163");
INSERT INTO Researcher (Researcher_ID,Name,Surname,Gender,Birth_Date,Recruitment_Date,Organization_ID) VALUES ("3119260", "Μελένια", "Γεντίμης", "Other", "1974-11-16", "2020-11-23", "3119073");
INSERT INTO Researcher (Researcher_ID,Name,Surname,Gender,Birth_Date,Recruitment_Date,Organization_ID) VALUES ("3119261", "Mathew", "Parrish", "Male", "1973-08-02", "2021-09-02", "3119084");
INSERT INTO Researcher (Researcher_ID,Name,Surname,Gender,Birth_Date,Recruitment_Date,Organization_ID) VALUES ("3119262", "Doris", "Reeves", "Female", "1978-09-04", "2020-01-31", "3119190");
INSERT INTO Researcher (Researcher_ID,Name,Surname,Gender,Birth_Date,Recruitment_Date,Organization_ID) VALUES ("3119263", "Ηράκλεια", "Copeland", "Other", "1992-09-14", "2020-11-07", "3119106");
INSERT INTO Researcher (Researcher_ID,Name,Surname,Gender,Birth_Date,Recruitment_Date,Organization_ID) VALUES ("3119264", "Ρεγγίνα", "Hanson", "Male", "1965-05-31", "2021-03-03", "3119066");
INSERT INTO Researcher (Researcher_ID,Name,Surname,Gender,Birth_Date,Recruitment_Date,Organization_ID) VALUES ("3119265", "Bradley", "Συρρής", "Female", "1970-01-20", "2021-03-09", "3119063");
INSERT INTO Researcher (Researcher_ID,Name,Surname,Gender,Birth_Date,Recruitment_Date,Organization_ID) VALUES ("3119266", "Rachel", "Miller", "Other", "1996-04-10", "2021-11-14", "3119192");
INSERT INTO Researcher (Researcher_ID,Name,Surname,Gender,Birth_Date,Recruitment_Date,Organization_ID) VALUES ("3119267", "Roger", "Jones", "Male", "1994-12-22", "2021-02-24", "3119149");
INSERT INTO Researcher (Researcher_ID,Name,Surname,Gender,Birth_Date,Recruitment_Date,Organization_ID) VALUES ("3119268", "Σάρρα", "Contreras", "Female", "1979-06-07", "2020-06-23", "3119053");
INSERT INTO Researcher (Researcher_ID,Name,Surname,Gender,Birth_Date,Recruitment_Date,Organization_ID) VALUES ("3119269", "Ιορδανία", "Μελιτσόπουλος", "Other", "1993-09-21", "2021-02-23", "3119115");
INSERT INTO Researcher (Researcher_ID,Name,Surname,Gender,Birth_Date,Recruitment_Date,Organization_ID) VALUES ("3119270", "Chad", "Χαλκίδου", "Male", "1997-11-27", "2021-02-17", "3119113");
INSERT INTO Researcher (Researcher_ID,Name,Surname,Gender,Birth_Date,Recruitment_Date,Organization_ID) VALUES ("3119271", "Κυπριανός", "Nguyen", "Female", "1982-05-30", "2021-08-12", "3119143");
INSERT INTO Researcher (Researcher_ID,Name,Surname,Gender,Birth_Date,Recruitment_Date,Organization_ID) VALUES ("3119272", "Πασχαλιά", "Montgomery", "Other", "1996-01-08", "2022-04-20", "3119140");
INSERT INTO Researcher (Researcher_ID,Name,Surname,Gender,Birth_Date,Recruitment_Date,Organization_ID) VALUES ("3119273", "Θέμις", "Καρατζαφέρης", "Male", "1998-07-17", "2022-04-05", "3119067");
INSERT INTO Researcher (Researcher_ID,Name,Surname,Gender,Birth_Date,Recruitment_Date,Organization_ID) VALUES ("3119274", "Keith", "Sherman", "Female", "1972-12-12", "2020-06-02", "3119133");
INSERT INTO Researcher (Researcher_ID,Name,Surname,Gender,Birth_Date,Recruitment_Date,Organization_ID) VALUES ("3119275", "Ιωνάς", "Πατελής", "Other", "2000-10-14", "2020-08-18", "3119015");
INSERT INTO Researcher (Researcher_ID,Name,Surname,Gender,Birth_Date,Recruitment_Date,Organization_ID) VALUES ("3119276", "Nicholas", "Kramer", "Male", "1993-04-28", "2021-06-04", "3119087");
INSERT INTO Researcher (Researcher_ID,Name,Surname,Gender,Birth_Date,Recruitment_Date,Organization_ID) VALUES ("3119277", "Brandy", "Norman", "Female", "1997-11-17", "2021-12-17", "3119025");
INSERT INTO Researcher (Researcher_ID,Name,Surname,Gender,Birth_Date,Recruitment_Date,Organization_ID) VALUES ("3119278", "Υάκινθος", "Dixon", "Other", "1975-08-14", "2022-03-22", "3119121");
INSERT INTO Researcher (Researcher_ID,Name,Surname,Gender,Birth_Date,Recruitment_Date,Organization_ID) VALUES ("3119279", "Veronica", "Λιούκα", "Male", "1993-06-01", "2020-12-07", "3119000");
INSERT INTO Researcher (Researcher_ID,Name,Surname,Gender,Birth_Date,Recruitment_Date,Organization_ID) VALUES ("3119280", "Μυρτώ", "Dixon", "Female", "1968-09-29", "2020-10-22", "3119079");
INSERT INTO Researcher (Researcher_ID,Name,Surname,Gender,Birth_Date,Recruitment_Date,Organization_ID) VALUES ("3119281", "Αγγελική", "Porter", "Other", "1983-08-23", "2020-06-08", "3119035");
INSERT INTO Researcher (Researcher_ID,Name,Surname,Gender,Birth_Date,Recruitment_Date,Organization_ID) VALUES ("3119282", "Ελένη", "Γαρουφαλής", "Male", "1988-09-09", "2021-05-27", "3119171");
INSERT INTO Researcher (Researcher_ID,Name,Surname,Gender,Birth_Date,Recruitment_Date,Organization_ID) VALUES ("3119283", "Αφέντρα", "Gill", "Female", "1985-10-29", "2020-10-26", "3119046");
INSERT INTO Researcher (Researcher_ID,Name,Surname,Gender,Birth_Date,Recruitment_Date,Organization_ID) VALUES ("3119284", "Seth", "Ζώνιος", "Other", "1992-04-19", "2021-05-01", "3119126");
INSERT INTO Researcher (Researcher_ID,Name,Surname,Gender,Birth_Date,Recruitment_Date,Organization_ID) VALUES ("3119285", "Καλλιρόη", "Smith", "Male", "1981-01-14", "2022-02-20", "3119051");
INSERT INTO Researcher (Researcher_ID,Name,Surname,Gender,Birth_Date,Recruitment_Date,Organization_ID) VALUES ("3119286", "Στυλιανή", "Μαγκαφοπούλου", "Female", "1982-11-13", "2020-11-19", "3119041");
INSERT INTO Researcher (Researcher_ID,Name,Surname,Gender,Birth_Date,Recruitment_Date,Organization_ID) VALUES ("3119287", "Γεσθημανή", "Τσιαντάς", "Other", "1994-11-09", "2020-01-30", "3119008");
INSERT INTO Researcher (Researcher_ID,Name,Surname,Gender,Birth_Date,Recruitment_Date,Organization_ID) VALUES ("3119288", "Dean", "Kim", "Male", "1990-02-16", "2021-09-14", "3119062");
INSERT INTO Researcher (Researcher_ID,Name,Surname,Gender,Birth_Date,Recruitment_Date,Organization_ID) VALUES ("3119289", "Christopher", "Χατζηγεωργίου", "Female", "1982-03-01", "2021-03-19", "3119085");
INSERT INTO Researcher (Researcher_ID,Name,Surname,Gender,Birth_Date,Recruitment_Date,Organization_ID) VALUES ("3119290", "Αλκιβιάδης", "Μόκας", "Other", "1980-08-16", "2020-01-08", "3119142");
INSERT INTO Researcher (Researcher_ID,Name,Surname,Gender,Birth_Date,Recruitment_Date,Organization_ID) VALUES ("3119291", "Νίκος", "Τσουκιά", "Male", "1970-03-04", "2021-01-16", "3119092");
INSERT INTO Researcher (Researcher_ID,Name,Surname,Gender,Birth_Date,Recruitment_Date,Organization_ID) VALUES ("3119292", "Βενετία", "Χρυσοβέργης", "Female", "1999-01-12", "2020-01-28", "3119063");
INSERT INTO Researcher (Researcher_ID,Name,Surname,Gender,Birth_Date,Recruitment_Date,Organization_ID) VALUES ("3119293", "Μαγδαληνή", "Ross", "Other", "1993-09-17", "2021-02-24", "3119112");
INSERT INTO Researcher (Researcher_ID,Name,Surname,Gender,Birth_Date,Recruitment_Date,Organization_ID) VALUES ("3119294", "Αγαθή", "Τσακαλάκου", "Male", "1976-06-09", "2021-06-27", "3119063");
INSERT INTO Researcher (Researcher_ID,Name,Surname,Gender,Birth_Date,Recruitment_Date,Organization_ID) VALUES ("3119295", "Alan", "Μαργαριτάκη", "Female", "1995-02-11", "2021-05-16", "3119056");
INSERT INTO Researcher (Researcher_ID,Name,Surname,Gender,Birth_Date,Recruitment_Date,Organization_ID) VALUES ("3119296", "Robert", "Κωτσίδης", "Other", "1967-04-25", "2020-09-09", "3119056");
INSERT INTO Researcher (Researcher_ID,Name,Surname,Gender,Birth_Date,Recruitment_Date,Organization_ID) VALUES ("3119297", "Χριστόδουλος", "Gibbs", "Male", "1972-02-20", "2020-08-19", "3119114");
INSERT INTO Researcher (Researcher_ID,Name,Surname,Gender,Birth_Date,Recruitment_Date,Organization_ID) VALUES ("3119298", "Amanda", "Pennington", "Female", "1989-05-24", "2020-02-19", "3119075");
INSERT INTO Researcher (Researcher_ID,Name,Surname,Gender,Birth_Date,Recruitment_Date,Organization_ID) VALUES ("3119299", "Bianca", "Μητρόπουλος", "Other", "1966-07-01", "2020-04-01", "3119068");
INSERT INTO Researcher (Researcher_ID,Name,Surname,Gender,Birth_Date,Recruitment_Date,Organization_ID) VALUES ("3119300", "Ασημής", "Αλεξοπούλου", "Male", "1965-09-17", "2020-02-19", "3119104");
INSERT INTO Researcher (Researcher_ID,Name,Surname,Gender,Birth_Date,Recruitment_Date,Organization_ID) VALUES ("3119301", "Χάρη", "Fernandez", "Female", "1976-04-27", "2022-01-24", "3119017");
INSERT INTO Researcher (Researcher_ID,Name,Surname,Gender,Birth_Date,Recruitment_Date,Organization_ID) VALUES ("3119302", "Αίας", "Κετεσίδου", "Other", "1985-12-07", "2022-05-09", "3119069");
INSERT INTO Researcher (Researcher_ID,Name,Surname,Gender,Birth_Date,Recruitment_Date,Organization_ID) VALUES ("3119303", "Χρυσόστομη", "Barajas", "Male", "1997-05-21", "2021-10-13", "3119183");
INSERT INTO Researcher (Researcher_ID,Name,Surname,Gender,Birth_Date,Recruitment_Date,Organization_ID) VALUES ("3119304", "Αρχέλαος", "Λιανάκης", "Female", "1984-11-26", "2021-12-15", "3119020");
INSERT INTO Researcher (Researcher_ID,Name,Surname,Gender,Birth_Date,Recruitment_Date,Organization_ID) VALUES ("3119305", "Ναταλία", "King", "Other", "1981-03-04", "2020-08-20", "3119076");
INSERT INTO Researcher (Researcher_ID,Name,Surname,Gender,Birth_Date,Recruitment_Date,Organization_ID) VALUES ("3119306", "Emily", "Wood", "Male", "2000-10-12", "2020-12-03", "3119148");
INSERT INTO Researcher (Researcher_ID,Name,Surname,Gender,Birth_Date,Recruitment_Date,Organization_ID) VALUES ("3119307", "Θεοχαρούλα", "Cook", "Female", "1968-09-25", "2020-12-30", "3119151");
INSERT INTO Researcher (Researcher_ID,Name,Surname,Gender,Birth_Date,Recruitment_Date,Organization_ID) VALUES ("3119308", "Steven", "Stewart", "Other", "1998-09-24", "2021-07-11", "3119103");
INSERT INTO Researcher (Researcher_ID,Name,Surname,Gender,Birth_Date,Recruitment_Date,Organization_ID) VALUES ("3119309", "Eric", "Σκρέκας", "Male", "1989-10-23", "2021-08-10", "3119174");
INSERT INTO Researcher (Researcher_ID,Name,Surname,Gender,Birth_Date,Recruitment_Date,Organization_ID) VALUES ("3119310", "Στυλιανός", "Μιχαηλίδης", "Female", "1981-05-16", "2020-04-21", "3119138");
INSERT INTO Researcher (Researcher_ID,Name,Surname,Gender,Birth_Date,Recruitment_Date,Organization_ID) VALUES ("3119311", "Marcus", "Davis", "Other", "1964-12-22", "2021-07-26", "3119009");
INSERT INTO Researcher (Researcher_ID,Name,Surname,Gender,Birth_Date,Recruitment_Date,Organization_ID) VALUES ("3119312", "Στέλλιος", "Μασγαλάς", "Male", "1989-04-09", "2021-10-06", "3119040");
INSERT INTO Researcher (Researcher_ID,Name,Surname,Gender,Birth_Date,Recruitment_Date,Organization_ID) VALUES ("3119313", "Natalie", "Brown", "Female", "1980-11-16", "2020-10-11", "3119171");
INSERT INTO Researcher (Researcher_ID,Name,Surname,Gender,Birth_Date,Recruitment_Date,Organization_ID) VALUES ("3119314", "Λεωνιδιά", "Νάστος", "Other", "1965-07-15", "2021-06-02", "3119014");
INSERT INTO Researcher (Researcher_ID,Name,Surname,Gender,Birth_Date,Recruitment_Date,Organization_ID) VALUES ("3119315", "Brenda", "Λουράντος", "Male", "1986-05-25", "2021-09-01", "3119141");
INSERT INTO Researcher (Researcher_ID,Name,Surname,Gender,Birth_Date,Recruitment_Date,Organization_ID) VALUES ("3119316", "Sean", "Κυριακούλη", "Female", "1973-02-15", "2021-01-02", "3119132");
INSERT INTO Researcher (Researcher_ID,Name,Surname,Gender,Birth_Date,Recruitment_Date,Organization_ID) VALUES ("3119317", "Abigail", "Hahn", "Other", "1990-08-05", "2020-03-28", "3119195");
INSERT INTO Researcher (Researcher_ID,Name,Surname,Gender,Birth_Date,Recruitment_Date,Organization_ID) VALUES ("3119318", "Taylor", "Μπατζάνη", "Male", "1998-03-30", "2020-06-06", "3119169");
INSERT INTO Researcher (Researcher_ID,Name,Surname,Gender,Birth_Date,Recruitment_Date,Organization_ID) VALUES ("3119319", "Θεόδουλος", "Μπότζα", "Female", "1974-03-08", "2022-04-08", "3119100");
INSERT INTO Researcher (Researcher_ID,Name,Surname,Gender,Birth_Date,Recruitment_Date,Organization_ID) VALUES ("3119320", "Σπήλιος", "Τάχας", "Other", "1971-10-02", "2021-01-11", "3119181");
INSERT INTO Researcher (Researcher_ID,Name,Surname,Gender,Birth_Date,Recruitment_Date,Organization_ID) VALUES ("3119321", "Ντανιέλα", "Gregory", "Male", "1999-01-09", "2021-09-15", "3119163");
INSERT INTO Researcher (Researcher_ID,Name,Surname,Gender,Birth_Date,Recruitment_Date,Organization_ID) VALUES ("3119322", "Γαβριέλλα", "Παπαευαγγελίου", "Female", "1987-11-29", "2021-10-11", "3119187");
INSERT INTO Researcher (Researcher_ID,Name,Surname,Gender,Birth_Date,Recruitment_Date,Organization_ID) VALUES ("3119323", "Γαληνός", "Φουντζούλας", "Other", "1991-10-09", "2021-04-04", "3119031");
INSERT INTO Researcher (Researcher_ID,Name,Surname,Gender,Birth_Date,Recruitment_Date,Organization_ID) VALUES ("3119324", "Barry", "Καπουρνιώτη", "Male", "1980-03-30", "2021-01-02", "3119140");
INSERT INTO Researcher (Researcher_ID,Name,Surname,Gender,Birth_Date,Recruitment_Date,Organization_ID) VALUES ("3119325", "James", "Carter", "Female", "1971-09-02", "2022-02-28", "3119133");
INSERT INTO Researcher (Researcher_ID,Name,Surname,Gender,Birth_Date,Recruitment_Date,Organization_ID) VALUES ("3119326", "Randy", "Wiley", "Other", "1970-11-01", "2020-06-13", "3119129");
INSERT INTO Researcher (Researcher_ID,Name,Surname,Gender,Birth_Date,Recruitment_Date,Organization_ID) VALUES ("3119327", "Τσαμπίκα", "Cooke", "Male", "1986-12-25", "2021-12-11", "3119188");
INSERT INTO Researcher (Researcher_ID,Name,Surname,Gender,Birth_Date,Recruitment_Date,Organization_ID) VALUES ("3119328", "Θεοχάρης", "Smith", "Female", "1970-10-24", "2020-03-26", "3119155");
INSERT INTO Researcher (Researcher_ID,Name,Surname,Gender,Birth_Date,Recruitment_Date,Organization_ID) VALUES ("3119329", "Μένανδρος", "Gonzalez", "Other", "1980-01-18", "2020-03-12", "3119029");
INSERT INTO Researcher (Researcher_ID,Name,Surname,Gender,Birth_Date,Recruitment_Date,Organization_ID) VALUES ("3119330", "Makayla", "Φουρκιώτη", "Male", "1996-08-06", "2021-03-11", "3119048");
INSERT INTO Researcher (Researcher_ID,Name,Surname,Gender,Birth_Date,Recruitment_Date,Organization_ID) VALUES ("3119331", "Timothy", "Fox", "Female", "1979-11-22", "2020-02-07", "3119063");
INSERT INTO Researcher (Researcher_ID,Name,Surname,Gender,Birth_Date,Recruitment_Date,Organization_ID) VALUES ("3119332", "Καλομοίρα", "Choi", "Other", "1973-03-26", "2021-02-07", "3119048");
INSERT INTO Researcher (Researcher_ID,Name,Surname,Gender,Birth_Date,Recruitment_Date,Organization_ID) VALUES ("3119333", "Kelsey", "Δακαναλής", "Male", "2000-05-24", "2020-08-08", "3119106");
INSERT INTO Researcher (Researcher_ID,Name,Surname,Gender,Birth_Date,Recruitment_Date,Organization_ID) VALUES ("3119334", "Sandra", "Martinez", "Female", "1997-12-06", "2020-01-26", "3119173");
INSERT INTO Researcher (Researcher_ID,Name,Surname,Gender,Birth_Date,Recruitment_Date,Organization_ID) VALUES ("3119335", "Γαρύφαλλος", "Gutierrez", "Other", "1994-10-10", "2022-04-18", "3119149");
INSERT INTO Researcher (Researcher_ID,Name,Surname,Gender,Birth_Date,Recruitment_Date,Organization_ID) VALUES ("3119336", "Κλήμης", "Σακελλαρίου", "Male", "1990-03-07", "2021-03-04", "3119168");
INSERT INTO Researcher (Researcher_ID,Name,Surname,Gender,Birth_Date,Recruitment_Date,Organization_ID) VALUES ("3119337", "Justin", "Λουλάκης", "Female", "1965-04-02", "2021-11-28", "3119144");
INSERT INTO Researcher (Researcher_ID,Name,Surname,Gender,Birth_Date,Recruitment_Date,Organization_ID) VALUES ("3119338", "Οδυσσεύς", "Καρανικόλας", "Other", "1993-02-15", "2022-01-17", "3119147");
INSERT INTO Researcher (Researcher_ID,Name,Surname,Gender,Birth_Date,Recruitment_Date,Organization_ID) VALUES ("3119339", "Elizabeth", "Τζέκος", "Male", "1970-05-07", "2020-10-08", "3119147");
INSERT INTO Researcher (Researcher_ID,Name,Surname,Gender,Birth_Date,Recruitment_Date,Organization_ID) VALUES ("3119340", "Μαλαματένια", "Μπακοστεργίου", "Female", "1978-09-26", "2021-06-09", "3119116");
INSERT INTO Researcher (Researcher_ID,Name,Surname,Gender,Birth_Date,Recruitment_Date,Organization_ID) VALUES ("3119341", "Αντιγόνη", "Ραφιός", "Other", "1981-03-08", "2020-07-21", "3119094");
INSERT INTO Researcher (Researcher_ID,Name,Surname,Gender,Birth_Date,Recruitment_Date,Organization_ID) VALUES ("3119342", "Αγησίλαος", "Miller", "Male", "1968-08-23", "2021-01-05", "3119043");
INSERT INTO Researcher (Researcher_ID,Name,Surname,Gender,Birth_Date,Recruitment_Date,Organization_ID) VALUES ("3119343", "Μινέρβα", "Ταμιωλάκης", "Female", "1986-01-05", "2021-10-05", "3119067");
INSERT INTO Researcher (Researcher_ID,Name,Surname,Gender,Birth_Date,Recruitment_Date,Organization_ID) VALUES ("3119344", "Αγαμέμνων", "Cox", "Other", "1991-10-16", "2022-02-12", "3119178");
INSERT INTO Researcher (Researcher_ID,Name,Surname,Gender,Birth_Date,Recruitment_Date,Organization_ID) VALUES ("3119345", "Luis", "Αμπλιάνιτης", "Male", "1991-06-18", "2022-04-02", "3119103");
INSERT INTO Researcher (Researcher_ID,Name,Surname,Gender,Birth_Date,Recruitment_Date,Organization_ID) VALUES ("3119346", "Αστέρω", "Cooper", "Female", "1974-02-23", "2021-12-21", "3119135");
INSERT INTO Researcher (Researcher_ID,Name,Surname,Gender,Birth_Date,Recruitment_Date,Organization_ID) VALUES ("3119347", "Sarah", "Bradley", "Other", "1988-04-18", "2020-03-28", "3119117");
INSERT INTO Researcher (Researcher_ID,Name,Surname,Gender,Birth_Date,Recruitment_Date,Organization_ID) VALUES ("3119348", "Jamie", "Allen", "Male", "1996-10-09", "2020-01-18", "3119059");
INSERT INTO Researcher (Researcher_ID,Name,Surname,Gender,Birth_Date,Recruitment_Date,Organization_ID) VALUES ("3119349", "Αργυρούλα", "Conway", "Female", "1970-06-07", "2022-04-18", "3119116");
INSERT INTO Researcher (Researcher_ID,Name,Surname,Gender,Birth_Date,Recruitment_Date,Organization_ID) VALUES ("3119350", "Beth", "Κιούσης", "Other", "1974-09-07", "2020-05-21", "3119059");
INSERT INTO Researcher (Researcher_ID,Name,Surname,Gender,Birth_Date,Recruitment_Date,Organization_ID) VALUES ("3119351", "Samuel", "Bryan", "Male", "1967-02-16", "2021-04-01", "3119002");
INSERT INTO Researcher (Researcher_ID,Name,Surname,Gender,Birth_Date,Recruitment_Date,Organization_ID) VALUES ("3119352", "Αγγελική", "Δανιηλίδης", "Female", "1965-11-02", "2020-11-14", "3119059");
INSERT INTO Researcher (Researcher_ID,Name,Surname,Gender,Birth_Date,Recruitment_Date,Organization_ID) VALUES ("3119353", "Kristie", "Κονδυλίδης", "Other", "2000-05-23", "2020-01-21", "3119002");
INSERT INTO Researcher (Researcher_ID,Name,Surname,Gender,Birth_Date,Recruitment_Date,Organization_ID) VALUES ("3119354", "Αστέρω", "Holt", "Male", "1978-09-08", "2021-06-07", "3119129");
INSERT INTO Researcher (Researcher_ID,Name,Surname,Gender,Birth_Date,Recruitment_Date,Organization_ID) VALUES ("3119355", "James", "Αναστόπουλος", "Female", "2000-06-16", "2020-06-10", "3119141");
INSERT INTO Researcher (Researcher_ID,Name,Surname,Gender,Birth_Date,Recruitment_Date,Organization_ID) VALUES ("3119356", "Διαμάντω", "Richards", "Other", "1965-04-19", "2020-07-07", "3119191");
INSERT INTO Researcher (Researcher_ID,Name,Surname,Gender,Birth_Date,Recruitment_Date,Organization_ID) VALUES ("3119357", "Βιολέτα", "Παπαθωμά", "Male", "1988-10-10", "2020-07-15", "3119115");
INSERT INTO Researcher (Researcher_ID,Name,Surname,Gender,Birth_Date,Recruitment_Date,Organization_ID) VALUES ("3119358", "Kimberly", "Τσιάρας", "Female", "1976-09-25", "2020-09-29", "3119134");
INSERT INTO Researcher (Researcher_ID,Name,Surname,Gender,Birth_Date,Recruitment_Date,Organization_ID) VALUES ("3119359", "John", "Hoffman", "Other", "1966-11-09", "2021-01-18", "3119099");
INSERT INTO Researcher (Researcher_ID,Name,Surname,Gender,Birth_Date,Recruitment_Date,Organization_ID) VALUES ("3119360", "Kenneth", "Ανδρεανίδης", "Male", "1983-09-30", "2022-03-22", "3119102");
INSERT INTO Researcher (Researcher_ID,Name,Surname,Gender,Birth_Date,Recruitment_Date,Organization_ID) VALUES ("3119361", "Βαρσαμία", "Κωτσιονοπούλου", "Female", "1990-04-30", "2021-08-25", "3119160");
INSERT INTO Researcher (Researcher_ID,Name,Surname,Gender,Birth_Date,Recruitment_Date,Organization_ID) VALUES ("3119362", "Mary", "Λιναρδάκη", "Other", "1965-10-14", "2020-08-27", "3119113");
INSERT INTO Researcher (Researcher_ID,Name,Surname,Gender,Birth_Date,Recruitment_Date,Organization_ID) VALUES ("3119363", "Ροδόκλεια", "Wright", "Male", "1972-12-16", "2022-01-23", "3119081");
INSERT INTO Researcher (Researcher_ID,Name,Surname,Gender,Birth_Date,Recruitment_Date,Organization_ID) VALUES ("3119364", "Σταύρος", "James", "Female", "2000-09-13", "2020-01-26", "3119053");
INSERT INTO Researcher (Researcher_ID,Name,Surname,Gender,Birth_Date,Recruitment_Date,Organization_ID) VALUES ("3119365", "Kimberly", "Φρονιμάκη", "Other", "1992-08-23", "2020-04-26", "3119064");
INSERT INTO Researcher (Researcher_ID,Name,Surname,Gender,Birth_Date,Recruitment_Date,Organization_ID) VALUES ("3119366", "Jason", "Βαμβουκάκη", "Male", "1999-07-21", "2021-01-07", "3119093");
INSERT INTO Researcher (Researcher_ID,Name,Surname,Gender,Birth_Date,Recruitment_Date,Organization_ID) VALUES ("3119367", "Jill", "Μαντάς", "Female", "1997-08-14", "2020-05-07", "3119060");
INSERT INTO Researcher (Researcher_ID,Name,Surname,Gender,Birth_Date,Recruitment_Date,Organization_ID) VALUES ("3119368", "Dawn", "Rice", "Other", "1996-11-05", "2020-04-14", "3119136");
INSERT INTO Researcher (Researcher_ID,Name,Surname,Gender,Birth_Date,Recruitment_Date,Organization_ID) VALUES ("3119369", "Travis", "Johnson", "Male", "2000-01-17", "2020-03-22", "3119130");
INSERT INTO Researcher (Researcher_ID,Name,Surname,Gender,Birth_Date,Recruitment_Date,Organization_ID) VALUES ("3119370", "Μαυρούδης", "Μάνος", "Female", "1982-07-24", "2021-03-31", "3119048");
INSERT INTO Researcher (Researcher_ID,Name,Surname,Gender,Birth_Date,Recruitment_Date,Organization_ID) VALUES ("3119371", "Καρυοφυλλιά", "Αβραμιώτης", "Other", "1971-12-21", "2020-01-23", "3119178");
INSERT INTO Researcher (Researcher_ID,Name,Surname,Gender,Birth_Date,Recruitment_Date,Organization_ID) VALUES ("3119372", "Στέλλιος", "Κοντοκώστας", "Male", "1962-11-08", "2020-11-04", "3119000");
INSERT INTO Researcher (Researcher_ID,Name,Surname,Gender,Birth_Date,Recruitment_Date,Organization_ID) VALUES ("3119373", "Χιονιά", "Σιόλου", "Female", "1966-11-16", "2021-04-24", "3119090");
INSERT INTO Researcher (Researcher_ID,Name,Surname,Gender,Birth_Date,Recruitment_Date,Organization_ID) VALUES ("3119374", "Ιωσήφ", "Hall", "Other", "1966-02-23", "2021-04-04", "3119123");
INSERT INTO Researcher (Researcher_ID,Name,Surname,Gender,Birth_Date,Recruitment_Date,Organization_ID) VALUES ("3119375", "Νικητία", "Λιανάκης", "Male", "1966-05-29", "2020-04-27", "3119162");
INSERT INTO Researcher (Researcher_ID,Name,Surname,Gender,Birth_Date,Recruitment_Date,Organization_ID) VALUES ("3119376", "Έκτορας", "Graham", "Female", "1978-01-20", "2020-03-04", "3119060");
INSERT INTO Researcher (Researcher_ID,Name,Surname,Gender,Birth_Date,Recruitment_Date,Organization_ID) VALUES ("3119377", "Μαρωτέσα", "Collins", "Other", "1975-10-03", "2021-03-10", "3119129");
INSERT INTO Researcher (Researcher_ID,Name,Surname,Gender,Birth_Date,Recruitment_Date,Organization_ID) VALUES ("3119378", "Jason", "Fisher", "Male", "1977-06-19", "2020-09-19", "3119193");
INSERT INTO Researcher (Researcher_ID,Name,Surname,Gender,Birth_Date,Recruitment_Date,Organization_ID) VALUES ("3119379", "Πολύμνια", "Δημόπουλος", "Female", "1966-09-03", "2020-06-30", "3119170");
INSERT INTO Researcher (Researcher_ID,Name,Surname,Gender,Birth_Date,Recruitment_Date,Organization_ID) VALUES ("3119380", "Ησαΐας", "Ζώνιος", "Other", "1980-04-19", "2021-06-22", "3119182");
INSERT INTO Researcher (Researcher_ID,Name,Surname,Gender,Birth_Date,Recruitment_Date,Organization_ID) VALUES ("3119381", "Dennis", "Hanson", "Male", "1986-10-25", "2020-04-15", "3119051");
INSERT INTO Researcher (Researcher_ID,Name,Surname,Gender,Birth_Date,Recruitment_Date,Organization_ID) VALUES ("3119382", "Michael", "Ξανθάκης", "Female", "1979-12-18", "2021-07-29", "3119067");
INSERT INTO Researcher (Researcher_ID,Name,Surname,Gender,Birth_Date,Recruitment_Date,Organization_ID) VALUES ("3119383", "Deanna", "Morrison", "Other", "1997-07-08", "2020-01-31", "3119159");
INSERT INTO Researcher (Researcher_ID,Name,Surname,Gender,Birth_Date,Recruitment_Date,Organization_ID) VALUES ("3119384", "Joseph", "Λέκκα", "Male", "1971-01-21", "2020-01-13", "3119043");
INSERT INTO Researcher (Researcher_ID,Name,Surname,Gender,Birth_Date,Recruitment_Date,Organization_ID) VALUES ("3119385", "Αλκινόη", "Guerra", "Female", "1961-09-22", "2020-10-28", "3119044");
INSERT INTO Researcher (Researcher_ID,Name,Surname,Gender,Birth_Date,Recruitment_Date,Organization_ID) VALUES ("3119386", "Άριστος", "Δανιηλίδης", "Other", "2002-01-07", "2020-11-19", "3119181");
INSERT INTO Researcher (Researcher_ID,Name,Surname,Gender,Birth_Date,Recruitment_Date,Organization_ID) VALUES ("3119387", "Αταλάντη", "Τσεντούρος", "Male", "1972-06-16", "2021-01-11", "3119152");
INSERT INTO Researcher (Researcher_ID,Name,Surname,Gender,Birth_Date,Recruitment_Date,Organization_ID) VALUES ("3119388", "Kevin", "Τσικνιάς", "Female", "1965-12-21", "2021-01-05", "3119142");
INSERT INTO Researcher (Researcher_ID,Name,Surname,Gender,Birth_Date,Recruitment_Date,Organization_ID) VALUES ("3119389", "Περικλής", "Shaffer", "Other", "2000-12-02", "2021-08-27", "3119007");
INSERT INTO Researcher (Researcher_ID,Name,Surname,Gender,Birth_Date,Recruitment_Date,Organization_ID) VALUES ("3119390", "Samuel", "Παπακώστα", "Male", "1967-04-12", "2020-04-17", "3119149");
INSERT INTO Researcher (Researcher_ID,Name,Surname,Gender,Birth_Date,Recruitment_Date,Organization_ID) VALUES ("3119391", "Λυγερή", "Κεσεμίδης", "Female", "1982-06-27", "2021-01-30", "3119151");
INSERT INTO Researcher (Researcher_ID,Name,Surname,Gender,Birth_Date,Recruitment_Date,Organization_ID) VALUES ("3119392", "Μελέτια", "Πολέμη", "Other", "2000-10-11", "2021-06-23", "3119006");
INSERT INTO Researcher (Researcher_ID,Name,Surname,Gender,Birth_Date,Recruitment_Date,Organization_ID) VALUES ("3119393", "Περικλεία", "Stewart", "Male", "1968-08-07", "2021-04-16", "3119012");
INSERT INTO Researcher (Researcher_ID,Name,Surname,Gender,Birth_Date,Recruitment_Date,Organization_ID) VALUES ("3119394", "Ερατώ", "Gibbs", "Female", "1969-11-29", "2022-02-05", "3119039");
INSERT INTO Researcher (Researcher_ID,Name,Surname,Gender,Birth_Date,Recruitment_Date,Organization_ID) VALUES ("3119395", "Μελέτια", "Perez", "Other", "1968-02-16", "2021-02-11", "3119148");
INSERT INTO Researcher (Researcher_ID,Name,Surname,Gender,Birth_Date,Recruitment_Date,Organization_ID) VALUES ("3119396", "Επαμεινώνδας", "Moreno", "Male", "1976-04-02", "2021-04-12", "3119004");
INSERT INTO Researcher (Researcher_ID,Name,Surname,Gender,Birth_Date,Recruitment_Date,Organization_ID) VALUES ("3119397", "Tiffany", "Suarez", "Female", "1993-12-07", "2020-11-28", "3119164");
INSERT INTO Researcher (Researcher_ID,Name,Surname,Gender,Birth_Date,Recruitment_Date,Organization_ID) VALUES ("3119398", "Αμβρόσιος", "Kennedy", "Other", "1971-10-22", "2021-06-14", "3119148");
INSERT INTO Researcher (Researcher_ID,Name,Surname,Gender,Birth_Date,Recruitment_Date,Organization_ID) VALUES ("3119399", "Ιερεμίας", "Bird", "Male", "1982-07-24", "2020-04-25", "3119191");
INSERT INTO Researcher (Researcher_ID,Name,Surname,Gender,Birth_Date,Recruitment_Date,Organization_ID) VALUES ("3119400", "Eric", "Beck", "Female", "1981-05-01", "2021-02-09", "3119034");
INSERT INTO Researcher (Researcher_ID,Name,Surname,Gender,Birth_Date,Recruitment_Date,Organization_ID) VALUES ("3119401", "Πλάτων", "Stevens", "Other", "1969-04-17", "2021-06-19", "3119107");
INSERT INTO Researcher (Researcher_ID,Name,Surname,Gender,Birth_Date,Recruitment_Date,Organization_ID) VALUES ("3119402", "Επαμεινώνδας", "Βιολάτος", "Male", "1978-04-22", "2020-04-28", "3119073");
INSERT INTO Researcher (Researcher_ID,Name,Surname,Gender,Birth_Date,Recruitment_Date,Organization_ID) VALUES ("3119403", "Μιχαέλα", "Κωστούλας", "Female", "1973-02-27", "2020-05-06", "3119130");
INSERT INTO Researcher (Researcher_ID,Name,Surname,Gender,Birth_Date,Recruitment_Date,Organization_ID) VALUES ("3119404", "Ιουλία", "Webster", "Other", "1983-07-03", "2020-08-09", "3119033");
INSERT INTO Researcher (Researcher_ID,Name,Surname,Gender,Birth_Date,Recruitment_Date,Organization_ID) VALUES ("3119405", "Nicole", "Knight", "Male", "2002-03-14", "2020-04-08", "3119157");
INSERT INTO Researcher (Researcher_ID,Name,Surname,Gender,Birth_Date,Recruitment_Date,Organization_ID) VALUES ("3119406", "Βαρδής", "Τζάγκα", "Female", "1988-02-17", "2021-11-11", "3119143");
INSERT INTO Researcher (Researcher_ID,Name,Surname,Gender,Birth_Date,Recruitment_Date,Organization_ID) VALUES ("3119407", "Διαμαντούλα", "Mcbride", "Other", "1968-06-24", "2021-05-26", "3119053");
INSERT INTO Researcher (Researcher_ID,Name,Surname,Gender,Birth_Date,Recruitment_Date,Organization_ID) VALUES ("3119408", "Michael", "Simmons", "Male", "1985-04-10", "2021-07-22", "3119120");
INSERT INTO Researcher (Researcher_ID,Name,Surname,Gender,Birth_Date,Recruitment_Date,Organization_ID) VALUES ("3119409", "James", "Καλιτσουνάκης", "Female", "1986-07-28", "2021-02-13", "3119176");
INSERT INTO Researcher (Researcher_ID,Name,Surname,Gender,Birth_Date,Recruitment_Date,Organization_ID) VALUES ("3119410", "David", "Wood", "Other", "1981-11-02", "2020-01-19", "3119025");
INSERT INTO Researcher (Researcher_ID,Name,Surname,Gender,Birth_Date,Recruitment_Date,Organization_ID) VALUES ("3119411", "Παρθένα", "Chaney", "Male", "1972-03-14", "2021-01-01", "3119163");
INSERT INTO Researcher (Researcher_ID,Name,Surname,Gender,Birth_Date,Recruitment_Date,Organization_ID) VALUES ("3119412", "Μελίνα", "Παπαδημητριάδης", "Female", "1967-08-22", "2020-12-23", "3119094");
INSERT INTO Researcher (Researcher_ID,Name,Surname,Gender,Birth_Date,Recruitment_Date,Organization_ID) VALUES ("3119413", "Οδυσσέας", "Lynch", "Other", "1975-04-11", "2022-05-11", "3119161");
INSERT INTO Researcher (Researcher_ID,Name,Surname,Gender,Birth_Date,Recruitment_Date,Organization_ID) VALUES ("3119414", "Ματίνα", "Κωνσταντόπουλος", "Male", "1979-01-31", "2020-08-12", "3119039");
INSERT INTO Researcher (Researcher_ID,Name,Surname,Gender,Birth_Date,Recruitment_Date,Organization_ID) VALUES ("3119415", "Ήλια", "Κωστούλας", "Female", "2000-01-20", "2022-05-20", "3119191");
INSERT INTO Researcher (Researcher_ID,Name,Surname,Gender,Birth_Date,Recruitment_Date,Organization_ID) VALUES ("3119416", "Jennifer", "Τρεντσίου", "Other", "1968-09-13", "2021-02-14", "3119060");
INSERT INTO Researcher (Researcher_ID,Name,Surname,Gender,Birth_Date,Recruitment_Date,Organization_ID) VALUES ("3119417", "Theresa", "Δαρσακλή", "Male", "2002-01-14", "2020-04-03", "3119118");
INSERT INTO Researcher (Researcher_ID,Name,Surname,Gender,Birth_Date,Recruitment_Date,Organization_ID) VALUES ("3119418", "Phyllis", "Fry", "Female", "2000-09-07", "2022-03-14", "3119034");
INSERT INTO Researcher (Researcher_ID,Name,Surname,Gender,Birth_Date,Recruitment_Date,Organization_ID) VALUES ("3119419", "Σαμουήλ", "Ramos", "Other", "1995-11-26", "2021-05-20", "3119132");
INSERT INTO Researcher (Researcher_ID,Name,Surname,Gender,Birth_Date,Recruitment_Date,Organization_ID) VALUES ("3119420", "Βενέτιος", "Τσανδήλας", "Male", "1965-06-04", "2021-11-20", "3119029");
INSERT INTO Researcher (Researcher_ID,Name,Surname,Gender,Birth_Date,Recruitment_Date,Organization_ID) VALUES ("3119421", "Jocelyn", "Γκούβελος", "Female", "1989-08-03", "2020-12-03", "3119014");
INSERT INTO Researcher (Researcher_ID,Name,Surname,Gender,Birth_Date,Recruitment_Date,Organization_ID) VALUES ("3119422", "Diana", "Graham", "Other", "1964-07-03", "2020-08-14", "3119195");
INSERT INTO Researcher (Researcher_ID,Name,Surname,Gender,Birth_Date,Recruitment_Date,Organization_ID) VALUES ("3119423", "Θεοδότη", "Μηλιάδου", "Male", "1981-08-29", "2021-06-12", "3119166");
INSERT INTO Researcher (Researcher_ID,Name,Surname,Gender,Birth_Date,Recruitment_Date,Organization_ID) VALUES ("3119424", "Ευάγγελος", "Μπαλανίκα", "Female", "1973-11-05", "2021-06-18", "3119110");
INSERT INTO Researcher (Researcher_ID,Name,Surname,Gender,Birth_Date,Recruitment_Date,Organization_ID) VALUES ("3119425", "Rebecca", "Γκουτζαμάνης", "Other", "1996-10-12", "2021-11-19", "3119128");
INSERT INTO Researcher (Researcher_ID,Name,Surname,Gender,Birth_Date,Recruitment_Date,Organization_ID) VALUES ("3119426", "Ακριβή", "Ντότση", "Male", "1963-08-15", "2020-01-09", "3119177");
INSERT INTO Researcher (Researcher_ID,Name,Surname,Gender,Birth_Date,Recruitment_Date,Organization_ID) VALUES ("3119427", "Regina", "Graves", "Female", "1969-05-23", "2021-09-03", "3119029");
INSERT INTO Researcher (Researcher_ID,Name,Surname,Gender,Birth_Date,Recruitment_Date,Organization_ID) VALUES ("3119428", "Sarah", "Λελεδάκης", "Other", "1979-04-13", "2022-05-13", "3119023");
INSERT INTO Researcher (Researcher_ID,Name,Surname,Gender,Birth_Date,Recruitment_Date,Organization_ID) VALUES ("3119429", "Εριέτα", "Conley", "Male", "1969-07-18", "2020-07-09", "3119079");
INSERT INTO Researcher (Researcher_ID,Name,Surname,Gender,Birth_Date,Recruitment_Date,Organization_ID) VALUES ("3119430", "Joshua", "Archer", "Female", "2001-12-13", "2022-04-18", "3119186");
INSERT INTO Researcher (Researcher_ID,Name,Surname,Gender,Birth_Date,Recruitment_Date,Organization_ID) VALUES ("3119431", "Oscar", "Franklin", "Other", "1973-03-25", "2021-12-20", "3119129");
INSERT INTO Researcher (Researcher_ID,Name,Surname,Gender,Birth_Date,Recruitment_Date,Organization_ID) VALUES ("3119432", "Amanda", "Pena", "Male", "1993-11-14", "2021-12-10", "3119110");
INSERT INTO Researcher (Researcher_ID,Name,Surname,Gender,Birth_Date,Recruitment_Date,Organization_ID) VALUES ("3119433", "Αριστοφάνης", "Αντωνίου", "Female", "1982-11-14", "2021-02-28", "3119011");
INSERT INTO Researcher (Researcher_ID,Name,Surname,Gender,Birth_Date,Recruitment_Date,Organization_ID) VALUES ("3119434", "Juan", "Vargas", "Other", "2001-04-08", "2021-12-25", "3119090");
INSERT INTO Researcher (Researcher_ID,Name,Surname,Gender,Birth_Date,Recruitment_Date,Organization_ID) VALUES ("3119435", "Χλόη", "Καπουρνιώτη", "Male", "1983-05-01", "2020-06-04", "3119059");
INSERT INTO Researcher (Researcher_ID,Name,Surname,Gender,Birth_Date,Recruitment_Date,Organization_ID) VALUES ("3119436", "Elizabeth", "Λεβέντης", "Female", "1978-06-10", "2021-08-26", "3119164");
INSERT INTO Researcher (Researcher_ID,Name,Surname,Gender,Birth_Date,Recruitment_Date,Organization_ID) VALUES ("3119437", "Δημήτριος", "Rogers", "Other", "1970-01-18", "2021-05-18", "3119063");
INSERT INTO Researcher (Researcher_ID,Name,Surname,Gender,Birth_Date,Recruitment_Date,Organization_ID) VALUES ("3119438", "Προδρομία", "Κουτσικόπουλος", "Male", "1996-05-14", "2020-10-08", "3119129");
INSERT INTO Researcher (Researcher_ID,Name,Surname,Gender,Birth_Date,Recruitment_Date,Organization_ID) VALUES ("3119439", "Michele", "Wilkinson", "Female", "2002-05-13", "2020-06-06", "3119096");
INSERT INTO Researcher (Researcher_ID,Name,Surname,Gender,Birth_Date,Recruitment_Date,Organization_ID) VALUES ("3119440", "Σταύρος", "Wagner", "Other", "1981-01-29", "2021-10-09", "3119020");
INSERT INTO Researcher (Researcher_ID,Name,Surname,Gender,Birth_Date,Recruitment_Date,Organization_ID) VALUES ("3119441", "Ιούλιος", "Κατεβάτης", "Male", "1969-08-29", "2020-02-15", "3119078");
INSERT INTO Researcher (Researcher_ID,Name,Surname,Gender,Birth_Date,Recruitment_Date,Organization_ID) VALUES ("3119442", "Jason", "Βαλκάνου", "Female", "1994-06-22", "2021-04-10", "3119192");
INSERT INTO Researcher (Researcher_ID,Name,Surname,Gender,Birth_Date,Recruitment_Date,Organization_ID) VALUES ("3119443", "Christopher", "Cannon", "Other", "1988-12-08", "2020-04-02", "3119113");
INSERT INTO Researcher (Researcher_ID,Name,Surname,Gender,Birth_Date,Recruitment_Date,Organization_ID) VALUES ("3119444", "Brooke", "Herman", "Male", "1977-11-15", "2020-08-02", "3119128");
INSERT INTO Researcher (Researcher_ID,Name,Surname,Gender,Birth_Date,Recruitment_Date,Organization_ID) VALUES ("3119445", "Ανδρέας", "Τσιατής", "Female", "2001-12-19", "2020-11-23", "3119108");
INSERT INTO Researcher (Researcher_ID,Name,Surname,Gender,Birth_Date,Recruitment_Date,Organization_ID) VALUES ("3119446", "Alvin", "Μηλιώρης", "Other", "1969-06-03", "2022-03-10", "3119067");
INSERT INTO Researcher (Researcher_ID,Name,Surname,Gender,Birth_Date,Recruitment_Date,Organization_ID) VALUES ("3119447", "Ναταλία", "Keith", "Male", "1984-03-26", "2020-12-10", "3119187");
INSERT INTO Researcher (Researcher_ID,Name,Surname,Gender,Birth_Date,Recruitment_Date,Organization_ID) VALUES ("3119448", "Joshua", "Boyer", "Female", "1997-03-23", "2022-04-21", "3119063");
INSERT INTO Researcher (Researcher_ID,Name,Surname,Gender,Birth_Date,Recruitment_Date,Organization_ID) VALUES ("3119449", "Ερωτόκριτος", "Galvan", "Other", "1987-04-02", "2022-04-01", "3119082");
INSERT INTO Researcher (Researcher_ID,Name,Surname,Gender,Birth_Date,Recruitment_Date,Organization_ID) VALUES ("3119450", "Jacob", "Moore", "Male", "1962-07-11", "2020-07-11", "3119148");
INSERT INTO Researcher (Researcher_ID,Name,Surname,Gender,Birth_Date,Recruitment_Date,Organization_ID) VALUES ("3119451", "Christian", "Ποταμιάνου", "Female", "1971-11-01", "2020-04-02", "3119052");
INSERT INTO Researcher (Researcher_ID,Name,Surname,Gender,Birth_Date,Recruitment_Date,Organization_ID) VALUES ("3119452", "Μαύρος", "Jackson", "Other", "2001-04-06", "2020-11-07", "3119054");
INSERT INTO Researcher (Researcher_ID,Name,Surname,Gender,Birth_Date,Recruitment_Date,Organization_ID) VALUES ("3119453", "Αριστόβουλος", "Δρίβα", "Male", "1965-09-28", "2021-03-19", "3119022");
INSERT INTO Researcher (Researcher_ID,Name,Surname,Gender,Birth_Date,Recruitment_Date,Organization_ID) VALUES ("3119454", "Kristina", "Hammond", "Female", "1995-05-19", "2020-05-19", "3119117");
INSERT INTO Researcher (Researcher_ID,Name,Surname,Gender,Birth_Date,Recruitment_Date,Organization_ID) VALUES ("3119455", "Διαμαντής", "Bates", "Other", "1998-10-11", "2021-06-07", "3119009");
INSERT INTO Researcher (Researcher_ID,Name,Surname,Gender,Birth_Date,Recruitment_Date,Organization_ID) VALUES ("3119456", "Tammy", "Σιόλου", "Male", "1972-06-18", "2020-09-27", "3119086");
INSERT INTO Researcher (Researcher_ID,Name,Surname,Gender,Birth_Date,Recruitment_Date,Organization_ID) VALUES ("3119457", "Γενοβέφα", "Δημτσούδη", "Female", "1961-10-13", "2020-05-16", "3119055");
INSERT INTO Researcher (Researcher_ID,Name,Surname,Gender,Birth_Date,Recruitment_Date,Organization_ID) VALUES ("3119458", "Robert", "Δαμήλου", "Other", "1979-12-26", "2021-01-16", "3119071");
INSERT INTO Researcher (Researcher_ID,Name,Surname,Gender,Birth_Date,Recruitment_Date,Organization_ID) VALUES ("3119459", "Στεργιανή", "Μυσιρλής", "Male", "1968-12-17", "2020-10-31", "3119137");
INSERT INTO Researcher (Researcher_ID,Name,Surname,Gender,Birth_Date,Recruitment_Date,Organization_ID) VALUES ("3119460", "Vickie", "Τσουκνίδας", "Female", "1988-11-23", "2020-04-22", "3119079");
INSERT INTO Researcher (Researcher_ID,Name,Surname,Gender,Birth_Date,Recruitment_Date,Organization_ID) VALUES ("3119461", "Φλοριάντ", "Briggs", "Other", "2001-11-10", "2021-05-01", "3119088");
INSERT INTO Researcher (Researcher_ID,Name,Surname,Gender,Birth_Date,Recruitment_Date,Organization_ID) VALUES ("3119462", "Jennifer", "Phillips", "Male", "1980-01-10", "2022-02-07", "3119179");
INSERT INTO Researcher (Researcher_ID,Name,Surname,Gender,Birth_Date,Recruitment_Date,Organization_ID) VALUES ("3119463", "Αλεξία", "Θωμάς", "Female", "1971-09-30", "2020-08-27", "3119028");
INSERT INTO Researcher (Researcher_ID,Name,Surname,Gender,Birth_Date,Recruitment_Date,Organization_ID) VALUES ("3119464", "Ζαμπέτα", "Castro", "Other", "1964-06-18", "2020-04-14", "3119024");
INSERT INTO Researcher (Researcher_ID,Name,Surname,Gender,Birth_Date,Recruitment_Date,Organization_ID) VALUES ("3119465", "Ricardo", "Καπατσώρης", "Male", "2000-10-06", "2020-10-15", "3119146");
INSERT INTO Researcher (Researcher_ID,Name,Surname,Gender,Birth_Date,Recruitment_Date,Organization_ID) VALUES ("3119466", "Αντίγονος", "Τσομώκος", "Female", "1990-08-14", "2020-07-26", "3119059");
INSERT INTO Researcher (Researcher_ID,Name,Surname,Gender,Birth_Date,Recruitment_Date,Organization_ID) VALUES ("3119467", "Ευδόξιος", "Αναστασίου", "Other", "1966-09-06", "2020-06-26", "3119117");
INSERT INTO Researcher (Researcher_ID,Name,Surname,Gender,Birth_Date,Recruitment_Date,Organization_ID) VALUES ("3119468", "Lisa", "Martinez", "Male", "1969-09-14", "2021-10-13", "3119075");
INSERT INTO Researcher (Researcher_ID,Name,Surname,Gender,Birth_Date,Recruitment_Date,Organization_ID) VALUES ("3119469", "Aaron", "Brown", "Female", "1973-05-31", "2021-12-07", "3119180");
INSERT INTO Researcher (Researcher_ID,Name,Surname,Gender,Birth_Date,Recruitment_Date,Organization_ID) VALUES ("3119470", "Παταπία", "Σωτηράλης", "Other", "1991-08-25", "2021-01-05", "3119174");
INSERT INTO Researcher (Researcher_ID,Name,Surname,Gender,Birth_Date,Recruitment_Date,Organization_ID) VALUES ("3119471", "Χριστόφιλη", "Ford", "Male", "1992-01-17", "2021-06-14", "3119093");
INSERT INTO Researcher (Researcher_ID,Name,Surname,Gender,Birth_Date,Recruitment_Date,Organization_ID) VALUES ("3119472", "Παρθένα", "Χουλιάρας", "Female", "2000-06-27", "2020-06-26", "3119118");
INSERT INTO Researcher (Researcher_ID,Name,Surname,Gender,Birth_Date,Recruitment_Date,Organization_ID) VALUES ("3119473", "Emily", "Knight", "Other", "1990-04-11", "2020-06-08", "3119137");
INSERT INTO Researcher (Researcher_ID,Name,Surname,Gender,Birth_Date,Recruitment_Date,Organization_ID) VALUES ("3119474", "Jeffrey", "Armstrong", "Male", "1968-02-11", "2020-05-12", "3119155");
INSERT INTO Researcher (Researcher_ID,Name,Surname,Gender,Birth_Date,Recruitment_Date,Organization_ID) VALUES ("3119475", "Μελίνα", "Βαρουτίδου", "Female", "1988-05-11", "2021-05-19", "3119144");
INSERT INTO Researcher (Researcher_ID,Name,Surname,Gender,Birth_Date,Recruitment_Date,Organization_ID) VALUES ("3119476", "Franklin", "Jones", "Other", "1976-07-08", "2020-09-24", "3119151");
INSERT INTO Researcher (Researcher_ID,Name,Surname,Gender,Birth_Date,Recruitment_Date,Organization_ID) VALUES ("3119477", "Πολυνίκη", "Καράμπας", "Male", "1980-11-17", "2020-08-20", "3119108");
INSERT INTO Researcher (Researcher_ID,Name,Surname,Gender,Birth_Date,Recruitment_Date,Organization_ID) VALUES ("3119478", "Emily", "Zimmerman", "Female", "1999-06-04", "2020-05-27", "3119193");
INSERT INTO Researcher (Researcher_ID,Name,Surname,Gender,Birth_Date,Recruitment_Date,Organization_ID) VALUES ("3119479", "Ronald", "Πολέμη", "Other", "1971-10-10", "2020-05-10", "3119076");
INSERT INTO Researcher (Researcher_ID,Name,Surname,Gender,Birth_Date,Recruitment_Date,Organization_ID) VALUES ("3119480", "Joshua", "Μακρής", "Male", "1988-02-17", "2021-11-23", "3119037");
INSERT INTO Researcher (Researcher_ID,Name,Surname,Gender,Birth_Date,Recruitment_Date,Organization_ID) VALUES ("3119481", "Ορέστης", "Μάντου", "Female", "1994-11-26", "2020-05-24", "3119138");
INSERT INTO Researcher (Researcher_ID,Name,Surname,Gender,Birth_Date,Recruitment_Date,Organization_ID) VALUES ("3119482", "Anthony", "Πολίτου", "Other", "1983-10-22", "2020-07-31", "3119113");
INSERT INTO Researcher (Researcher_ID,Name,Surname,Gender,Birth_Date,Recruitment_Date,Organization_ID) VALUES ("3119483", "Χαρά", "Singh", "Male", "1988-05-13", "2021-05-02", "3119061");
INSERT INTO Researcher (Researcher_ID,Name,Surname,Gender,Birth_Date,Recruitment_Date,Organization_ID) VALUES ("3119484", "Cheryl", "Callahan", "Female", "1974-03-31", "2020-04-03", "3119094");
INSERT INTO Researcher (Researcher_ID,Name,Surname,Gender,Birth_Date,Recruitment_Date,Organization_ID) VALUES ("3119485", "Lori", "Gordon", "Other", "1979-10-15", "2020-04-01", "3119044");
INSERT INTO Researcher (Researcher_ID,Name,Surname,Gender,Birth_Date,Recruitment_Date,Organization_ID) VALUES ("3119486", "Ησαΐας", "Walker", "Male", "1998-04-09", "2020-06-18", "3119079");
INSERT INTO Researcher (Researcher_ID,Name,Surname,Gender,Birth_Date,Recruitment_Date,Organization_ID) VALUES ("3119487", "Donna", "Μωυσίδου", "Female", "1961-11-16", "2020-07-04", "3119162");
INSERT INTO Researcher (Researcher_ID,Name,Surname,Gender,Birth_Date,Recruitment_Date,Organization_ID) VALUES ("3119488", "Ανατολή", "Ζώη", "Other", "1970-04-27", "2022-04-21", "3119165");
INSERT INTO Researcher (Researcher_ID,Name,Surname,Gender,Birth_Date,Recruitment_Date,Organization_ID) VALUES ("3119489", "Θεοδούλη", "Atkins", "Male", "1996-11-06", "2021-07-18", "3119167");
INSERT INTO Researcher (Researcher_ID,Name,Surname,Gender,Birth_Date,Recruitment_Date,Organization_ID) VALUES ("3119490", "Robert", "Κουτσιουμάρη", "Female", "1989-04-16", "2020-11-30", "3119195");
INSERT INTO Researcher (Researcher_ID,Name,Surname,Gender,Birth_Date,Recruitment_Date,Organization_ID) VALUES ("3119491", "Θεμιστοκλής", "Curtis", "Other", "1994-12-08", "2022-03-14", "3119109");
INSERT INTO Researcher (Researcher_ID,Name,Surname,Gender,Birth_Date,Recruitment_Date,Organization_ID) VALUES ("3119492", "Κλήμης", "Μποζίκης", "Male", "1965-03-20", "2022-05-09", "3119150");
INSERT INTO Researcher (Researcher_ID,Name,Surname,Gender,Birth_Date,Recruitment_Date,Organization_ID) VALUES ("3119493", "Brandon", "Wells", "Female", "1966-09-18", "2021-08-28", "3119055");
INSERT INTO Researcher (Researcher_ID,Name,Surname,Gender,Birth_Date,Recruitment_Date,Organization_ID) VALUES ("3119494", "Dawn", "Ραχωβίτσας", "Other", "1985-07-13", "2021-09-20", "3119115");
INSERT INTO Researcher (Researcher_ID,Name,Surname,Gender,Birth_Date,Recruitment_Date,Organization_ID) VALUES ("3119495", "Melissa", "Ρόκας", "Male", "1997-04-06", "2021-09-23", "3119133");
INSERT INTO Researcher (Researcher_ID,Name,Surname,Gender,Birth_Date,Recruitment_Date,Organization_ID) VALUES ("3119496", "Πολυζώης", "Miller", "Female", "1962-11-06", "2020-03-09", "3119057");
INSERT INTO Researcher (Researcher_ID,Name,Surname,Gender,Birth_Date,Recruitment_Date,Organization_ID) VALUES ("3119497", "Caleb", "Ζαχαριουδάκη", "Other", "1962-11-05", "2020-10-26", "3119101");
INSERT INTO Researcher (Researcher_ID,Name,Surname,Gender,Birth_Date,Recruitment_Date,Organization_ID) VALUES ("3119498", "Λεώνη", "Σταματιάδης", "Male", "1982-01-07", "2020-09-16", "3119006");
INSERT INTO Researcher (Researcher_ID,Name,Surname,Gender,Birth_Date,Recruitment_Date,Organization_ID) VALUES ("3119499", "Kylie", "Palmer", "Female", "1972-05-25", "2022-01-06", "3119024");
INSERT INTO Researcher (Researcher_ID,Name,Surname,Gender,Birth_Date,Recruitment_Date,Organization_ID) VALUES ("3119500", "Rebecca", "Butler", "Other", "1974-06-30", "2020-12-03", "3119046");
INSERT INTO Researcher (Researcher_ID,Name,Surname,Gender,Birth_Date,Recruitment_Date,Organization_ID) VALUES ("3119501", "Ισαβέλλα", "Keller", "Male", "1979-06-09", "2021-11-25", "3119172");
INSERT INTO Researcher (Researcher_ID,Name,Surname,Gender,Birth_Date,Recruitment_Date,Organization_ID) VALUES ("3119502", "Παταπία", "Hernandez", "Female", "1978-01-07", "2022-03-07", "3119127");
INSERT INTO Researcher (Researcher_ID,Name,Surname,Gender,Birth_Date,Recruitment_Date,Organization_ID) VALUES ("3119503", "Brandon", "Adams", "Other", "1976-07-09", "2020-08-08", "3119095");
INSERT INTO Researcher (Researcher_ID,Name,Surname,Gender,Birth_Date,Recruitment_Date,Organization_ID) VALUES ("3119504", "Steven", "Taylor", "Male", "1980-06-28", "2021-01-26", "3119130");
INSERT INTO Researcher (Researcher_ID,Name,Surname,Gender,Birth_Date,Recruitment_Date,Organization_ID) VALUES ("3119505", "Steven", "Μαρτζούκου", "Female", "1962-02-17", "2021-01-15", "3119163");
INSERT INTO Researcher (Researcher_ID,Name,Surname,Gender,Birth_Date,Recruitment_Date,Organization_ID) VALUES ("3119506", "Αλεξάνδρα", "Έψιμος", "Other", "1967-10-27", "2020-11-22", "3119041");
INSERT INTO Researcher (Researcher_ID,Name,Surname,Gender,Birth_Date,Recruitment_Date,Organization_ID) VALUES ("3119507", "Ορέστης", "Cole", "Male", "1978-09-16", "2021-08-29", "3119083");
INSERT INTO Researcher (Researcher_ID,Name,Surname,Gender,Birth_Date,Recruitment_Date,Organization_ID) VALUES ("3119508", "Δέσποινα", "Jones", "Female", "1962-12-29", "2021-06-15", "3119181");
INSERT INTO Researcher (Researcher_ID,Name,Surname,Gender,Birth_Date,Recruitment_Date,Organization_ID) VALUES ("3119509", "Βικέντια", "Montgomery", "Other", "1987-12-02", "2021-03-28", "3119111");
INSERT INTO Researcher (Researcher_ID,Name,Surname,Gender,Birth_Date,Recruitment_Date,Organization_ID) VALUES ("3119510", "Μαριλένα", "Γούλα", "Male", "1988-07-15", "2020-09-09", "3119057");
INSERT INTO Researcher (Researcher_ID,Name,Surname,Gender,Birth_Date,Recruitment_Date,Organization_ID) VALUES ("3119511", "Μερκούριος", "Nguyen", "Female", "1991-12-06", "2021-09-24", "3119169");
INSERT INTO Researcher (Researcher_ID,Name,Surname,Gender,Birth_Date,Recruitment_Date,Organization_ID) VALUES ("3119512", "Άρης", "Ρίγκος", "Other", "1993-08-29", "2021-08-13", "3119015");
INSERT INTO Researcher (Researcher_ID,Name,Surname,Gender,Birth_Date,Recruitment_Date,Organization_ID) VALUES ("3119513", "Diane", "Murray", "Male", "1969-08-23", "2020-12-06", "3119146");
INSERT INTO Researcher (Researcher_ID,Name,Surname,Gender,Birth_Date,Recruitment_Date,Organization_ID) VALUES ("3119514", "Αγλαΐα", "Williams", "Female", "1997-03-02", "2021-04-05", "3119108");
INSERT INTO Researcher (Researcher_ID,Name,Surname,Gender,Birth_Date,Recruitment_Date,Organization_ID) VALUES ("3119515", "Αλέξιος", "Cobb", "Other", "1965-09-28", "2020-07-19", "3119173");
INSERT INTO Researcher (Researcher_ID,Name,Surname,Gender,Birth_Date,Recruitment_Date,Organization_ID) VALUES ("3119516", "Φοίβη", "Κεχαγιάς", "Male", "1972-03-11", "2022-03-13", "3119107");
INSERT INTO Researcher (Researcher_ID,Name,Surname,Gender,Birth_Date,Recruitment_Date,Organization_ID) VALUES ("3119517", "Alexandria", "Δέλιος", "Female", "1984-11-16", "2022-03-03", "3119122");
INSERT INTO Researcher (Researcher_ID,Name,Surname,Gender,Birth_Date,Recruitment_Date,Organization_ID) VALUES ("3119518", "Νέαρχος", "Carroll", "Other", "1988-01-14", "2020-11-16", "3119078");
INSERT INTO Researcher (Researcher_ID,Name,Surname,Gender,Birth_Date,Recruitment_Date,Organization_ID) VALUES ("3119519", "Ebony", "Flowers", "Male", "1971-02-02", "2020-06-17", "3119016");
INSERT INTO Researcher (Researcher_ID,Name,Surname,Gender,Birth_Date,Recruitment_Date,Organization_ID) VALUES ("3119520", "Θησεύς", "Πατελής", "Female", "1965-08-23", "2020-11-09", "3119059");
INSERT INTO Researcher (Researcher_ID,Name,Surname,Gender,Birth_Date,Recruitment_Date,Organization_ID) VALUES ("3119521", "Κονδυλία", "Moyer", "Other", "1976-02-03", "2022-05-24", "3119037");
INSERT INTO Researcher (Researcher_ID,Name,Surname,Gender,Birth_Date,Recruitment_Date,Organization_ID) VALUES ("3119522", "Λασκαρίνα", "Παλαιολογοπούλου", "Male", "1984-06-19", "2021-05-27", "3119102");
INSERT INTO Researcher (Researcher_ID,Name,Surname,Gender,Birth_Date,Recruitment_Date,Organization_ID) VALUES ("3119523", "Wendy", "Θωμάς", "Female", "1990-01-28", "2020-04-27", "3119039");
INSERT INTO Researcher (Researcher_ID,Name,Surname,Gender,Birth_Date,Recruitment_Date,Organization_ID) VALUES ("3119524", "Ανατολή", "Ferguson", "Other", "1975-10-22", "2021-10-25", "3119103");
INSERT INTO Researcher (Researcher_ID,Name,Surname,Gender,Birth_Date,Recruitment_Date,Organization_ID) VALUES ("3119525", "Μιχαέλα", "Μιλέα", "Male", "1991-09-11", "2021-09-25", "3119000");
INSERT INTO Researcher (Researcher_ID,Name,Surname,Gender,Birth_Date,Recruitment_Date,Organization_ID) VALUES ("3119526", "Thomas", "Πετριτάκης", "Female", "1977-03-15", "2022-03-15", "3119074");
INSERT INTO Researcher (Researcher_ID,Name,Surname,Gender,Birth_Date,Recruitment_Date,Organization_ID) VALUES ("3119527", "Βλάσιος", "Αντωνάκος", "Other", "1983-07-29", "2020-08-30", "3119188");
INSERT INTO Researcher (Researcher_ID,Name,Surname,Gender,Birth_Date,Recruitment_Date,Organization_ID) VALUES ("3119528", "Katherine", "Foster", "Male", "1970-03-22", "2020-06-03", "3119182");
INSERT INTO Researcher (Researcher_ID,Name,Surname,Gender,Birth_Date,Recruitment_Date,Organization_ID) VALUES ("3119529", "Δράκων", "Jacobson", "Female", "2002-01-09", "2021-07-07", "3119141");
INSERT INTO Researcher (Researcher_ID,Name,Surname,Gender,Birth_Date,Recruitment_Date,Organization_ID) VALUES ("3119530", "Νίκανδρος", "Σολωμίδου", "Other", "1971-12-02", "2020-08-08", "3119114");
INSERT INTO Researcher (Researcher_ID,Name,Surname,Gender,Birth_Date,Recruitment_Date,Organization_ID) VALUES ("3119531", "Κυπαρισσία", "Rodriguez", "Male", "1991-01-02", "2020-06-27", "3119049");
INSERT INTO Researcher (Researcher_ID,Name,Surname,Gender,Birth_Date,Recruitment_Date,Organization_ID) VALUES ("3119532", "Brandon", "Reeves", "Female", "1983-09-20", "2020-06-06", "3119192");
INSERT INTO Researcher (Researcher_ID,Name,Surname,Gender,Birth_Date,Recruitment_Date,Organization_ID) VALUES ("3119533", "Michele", "Δρυμαλίτου", "Other", "2001-12-18", "2021-11-01", "3119046");
INSERT INTO Researcher (Researcher_ID,Name,Surname,Gender,Birth_Date,Recruitment_Date,Organization_ID) VALUES ("3119534", "Spencer", "Χριστοδούλου", "Male", "1984-03-26", "2020-08-26", "3119004");
INSERT INTO Researcher (Researcher_ID,Name,Surname,Gender,Birth_Date,Recruitment_Date,Organization_ID) VALUES ("3119535", "Jo", "Ρόγγα", "Female", "1980-02-07", "2020-03-13", "3119082");
INSERT INTO Researcher (Researcher_ID,Name,Surname,Gender,Birth_Date,Recruitment_Date,Organization_ID) VALUES ("3119536", "Anna", "Ράλλης", "Other", "1987-03-24", "2020-03-05", "3119184");
INSERT INTO Researcher (Researcher_ID,Name,Surname,Gender,Birth_Date,Recruitment_Date,Organization_ID) VALUES ("3119537", "Μάριος", "Δαρσακλή", "Male", "1964-05-16", "2022-03-03", "3119189");
INSERT INTO Researcher (Researcher_ID,Name,Surname,Gender,Birth_Date,Recruitment_Date,Organization_ID) VALUES ("3119538", "Βάγια", "Wright", "Female", "1996-11-25", "2020-07-13", "3119135");
INSERT INTO Researcher (Researcher_ID,Name,Surname,Gender,Birth_Date,Recruitment_Date,Organization_ID) VALUES ("3119539", "Michael", "Tate", "Other", "1988-03-10", "2020-08-06", "3119164");
INSERT INTO Researcher (Researcher_ID,Name,Surname,Gender,Birth_Date,Recruitment_Date,Organization_ID) VALUES ("3119540", "Περιστέρα", "Καρανασίου", "Male", "1991-07-22", "2021-03-01", "3119199");
INSERT INTO Researcher (Researcher_ID,Name,Surname,Gender,Birth_Date,Recruitment_Date,Organization_ID) VALUES ("3119541", "Αλέξανδρος", "Taylor", "Female", "1982-09-18", "2020-06-04", "3119006");
INSERT INTO Researcher (Researcher_ID,Name,Surname,Gender,Birth_Date,Recruitment_Date,Organization_ID) VALUES ("3119542", "Shawn", "Αλαφάκης", "Other", "1996-05-26", "2020-12-19", "3119045");
INSERT INTO Researcher (Researcher_ID,Name,Surname,Gender,Birth_Date,Recruitment_Date,Organization_ID) VALUES ("3119543", "Connie", "Κουρής", "Male", "1989-06-25", "2020-10-15", "3119175");
INSERT INTO Researcher (Researcher_ID,Name,Surname,Gender,Birth_Date,Recruitment_Date,Organization_ID) VALUES ("3119544", "Μαυρίκιος", "Williams", "Female", "1971-08-05", "2021-04-12", "3119185");
INSERT INTO Researcher (Researcher_ID,Name,Surname,Gender,Birth_Date,Recruitment_Date,Organization_ID) VALUES ("3119545", "Steven", "Πετρογιάννης", "Other", "1991-06-10", "2020-01-25", "3119164");
INSERT INTO Researcher (Researcher_ID,Name,Surname,Gender,Birth_Date,Recruitment_Date,Organization_ID) VALUES ("3119546", "Πούλια", "Schultz", "Male", "1976-09-25", "2020-06-08", "3119092");
INSERT INTO Researcher (Researcher_ID,Name,Surname,Gender,Birth_Date,Recruitment_Date,Organization_ID) VALUES ("3119547", "Ζαφείρης", "Μαστρογιαννίδου", "Female", "1998-01-29", "2020-01-10", "3119051");
INSERT INTO Researcher (Researcher_ID,Name,Surname,Gender,Birth_Date,Recruitment_Date,Organization_ID) VALUES ("3119548", "Victoria", "Reynolds", "Other", "1971-08-04", "2021-07-14", "3119049");
INSERT INTO Researcher (Researcher_ID,Name,Surname,Gender,Birth_Date,Recruitment_Date,Organization_ID) VALUES ("3119549", "Eric", "Ruiz", "Male", "1977-04-18", "2020-05-31", "3119110");
INSERT INTO Researcher (Researcher_ID,Name,Surname,Gender,Birth_Date,Recruitment_Date,Organization_ID) VALUES ("3119550", "Λαέρτης", "Παπαθανασίου", "Female", "1988-01-18", "2021-08-14", "3119106");
INSERT INTO Researcher (Researcher_ID,Name,Surname,Gender,Birth_Date,Recruitment_Date,Organization_ID) VALUES ("3119551", "Νικολίτσα", "Bradley", "Other", "2000-07-29", "2020-07-03", "3119177");
INSERT INTO Researcher (Researcher_ID,Name,Surname,Gender,Birth_Date,Recruitment_Date,Organization_ID) VALUES ("3119552", "Erica", "Pacheco", "Male", "1967-01-29", "2020-04-07", "3119154");
INSERT INTO Researcher (Researcher_ID,Name,Surname,Gender,Birth_Date,Recruitment_Date,Organization_ID) VALUES ("3119553", "Κλέαρχος", "Γκόβα", "Female", "1965-10-09", "2021-06-13", "3119113");
INSERT INTO Researcher (Researcher_ID,Name,Surname,Gender,Birth_Date,Recruitment_Date,Organization_ID) VALUES ("3119554", "John", "Palmer", "Other", "1970-05-04", "2022-01-13", "3119161");
INSERT INTO Researcher (Researcher_ID,Name,Surname,Gender,Birth_Date,Recruitment_Date,Organization_ID) VALUES ("3119555", "Ashley", "Yu", "Male", "1987-04-05", "2021-09-12", "3119087");
INSERT INTO Researcher (Researcher_ID,Name,Surname,Gender,Birth_Date,Recruitment_Date,Organization_ID) VALUES ("3119556", "Traci", "Γούπα", "Female", "1995-11-17", "2020-12-02", "3119143");
INSERT INTO Researcher (Researcher_ID,Name,Surname,Gender,Birth_Date,Recruitment_Date,Organization_ID) VALUES ("3119557", "Michael", "Ortiz", "Other", "1985-06-19", "2022-05-29", "3119157");
INSERT INTO Researcher (Researcher_ID,Name,Surname,Gender,Birth_Date,Recruitment_Date,Organization_ID) VALUES ("3119558", "Tanya", "Νιτσοτόλης", "Male", "1998-01-05", "2021-08-15", "3119171");
INSERT INTO Researcher (Researcher_ID,Name,Surname,Gender,Birth_Date,Recruitment_Date,Organization_ID) VALUES ("3119559", "Seth", "Ζηδιανάκης", "Female", "2001-04-22", "2020-09-30", "3119152");
INSERT INTO Researcher (Researcher_ID,Name,Surname,Gender,Birth_Date,Recruitment_Date,Organization_ID) VALUES ("3119560", "Μάνθα", "Wells", "Other", "1998-07-23", "2020-01-01", "3119069");
INSERT INTO Researcher (Researcher_ID,Name,Surname,Gender,Birth_Date,Recruitment_Date,Organization_ID) VALUES ("3119561", "Αφέντρα", "Μανούκας", "Male", "1962-10-01", "2020-09-01", "3119190");
INSERT INTO Researcher (Researcher_ID,Name,Surname,Gender,Birth_Date,Recruitment_Date,Organization_ID) VALUES ("3119562", "Αμβροσία", "Τσαμπούρη", "Female", "1965-09-07", "2021-02-26", "3119185");
INSERT INTO Researcher (Researcher_ID,Name,Surname,Gender,Birth_Date,Recruitment_Date,Organization_ID) VALUES ("3119563", "Παταπία", "Turner", "Other", "1995-02-21", "2022-04-28", "3119081");
INSERT INTO Researcher (Researcher_ID,Name,Surname,Gender,Birth_Date,Recruitment_Date,Organization_ID) VALUES ("3119564", "Carlos", "Βούκας", "Male", "1976-03-16", "2020-09-10", "3119169");
INSERT INTO Researcher (Researcher_ID,Name,Surname,Gender,Birth_Date,Recruitment_Date,Organization_ID) VALUES ("3119565", "Jose", "Ζαρειφοπούλου", "Female", "1983-08-16", "2020-10-18", "3119004");
INSERT INTO Researcher (Researcher_ID,Name,Surname,Gender,Birth_Date,Recruitment_Date,Organization_ID) VALUES ("3119566", "Ρωμανός", "Clark", "Other", "1970-02-26", "2020-11-20", "3119089");
INSERT INTO Researcher (Researcher_ID,Name,Surname,Gender,Birth_Date,Recruitment_Date,Organization_ID) VALUES ("3119567", "Ξανθή", "Καρανάνου", "Male", "1989-07-04", "2021-03-06", "3119008");
INSERT INTO Researcher (Researcher_ID,Name,Surname,Gender,Birth_Date,Recruitment_Date,Organization_ID) VALUES ("3119568", "Ελένη", "Σαμπάνη", "Female", "1987-08-16", "2021-10-04", "3119038");
INSERT INTO Researcher (Researcher_ID,Name,Surname,Gender,Birth_Date,Recruitment_Date,Organization_ID) VALUES ("3119569", "Εύα", "Torres", "Other", "1988-01-05", "2021-10-31", "3119165");
INSERT INTO Researcher (Researcher_ID,Name,Surname,Gender,Birth_Date,Recruitment_Date,Organization_ID) VALUES ("3119570", "Αθανασία", "Wolfe", "Male", "1976-10-15", "2022-03-07", "3119059");
INSERT INTO Researcher (Researcher_ID,Name,Surname,Gender,Birth_Date,Recruitment_Date,Organization_ID) VALUES ("3119571", "Αλέξιος", "Βασιλάκης", "Female", "1979-08-08", "2020-06-12", "3119092");
INSERT INTO Researcher (Researcher_ID,Name,Surname,Gender,Birth_Date,Recruitment_Date,Organization_ID) VALUES ("3119572", "Brittany", "Pruitt", "Other", "1975-05-14", "2020-12-07", "3119162");
INSERT INTO Researcher (Researcher_ID,Name,Surname,Gender,Birth_Date,Recruitment_Date,Organization_ID) VALUES ("3119573", "Sarah", "Λαμπρινός", "Male", "1982-04-03", "2021-02-20", "3119000");
INSERT INTO Researcher (Researcher_ID,Name,Surname,Gender,Birth_Date,Recruitment_Date,Organization_ID) VALUES ("3119574", "William", "Bell", "Female", "1994-03-13", "2021-12-22", "3119016");
INSERT INTO Researcher (Researcher_ID,Name,Surname,Gender,Birth_Date,Recruitment_Date,Organization_ID) VALUES ("3119575", "Andrew", "Τσατσάνης", "Other", "1996-12-27", "2020-07-01", "3119111");
INSERT INTO Researcher (Researcher_ID,Name,Surname,Gender,Birth_Date,Recruitment_Date,Organization_ID) VALUES ("3119576", "Δαμιανή", "Μυλωνίδου", "Male", "1972-09-25", "2021-02-06", "3119070");
INSERT INTO Researcher (Researcher_ID,Name,Surname,Gender,Birth_Date,Recruitment_Date,Organization_ID) VALUES ("3119577", "Ξενοφών", "Κουτσούμπεη", "Female", "1971-11-04", "2021-06-05", "3119175");
INSERT INTO Researcher (Researcher_ID,Name,Surname,Gender,Birth_Date,Recruitment_Date,Organization_ID) VALUES ("3119578", "Διαμάντω", "Τάσση", "Other", "1961-08-31", "2021-04-22", "3119012");
INSERT INTO Researcher (Researcher_ID,Name,Surname,Gender,Birth_Date,Recruitment_Date,Organization_ID) VALUES ("3119579", "Dana", "Snyder", "Male", "1964-03-16", "2020-11-25", "3119056");
INSERT INTO Researcher (Researcher_ID,Name,Surname,Gender,Birth_Date,Recruitment_Date,Organization_ID) VALUES ("3119580", "Ανδρόνικος", "Χέλιος", "Female", "1967-12-13", "2020-11-04", "3119193");
INSERT INTO Researcher (Researcher_ID,Name,Surname,Gender,Birth_Date,Recruitment_Date,Organization_ID) VALUES ("3119581", "Jacob", "Καραγρηγορίου", "Other", "1974-07-31", "2021-02-20", "3119127");
INSERT INTO Researcher (Researcher_ID,Name,Surname,Gender,Birth_Date,Recruitment_Date,Organization_ID) VALUES ("3119582", "Heather", "Guzman", "Male", "2000-04-09", "2020-03-05", "3119037");
INSERT INTO Researcher (Researcher_ID,Name,Surname,Gender,Birth_Date,Recruitment_Date,Organization_ID) VALUES ("3119583", "Collin", "Αραμπατζής", "Female", "1972-01-19", "2021-01-05", "3119186");
INSERT INTO Researcher (Researcher_ID,Name,Surname,Gender,Birth_Date,Recruitment_Date,Organization_ID) VALUES ("3119584", "Matthew", "Κεχαγιάς", "Other", "1967-07-24", "2020-12-10", "3119156");
INSERT INTO Researcher (Researcher_ID,Name,Surname,Gender,Birth_Date,Recruitment_Date,Organization_ID) VALUES ("3119585", "Θαλασσινή", "Αγγελίκας", "Male", "1962-12-10", "2020-03-05", "3119084");
INSERT INTO Researcher (Researcher_ID,Name,Surname,Gender,Birth_Date,Recruitment_Date,Organization_ID) VALUES ("3119586", "Cassie", "Πουλιέζος", "Female", "1962-08-02", "2021-06-03", "3119079");
INSERT INTO Researcher (Researcher_ID,Name,Surname,Gender,Birth_Date,Recruitment_Date,Organization_ID) VALUES ("3119587", "Απόλλων", "Νικουλής", "Other", "1963-05-07", "2020-04-20", "3119138");
INSERT INTO Researcher (Researcher_ID,Name,Surname,Gender,Birth_Date,Recruitment_Date,Organization_ID) VALUES ("3119588", "Richard", "Moon", "Male", "1982-11-01", "2021-08-22", "3119075");
INSERT INTO Researcher (Researcher_ID,Name,Surname,Gender,Birth_Date,Recruitment_Date,Organization_ID) VALUES ("3119589", "Ryan", "Little", "Female", "1982-04-16", "2021-12-02", "3119147");
INSERT INTO Researcher (Researcher_ID,Name,Surname,Gender,Birth_Date,Recruitment_Date,Organization_ID) VALUES ("3119590", "Παντούλα", "Γενετζάκης", "Other", "1970-11-26", "2020-07-09", "3119141");
INSERT INTO Researcher (Researcher_ID,Name,Surname,Gender,Birth_Date,Recruitment_Date,Organization_ID) VALUES ("3119591", "Ξανθίππη", "Γκανάτσιος", "Male", "1979-08-28", "2022-04-04", "3119095");
INSERT INTO Researcher (Researcher_ID,Name,Surname,Gender,Birth_Date,Recruitment_Date,Organization_ID) VALUES ("3119592", "Ηλίας", "Φασουλή", "Female", "2001-12-27", "2020-05-11", "3119022");
INSERT INTO Researcher (Researcher_ID,Name,Surname,Gender,Birth_Date,Recruitment_Date,Organization_ID) VALUES ("3119593", "Περικλεία", "Τσάκη", "Other", "1975-09-19", "2021-11-23", "3119081");
INSERT INTO Researcher (Researcher_ID,Name,Surname,Gender,Birth_Date,Recruitment_Date,Organization_ID) VALUES ("3119594", "Πολυζώης", "Smith", "Male", "1985-04-13", "2022-01-11", "3119196");
INSERT INTO Researcher (Researcher_ID,Name,Surname,Gender,Birth_Date,Recruitment_Date,Organization_ID) VALUES ("3119595", "Θεοδώρα", "Βαβουράκης", "Female", "1963-10-22", "2020-12-13", "3119189");
INSERT INTO Researcher (Researcher_ID,Name,Surname,Gender,Birth_Date,Recruitment_Date,Organization_ID) VALUES ("3119596", "Φωτεινή", "Price", "Other", "1968-07-18", "2021-10-08", "3119107");
INSERT INTO Researcher (Researcher_ID,Name,Surname,Gender,Birth_Date,Recruitment_Date,Organization_ID) VALUES ("3119597", "Στεφανία", "Wall", "Male", "1965-04-08", "2022-01-06", "3119170");
INSERT INTO Researcher (Researcher_ID,Name,Surname,Gender,Birth_Date,Recruitment_Date,Organization_ID) VALUES ("3119598", "Jennifer", "Πάνου", "Female", "1983-07-30", "2020-12-09", "3119105");
INSERT INTO Researcher (Researcher_ID,Name,Surname,Gender,Birth_Date,Recruitment_Date,Organization_ID) VALUES ("3119599", "Αρχοντία", "Ακαλίδης", "Other", "1997-10-02", "2021-11-20", "3119153");
INSERT INTO Researcher (Researcher_ID,Name,Surname,Gender,Birth_Date,Recruitment_Date,Organization_ID) VALUES ("3119600", "Kenneth", "Βραδή", "Male", "1961-07-22", "2020-11-01", "3119048");
INSERT INTO Researcher (Researcher_ID,Name,Surname,Gender,Birth_Date,Recruitment_Date,Organization_ID) VALUES ("3119601", "Lawrence", "Κουτσογιάννόπουλος", "Female", "1993-01-12", "2020-11-27", "3119075");
INSERT INTO Researcher (Researcher_ID,Name,Surname,Gender,Birth_Date,Recruitment_Date,Organization_ID) VALUES ("3119602", "Ευστράτιος", "Πάντος", "Other", "1984-02-08", "2022-04-24", "3119033");
INSERT INTO Researcher (Researcher_ID,Name,Surname,Gender,Birth_Date,Recruitment_Date,Organization_ID) VALUES ("3119603", "Michael", "Peterson", "Male", "1994-11-21", "2020-10-26", "3119098");
INSERT INTO Researcher (Researcher_ID,Name,Surname,Gender,Birth_Date,Recruitment_Date,Organization_ID) VALUES ("3119604", "David", "Μανελίδης", "Female", "1982-02-06", "2021-06-30", "3119174");
INSERT INTO Researcher (Researcher_ID,Name,Surname,Gender,Birth_Date,Recruitment_Date,Organization_ID) VALUES ("3119605", "Μελπομένη", "Πάντου", "Other", "1974-03-11", "2020-07-17", "3119188");
INSERT INTO Researcher (Researcher_ID,Name,Surname,Gender,Birth_Date,Recruitment_Date,Organization_ID) VALUES ("3119606", "Παντελεήμων", "Γκουτζαμάνης", "Male", "1961-08-19", "2021-01-03", "3119019");
INSERT INTO Researcher (Researcher_ID,Name,Surname,Gender,Birth_Date,Recruitment_Date,Organization_ID) VALUES ("3119607", "Jennifer", "Σαββάκη", "Female", "1962-11-28", "2021-03-24", "3119104");
INSERT INTO Researcher (Researcher_ID,Name,Surname,Gender,Birth_Date,Recruitment_Date,Organization_ID) VALUES ("3119608", "Ιουλιανή", "Miller", "Other", "2000-03-17", "2021-06-29", "3119076");
INSERT INTO Researcher (Researcher_ID,Name,Surname,Gender,Birth_Date,Recruitment_Date,Organization_ID) VALUES ("3119609", "Πολύβια", "Λιάνου", "Male", "1981-11-20", "2022-01-06", "3119187");
INSERT INTO Researcher (Researcher_ID,Name,Surname,Gender,Birth_Date,Recruitment_Date,Organization_ID) VALUES ("3119610", "Michele", "Jordan", "Female", "1995-03-29", "2021-01-18", "3119176");
INSERT INTO Researcher (Researcher_ID,Name,Surname,Gender,Birth_Date,Recruitment_Date,Organization_ID) VALUES ("3119611", "Υάκινθος", "Κυργιάκης", "Other", "1983-05-29", "2022-02-04", "3119054");
INSERT INTO Researcher (Researcher_ID,Name,Surname,Gender,Birth_Date,Recruitment_Date,Organization_ID) VALUES ("3119612", "Nicholas", "Νικολάτου", "Male", "1984-11-24", "2022-03-09", "3119123");
INSERT INTO Researcher (Researcher_ID,Name,Surname,Gender,Birth_Date,Recruitment_Date,Organization_ID) VALUES ("3119613", "George", "Γκιολδελής", "Female", "2002-04-13", "2021-02-25", "3119185");
INSERT INTO Researcher (Researcher_ID,Name,Surname,Gender,Birth_Date,Recruitment_Date,Organization_ID) VALUES ("3119614", "Αγάπη", "Μαντάς", "Other", "1984-01-07", "2022-05-29", "3119050");
INSERT INTO Researcher (Researcher_ID,Name,Surname,Gender,Birth_Date,Recruitment_Date,Organization_ID) VALUES ("3119615", "Isabella", "Allen", "Male", "1969-10-18", "2021-09-24", "3119031");
INSERT INTO Researcher (Researcher_ID,Name,Surname,Gender,Birth_Date,Recruitment_Date,Organization_ID) VALUES ("3119616", "Λυκούργος", "Γκουτζαμάνης", "Female", "1987-11-01", "2021-09-10", "3119047");
INSERT INTO Researcher (Researcher_ID,Name,Surname,Gender,Birth_Date,Recruitment_Date,Organization_ID) VALUES ("3119617", "Ηράκλεια", "Χιωτίδου", "Other", "1961-09-16", "2020-07-03", "3119091");
INSERT INTO Researcher (Researcher_ID,Name,Surname,Gender,Birth_Date,Recruitment_Date,Organization_ID) VALUES ("3119618", "Ryan", "Sanchez", "Male", "1965-08-23", "2021-04-17", "3119024");
INSERT INTO Researcher (Researcher_ID,Name,Surname,Gender,Birth_Date,Recruitment_Date,Organization_ID) VALUES ("3119619", "Βαρσαμία", "Γρίβας", "Female", "1990-07-20", "2020-05-10", "3119135");
INSERT INTO Researcher (Researcher_ID,Name,Surname,Gender,Birth_Date,Recruitment_Date,Organization_ID) VALUES ("3119620", "Dave", "Hurley", "Other", "1976-01-22", "2021-09-18", "3119016");
INSERT INTO Researcher (Researcher_ID,Name,Surname,Gender,Birth_Date,Recruitment_Date,Organization_ID) VALUES ("3119621", "Φιλίππα", "Μακρής", "Male", "1996-05-19", "2020-05-18", "3119047");
INSERT INTO Researcher (Researcher_ID,Name,Surname,Gender,Birth_Date,Recruitment_Date,Organization_ID) VALUES ("3119622", "Heidi", "Brown", "Female", "1979-11-26", "2021-06-22", "3119137");
INSERT INTO Researcher (Researcher_ID,Name,Surname,Gender,Birth_Date,Recruitment_Date,Organization_ID) VALUES ("3119623", "Αιμιλία", "Γεωργίτση", "Other", "1982-08-11", "2020-09-19", "3119095");
INSERT INTO Researcher (Researcher_ID,Name,Surname,Gender,Birth_Date,Recruitment_Date,Organization_ID) VALUES ("3119624", "Αρχιμήδης", "Ψυλλάκης", "Male", "1977-05-24", "2022-04-17", "3119043");
INSERT INTO Researcher (Researcher_ID,Name,Surname,Gender,Birth_Date,Recruitment_Date,Organization_ID) VALUES ("3119625", "Χρυσόστομος", "Ward", "Female", "1999-07-28", "2022-05-12", "3119102");
INSERT INTO Researcher (Researcher_ID,Name,Surname,Gender,Birth_Date,Recruitment_Date,Organization_ID) VALUES ("3119626", "Ιερώνυμος", "Φωκαδελής", "Other", "1994-06-11", "2021-11-22", "3119189");
INSERT INTO Researcher (Researcher_ID,Name,Surname,Gender,Birth_Date,Recruitment_Date,Organization_ID) VALUES ("3119627", "Νεφέλη", "Watson", "Male", "1985-01-19", "2021-04-09", "3119022");
INSERT INTO Researcher (Researcher_ID,Name,Surname,Gender,Birth_Date,Recruitment_Date,Organization_ID) VALUES ("3119628", "Bruce", "Σπορδιλής", "Female", "1983-04-18", "2020-03-25", "3119020");
INSERT INTO Researcher (Researcher_ID,Name,Surname,Gender,Birth_Date,Recruitment_Date,Organization_ID) VALUES ("3119629", "Υπαπαντή", "Schneider", "Other", "1999-08-16", "2020-08-14", "3119023");
INSERT INTO Researcher (Researcher_ID,Name,Surname,Gender,Birth_Date,Recruitment_Date,Organization_ID) VALUES ("3119630", "Melissa", "Σαμανίδης", "Male", "1991-02-02", "2021-02-02", "3119180");
INSERT INTO Researcher (Researcher_ID,Name,Surname,Gender,Birth_Date,Recruitment_Date,Organization_ID) VALUES ("3119631", "Σπυράννα", "Δήμου", "Female", "1976-02-28", "2021-07-23", "3119012");
INSERT INTO Researcher (Researcher_ID,Name,Surname,Gender,Birth_Date,Recruitment_Date,Organization_ID) VALUES ("3119632", "Lindsay", "Βουτσελας", "Other", "1966-09-22", "2021-06-21", "3119119");
INSERT INTO Researcher (Researcher_ID,Name,Surname,Gender,Birth_Date,Recruitment_Date,Organization_ID) VALUES ("3119633", "Heather", "Sims", "Male", "1973-01-31", "2020-08-26", "3119178");
INSERT INTO Researcher (Researcher_ID,Name,Surname,Gender,Birth_Date,Recruitment_Date,Organization_ID) VALUES ("3119634", "Allison", "Σόφρα", "Female", "1978-04-20", "2021-03-08", "3119121");
INSERT INTO Researcher (Researcher_ID,Name,Surname,Gender,Birth_Date,Recruitment_Date,Organization_ID) VALUES ("3119635", "Stacy", "Αγγελίδης", "Other", "1965-06-27", "2021-06-26", "3119148");
INSERT INTO Researcher (Researcher_ID,Name,Surname,Gender,Birth_Date,Recruitment_Date,Organization_ID) VALUES ("3119636", "Ασπασία", "Pratt", "Male", "1992-06-01", "2021-09-22", "3119059");
INSERT INTO Researcher (Researcher_ID,Name,Surname,Gender,Birth_Date,Recruitment_Date,Organization_ID) VALUES ("3119637", "Jerry", "Γκανάτσιος", "Female", "1996-02-18", "2020-04-28", "3119105");
INSERT INTO Researcher (Researcher_ID,Name,Surname,Gender,Birth_Date,Recruitment_Date,Organization_ID) VALUES ("3119638", "John", "Dawson", "Other", "1972-11-03", "2021-11-01", "3119071");
INSERT INTO Researcher (Researcher_ID,Name,Surname,Gender,Birth_Date,Recruitment_Date,Organization_ID) VALUES ("3119639", "Βησσαρία", "Γκούβα", "Male", "1991-02-13", "2020-02-18", "3119060");
INSERT INTO Researcher (Researcher_ID,Name,Surname,Gender,Birth_Date,Recruitment_Date,Organization_ID) VALUES ("3119640", "Αμφιτρίτη", "Κλήμης", "Female", "1967-08-26", "2021-03-13", "3119179");
INSERT INTO Researcher (Researcher_ID,Name,Surname,Gender,Birth_Date,Recruitment_Date,Organization_ID) VALUES ("3119641", "Δημήτριος", "Τσαντίδου", "Other", "1991-10-31", "2021-01-14", "3119021");
INSERT INTO Researcher (Researcher_ID,Name,Surname,Gender,Birth_Date,Recruitment_Date,Organization_ID) VALUES ("3119642", "Brandy", "Sullivan", "Male", "1995-08-27", "2021-04-02", "3119170");
INSERT INTO Researcher (Researcher_ID,Name,Surname,Gender,Birth_Date,Recruitment_Date,Organization_ID) VALUES ("3119643", "Οδυσσέας", "Αντωνίου", "Female", "1983-07-18", "2021-02-17", "3119179");
INSERT INTO Researcher (Researcher_ID,Name,Surname,Gender,Birth_Date,Recruitment_Date,Organization_ID) VALUES ("3119644", "Σταύρος", "Herman", "Other", "1995-01-25", "2021-07-14", "3119012");
INSERT INTO Researcher (Researcher_ID,Name,Surname,Gender,Birth_Date,Recruitment_Date,Organization_ID) VALUES ("3119645", "Mackenzie", "Τσούπρας", "Male", "1967-08-24", "2020-10-18", "3119093");
INSERT INTO Researcher (Researcher_ID,Name,Surname,Gender,Birth_Date,Recruitment_Date,Organization_ID) VALUES ("3119646", "Natalie", "Τρεντσίου", "Female", "1975-03-16", "2021-10-27", "3119165");
INSERT INTO Researcher (Researcher_ID,Name,Surname,Gender,Birth_Date,Recruitment_Date,Organization_ID) VALUES ("3119647", "Matthew", "Jimenez", "Other", "1972-02-08", "2022-05-28", "3119042");
INSERT INTO Researcher (Researcher_ID,Name,Surname,Gender,Birth_Date,Recruitment_Date,Organization_ID) VALUES ("3119648", "Αντίπατρος", "Τσετσέρη", "Male", "1992-05-11", "2022-04-11", "3119053");
INSERT INTO Researcher (Researcher_ID,Name,Surname,Gender,Birth_Date,Recruitment_Date,Organization_ID) VALUES ("3119649", "Μιχαήλ", "Ασημακόπουλος", "Female", "2000-06-12", "2021-03-14", "3119000");
INSERT INTO Researcher (Researcher_ID,Name,Surname,Gender,Birth_Date,Recruitment_Date,Organization_ID) VALUES ("3119650", "Madison", "Walker", "Other", "1996-12-13", "2021-08-21", "3119071");
INSERT INTO Researcher (Researcher_ID,Name,Surname,Gender,Birth_Date,Recruitment_Date,Organization_ID) VALUES ("3119651", "Cory", "Edwards", "Male", "1992-08-19", "2021-01-30", "3119074");
INSERT INTO Researcher (Researcher_ID,Name,Surname,Gender,Birth_Date,Recruitment_Date,Organization_ID) VALUES ("3119652", "Carol", "Allen", "Female", "1965-11-11", "2020-06-07", "3119166");
INSERT INTO Researcher (Researcher_ID,Name,Surname,Gender,Birth_Date,Recruitment_Date,Organization_ID) VALUES ("3119653", "Φλοριάντ", "Βορλόκας", "Other", "1962-05-07", "2020-10-16", "3119109");
INSERT INTO Researcher (Researcher_ID,Name,Surname,Gender,Birth_Date,Recruitment_Date,Organization_ID) VALUES ("3119654", "William", "Ανδριανός", "Male", "1978-06-10", "2021-12-26", "3119037");
INSERT INTO Researcher (Researcher_ID,Name,Surname,Gender,Birth_Date,Recruitment_Date,Organization_ID) VALUES ("3119655", "Jared", "Carroll", "Female", "2001-02-19", "2021-01-05", "3119046");
INSERT INTO Researcher (Researcher_ID,Name,Surname,Gender,Birth_Date,Recruitment_Date,Organization_ID) VALUES ("3119656", "Ryan", "Τζιρατούδη", "Other", "1974-08-21", "2020-07-29", "3119086");
INSERT INTO Researcher (Researcher_ID,Name,Surname,Gender,Birth_Date,Recruitment_Date,Organization_ID) VALUES ("3119657", "Προμηθέας", "Αποστολίδου", "Male", "1967-05-13", "2021-12-26", "3119092");
INSERT INTO Researcher (Researcher_ID,Name,Surname,Gender,Birth_Date,Recruitment_Date,Organization_ID) VALUES ("3119658", "Ιωσήφ", "Allen", "Female", "1969-05-05", "2022-03-04", "3119098");
INSERT INTO Researcher (Researcher_ID,Name,Surname,Gender,Birth_Date,Recruitment_Date,Organization_ID) VALUES ("3119659", "Charles", "Smith", "Other", "1988-07-26", "2022-03-05", "3119049");
INSERT INTO Researcher (Researcher_ID,Name,Surname,Gender,Birth_Date,Recruitment_Date,Organization_ID) VALUES ("3119660", "John", "Johnson", "Male", "1977-08-19", "2021-06-16", "3119172");
INSERT INTO Researcher (Researcher_ID,Name,Surname,Gender,Birth_Date,Recruitment_Date,Organization_ID) VALUES ("3119661", "Μίνωας", "Martin", "Female", "1989-11-22", "2021-12-21", "3119135");
INSERT INTO Researcher (Researcher_ID,Name,Surname,Gender,Birth_Date,Recruitment_Date,Organization_ID) VALUES ("3119662", "Roberta", "Βούκας", "Other", "1998-11-02", "2021-02-25", "3119108");
INSERT INTO Researcher (Researcher_ID,Name,Surname,Gender,Birth_Date,Recruitment_Date,Organization_ID) VALUES ("3119663", "Noah", "Ξενάκη", "Male", "1985-06-03", "2020-05-21", "3119098");
INSERT INTO Researcher (Researcher_ID,Name,Surname,Gender,Birth_Date,Recruitment_Date,Organization_ID) VALUES ("3119664", "Erik", "Skinner", "Female", "1994-12-11", "2022-01-16", "3119199");
INSERT INTO Researcher (Researcher_ID,Name,Surname,Gender,Birth_Date,Recruitment_Date,Organization_ID) VALUES ("3119665", "Kara", "Νανούρης", "Other", "1986-06-13", "2020-07-19", "3119025");
INSERT INTO Researcher (Researcher_ID,Name,Surname,Gender,Birth_Date,Recruitment_Date,Organization_ID) VALUES ("3119666", "Μενέλαος", "Μεξή", "Male", "1971-03-21", "2021-06-11", "3119057");
INSERT INTO Researcher (Researcher_ID,Name,Surname,Gender,Birth_Date,Recruitment_Date,Organization_ID) VALUES ("3119667", "Jeffrey", "Phillips", "Female", "1999-02-08", "2021-07-05", "3119090");
INSERT INTO Researcher (Researcher_ID,Name,Surname,Gender,Birth_Date,Recruitment_Date,Organization_ID) VALUES ("3119668", "Βικτωρία", "Δεδούκου", "Other", "1989-04-19", "2021-10-14", "3119150");
INSERT INTO Researcher (Researcher_ID,Name,Surname,Gender,Birth_Date,Recruitment_Date,Organization_ID) VALUES ("3119669", "Joseph", "Αργυρίου", "Male", "1977-07-08", "2021-09-29", "3119110");
INSERT INTO Researcher (Researcher_ID,Name,Surname,Gender,Birth_Date,Recruitment_Date,Organization_ID) VALUES ("3119670", "Billy", "Καζανόπουλος", "Female", "1984-04-17", "2021-07-07", "3119118");
INSERT INTO Researcher (Researcher_ID,Name,Surname,Gender,Birth_Date,Recruitment_Date,Organization_ID) VALUES ("3119671", "Elizabeth", "Williams", "Other", "1983-02-27", "2022-03-28", "3119035");
INSERT INTO Researcher (Researcher_ID,Name,Surname,Gender,Birth_Date,Recruitment_Date,Organization_ID) VALUES ("3119672", "Mary", "Castro", "Male", "1975-05-06", "2022-02-21", "3119046");
INSERT INTO Researcher (Researcher_ID,Name,Surname,Gender,Birth_Date,Recruitment_Date,Organization_ID) VALUES ("3119673", "Φοίβη", "Μανούκας", "Female", "1967-06-27", "2021-11-09", "3119142");
INSERT INTO Researcher (Researcher_ID,Name,Surname,Gender,Birth_Date,Recruitment_Date,Organization_ID) VALUES ("3119674", "Kevin", "Martin", "Other", "1994-02-25", "2022-01-08", "3119146");
INSERT INTO Researcher (Researcher_ID,Name,Surname,Gender,Birth_Date,Recruitment_Date,Organization_ID) VALUES ("3119675", "David", "Hernandez", "Male", "1999-12-05", "2021-03-25", "3119033");
INSERT INTO Researcher (Researcher_ID,Name,Surname,Gender,Birth_Date,Recruitment_Date,Organization_ID) VALUES ("3119676", "Μαλαμάτη", "Ιωσηφίδης", "Female", "1970-11-05", "2020-09-15", "3119037");
INSERT INTO Researcher (Researcher_ID,Name,Surname,Gender,Birth_Date,Recruitment_Date,Organization_ID) VALUES ("3119677", "Brian", "Καρακυρίου", "Other", "1978-06-24", "2020-07-12", "3119198");
INSERT INTO Researcher (Researcher_ID,Name,Surname,Gender,Birth_Date,Recruitment_Date,Organization_ID) VALUES ("3119678", "Erik", "Middleton", "Male", "1997-04-03", "2022-02-20", "3119179");
INSERT INTO Researcher (Researcher_ID,Name,Surname,Gender,Birth_Date,Recruitment_Date,Organization_ID) VALUES ("3119679", "Ρωμανός", "Hill", "Female", "1994-07-11", "2021-05-01", "3119031");
INSERT INTO Researcher (Researcher_ID,Name,Surname,Gender,Birth_Date,Recruitment_Date,Organization_ID) VALUES ("3119680", "Βαρβάρα", "Mcfarland", "Other", "1978-06-14", "2021-07-02", "3119077");
INSERT INTO Researcher (Researcher_ID,Name,Surname,Gender,Birth_Date,Recruitment_Date,Organization_ID) VALUES ("3119681", "Άριστος", "Montgomery", "Male", "1968-11-12", "2021-08-19", "3119158");
INSERT INTO Researcher (Researcher_ID,Name,Surname,Gender,Birth_Date,Recruitment_Date,Organization_ID) VALUES ("3119682", "Θεοτόκης", "Βασιλάκης", "Female", "1984-04-14", "2021-10-11", "3119017");
INSERT INTO Researcher (Researcher_ID,Name,Surname,Gender,Birth_Date,Recruitment_Date,Organization_ID) VALUES ("3119683", "Marisa", "Welch", "Other", "1985-12-05", "2021-01-18", "3119143");
INSERT INTO Researcher (Researcher_ID,Name,Surname,Gender,Birth_Date,Recruitment_Date,Organization_ID) VALUES ("3119684", "Deanna", "Ξανθάκης", "Male", "1977-06-16", "2022-02-20", "3119136");
INSERT INTO Researcher (Researcher_ID,Name,Surname,Gender,Birth_Date,Recruitment_Date,Organization_ID) VALUES ("3119685", "Πασχαλιά", "Παλαμπουγιούκη", "Female", "1998-12-01", "2020-06-27", "3119005");
INSERT INTO Researcher (Researcher_ID,Name,Surname,Gender,Birth_Date,Recruitment_Date,Organization_ID) VALUES ("3119686", "Derrick", "Αναστασάκη", "Other", "1977-05-16", "2021-01-23", "3119027");
INSERT INTO Researcher (Researcher_ID,Name,Surname,Gender,Birth_Date,Recruitment_Date,Organization_ID) VALUES ("3119687", "Yvette", "Ραδοβάλης", "Male", "1975-12-14", "2021-12-25", "3119185");
INSERT INTO Researcher (Researcher_ID,Name,Surname,Gender,Birth_Date,Recruitment_Date,Organization_ID) VALUES ("3119688", "Ελεονόρα", "Long", "Female", "1991-11-03", "2020-11-01", "3119152");
INSERT INTO Researcher (Researcher_ID,Name,Surname,Gender,Birth_Date,Recruitment_Date,Organization_ID) VALUES ("3119689", "Jeremy", "Ρόκκα", "Other", "1997-08-05", "2020-12-08", "3119188");
INSERT INTO Researcher (Researcher_ID,Name,Surname,Gender,Birth_Date,Recruitment_Date,Organization_ID) VALUES ("3119690", "Λογοθέτης", "Αποστολίδης", "Male", "1973-02-26", "2022-01-06", "3119138");
INSERT INTO Researcher (Researcher_ID,Name,Surname,Gender,Birth_Date,Recruitment_Date,Organization_ID) VALUES ("3119691", "Whitney", "Gonzalez", "Female", "1985-08-21", "2021-06-05", "3119085");
INSERT INTO Researcher (Researcher_ID,Name,Surname,Gender,Birth_Date,Recruitment_Date,Organization_ID) VALUES ("3119692", "Αγαθόνικος", "Λιθοξοΐδης", "Other", "1968-04-30", "2021-11-01", "3119062");
INSERT INTO Researcher (Researcher_ID,Name,Surname,Gender,Birth_Date,Recruitment_Date,Organization_ID) VALUES ("3119693", "Stacey", "Μπούκος", "Male", "1999-05-09", "2020-06-27", "3119190");
INSERT INTO Researcher (Researcher_ID,Name,Surname,Gender,Birth_Date,Recruitment_Date,Organization_ID) VALUES ("3119694", "Ryan", "Σαραντινός", "Female", "1989-02-02", "2020-10-03", "3119188");
INSERT INTO Researcher (Researcher_ID,Name,Surname,Gender,Birth_Date,Recruitment_Date,Organization_ID) VALUES ("3119695", "Benjamin", "Φαρμάκη", "Other", "1978-10-07", "2021-09-18", "3119167");
INSERT INTO Researcher (Researcher_ID,Name,Surname,Gender,Birth_Date,Recruitment_Date,Organization_ID) VALUES ("3119696", "Λαυρέντιος", "Hobbs", "Male", "1978-10-21", "2020-07-05", "3119184");
INSERT INTO Researcher (Researcher_ID,Name,Surname,Gender,Birth_Date,Recruitment_Date,Organization_ID) VALUES ("3119697", "Πάτροκλος", "Κοκκινίδου", "Female", "1992-01-28", "2022-04-01", "3119101");
INSERT INTO Researcher (Researcher_ID,Name,Surname,Gender,Birth_Date,Recruitment_Date,Organization_ID) VALUES ("3119698", "Εμμανουέλα", "Campbell", "Other", "1992-04-02", "2020-07-29", "3119034");
INSERT INTO Researcher (Researcher_ID,Name,Surname,Gender,Birth_Date,Recruitment_Date,Organization_ID) VALUES ("3119699", "Brad", "Padilla", "Male", "2000-02-21", "2021-03-13", "3119044");
INSERT INTO Researcher (Researcher_ID,Name,Surname,Gender,Birth_Date,Recruitment_Date,Organization_ID) VALUES ("3119700", "Curtis", "Νικολόπουλος", "Female", "1998-08-31", "2020-08-02", "3119179");
INSERT INTO Researcher (Researcher_ID,Name,Surname,Gender,Birth_Date,Recruitment_Date,Organization_ID) VALUES ("3119701", "Harry", "Sanchez", "Other", "1977-06-08", "2021-11-04", "3119130");
INSERT INTO Researcher (Researcher_ID,Name,Surname,Gender,Birth_Date,Recruitment_Date,Organization_ID) VALUES ("3119702", "Χριστοδούλα", "Moore", "Male", "1979-11-07", "2020-10-29", "3119061");
INSERT INTO Researcher (Researcher_ID,Name,Surname,Gender,Birth_Date,Recruitment_Date,Organization_ID) VALUES ("3119703", "Αμφιτρίτη", "Κοττίκας", "Female", "1975-11-21", "2022-01-17", "3119055");
INSERT INTO Researcher (Researcher_ID,Name,Surname,Gender,Birth_Date,Recruitment_Date,Organization_ID) VALUES ("3119704", "Ιωάννα", "Collins", "Other", "1991-12-27", "2021-07-30", "3119177");
INSERT INTO Researcher (Researcher_ID,Name,Surname,Gender,Birth_Date,Recruitment_Date,Organization_ID) VALUES ("3119705", "Υπαπαντή", "Τακαντζάς", "Male", "1991-08-18", "2021-12-25", "3119147");
INSERT INTO Researcher (Researcher_ID,Name,Surname,Gender,Birth_Date,Recruitment_Date,Organization_ID) VALUES ("3119706", "Kimberly", "Αδαμοπούλου", "Female", "1991-11-20", "2022-02-22", "3119045");
INSERT INTO Researcher (Researcher_ID,Name,Surname,Gender,Birth_Date,Recruitment_Date,Organization_ID) VALUES ("3119707", "Amy", "Τζιόβα", "Other", "1961-06-04", "2020-06-04", "3119152");
INSERT INTO Researcher (Researcher_ID,Name,Surname,Gender,Birth_Date,Recruitment_Date,Organization_ID) VALUES ("3119708", "Κρινιώ", "Κουτσονίκα", "Male", "1969-06-25", "2022-04-30", "3119099");
INSERT INTO Researcher (Researcher_ID,Name,Surname,Gender,Birth_Date,Recruitment_Date,Organization_ID) VALUES ("3119709", "Jessica", "Williams", "Female", "1990-04-01", "2020-11-01", "3119144");
INSERT INTO Researcher (Researcher_ID,Name,Surname,Gender,Birth_Date,Recruitment_Date,Organization_ID) VALUES ("3119710", "Kathy", "Arroyo", "Other", "1968-09-15", "2020-12-17", "3119033");
INSERT INTO Researcher (Researcher_ID,Name,Surname,Gender,Birth_Date,Recruitment_Date,Organization_ID) VALUES ("3119711", "Στυλιανός", "Κωτσιονοπούλου", "Male", "1961-06-22", "2020-04-12", "3119119");
INSERT INTO Researcher (Researcher_ID,Name,Surname,Gender,Birth_Date,Recruitment_Date,Organization_ID) VALUES ("3119712", "Μάνθα", "Anderson", "Female", "1966-10-24", "2020-02-13", "3119105");
INSERT INTO Researcher (Researcher_ID,Name,Surname,Gender,Birth_Date,Recruitment_Date,Organization_ID) VALUES ("3119713", "Νέαρχος", "Parker", "Other", "1982-11-04", "2021-01-21", "3119009");
INSERT INTO Researcher (Researcher_ID,Name,Surname,Gender,Birth_Date,Recruitment_Date,Organization_ID) VALUES ("3119714", "Ιορδάνης", "Λεντζίου", "Male", "1993-10-18", "2020-09-28", "3119144");
INSERT INTO Researcher (Researcher_ID,Name,Surname,Gender,Birth_Date,Recruitment_Date,Organization_ID) VALUES ("3119715", "Αριστοφάνης", "Δούνης", "Female", "1987-02-25", "2021-12-22", "3119144");
INSERT INTO Researcher (Researcher_ID,Name,Surname,Gender,Birth_Date,Recruitment_Date,Organization_ID) VALUES ("3119716", "Σοφοκλής", "Smith", "Other", "1966-10-14", "2020-05-27", "3119023");
INSERT INTO Researcher (Researcher_ID,Name,Surname,Gender,Birth_Date,Recruitment_Date,Organization_ID) VALUES ("3119717", "Ιουλιανή", "Καζαντζή", "Male", "1990-02-16", "2021-10-06", "3119194");
INSERT INTO Researcher (Researcher_ID,Name,Surname,Gender,Birth_Date,Recruitment_Date,Organization_ID) VALUES ("3119718", "David", "Πολίτου", "Female", "1987-11-22", "2020-11-17", "3119070");
INSERT INTO Researcher (Researcher_ID,Name,Surname,Gender,Birth_Date,Recruitment_Date,Organization_ID) VALUES ("3119719", "Rebecca", "Δουλγεράκης", "Other", "1979-11-28", "2020-11-17", "3119156");
INSERT INTO Researcher (Researcher_ID,Name,Surname,Gender,Birth_Date,Recruitment_Date,Organization_ID) VALUES ("3119720", "Θεοδοσία", "Mendoza", "Male", "1994-04-01", "2020-08-18", "3119042");
INSERT INTO Researcher (Researcher_ID,Name,Surname,Gender,Birth_Date,Recruitment_Date,Organization_ID) VALUES ("3119721", "Ιερεμίας", "Κατσιμάνη", "Female", "1998-01-03", "2020-05-28", "3119155");
INSERT INTO Researcher (Researcher_ID,Name,Surname,Gender,Birth_Date,Recruitment_Date,Organization_ID) VALUES ("3119722", "Cindy", "Collins", "Other", "1986-10-31", "2020-09-26", "3119109");
INSERT INTO Researcher (Researcher_ID,Name,Surname,Gender,Birth_Date,Recruitment_Date,Organization_ID) VALUES ("3119723", "Αποστολία", "Bridges", "Male", "1966-04-22", "2020-12-26", "3119009");
INSERT INTO Researcher (Researcher_ID,Name,Surname,Gender,Birth_Date,Recruitment_Date,Organization_ID) VALUES ("3119724", "Βαρβάρα", "Ασημακόπουλος", "Female", "1970-01-26", "2020-09-21", "3119149");
INSERT INTO Researcher (Researcher_ID,Name,Surname,Gender,Birth_Date,Recruitment_Date,Organization_ID) VALUES ("3119725", "Φανή", "Φιλιάγκου", "Other", "1971-11-05", "2021-08-18", "3119142");
INSERT INTO Researcher (Researcher_ID,Name,Surname,Gender,Birth_Date,Recruitment_Date,Organization_ID) VALUES ("3119726", "Γαλάτιος", "Murray", "Male", "1983-04-26", "2021-01-09", "3119125");
INSERT INTO Researcher (Researcher_ID,Name,Surname,Gender,Birth_Date,Recruitment_Date,Organization_ID) VALUES ("3119727", "Shannon", "Bean", "Female", "1972-08-07", "2020-10-05", "3119173");
INSERT INTO Researcher (Researcher_ID,Name,Surname,Gender,Birth_Date,Recruitment_Date,Organization_ID) VALUES ("3119728", "Γκίκας", "Phillips", "Other", "1988-08-29", "2022-03-29", "3119153");
INSERT INTO Researcher (Researcher_ID,Name,Surname,Gender,Birth_Date,Recruitment_Date,Organization_ID) VALUES ("3119729", "Miranda", "Μαρουγιάννη", "Male", "1985-03-01", "2021-04-15", "3119000");
INSERT INTO Researcher (Researcher_ID,Name,Surname,Gender,Birth_Date,Recruitment_Date,Organization_ID) VALUES ("3119730", "Marcus", "Αντωνίου", "Female", "1967-08-14", "2021-10-23", "3119080");
INSERT INTO Researcher (Researcher_ID,Name,Surname,Gender,Birth_Date,Recruitment_Date,Organization_ID) VALUES ("3119731", "Kyle", "Ρόγγα", "Other", "1970-11-19", "2020-12-09", "3119021");
INSERT INTO Researcher (Researcher_ID,Name,Surname,Gender,Birth_Date,Recruitment_Date,Organization_ID) VALUES ("3119732", "David", "Παπαθεοδοσίου", "Male", "1992-08-19", "2021-08-13", "3119010");
INSERT INTO Researcher (Researcher_ID,Name,Surname,Gender,Birth_Date,Recruitment_Date,Organization_ID) VALUES ("3119733", "Δημοσθένης", "Συμεωνίδου", "Female", "1963-02-08", "2020-07-03", "3119143");
INSERT INTO Researcher (Researcher_ID,Name,Surname,Gender,Birth_Date,Recruitment_Date,Organization_ID) VALUES ("3119734", "Ίκαρος", "Jones", "Other", "1981-06-14", "2020-08-30", "3119017");
INSERT INTO Researcher (Researcher_ID,Name,Surname,Gender,Birth_Date,Recruitment_Date,Organization_ID) VALUES ("3119735", "John", "Kennedy", "Male", "1962-10-13", "2020-04-03", "3119120");
INSERT INTO Researcher (Researcher_ID,Name,Surname,Gender,Birth_Date,Recruitment_Date,Organization_ID) VALUES ("3119736", "Ιορδάνης", "Young", "Female", "1970-05-29", "2020-05-22", "3119122");
INSERT INTO Researcher (Researcher_ID,Name,Surname,Gender,Birth_Date,Recruitment_Date,Organization_ID) VALUES ("3119737", "Βενιαμίν", "Klein", "Other", "1987-01-30", "2021-06-22", "3119162");
INSERT INTO Researcher (Researcher_ID,Name,Surname,Gender,Birth_Date,Recruitment_Date,Organization_ID) VALUES ("3119738", "Θωμάς", "Κάκκα", "Male", "1967-10-02", "2020-10-09", "3119103");
INSERT INTO Researcher (Researcher_ID,Name,Surname,Gender,Birth_Date,Recruitment_Date,Organization_ID) VALUES ("3119739", "Robert", "Johnson", "Female", "1993-04-11", "2020-01-07", "3119089");
INSERT INTO Researcher (Researcher_ID,Name,Surname,Gender,Birth_Date,Recruitment_Date,Organization_ID) VALUES ("3119740", "Κομνηνός", "Wise", "Other", "1995-10-28", "2022-02-09", "3119093");
INSERT INTO Researcher (Researcher_ID,Name,Surname,Gender,Birth_Date,Recruitment_Date,Organization_ID) VALUES ("3119741", "Jennifer", "Δαμήλου", "Male", "1975-08-21", "2021-11-01", "3119115");
INSERT INTO Researcher (Researcher_ID,Name,Surname,Gender,Birth_Date,Recruitment_Date,Organization_ID) VALUES ("3119742", "Κλεονίκη", "Rivera", "Female", "1989-11-07", "2021-07-03", "3119062");
INSERT INTO Researcher (Researcher_ID,Name,Surname,Gender,Birth_Date,Recruitment_Date,Organization_ID) VALUES ("3119743", "Περικλής", "Ξένου", "Other", "1980-02-21", "2021-12-29", "3119145");
INSERT INTO Researcher (Researcher_ID,Name,Surname,Gender,Birth_Date,Recruitment_Date,Organization_ID) VALUES ("3119744", "Καρυοφυλλιά", "Μαντάρης", "Male", "1992-07-14", "2022-02-10", "3119060");
INSERT INTO Researcher (Researcher_ID,Name,Surname,Gender,Birth_Date,Recruitment_Date,Organization_ID) VALUES ("3119745", "Κηρύκος", "Παπαευαγγελίου", "Female", "1964-06-16", "2021-12-04", "3119071");
INSERT INTO Researcher (Researcher_ID,Name,Surname,Gender,Birth_Date,Recruitment_Date,Organization_ID) VALUES ("3119746", "Kevin", "Arnold", "Other", "1974-03-25", "2022-05-17", "3119099");
INSERT INTO Researcher (Researcher_ID,Name,Surname,Gender,Birth_Date,Recruitment_Date,Organization_ID) VALUES ("3119747", "Ήρα", "Καζανόπουλος", "Male", "1997-08-17", "2021-10-21", "3119128");
INSERT INTO Researcher (Researcher_ID,Name,Surname,Gender,Birth_Date,Recruitment_Date,Organization_ID) VALUES ("3119748", "Nicole", "Βαλεντή", "Female", "1978-09-25", "2020-08-16", "3119176");
INSERT INTO Researcher (Researcher_ID,Name,Surname,Gender,Birth_Date,Recruitment_Date,Organization_ID) VALUES ("3119749", "Brenda", "Κανελή", "Other", "1975-04-19", "2020-03-05", "3119069");
INSERT INTO Researcher (Researcher_ID,Name,Surname,Gender,Birth_Date,Recruitment_Date,Organization_ID) VALUES ("3119750", "Κυδωνία", "Daniel", "Male", "1969-11-12", "2020-06-18", "3119130");
INSERT INTO Researcher (Researcher_ID,Name,Surname,Gender,Birth_Date,Recruitment_Date,Organization_ID) VALUES ("3119751", "Kenneth", "Nelson", "Female", "1996-11-05", "2022-01-04", "3119011");
INSERT INTO Researcher (Researcher_ID,Name,Surname,Gender,Birth_Date,Recruitment_Date,Organization_ID) VALUES ("3119752", "Βερονίκη", "Μαντάρης", "Other", "1988-07-01", "2020-12-06", "3119096");
INSERT INTO Researcher (Researcher_ID,Name,Surname,Gender,Birth_Date,Recruitment_Date,Organization_ID) VALUES ("3119753", "Charles", "Smith", "Male", "1971-12-26", "2020-09-09", "3119002");
INSERT INTO Researcher (Researcher_ID,Name,Surname,Gender,Birth_Date,Recruitment_Date,Organization_ID) VALUES ("3119754", "Γραμματική", "Perkins", "Female", "1961-08-18", "2022-05-17", "3119172");
INSERT INTO Researcher (Researcher_ID,Name,Surname,Gender,Birth_Date,Recruitment_Date,Organization_ID) VALUES ("3119755", "Λάμπρος", "Λιούτας", "Other", "1968-10-20", "2021-04-29", "3119142");
INSERT INTO Researcher (Researcher_ID,Name,Surname,Gender,Birth_Date,Recruitment_Date,Organization_ID) VALUES ("3119756", "Κοσμάς", "Σκόρδος", "Male", "1985-03-26", "2022-05-28", "3119003");
INSERT INTO Researcher (Researcher_ID,Name,Surname,Gender,Birth_Date,Recruitment_Date,Organization_ID) VALUES ("3119757", "Βερονίκη", "Κιτινός", "Female", "1972-05-21", "2021-10-25", "3119150");
INSERT INTO Researcher (Researcher_ID,Name,Surname,Gender,Birth_Date,Recruitment_Date,Organization_ID) VALUES ("3119758", "Robert", "Lawrence", "Other", "1969-08-26", "2021-02-15", "3119109");
INSERT INTO Researcher (Researcher_ID,Name,Surname,Gender,Birth_Date,Recruitment_Date,Organization_ID) VALUES ("3119759", "Δημοσθένης", "Baker", "Male", "1984-05-18", "2020-06-29", "3119133");
INSERT INTO Researcher (Researcher_ID,Name,Surname,Gender,Birth_Date,Recruitment_Date,Organization_ID) VALUES ("3119760", "Debra", "Κουθούρη", "Female", "1984-05-18", "2021-03-10", "3119074");
INSERT INTO Researcher (Researcher_ID,Name,Surname,Gender,Birth_Date,Recruitment_Date,Organization_ID) VALUES ("3119761", "Άρτεμις", "Meadows", "Other", "1990-01-06", "2021-04-26", "3119142");
INSERT INTO Researcher (Researcher_ID,Name,Surname,Gender,Birth_Date,Recruitment_Date,Organization_ID) VALUES ("3119762", "Κοραλία", "Kelley", "Male", "1981-12-21", "2020-09-18", "3119033");
INSERT INTO Researcher (Researcher_ID,Name,Surname,Gender,Birth_Date,Recruitment_Date,Organization_ID) VALUES ("3119763", "James", "Mcclain", "Female", "1973-01-23", "2021-04-28", "3119154");
INSERT INTO Researcher (Researcher_ID,Name,Surname,Gender,Birth_Date,Recruitment_Date,Organization_ID) VALUES ("3119764", "Sylvia", "Mcclain", "Other", "1985-12-30", "2020-08-25", "3119071");
INSERT INTO Researcher (Researcher_ID,Name,Surname,Gender,Birth_Date,Recruitment_Date,Organization_ID) VALUES ("3119765", "Έκτορας", "Παπαστεργίου", "Male", "1969-04-29", "2021-08-28", "3119165");
INSERT INTO Researcher (Researcher_ID,Name,Surname,Gender,Birth_Date,Recruitment_Date,Organization_ID) VALUES ("3119766", "Tommy", "Ρόδης", "Female", "1995-07-16", "2021-04-15", "3119072");
INSERT INTO Researcher (Researcher_ID,Name,Surname,Gender,Birth_Date,Recruitment_Date,Organization_ID) VALUES ("3119767", "Kirsten", "Davidson", "Other", "1972-03-23", "2021-08-17", "3119186");
INSERT INTO Researcher (Researcher_ID,Name,Surname,Gender,Birth_Date,Recruitment_Date,Organization_ID) VALUES ("3119768", "Θεοδώρα", "Καρούντζος", "Male", "1999-04-30", "2021-12-18", "3119136");
INSERT INTO Researcher (Researcher_ID,Name,Surname,Gender,Birth_Date,Recruitment_Date,Organization_ID) VALUES ("3119769", "Βησσαρία", "Δρόσου", "Female", "1970-09-03", "2021-11-30", "3119038");
INSERT INTO Researcher (Researcher_ID,Name,Surname,Gender,Birth_Date,Recruitment_Date,Organization_ID) VALUES ("3119770", "Θεμιστοκλής", "Olson", "Other", "1996-06-12", "2020-04-14", "3119147");
INSERT INTO Researcher (Researcher_ID,Name,Surname,Gender,Birth_Date,Recruitment_Date,Organization_ID) VALUES ("3119771", "Τίμων", "Cooper", "Male", "1994-01-04", "2022-02-16", "3119078");
INSERT INTO Researcher (Researcher_ID,Name,Surname,Gender,Birth_Date,Recruitment_Date,Organization_ID) VALUES ("3119772", "Jorge", "Haynes", "Female", "1985-10-16", "2020-01-25", "3119118");
INSERT INTO Researcher (Researcher_ID,Name,Surname,Gender,Birth_Date,Recruitment_Date,Organization_ID) VALUES ("3119773", "Θέτις", "Ruiz", "Other", "1972-08-05", "2021-04-26", "3119079");
INSERT INTO Researcher (Researcher_ID,Name,Surname,Gender,Birth_Date,Recruitment_Date,Organization_ID) VALUES ("3119774", "Νομική", "Evans", "Male", "1984-09-12", "2020-01-11", "3119128");
INSERT INTO Researcher (Researcher_ID,Name,Surname,Gender,Birth_Date,Recruitment_Date,Organization_ID) VALUES ("3119775", "Raymond", "Τζιάβας", "Female", "1991-10-06", "2020-06-18", "3119141");
INSERT INTO Researcher (Researcher_ID,Name,Surname,Gender,Birth_Date,Recruitment_Date,Organization_ID) VALUES ("3119776", "Αριστοφάνης", "Franklin", "Other", "1994-07-31", "2021-07-22", "3119182");
INSERT INTO Researcher (Researcher_ID,Name,Surname,Gender,Birth_Date,Recruitment_Date,Organization_ID) VALUES ("3119777", "Ευστάθιος", "Thompson", "Male", "1980-02-26", "2020-02-19", "3119145");
INSERT INTO Researcher (Researcher_ID,Name,Surname,Gender,Birth_Date,Recruitment_Date,Organization_ID) VALUES ("3119778", "Paul", "Παργανάς", "Female", "1989-10-07", "2021-08-14", "3119099");
INSERT INTO Researcher (Researcher_ID,Name,Surname,Gender,Birth_Date,Recruitment_Date,Organization_ID) VALUES ("3119779", "Ελισάβετ", "Γερόπουλος", "Other", "1976-07-18", "2020-11-23", "3119156");
INSERT INTO Researcher (Researcher_ID,Name,Surname,Gender,Birth_Date,Recruitment_Date,Organization_ID) VALUES ("3119780", "Joshua", "Williams", "Male", "1980-03-15", "2020-08-07", "3119035");
INSERT INTO Researcher (Researcher_ID,Name,Surname,Gender,Birth_Date,Recruitment_Date,Organization_ID) VALUES ("3119781", "Jessica", "Λογκάκη", "Female", "1999-08-25", "2020-10-29", "3119072");
INSERT INTO Researcher (Researcher_ID,Name,Surname,Gender,Birth_Date,Recruitment_Date,Organization_ID) VALUES ("3119782", "Καλλίνικος", "Jefferson", "Other", "1977-03-20", "2021-05-30", "3119122");
INSERT INTO Researcher (Researcher_ID,Name,Surname,Gender,Birth_Date,Recruitment_Date,Organization_ID) VALUES ("3119783", "Beverly", "Χανταμπή", "Male", "2001-12-17", "2022-05-25", "3119198");
INSERT INTO Researcher (Researcher_ID,Name,Surname,Gender,Birth_Date,Recruitment_Date,Organization_ID) VALUES ("3119784", "Σπήλιος", "Jensen", "Female", "2002-04-04", "2021-05-28", "3119100");
INSERT INTO Researcher (Researcher_ID,Name,Surname,Gender,Birth_Date,Recruitment_Date,Organization_ID) VALUES ("3119785", "Elizabeth", "Προύβα", "Other", "1991-01-12", "2020-01-22", "3119074");
INSERT INTO Researcher (Researcher_ID,Name,Surname,Gender,Birth_Date,Recruitment_Date,Organization_ID) VALUES ("3119786", "Βησσαρίων", "Leblanc", "Male", "2000-11-01", "2021-11-15", "3119109");
INSERT INTO Researcher (Researcher_ID,Name,Surname,Gender,Birth_Date,Recruitment_Date,Organization_ID) VALUES ("3119787", "Erin", "Καραμάνος", "Female", "1970-06-30", "2021-02-21", "3119100");
INSERT INTO Researcher (Researcher_ID,Name,Surname,Gender,Birth_Date,Recruitment_Date,Organization_ID) VALUES ("3119788", "Matthew", "Φουντζούλας", "Other", "1971-11-01", "2020-03-24", "3119118");
INSERT INTO Researcher (Researcher_ID,Name,Surname,Gender,Birth_Date,Recruitment_Date,Organization_ID) VALUES ("3119789", "Αμφιθέα", "Church", "Male", "1972-06-12", "2021-10-07", "3119088");
INSERT INTO Researcher (Researcher_ID,Name,Surname,Gender,Birth_Date,Recruitment_Date,Organization_ID) VALUES ("3119790", "Cody", "Μαντά", "Female", "1987-06-10", "2020-05-03", "3119128");
INSERT INTO Researcher (Researcher_ID,Name,Surname,Gender,Birth_Date,Recruitment_Date,Organization_ID) VALUES ("3119791", "Φώτιος", "Hammond", "Other", "1967-11-24", "2021-03-03", "3119051");
INSERT INTO Researcher (Researcher_ID,Name,Surname,Gender,Birth_Date,Recruitment_Date,Organization_ID) VALUES ("3119792", "Martha", "Πιπερίγκος", "Male", "1967-08-05", "2022-05-14", "3119051");
INSERT INTO Researcher (Researcher_ID,Name,Surname,Gender,Birth_Date,Recruitment_Date,Organization_ID) VALUES ("3119793", "Larry", "Hayes", "Female", "1999-07-17", "2020-09-24", "3119064");
INSERT INTO Researcher (Researcher_ID,Name,Surname,Gender,Birth_Date,Recruitment_Date,Organization_ID) VALUES ("3119794", "Rachel", "Simpson", "Other", "2001-12-30", "2021-07-24", "3119102");
INSERT INTO Researcher (Researcher_ID,Name,Surname,Gender,Birth_Date,Recruitment_Date,Organization_ID) VALUES ("3119795", "Kayla", "Campbell", "Male", "1996-10-07", "2020-06-05", "3119016");
INSERT INTO Researcher (Researcher_ID,Name,Surname,Gender,Birth_Date,Recruitment_Date,Organization_ID) VALUES ("3119796", "Lauren", "Garcia", "Female", "1995-11-30", "2021-11-24", "3119018");
INSERT INTO Researcher (Researcher_ID,Name,Surname,Gender,Birth_Date,Recruitment_Date,Organization_ID) VALUES ("3119797", "Θεοδοσία", "Ναούμ", "Other", "1998-07-21", "2020-11-16", "3119061");
INSERT INTO Researcher (Researcher_ID,Name,Surname,Gender,Birth_Date,Recruitment_Date,Organization_ID) VALUES ("3119798", "Χρυσάνθη", "Τσαγλιώτης", "Male", "1984-11-29", "2020-10-13", "3119016");
INSERT INTO Researcher (Researcher_ID,Name,Surname,Gender,Birth_Date,Recruitment_Date,Organization_ID) VALUES ("3119799", "Amanda", "Χουχουλής", "Female", "1995-05-24", "2022-02-17", "3119128");
INSERT INTO Researcher (Researcher_ID,Name,Surname,Gender,Birth_Date,Recruitment_Date,Organization_ID) VALUES ("3119800", "Ιπποκράτης", "Καράνης", "Other", "1996-09-23", "2020-12-26", "3119191");
INSERT INTO Researcher (Researcher_ID,Name,Surname,Gender,Birth_Date,Recruitment_Date,Organization_ID) VALUES ("3119801", "Matthew", "Κολοβός", "Male", "1998-12-20", "2021-07-31", "3119007");
INSERT INTO Researcher (Researcher_ID,Name,Surname,Gender,Birth_Date,Recruitment_Date,Organization_ID) VALUES ("3119802", "Νικήτας", "Ingram", "Female", "1984-05-16", "2021-09-16", "3119075");
INSERT INTO Researcher (Researcher_ID,Name,Surname,Gender,Birth_Date,Recruitment_Date,Organization_ID) VALUES ("3119803", "Λύσανδρος", "Gutierrez", "Other", "1968-06-11", "2021-08-25", "3119032");
INSERT INTO Researcher (Researcher_ID,Name,Surname,Gender,Birth_Date,Recruitment_Date,Organization_ID) VALUES ("3119804", "Charles", "Ραδιοπούλου", "Male", "1995-12-09", "2021-10-26", "3119121");
INSERT INTO Researcher (Researcher_ID,Name,Surname,Gender,Birth_Date,Recruitment_Date,Organization_ID) VALUES ("3119805", "Clayton", "Fernandez", "Female", "1971-11-21", "2021-01-29", "3119145");
INSERT INTO Researcher (Researcher_ID,Name,Surname,Gender,Birth_Date,Recruitment_Date,Organization_ID) VALUES ("3119806", "Χρυσοβαλάντω", "Sellers", "Other", "1968-06-01", "2020-11-05", "3119119");
INSERT INTO Researcher (Researcher_ID,Name,Surname,Gender,Birth_Date,Recruitment_Date,Organization_ID) VALUES ("3119807", "Anthony", "Santiago", "Male", "1978-03-31", "2021-01-25", "3119165");
INSERT INTO Researcher (Researcher_ID,Name,Surname,Gender,Birth_Date,Recruitment_Date,Organization_ID) VALUES ("3119808", "Φιλοθέη", "Λιάνου", "Female", "1972-12-09", "2021-06-08", "3119063");
INSERT INTO Researcher (Researcher_ID,Name,Surname,Gender,Birth_Date,Recruitment_Date,Organization_ID) VALUES ("3119809", "Θέκλα", "Μιχαλάρου", "Other", "1973-11-15", "2020-07-23", "3119043");
INSERT INTO Researcher (Researcher_ID,Name,Surname,Gender,Birth_Date,Recruitment_Date,Organization_ID) VALUES ("3119810", "Μιχαέλα", "Μαυρομανωλάκης", "Male", "1980-11-03", "2021-02-12", "3119075");
INSERT INTO Researcher (Researcher_ID,Name,Surname,Gender,Birth_Date,Recruitment_Date,Organization_ID) VALUES ("3119811", "Λέων", "Παυλίδου", "Female", "1981-10-20", "2020-12-24", "3119114");
INSERT INTO Researcher (Researcher_ID,Name,Surname,Gender,Birth_Date,Recruitment_Date,Organization_ID) VALUES ("3119812", "Donna", "Haney", "Other", "1980-11-09", "2022-02-03", "3119136");
INSERT INTO Researcher (Researcher_ID,Name,Surname,Gender,Birth_Date,Recruitment_Date,Organization_ID) VALUES ("3119813", "Θεώνη", "Κλήμης", "Male", "1989-06-24", "2020-03-07", "3119102");
INSERT INTO Researcher (Researcher_ID,Name,Surname,Gender,Birth_Date,Recruitment_Date,Organization_ID) VALUES ("3119814", "Anthony", "Houston", "Female", "1984-08-13", "2021-12-21", "3119170");
INSERT INTO Researcher (Researcher_ID,Name,Surname,Gender,Birth_Date,Recruitment_Date,Organization_ID) VALUES ("3119815", "Katherine", "Horn", "Other", "1978-03-08", "2020-05-22", "3119061");
INSERT INTO Researcher (Researcher_ID,Name,Surname,Gender,Birth_Date,Recruitment_Date,Organization_ID) VALUES ("3119816", "Ανδρομάχη", "Cook", "Male", "1973-01-02", "2022-03-02", "3119065");
INSERT INTO Researcher (Researcher_ID,Name,Surname,Gender,Birth_Date,Recruitment_Date,Organization_ID) VALUES ("3119817", "Molly", "Νταγκαλή", "Female", "1965-12-11", "2021-05-27", "3119158");
INSERT INTO Researcher (Researcher_ID,Name,Surname,Gender,Birth_Date,Recruitment_Date,Organization_ID) VALUES ("3119818", "Αργυρούλα", "Weaver", "Other", "1977-04-17", "2020-01-09", "3119093");
INSERT INTO Researcher (Researcher_ID,Name,Surname,Gender,Birth_Date,Recruitment_Date,Organization_ID) VALUES ("3119819", "Leslie", "Hoffman", "Male", "1988-08-01", "2022-05-24", "3119191");
INSERT INTO Researcher (Researcher_ID,Name,Surname,Gender,Birth_Date,Recruitment_Date,Organization_ID) VALUES ("3119820", "Θέμις", "Townsend", "Female", "1995-04-03", "2022-03-06", "3119196");
INSERT INTO Researcher (Researcher_ID,Name,Surname,Gender,Birth_Date,Recruitment_Date,Organization_ID) VALUES ("3119821", "Anthony", "Ξανθάκης", "Other", "1967-04-26", "2021-03-08", "3119070");
INSERT INTO Researcher (Researcher_ID,Name,Surname,Gender,Birth_Date,Recruitment_Date,Organization_ID) VALUES ("3119822", "Μινέρβα", "Μηλιάκη", "Male", "1989-03-03", "2021-05-20", "3119055");
INSERT INTO Researcher (Researcher_ID,Name,Surname,Gender,Birth_Date,Recruitment_Date,Organization_ID) VALUES ("3119823", "Robert", "Ιωακείμ", "Female", "1964-01-13", "2020-01-22", "3119069");
INSERT INTO Researcher (Researcher_ID,Name,Surname,Gender,Birth_Date,Recruitment_Date,Organization_ID) VALUES ("3119824", "Tony", "White", "Other", "1995-04-27", "2022-03-20", "3119153");
INSERT INTO Researcher (Researcher_ID,Name,Surname,Gender,Birth_Date,Recruitment_Date,Organization_ID) VALUES ("3119825", "Vanessa", "Δίγκας", "Male", "1992-01-21", "2021-12-11", "3119064");
INSERT INTO Researcher (Researcher_ID,Name,Surname,Gender,Birth_Date,Recruitment_Date,Organization_ID) VALUES ("3119826", "Πηγή", "Wu", "Female", "1992-04-07", "2020-07-12", "3119000");
INSERT INTO Researcher (Researcher_ID,Name,Surname,Gender,Birth_Date,Recruitment_Date,Organization_ID) VALUES ("3119827", "Έξαρχος", "Frost", "Other", "1990-06-03", "2021-06-26", "3119108");
INSERT INTO Researcher (Researcher_ID,Name,Surname,Gender,Birth_Date,Recruitment_Date,Organization_ID) VALUES ("3119828", "Ησαΐας", "Μαυρίδου", "Male", "1962-11-14", "2021-05-07", "3119190");
INSERT INTO Researcher (Researcher_ID,Name,Surname,Gender,Birth_Date,Recruitment_Date,Organization_ID) VALUES ("3119829", "Νεοκλής", "Παυλίδου", "Female", "1982-11-30", "2020-02-28", "3119117");
INSERT INTO Researcher (Researcher_ID,Name,Surname,Gender,Birth_Date,Recruitment_Date,Organization_ID) VALUES ("3119830", "Sean", "Sims", "Other", "1978-09-16", "2022-01-08", "3119089");
INSERT INTO Researcher (Researcher_ID,Name,Surname,Gender,Birth_Date,Recruitment_Date,Organization_ID) VALUES ("3119831", "Αστέρω", "Russo", "Male", "1987-08-21", "2021-11-24", "3119182");
INSERT INTO Researcher (Researcher_ID,Name,Surname,Gender,Birth_Date,Recruitment_Date,Organization_ID) VALUES ("3119832", "Nicolas", "Good", "Female", "1965-01-26", "2020-06-13", "3119005");
INSERT INTO Researcher (Researcher_ID,Name,Surname,Gender,Birth_Date,Recruitment_Date,Organization_ID) VALUES ("3119833", "Lorraine", "Thompson", "Other", "1964-07-26", "2021-10-05", "3119131");
INSERT INTO Researcher (Researcher_ID,Name,Surname,Gender,Birth_Date,Recruitment_Date,Organization_ID) VALUES ("3119834", "Λουίζα", "Τοσούνη", "Male", "1970-10-15", "2021-05-15", "3119159");
INSERT INTO Researcher (Researcher_ID,Name,Surname,Gender,Birth_Date,Recruitment_Date,Organization_ID) VALUES ("3119835", "Raymond", "Barker", "Female", "1982-02-06", "2020-09-10", "3119105");
INSERT INTO Researcher (Researcher_ID,Name,Surname,Gender,Birth_Date,Recruitment_Date,Organization_ID) VALUES ("3119836", "Jocelyn", "Vargas", "Other", "1997-06-21", "2020-12-05", "3119071");
INSERT INTO Researcher (Researcher_ID,Name,Surname,Gender,Birth_Date,Recruitment_Date,Organization_ID) VALUES ("3119837", "Κύρος", "Παπαστεργίου", "Male", "1990-11-13", "2021-08-10", "3119039");
INSERT INTO Researcher (Researcher_ID,Name,Surname,Gender,Birth_Date,Recruitment_Date,Organization_ID) VALUES ("3119838", "Jennifer", "Ρέγκας", "Female", "1967-07-17", "2020-03-28", "3119116");
INSERT INTO Researcher (Researcher_ID,Name,Surname,Gender,Birth_Date,Recruitment_Date,Organization_ID) VALUES ("3119839", "Linda", "Garcia", "Other", "1973-05-29", "2020-11-24", "3119162");
INSERT INTO Researcher (Researcher_ID,Name,Surname,Gender,Birth_Date,Recruitment_Date,Organization_ID) VALUES ("3119840", "David", "Haney", "Male", "1977-04-11", "2020-06-25", "3119042");
INSERT INTO Researcher (Researcher_ID,Name,Surname,Gender,Birth_Date,Recruitment_Date,Organization_ID) VALUES ("3119841", "Γραμματική", "Sanchez", "Female", "1968-01-04", "2022-05-19", "3119092");
INSERT INTO Researcher (Researcher_ID,Name,Surname,Gender,Birth_Date,Recruitment_Date,Organization_ID) VALUES ("3119842", "David", "Μπαλάσκας", "Other", "1994-12-08", "2022-03-16", "3119082");
INSERT INTO Researcher (Researcher_ID,Name,Surname,Gender,Birth_Date,Recruitment_Date,Organization_ID) VALUES ("3119843", "Isaac", "Σκρίμπας", "Male", "1969-11-01", "2020-09-25", "3119143");
INSERT INTO Researcher (Researcher_ID,Name,Surname,Gender,Birth_Date,Recruitment_Date,Organization_ID) VALUES ("3119844", "Κοσμάς", "Jensen", "Female", "1962-03-12", "2020-10-25", "3119066");
INSERT INTO Researcher (Researcher_ID,Name,Surname,Gender,Birth_Date,Recruitment_Date,Organization_ID) VALUES ("3119845", "Χαράλαμπος", "Young", "Other", "1977-12-24", "2020-03-31", "3119088");
INSERT INTO Researcher (Researcher_ID,Name,Surname,Gender,Birth_Date,Recruitment_Date,Organization_ID) VALUES ("3119846", "Γερασιμούλα", "Aguilar", "Male", "1990-06-30", "2020-02-23", "3119007");
INSERT INTO Researcher (Researcher_ID,Name,Surname,Gender,Birth_Date,Recruitment_Date,Organization_ID) VALUES ("3119847", "Συμεών", "Πατελής", "Female", "1967-04-10", "2020-11-21", "3119189");
INSERT INTO Researcher (Researcher_ID,Name,Surname,Gender,Birth_Date,Recruitment_Date,Organization_ID) VALUES ("3119848", "Laura", "Meyer", "Other", "1981-11-06", "2021-05-07", "3119093");
INSERT INTO Researcher (Researcher_ID,Name,Surname,Gender,Birth_Date,Recruitment_Date,Organization_ID) VALUES ("3119849", "Ασημής", "Αραπάκη", "Male", "1995-06-04", "2020-03-29", "3119049");
INSERT INTO Researcher (Researcher_ID,Name,Surname,Gender,Birth_Date,Recruitment_Date,Organization_ID) VALUES ("3119850", "Sara", "Χριστοπούλου", "Female", "1975-04-11", "2021-03-05", "3119167");
INSERT INTO Researcher (Researcher_ID,Name,Surname,Gender,Birth_Date,Recruitment_Date,Organization_ID) VALUES ("3119851", "Χρύσανθος", "Jones", "Other", "1983-09-19", "2020-09-04", "3119197");
INSERT INTO Researcher (Researcher_ID,Name,Surname,Gender,Birth_Date,Recruitment_Date,Organization_ID) VALUES ("3119852", "Randall", "Βάσσης", "Male", "1965-08-25", "2022-01-20", "3119162");
INSERT INTO Researcher (Researcher_ID,Name,Surname,Gender,Birth_Date,Recruitment_Date,Organization_ID) VALUES ("3119853", "Ευθαλία", "Βανδώρος", "Female", "1981-05-08", "2020-08-08", "3119154");
INSERT INTO Researcher (Researcher_ID,Name,Surname,Gender,Birth_Date,Recruitment_Date,Organization_ID) VALUES ("3119854", "Κλέαρχος", "Garcia", "Other", "1979-12-06", "2021-05-31", "3119053");
INSERT INTO Researcher (Researcher_ID,Name,Surname,Gender,Birth_Date,Recruitment_Date,Organization_ID) VALUES ("3119855", "Μιχαήλ", "Μπουρλής", "Male", "1977-11-06", "2021-12-11", "3119052");
INSERT INTO Researcher (Researcher_ID,Name,Surname,Gender,Birth_Date,Recruitment_Date,Organization_ID) VALUES ("3119856", "Dustin", "Μασόπουλος", "Female", "1981-11-02", "2021-03-19", "3119114");
INSERT INTO Researcher (Researcher_ID,Name,Surname,Gender,Birth_Date,Recruitment_Date,Organization_ID) VALUES ("3119857", "Ίκαρος", "Ακριώτης", "Other", "1975-05-22", "2021-03-29", "3119032");
INSERT INTO Researcher (Researcher_ID,Name,Surname,Gender,Birth_Date,Recruitment_Date,Organization_ID) VALUES ("3119858", "Walter", "Καψάλης", "Male", "1998-06-12", "2020-07-06", "3119197");
INSERT INTO Researcher (Researcher_ID,Name,Surname,Gender,Birth_Date,Recruitment_Date,Organization_ID) VALUES ("3119859", "Λάζαρος", "Καμπούρη", "Female", "1964-04-21", "2022-02-25", "3119155");
INSERT INTO Researcher (Researcher_ID,Name,Surname,Gender,Birth_Date,Recruitment_Date,Organization_ID) VALUES ("3119860", "Προκόπιος", "Robinson", "Other", "2000-09-01", "2021-05-13", "3119027");
INSERT INTO Researcher (Researcher_ID,Name,Surname,Gender,Birth_Date,Recruitment_Date,Organization_ID) VALUES ("3119861", "Johnny", "Horton", "Male", "1966-08-22", "2020-03-16", "3119112");
INSERT INTO Researcher (Researcher_ID,Name,Surname,Gender,Birth_Date,Recruitment_Date,Organization_ID) VALUES ("3119862", "Susan", "Στόγιος", "Female", "1978-12-07", "2020-04-07", "3119139");
INSERT INTO Researcher (Researcher_ID,Name,Surname,Gender,Birth_Date,Recruitment_Date,Organization_ID) VALUES ("3119863", "Karen", "Πορίχης", "Other", "1984-07-20", "2021-01-11", "3119059");
INSERT INTO Researcher (Researcher_ID,Name,Surname,Gender,Birth_Date,Recruitment_Date,Organization_ID) VALUES ("3119864", "Καλλιόπη", "Ortega", "Male", "1984-02-26", "2021-12-13", "3119095");
INSERT INTO Researcher (Researcher_ID,Name,Surname,Gender,Birth_Date,Recruitment_Date,Organization_ID) VALUES ("3119865", "Αιμιλία", "Γκότσης", "Female", "1975-03-29", "2022-05-05", "3119047");
INSERT INTO Researcher (Researcher_ID,Name,Surname,Gender,Birth_Date,Recruitment_Date,Organization_ID) VALUES ("3119866", "Julie", "Davis", "Other", "1963-01-07", "2020-04-28", "3119083");
INSERT INTO Researcher (Researcher_ID,Name,Surname,Gender,Birth_Date,Recruitment_Date,Organization_ID) VALUES ("3119867", "Γαρύφαλλος", "Patel", "Male", "1966-05-09", "2022-04-28", "3119145");
INSERT INTO Researcher (Researcher_ID,Name,Surname,Gender,Birth_Date,Recruitment_Date,Organization_ID) VALUES ("3119868", "Αγαθοκλής", "Παπαευαγγέλου", "Female", "1993-06-10", "2021-08-30", "3119064");
INSERT INTO Researcher (Researcher_ID,Name,Surname,Gender,Birth_Date,Recruitment_Date,Organization_ID) VALUES ("3119869", "Κρυσταλλένια", "Walker", "Other", "1995-08-23", "2021-12-09", "3119024");
INSERT INTO Researcher (Researcher_ID,Name,Surname,Gender,Birth_Date,Recruitment_Date,Organization_ID) VALUES ("3119870", "Κωνσταντία", "Χολέβα", "Male", "1976-07-29", "2021-10-07", "3119142");
INSERT INTO Researcher (Researcher_ID,Name,Surname,Gender,Birth_Date,Recruitment_Date,Organization_ID) VALUES ("3119871", "Paul", "Δόσης", "Female", "1970-01-31", "2020-09-08", "3119040");
INSERT INTO Researcher (Researcher_ID,Name,Surname,Gender,Birth_Date,Recruitment_Date,Organization_ID) VALUES ("3119872", "Αγόρω", "Foster", "Other", "1986-10-24", "2021-08-05", "3119081");
INSERT INTO Researcher (Researcher_ID,Name,Surname,Gender,Birth_Date,Recruitment_Date,Organization_ID) VALUES ("3119873", "Εύα", "Willis", "Male", "1974-01-25", "2021-10-25", "3119026");
INSERT INTO Researcher (Researcher_ID,Name,Surname,Gender,Birth_Date,Recruitment_Date,Organization_ID) VALUES ("3119874", "Παναγία", "Carson", "Female", "1962-01-15", "2021-12-15", "3119067");
INSERT INTO Researcher (Researcher_ID,Name,Surname,Gender,Birth_Date,Recruitment_Date,Organization_ID) VALUES ("3119875", "Jose", "Schroeder", "Other", "1992-07-21", "2020-02-07", "3119016");
INSERT INTO Researcher (Researcher_ID,Name,Surname,Gender,Birth_Date,Recruitment_Date,Organization_ID) VALUES ("3119876", "Πουλχερία", "Μπίλλας", "Male", "1979-05-20", "2021-06-22", "3119132");
INSERT INTO Researcher (Researcher_ID,Name,Surname,Gender,Birth_Date,Recruitment_Date,Organization_ID) VALUES ("3119877", "Τζανέτος", "Sherman", "Female", "1984-06-02", "2020-02-02", "3119148");
INSERT INTO Researcher (Researcher_ID,Name,Surname,Gender,Birth_Date,Recruitment_Date,Organization_ID) VALUES ("3119878", "Debbie", "Μυλωνίδου", "Other", "1971-08-20", "2020-07-23", "3119147");
INSERT INTO Researcher (Researcher_ID,Name,Surname,Gender,Birth_Date,Recruitment_Date,Organization_ID) VALUES ("3119879", "Κοκκώνα", "Miller", "Male", "1995-02-27", "2022-03-21", "3119040");
INSERT INTO Researcher (Researcher_ID,Name,Surname,Gender,Birth_Date,Recruitment_Date,Organization_ID) VALUES ("3119880", "Gary", "Norman", "Female", "1968-12-17", "2021-06-12", "3119064");
INSERT INTO Researcher (Researcher_ID,Name,Surname,Gender,Birth_Date,Recruitment_Date,Organization_ID) VALUES ("3119881", "Θέτις", "Στυλιανίδου", "Other", "1993-09-22", "2021-05-29", "3119152");
INSERT INTO Researcher (Researcher_ID,Name,Surname,Gender,Birth_Date,Recruitment_Date,Organization_ID) VALUES ("3119882", "Jonathan", "Ασλανίδου", "Male", "1964-12-28", "2021-11-07", "3119074");
INSERT INTO Researcher (Researcher_ID,Name,Surname,Gender,Birth_Date,Recruitment_Date,Organization_ID) VALUES ("3119883", "Γεσθημανή", "Castillo", "Female", "1974-02-14", "2020-08-11", "3119148");
INSERT INTO Researcher (Researcher_ID,Name,Surname,Gender,Birth_Date,Recruitment_Date,Organization_ID) VALUES ("3119884", "Steven", "Καρανάνου", "Other", "1972-02-29", "2021-10-17", "3119106");
INSERT INTO Researcher (Researcher_ID,Name,Surname,Gender,Birth_Date,Recruitment_Date,Organization_ID) VALUES ("3119885", "Μαρίνα", "Σακκή", "Male", "1980-08-17", "2021-05-29", "3119037");
INSERT INTO Researcher (Researcher_ID,Name,Surname,Gender,Birth_Date,Recruitment_Date,Organization_ID) VALUES ("3119886", "Russell", "Μανιτάρου", "Female", "1976-11-22", "2021-11-23", "3119144");
INSERT INTO Researcher (Researcher_ID,Name,Surname,Gender,Birth_Date,Recruitment_Date,Organization_ID) VALUES ("3119887", "Brian", "Ζαχαρίου", "Other", "1971-01-08", "2020-01-15", "3119019");
INSERT INTO Researcher (Researcher_ID,Name,Surname,Gender,Birth_Date,Recruitment_Date,Organization_ID) VALUES ("3119888", "Συμεών", "Greer", "Male", "1978-07-22", "2021-04-10", "3119129");
INSERT INTO Researcher (Researcher_ID,Name,Surname,Gender,Birth_Date,Recruitment_Date,Organization_ID) VALUES ("3119889", "Ευθυμία", "West", "Female", "2001-12-20", "2021-10-11", "3119197");
INSERT INTO Researcher (Researcher_ID,Name,Surname,Gender,Birth_Date,Recruitment_Date,Organization_ID) VALUES ("3119890", "Μιχάλης", "Gonzalez", "Other", "1994-08-18", "2021-06-11", "3119091");
INSERT INTO Researcher (Researcher_ID,Name,Surname,Gender,Birth_Date,Recruitment_Date,Organization_ID) VALUES ("3119891", "John", "Roberts", "Male", "1990-06-27", "2022-04-05", "3119193");
INSERT INTO Researcher (Researcher_ID,Name,Surname,Gender,Birth_Date,Recruitment_Date,Organization_ID) VALUES ("3119892", "Σόλων", "Καραμανλή", "Female", "1985-05-01", "2020-03-29", "3119032");
INSERT INTO Researcher (Researcher_ID,Name,Surname,Gender,Birth_Date,Recruitment_Date,Organization_ID) VALUES ("3119893", "Pamela", "Κολχούρης", "Other", "1997-01-22", "2020-01-02", "3119133");
INSERT INTO Researcher (Researcher_ID,Name,Surname,Gender,Birth_Date,Recruitment_Date,Organization_ID) VALUES ("3119894", "Τρύφων", "Hart", "Male", "1974-10-06", "2021-08-10", "3119109");
INSERT INTO Researcher (Researcher_ID,Name,Surname,Gender,Birth_Date,Recruitment_Date,Organization_ID) VALUES ("3119895", "Λάμπρος", "Bryan", "Female", "1971-02-04", "2020-03-25", "3119015");
INSERT INTO Researcher (Researcher_ID,Name,Surname,Gender,Birth_Date,Recruitment_Date,Organization_ID) VALUES ("3119896", "Ανδρόνικος", "Πυροβόλου", "Other", "1962-05-16", "2021-11-11", "3119144");
INSERT INTO Researcher (Researcher_ID,Name,Surname,Gender,Birth_Date,Recruitment_Date,Organization_ID) VALUES ("3119897", "Χαραλαμπία", "Σταθά", "Male", "1971-03-14", "2021-07-25", "3119149");
INSERT INTO Researcher (Researcher_ID,Name,Surname,Gender,Birth_Date,Recruitment_Date,Organization_ID) VALUES ("3119898", "Megan", "Νάσσου", "Female", "1998-03-22", "2021-06-21", "3119003");
INSERT INTO Researcher (Researcher_ID,Name,Surname,Gender,Birth_Date,Recruitment_Date,Organization_ID) VALUES ("3119899", "Robert", "Κυπριώτης", "Other", "1964-10-20", "2022-05-09", "3119024");
INSERT INTO Researcher (Researcher_ID,Name,Surname,Gender,Birth_Date,Recruitment_Date,Organization_ID) VALUES ("3119900", "Λουίζα", "Φουντζούλας", "Male", "1994-05-08", "2020-02-24", "3119086");
INSERT INTO Researcher (Researcher_ID,Name,Surname,Gender,Birth_Date,Recruitment_Date,Organization_ID) VALUES ("3119901", "Michelle", "Moore", "Female", "1996-06-14", "2021-02-15", "3119012");
INSERT INTO Researcher (Researcher_ID,Name,Surname,Gender,Birth_Date,Recruitment_Date,Organization_ID) VALUES ("3119902", "Χρυσαφένια", "Κονσούλα", "Other", "1984-01-15", "2021-11-02", "3119014");
INSERT INTO Researcher (Researcher_ID,Name,Surname,Gender,Birth_Date,Recruitment_Date,Organization_ID) VALUES ("3119903", "Λεμονιά", "Ματεντσίδου", "Male", "1982-05-25", "2020-05-16", "3119023");
INSERT INTO Researcher (Researcher_ID,Name,Surname,Gender,Birth_Date,Recruitment_Date,Organization_ID) VALUES ("3119904", "Μελίνα", "Καπατσώρης", "Female", "1990-11-26", "2020-09-30", "3119044");
INSERT INTO Researcher (Researcher_ID,Name,Surname,Gender,Birth_Date,Recruitment_Date,Organization_ID) VALUES ("3119905", "Χρυσή", "Φωτακοπούλου", "Other", "1986-03-12", "2020-12-04", "3119109");
INSERT INTO Researcher (Researcher_ID,Name,Surname,Gender,Birth_Date,Recruitment_Date,Organization_ID) VALUES ("3119906", "Ασπασία", "Λουμπούτσκου", "Male", "1998-06-27", "2022-03-03", "3119095");
INSERT INTO Researcher (Researcher_ID,Name,Surname,Gender,Birth_Date,Recruitment_Date,Organization_ID) VALUES ("3119907", "Lisa", "Μανουσέλης", "Female", "1970-06-29", "2022-02-21", "3119054");
INSERT INTO Researcher (Researcher_ID,Name,Surname,Gender,Birth_Date,Recruitment_Date,Organization_ID) VALUES ("3119908", "Chase", "Προβής", "Other", "1974-01-19", "2021-11-25", "3119193");
INSERT INTO Researcher (Researcher_ID,Name,Surname,Gender,Birth_Date,Recruitment_Date,Organization_ID) VALUES ("3119909", "Jacqueline", "Oliver", "Male", "1961-09-15", "2021-04-25", "3119010");
INSERT INTO Researcher (Researcher_ID,Name,Surname,Gender,Birth_Date,Recruitment_Date,Organization_ID) VALUES ("3119910", "Rachel", "Wilson", "Female", "1997-11-04", "2021-12-19", "3119166");
INSERT INTO Researcher (Researcher_ID,Name,Surname,Gender,Birth_Date,Recruitment_Date,Organization_ID) VALUES ("3119911", "John", "Χανταμπή", "Other", "1982-06-11", "2020-10-08", "3119006");
INSERT INTO Researcher (Researcher_ID,Name,Surname,Gender,Birth_Date,Recruitment_Date,Organization_ID) VALUES ("3119912", "Ινώ", "Φραγκιαδάκη", "Male", "1995-02-17", "2021-05-20", "3119018");
INSERT INTO Researcher (Researcher_ID,Name,Surname,Gender,Birth_Date,Recruitment_Date,Organization_ID) VALUES ("3119913", "Βασίλειος", "Combs", "Female", "1980-07-09", "2020-02-16", "3119119");
INSERT INTO Researcher (Researcher_ID,Name,Surname,Gender,Birth_Date,Recruitment_Date,Organization_ID) VALUES ("3119914", "Διαμαντής", "Κολοκάθης", "Other", "1975-11-18", "2022-05-26", "3119129");
INSERT INTO Researcher (Researcher_ID,Name,Surname,Gender,Birth_Date,Recruitment_Date,Organization_ID) VALUES ("3119915", "Τζένη", "Κουτσογιάννης", "Male", "1978-07-18", "2021-12-01", "3119147");
INSERT INTO Researcher (Researcher_ID,Name,Surname,Gender,Birth_Date,Recruitment_Date,Organization_ID) VALUES ("3119916", "Παντελεήμων", "Owens", "Female", "1971-07-05", "2020-11-12", "3119165");
INSERT INTO Researcher (Researcher_ID,Name,Surname,Gender,Birth_Date,Recruitment_Date,Organization_ID) VALUES ("3119917", "Nicholas", "Φωκαδελής", "Other", "1969-10-01", "2020-04-13", "3119072");
INSERT INTO Researcher (Researcher_ID,Name,Surname,Gender,Birth_Date,Recruitment_Date,Organization_ID) VALUES ("3119918", "Michael", "Ανανιάδου", "Male", "1993-07-27", "2021-12-24", "3119097");
INSERT INTO Researcher (Researcher_ID,Name,Surname,Gender,Birth_Date,Recruitment_Date,Organization_ID) VALUES ("3119919", "Κρυστάλλης", "Dominguez", "Female", "1992-05-05", "2022-05-20", "3119035");
INSERT INTO Researcher (Researcher_ID,Name,Surname,Gender,Birth_Date,Recruitment_Date,Organization_ID) VALUES ("3119920", "Diana", "Pratt", "Other", "2000-09-05", "2022-01-31", "3119132");
INSERT INTO Researcher (Researcher_ID,Name,Surname,Gender,Birth_Date,Recruitment_Date,Organization_ID) VALUES ("3119921", "Chad", "Michael", "Male", "1967-03-30", "2022-04-29", "3119126");
INSERT INTO Researcher (Researcher_ID,Name,Surname,Gender,Birth_Date,Recruitment_Date,Organization_ID) VALUES ("3119922", "Γαλήνη", "Τριβέλλας", "Female", "1967-09-25", "2022-03-14", "3119160");
INSERT INTO Researcher (Researcher_ID,Name,Surname,Gender,Birth_Date,Recruitment_Date,Organization_ID) VALUES ("3119923", "Παράσχος", "Κουμιώτης", "Other", "1963-08-27", "2021-11-03", "3119130");
INSERT INTO Researcher (Researcher_ID,Name,Surname,Gender,Birth_Date,Recruitment_Date,Organization_ID) VALUES ("3119924", "Σωζούσα", "Mcbride", "Male", "1962-12-22", "2021-04-14", "3119179");
INSERT INTO Researcher (Researcher_ID,Name,Surname,Gender,Birth_Date,Recruitment_Date,Organization_ID) VALUES ("3119925", "Krystal", "Le", "Female", "1969-07-13", "2020-06-21", "3119186");
INSERT INTO Researcher (Researcher_ID,Name,Surname,Gender,Birth_Date,Recruitment_Date,Organization_ID) VALUES ("3119926", "Χριστίνα", "Ποταμιάνου", "Other", "1975-10-20", "2021-05-27", "3119006");
INSERT INTO Researcher (Researcher_ID,Name,Surname,Gender,Birth_Date,Recruitment_Date,Organization_ID) VALUES ("3119927", "Jon", "Haas", "Male", "1991-11-07", "2020-05-06", "3119086");
INSERT INTO Researcher (Researcher_ID,Name,Surname,Gender,Birth_Date,Recruitment_Date,Organization_ID) VALUES ("3119928", "Γερακίνα", "Maddox", "Female", "2001-05-28", "2020-12-28", "3119084");
INSERT INTO Researcher (Researcher_ID,Name,Surname,Gender,Birth_Date,Recruitment_Date,Organization_ID) VALUES ("3119929", "Amanda", "Rosales", "Other", "1979-06-03", "2021-12-22", "3119024");
INSERT INTO Researcher (Researcher_ID,Name,Surname,Gender,Birth_Date,Recruitment_Date,Organization_ID) VALUES ("3119930", "Teresa", "Gutierrez", "Male", "1978-11-23", "2021-08-17", "3119087");
INSERT INTO Researcher (Researcher_ID,Name,Surname,Gender,Birth_Date,Recruitment_Date,Organization_ID) VALUES ("3119931", "Carrie", "Βασιλοπούλου", "Female", "1981-08-28", "2021-09-12", "3119104");
INSERT INTO Researcher (Researcher_ID,Name,Surname,Gender,Birth_Date,Recruitment_Date,Organization_ID) VALUES ("3119932", "Πάρις", "Σδούκου", "Other", "1976-08-05", "2021-08-07", "3119060");
INSERT INTO Researcher (Researcher_ID,Name,Surname,Gender,Birth_Date,Recruitment_Date,Organization_ID) VALUES ("3119933", "Vanessa", "Στυλιανίδου", "Male", "1989-02-07", "2021-10-10", "3119139");
INSERT INTO Researcher (Researcher_ID,Name,Surname,Gender,Birth_Date,Recruitment_Date,Organization_ID) VALUES ("3119934", "Ασημής", "Ντριβαλά", "Female", "1964-10-20", "2021-04-30", "3119126");
INSERT INTO Researcher (Researcher_ID,Name,Surname,Gender,Birth_Date,Recruitment_Date,Organization_ID) VALUES ("3119935", "Ιουλιανός", "Ζηδιανάκης", "Other", "1995-01-25", "2020-01-22", "3119124");
INSERT INTO Researcher (Researcher_ID,Name,Surname,Gender,Birth_Date,Recruitment_Date,Organization_ID) VALUES ("3119936", "Michael", "Farrell", "Male", "2000-09-23", "2020-02-01", "3119099");
INSERT INTO Researcher (Researcher_ID,Name,Surname,Gender,Birth_Date,Recruitment_Date,Organization_ID) VALUES ("3119937", "Leah", "Υφαντή", "Female", "1988-03-02", "2020-11-25", "3119141");
INSERT INTO Researcher (Researcher_ID,Name,Surname,Gender,Birth_Date,Recruitment_Date,Organization_ID) VALUES ("3119938", "Ερμιόνη", "Τσαμπαλή", "Other", "1984-05-14", "2020-05-24", "3119151");
INSERT INTO Researcher (Researcher_ID,Name,Surname,Gender,Birth_Date,Recruitment_Date,Organization_ID) VALUES ("3119939", "Ροδάνθη", "Campbell", "Male", "1981-11-14", "2022-04-11", "3119102");
INSERT INTO Researcher (Researcher_ID,Name,Surname,Gender,Birth_Date,Recruitment_Date,Organization_ID) VALUES ("3119940", "David", "Meyer", "Female", "1961-12-16", "2020-07-27", "3119166");
INSERT INTO Researcher (Researcher_ID,Name,Surname,Gender,Birth_Date,Recruitment_Date,Organization_ID) VALUES ("3119941", "Andrew", "Mitchell", "Other", "1988-11-10", "2022-05-11", "3119085");
INSERT INTO Researcher (Researcher_ID,Name,Surname,Gender,Birth_Date,Recruitment_Date,Organization_ID) VALUES ("3119942", "Γαβριέλλα", "Tate", "Male", "2000-05-19", "2021-01-11", "3119080");
INSERT INTO Researcher (Researcher_ID,Name,Surname,Gender,Birth_Date,Recruitment_Date,Organization_ID) VALUES ("3119943", "Σταμάτης", "Στεργιούδης", "Female", "1979-03-24", "2020-11-27", "3119123");
INSERT INTO Researcher (Researcher_ID,Name,Surname,Gender,Birth_Date,Recruitment_Date,Organization_ID) VALUES ("3119944", "Μυρσίνη", "Wright", "Other", "1965-10-09", "2020-08-10", "3119173");
INSERT INTO Researcher (Researcher_ID,Name,Surname,Gender,Birth_Date,Recruitment_Date,Organization_ID) VALUES ("3119945", "Donna", "Βαρσάμου", "Male", "1986-08-07", "2021-02-22", "3119174");
INSERT INTO Researcher (Researcher_ID,Name,Surname,Gender,Birth_Date,Recruitment_Date,Organization_ID) VALUES ("3119946", "Αλεξάνδρα", "Graham", "Female", "1969-11-09", "2020-08-09", "3119013");
INSERT INTO Researcher (Researcher_ID,Name,Surname,Gender,Birth_Date,Recruitment_Date,Organization_ID) VALUES ("3119947", "Katrina", "Combs", "Other", "1998-07-22", "2020-05-05", "3119004");
INSERT INTO Researcher (Researcher_ID,Name,Surname,Gender,Birth_Date,Recruitment_Date,Organization_ID) VALUES ("3119948", "Marie", "Wood", "Male", "2000-01-16", "2022-03-06", "3119057");
INSERT INTO Researcher (Researcher_ID,Name,Surname,Gender,Birth_Date,Recruitment_Date,Organization_ID) VALUES ("3119949", "Megan", "Schroeder", "Female", "1992-11-25", "2021-09-23", "3119178");
INSERT INTO Researcher (Researcher_ID,Name,Surname,Gender,Birth_Date,Recruitment_Date,Organization_ID) VALUES ("3119950", "Δικαία", "Ευαγγελίδη", "Other", "1965-06-27", "2022-04-12", "3119134");
INSERT INTO Researcher (Researcher_ID,Name,Surname,Gender,Birth_Date,Recruitment_Date,Organization_ID) VALUES ("3119951", "Μιχάλης", "Price", "Male", "1998-04-04", "2021-01-19", "3119087");
INSERT INTO Researcher (Researcher_ID,Name,Surname,Gender,Birth_Date,Recruitment_Date,Organization_ID) VALUES ("3119952", "Χαραλαμπία", "Hines", "Female", "1998-06-09", "2020-04-16", "3119023");
INSERT INTO Researcher (Researcher_ID,Name,Surname,Gender,Birth_Date,Recruitment_Date,Organization_ID) VALUES ("3119953", "Tamara", "Brooks", "Other", "1967-03-23", "2020-03-31", "3119165");
INSERT INTO Researcher (Researcher_ID,Name,Surname,Gender,Birth_Date,Recruitment_Date,Organization_ID) VALUES ("3119954", "Βιολέτα", "Χουλιάρας", "Male", "1962-10-04", "2021-09-23", "3119068");
INSERT INTO Researcher (Researcher_ID,Name,Surname,Gender,Birth_Date,Recruitment_Date,Organization_ID) VALUES ("3119955", "Πολυζώης", "Blake", "Female", "1991-04-28", "2022-04-04", "3119065");
INSERT INTO Researcher (Researcher_ID,Name,Surname,Gender,Birth_Date,Recruitment_Date,Organization_ID) VALUES ("3119956", "Ιερεμίας", "Νικολάτου", "Other", "1966-08-20", "2020-12-21", "3119161");
INSERT INTO Researcher (Researcher_ID,Name,Surname,Gender,Birth_Date,Recruitment_Date,Organization_ID) VALUES ("3119957", "Lynn", "Κυριαννάκη", "Male", "1997-03-20", "2022-03-11", "3119070");
INSERT INTO Researcher (Researcher_ID,Name,Surname,Gender,Birth_Date,Recruitment_Date,Organization_ID) VALUES ("3119958", "Wendy", "Hicks", "Female", "1961-11-03", "2020-11-20", "3119180");
INSERT INTO Researcher (Researcher_ID,Name,Surname,Gender,Birth_Date,Recruitment_Date,Organization_ID) VALUES ("3119959", "Robert", "Kirby", "Other", "1992-03-25", "2021-12-04", "3119147");
INSERT INTO Researcher (Researcher_ID,Name,Surname,Gender,Birth_Date,Recruitment_Date,Organization_ID) VALUES ("3119960", "Δαμασκηνή", "Χατζηφώτη", "Male", "1970-04-06", "2020-07-09", "3119099");
INSERT INTO Researcher (Researcher_ID,Name,Surname,Gender,Birth_Date,Recruitment_Date,Organization_ID) VALUES ("3119961", "Γαλήνη", "Chambers", "Female", "1970-02-22", "2022-02-08", "3119130");
INSERT INTO Researcher (Researcher_ID,Name,Surname,Gender,Birth_Date,Recruitment_Date,Organization_ID) VALUES ("3119962", "Επαμεινώνδας", "Σμαρδάς", "Other", "1974-02-14", "2021-09-19", "3119149");
INSERT INTO Researcher (Researcher_ID,Name,Surname,Gender,Birth_Date,Recruitment_Date,Organization_ID) VALUES ("3119963", "Cameron", "Ζαχαριουδάκη", "Male", "2001-06-14", "2021-11-04", "3119003");
INSERT INTO Researcher (Researcher_ID,Name,Surname,Gender,Birth_Date,Recruitment_Date,Organization_ID) VALUES ("3119964", "Τηλέμαχος", "Σαρίκας", "Female", "1995-05-30", "2022-01-16", "3119156");
INSERT INTO Researcher (Researcher_ID,Name,Surname,Gender,Birth_Date,Recruitment_Date,Organization_ID) VALUES ("3119965", "Ann", "Hendricks", "Other", "1981-08-28", "2020-11-18", "3119067");
INSERT INTO Researcher (Researcher_ID,Name,Surname,Gender,Birth_Date,Recruitment_Date,Organization_ID) VALUES ("3119966", "Μαρωτέσα", "Smith", "Male", "1974-03-08", "2021-04-25", "3119103");
INSERT INTO Researcher (Researcher_ID,Name,Surname,Gender,Birth_Date,Recruitment_Date,Organization_ID) VALUES ("3119967", "Ryan", "Χαμαλίδου", "Female", "1985-09-21", "2020-07-29", "3119095");
INSERT INTO Researcher (Researcher_ID,Name,Surname,Gender,Birth_Date,Recruitment_Date,Organization_ID) VALUES ("3119968", "Λαέρτης", "Carter", "Other", "1964-06-16", "2022-01-07", "3119128");
INSERT INTO Researcher (Researcher_ID,Name,Surname,Gender,Birth_Date,Recruitment_Date,Organization_ID) VALUES ("3119969", "Φανή", "Μανοπούλου", "Male", "1973-11-19", "2022-02-21", "3119181");
INSERT INTO Researcher (Researcher_ID,Name,Surname,Gender,Birth_Date,Recruitment_Date,Organization_ID) VALUES ("3119970", "Justin", "Πατσούρας", "Female", "1970-08-24", "2020-10-29", "3119158");
INSERT INTO Researcher (Researcher_ID,Name,Surname,Gender,Birth_Date,Recruitment_Date,Organization_ID) VALUES ("3119971", "Μάρκος", "Βυζιηνού", "Other", "1968-03-17", "2020-11-06", "3119070");
INSERT INTO Researcher (Researcher_ID,Name,Surname,Gender,Birth_Date,Recruitment_Date,Organization_ID) VALUES ("3119972", "Αγάπη", "Ζαρειφοπούλου", "Male", "1977-10-27", "2021-11-22", "3119106");
INSERT INTO Researcher (Researcher_ID,Name,Surname,Gender,Birth_Date,Recruitment_Date,Organization_ID) VALUES ("3119973", "Κοσμάς", "Bishop", "Female", "1999-02-13", "2021-06-05", "3119186");
INSERT INTO Researcher (Researcher_ID,Name,Surname,Gender,Birth_Date,Recruitment_Date,Organization_ID) VALUES ("3119974", "Ευμένιος", "Bolton", "Other", "1969-05-31", "2021-03-07", "3119011");
INSERT INTO Researcher (Researcher_ID,Name,Surname,Gender,Birth_Date,Recruitment_Date,Organization_ID) VALUES ("3119975", "Θάλεια", "Τσώνης", "Male", "1978-12-01", "2020-11-02", "3119140");
INSERT INTO Researcher (Researcher_ID,Name,Surname,Gender,Birth_Date,Recruitment_Date,Organization_ID) VALUES ("3119976", "Daniel", "Hines", "Female", "1969-09-18", "2021-08-08", "3119040");
INSERT INTO Researcher (Researcher_ID,Name,Surname,Gender,Birth_Date,Recruitment_Date,Organization_ID) VALUES ("3119977", "Χρυσαφένια", "Barrett", "Other", "1965-03-10", "2021-03-30", "3119009");
INSERT INTO Researcher (Researcher_ID,Name,Surname,Gender,Birth_Date,Recruitment_Date,Organization_ID) VALUES ("3119978", "Άρης", "Jacobson", "Male", "1982-03-28", "2020-01-16", "3119122");
INSERT INTO Researcher (Researcher_ID,Name,Surname,Gender,Birth_Date,Recruitment_Date,Organization_ID) VALUES ("3119979", "Ολύμπια", "Herrera", "Female", "1982-03-10", "2021-04-17", "3119033");
INSERT INTO Researcher (Researcher_ID,Name,Surname,Gender,Birth_Date,Recruitment_Date,Organization_ID) VALUES ("3119980", "Paul", "Crawford", "Other", "1991-03-10", "2022-05-11", "3119183");
INSERT INTO Researcher (Researcher_ID,Name,Surname,Gender,Birth_Date,Recruitment_Date,Organization_ID) VALUES ("3119981", "Βάιος", "Neal", "Male", "1976-05-13", "2021-05-08", "3119124");
INSERT INTO Researcher (Researcher_ID,Name,Surname,Gender,Birth_Date,Recruitment_Date,Organization_ID) VALUES ("3119982", "Carly", "Reyes", "Female", "1984-12-29", "2021-09-15", "3119143");
INSERT INTO Researcher (Researcher_ID,Name,Surname,Gender,Birth_Date,Recruitment_Date,Organization_ID) VALUES ("3119983", "Πάρις", "Κυρίτσης", "Other", "1982-07-06", "2021-10-26", "3119096");
INSERT INTO Researcher (Researcher_ID,Name,Surname,Gender,Birth_Date,Recruitment_Date,Organization_ID) VALUES ("3119984", "Κωνσταντία", "Cole", "Male", "1982-03-19", "2020-03-16", "3119117");
INSERT INTO Researcher (Researcher_ID,Name,Surname,Gender,Birth_Date,Recruitment_Date,Organization_ID) VALUES ("3119985", "Χρήστος", "Κοκορδέλης", "Female", "1988-09-28", "2020-05-20", "3119107");
INSERT INTO Researcher (Researcher_ID,Name,Surname,Gender,Birth_Date,Recruitment_Date,Organization_ID) VALUES ("3119986", "Πολυτίμη", "Wilson", "Other", "1990-08-27", "2021-09-10", "3119079");
INSERT INTO Researcher (Researcher_ID,Name,Surname,Gender,Birth_Date,Recruitment_Date,Organization_ID) VALUES ("3119987", "Καλομοίρα", "Τσάκη", "Male", "1972-08-04", "2020-04-03", "3119092");
INSERT INTO Researcher (Researcher_ID,Name,Surname,Gender,Birth_Date,Recruitment_Date,Organization_ID) VALUES ("3119988", "Θεόκλεια", "Νούσης", "Female", "1989-05-16", "2021-06-14", "3119016");
INSERT INTO Researcher (Researcher_ID,Name,Surname,Gender,Birth_Date,Recruitment_Date,Organization_ID) VALUES ("3119989", "Φρύνη", "Σταμούλη", "Other", "1990-10-22", "2020-05-20", "3119038");
INSERT INTO Researcher (Researcher_ID,Name,Surname,Gender,Birth_Date,Recruitment_Date,Organization_ID) VALUES ("3119990", "Μαντώ", "Henry", "Male", "1982-12-04", "2020-06-13", "3119149");
INSERT INTO Researcher (Researcher_ID,Name,Surname,Gender,Birth_Date,Recruitment_Date,Organization_ID) VALUES ("3119991", "Melissa", "Henderson", "Female", "1982-07-13", "2021-05-18", "3119125");
INSERT INTO Researcher (Researcher_ID,Name,Surname,Gender,Birth_Date,Recruitment_Date,Organization_ID) VALUES ("3119992", "Brian", "Harris", "Other", "1995-07-23", "2020-05-24", "3119088");
INSERT INTO Researcher (Researcher_ID,Name,Surname,Gender,Birth_Date,Recruitment_Date,Organization_ID) VALUES ("3119993", "Savannah", "Μίχος", "Male", "1981-03-27", "2021-02-02", "3119196");
INSERT INTO Researcher (Researcher_ID,Name,Surname,Gender,Birth_Date,Recruitment_Date,Organization_ID) VALUES ("3119994", "Ακριβός", "Garcia", "Female", "1983-01-15", "2021-11-01", "3119145");
INSERT INTO Researcher (Researcher_ID,Name,Surname,Gender,Birth_Date,Recruitment_Date,Organization_ID) VALUES ("3119995", "Αρχέλαος", "Μανουσέλης", "Other", "1977-05-03", "2021-04-10", "3119142");
INSERT INTO Researcher (Researcher_ID,Name,Surname,Gender,Birth_Date,Recruitment_Date,Organization_ID) VALUES ("3119996", "Άγγελος", "Wolfe", "Male", "1999-04-08", "2022-03-18", "3119090");
INSERT INTO Researcher (Researcher_ID,Name,Surname,Gender,Birth_Date,Recruitment_Date,Organization_ID) VALUES ("3119997", "Anthony", "Μαζαράκης", "Female", "1964-07-04", "2021-07-12", "3119000");
INSERT INTO Researcher (Researcher_ID,Name,Surname,Gender,Birth_Date,Recruitment_Date,Organization_ID) VALUES ("3119998", "Kristen", "Wright", "Other", "1999-08-11", "2021-08-18", "3119194");
INSERT INTO Researcher (Researcher_ID,Name,Surname,Gender,Birth_Date,Recruitment_Date,Organization_ID) VALUES ("3119999", "Ζαμπία", "Hughes", "Male", "1994-11-27", "2020-11-01", "3119197");
INSERT INTO Project (Project_ID,Name,Summary,Project_Funds,Start_Date,End_Date,Executive_ID,Program_ID,Organization_ID,Research_Manager_ID) VALUES ("3119000", "Χαρτιού Δυστυχώς", "Illum perspiciatis officia doloribus ducimus. Alias ad minus veritatis.", "432849", "2022-03-25", "2023-11-13", "3119143", "3119136", "3119109", "3119094");
INSERT INTO Works_On (Researcher_ID,Project_ID,Start_Date) VALUES ("3119094", "3119000", "2022-03-25");
INSERT INTO Project (Project_ID,Name,Summary,Project_Funds,Start_Date,End_Date,Executive_ID,Program_ID,Organization_ID,Research_Manager_ID) VALUES ("3119001", "Deleniti Illo", "Mollitia sequi laudantium rem tempore ipsa.", "730829", "2020-06-28", "2021-12-16", "3119151", "3119047", "3119145", "3119168");
INSERT INTO Works_On (Researcher_ID,Project_ID,Start_Date) VALUES ("3119168", "3119001", "2020-06-28");
INSERT INTO Project (Project_ID,Name,Summary,Project_Funds,Start_Date,End_Date,Executive_ID,Program_ID,Organization_ID,Research_Manager_ID) VALUES ("3119002", "Μέχρι Άτομο", "Western democratic air quality street imagine money.", "171650", "2020-06-13", "2023-05-14", "3119098", "3119142", "3119140", "3119070");
INSERT INTO Works_On (Researcher_ID,Project_ID,Start_Date) VALUES ("3119070", "3119002", "2020-06-13");
INSERT INTO Project (Project_ID,Name,Summary,Project_Funds,Start_Date,End_Date,Executive_ID,Program_ID,Organization_ID,Research_Manager_ID) VALUES ("3119003", "Minus Quod", "Πως στη διαπιστώνεις εργάστηκε. Τα πλέον βασανίζουν αρχεία απαρατήρητο.", "254311", "2020-05-14", "2022-08-06", "3119091", "3119118", "3119106", "3119550");
INSERT INTO Works_On (Researcher_ID,Project_ID,Start_Date) VALUES ("3119550", "3119003", "2020-05-14");
INSERT INTO Project (Project_ID,Name,Summary,Project_Funds,Start_Date,End_Date,Executive_ID,Program_ID,Organization_ID,Research_Manager_ID) VALUES ("3119004", "Απομόνωση", "Ήδη που δείξει. Την επιδιορθώσεις απαραίτητο στις προσθέσει ποσοστό.", "453491", "2020-11-19", "2022-05-15", "3119081", "3119066", "3119160", "3119361");
INSERT INTO Works_On (Researcher_ID,Project_ID,Start_Date) VALUES ("3119361", "3119004", "2020-11-19");
INSERT INTO Project (Project_ID,Name,Summary,Project_Funds,Start_Date,End_Date,Executive_ID,Program_ID,Organization_ID,Research_Manager_ID) VALUES ("3119005", "Simply When Low", "Πιο στα συνέχεια βαθμό προσπαθούν. Αλγόριθμου άρα εδώ ανταγωνιστής δε.", "261435", "2020-01-13", "2022-05-19", "3119096", "3119141", "3119176", "3119203");
INSERT INTO Works_On (Researcher_ID,Project_ID,Start_Date) VALUES ("3119203", "3119005", "2020-01-13");
INSERT INTO Project (Project_ID,Name,Summary,Project_Funds,Start_Date,End_Date,Executive_ID,Program_ID,Organization_ID,Research_Manager_ID) VALUES ("3119006", "Και Παίρνει Επί", "Προσπαθήσεις πάντως του διακόψουμε αρπάζεις τέλειοι σαν.", "843255", "2020-05-11", "2022-11-02", "3119040", "3119163", "3119086", "3119089");
INSERT INTO Works_On (Researcher_ID,Project_ID,Start_Date) VALUES ("3119089", "3119006", "2020-05-11");
INSERT INTO Project (Project_ID,Name,Summary,Project_Funds,Start_Date,End_Date,Executive_ID,Program_ID,Organization_ID,Research_Manager_ID) VALUES ("3119007", "Assumenda Non", "Μας κειμένων έχω πάντα. Μιας μια ήδη απαραίτητο χώρου πιο κάτι.", "388604", "2021-02-02", "2024-06-03", "3119129", "3119027", "3119143", "3119211");
INSERT INTO Works_On (Researcher_ID,Project_ID,Start_Date) VALUES ("3119211", "3119007", "2021-02-02");
INSERT INTO Project (Project_ID,Name,Summary,Project_Funds,Start_Date,End_Date,Executive_ID,Program_ID,Organization_ID,Research_Manager_ID) VALUES ("3119008", "Καταλάθος Ώρα", "Έρθει ερώτηση εκτελέσεις λίγο. Τοπικές ώρα μας θέλεις μην.", "608776", "2020-03-01", "2023-12-04", "3119046", "3119151", "3119113", "3119270");
INSERT INTO Works_On (Researcher_ID,Project_ID,Start_Date) VALUES ("3119270", "3119008", "2020-03-01");
INSERT INTO Project (Project_ID,Name,Summary,Project_Funds,Start_Date,End_Date,Executive_ID,Program_ID,Organization_ID,Research_Manager_ID) VALUES ("3119009", "Voluptatibus", "Πάρεις αποστηθίσει χρονοδιαγράμματα πάντα μετρήσεις πάντα χρόνου.", "976910", "2020-09-05", "2022-06-02", "3119027", "3119088", "3119183", "3119303");
INSERT INTO Works_On (Researcher_ID,Project_ID,Start_Date) VALUES ("3119303", "3119009", "2020-09-05");
INSERT INTO Project (Project_ID,Name,Summary,Project_Funds,Start_Date,End_Date,Executive_ID,Program_ID,Organization_ID,Research_Manager_ID) VALUES ("3119010", "Fugit Sequi Eius", "Λιγότερο δίνοντας πήρε ειδικά δυστυχώς πως.", "533539", "2021-10-03", "2024-03-05", "3119026", "3119149", "3119054", "3119452");
INSERT INTO Works_On (Researcher_ID,Project_ID,Start_Date) VALUES ("3119452", "3119010", "2021-10-03");
INSERT INTO Project (Project_ID,Name,Summary,Project_Funds,Start_Date,End_Date,Executive_ID,Program_ID,Organization_ID,Research_Manager_ID) VALUES ("3119011", "Art Land Close", "Return wait who also wrong property. Mind toward fly deal year total.", "300111", "2020-12-12", "2023-01-12", "3119168", "3119045", "3119061", "3119483");
INSERT INTO Works_On (Researcher_ID,Project_ID,Start_Date) VALUES ("3119483", "3119011", "2020-12-12");
INSERT INTO Project (Project_ID,Name,Summary,Project_Funds,Start_Date,End_Date,Executive_ID,Program_ID,Organization_ID,Research_Manager_ID) VALUES ("3119012", "Aliquid Id Odit", "Σταματάς ρουτίνα αποφάσισε επί χαρτιού.", "938023", "2022-05-07", "2026-03-20", "3119127", "3119177", "3119087", "3119555");
INSERT INTO Works_On (Researcher_ID,Project_ID,Start_Date) VALUES ("3119555", "3119012", "2022-05-07");
INSERT INTO Project (Project_ID,Name,Summary,Project_Funds,Start_Date,End_Date,Executive_ID,Program_ID,Organization_ID,Research_Manager_ID) VALUES ("3119013", "Dolor Molestiae", "Reiciendis minima perspiciatis corrupti debitis assumenda impedit sed.", "928721", "2021-06-21", "2022-10-17", "3119054", "3119075", "3119152", "3119115");
INSERT INTO Works_On (Researcher_ID,Project_ID,Start_Date) VALUES ("3119115", "3119013", "2021-06-21");
INSERT INTO Project (Project_ID,Name,Summary,Project_Funds,Start_Date,End_Date,Executive_ID,Program_ID,Organization_ID,Research_Manager_ID) VALUES ("3119014", "Αρπάζεις Περιμένουν", "Μας κοιτάζοντας υποψήφιο μέσης.", "704514", "2021-04-08", "2025-03-03", "3119137", "3119053", "3119043", "3119018");
INSERT INTO Works_On (Researcher_ID,Project_ID,Start_Date) VALUES ("3119018", "3119014", "2021-04-08");
INSERT INTO Project (Project_ID,Name,Summary,Project_Funds,Start_Date,End_Date,Executive_ID,Program_ID,Organization_ID,Research_Manager_ID) VALUES ("3119015", "Quod Ab", "Εξαρτάται κρατήσουν θα μάτσο γνωστή δούλευε.", "740595", "2020-07-19", "2022-12-21", "3119072", "3119097", "3119074", "3119052");
INSERT INTO Works_On (Researcher_ID,Project_ID,Start_Date) VALUES ("3119052", "3119015", "2020-07-19");
INSERT INTO Project (Project_ID,Name,Summary,Project_Funds,Start_Date,End_Date,Executive_ID,Program_ID,Organization_ID,Research_Manager_ID) VALUES ("3119016", "Νέο Χάος Μπουν Σαν", "Ποσοστό με εταιρείες αυτήν μια στήλες μη.", "793440", "2020-03-06", "2022-10-03", "3119011", "3119146", "3119174", "3119309");
INSERT INTO Works_On (Researcher_ID,Project_ID,Start_Date) VALUES ("3119309", "3119016", "2020-03-06");
INSERT INTO Project (Project_ID,Name,Summary,Project_Funds,Start_Date,End_Date,Executive_ID,Program_ID,Organization_ID,Research_Manager_ID) VALUES ("3119017", "Nisi Culpa Nobis", "Numquam sequi nam exercitationem.", "551136", "2020-08-07", "2022-08-03", "3119159", "3119030", "3119015", "3119113");
INSERT INTO Works_On (Researcher_ID,Project_ID,Start_Date) VALUES ("3119113", "3119017", "2020-08-07");
INSERT INTO Project (Project_ID,Name,Summary,Project_Funds,Start_Date,End_Date,Executive_ID,Program_ID,Organization_ID,Research_Manager_ID) VALUES ("3119018", "Quis Assumenda", "Ο γέλασαν συνηθίζουν. Αυτός έτσι να κόψεις γνωρίζουμε ήδη άτομο.", "659291", "2020-07-14", "2022-09-15", "3119014", "3119127", "3119029", "3119427");
INSERT INTO Works_On (Researcher_ID,Project_ID,Start_Date) VALUES ("3119427", "3119018", "2020-07-14");
INSERT INTO Project (Project_ID,Name,Summary,Project_Funds,Start_Date,End_Date,Executive_ID,Program_ID,Organization_ID,Research_Manager_ID) VALUES ("3119019", "Ανακλύψεις", "Court despite them decision voice. Pattern somebody family.", "475738", "2020-05-05", "2021-05-30", "3119007", "3119177", "3119143", "3119207");
INSERT INTO Works_On (Researcher_ID,Project_ID,Start_Date) VALUES ("3119207", "3119019", "2020-05-05");
INSERT INTO Project (Project_ID,Name,Summary,Project_Funds,Start_Date,End_Date,Executive_ID,Program_ID,Organization_ID,Research_Manager_ID) VALUES ("3119020", "Αυτός Πάρα Μάλλον", "Read rest new even success feeling father to.", "330407", "2021-12-21", "2025-09-21", "3119154", "3119097", "3119084", "3119261");
INSERT INTO Works_On (Researcher_ID,Project_ID,Start_Date) VALUES ("3119261", "3119020", "2021-12-21");
INSERT INTO Project (Project_ID,Name,Summary,Project_Funds,Start_Date,End_Date,Executive_ID,Program_ID,Organization_ID,Research_Manager_ID) VALUES ("3119021", "Quam Repellendus", "Voluptatibus assumenda similique sit consectetur sapiente nulla.", "546241", "2020-04-27", "2022-02-17", "3119056", "3119162", "3119166", "3119423");
INSERT INTO Works_On (Researcher_ID,Project_ID,Start_Date) VALUES ("3119423", "3119021", "2020-04-27");
INSERT INTO Project (Project_ID,Name,Summary,Project_Funds,Start_Date,End_Date,Executive_ID,Program_ID,Organization_ID,Research_Manager_ID) VALUES ("3119022", "Accusantium Dolore", "Γειτονιάς ένα πεδία έξι ίδιο.", "572020", "2021-01-22", "2023-01-23", "3119185", "3119079", "3119164", "3119028");
INSERT INTO Works_On (Researcher_ID,Project_ID,Start_Date) VALUES ("3119028", "3119022", "2021-01-22");
INSERT INTO Project (Project_ID,Name,Summary,Project_Funds,Start_Date,End_Date,Executive_ID,Program_ID,Organization_ID,Research_Manager_ID) VALUES ("3119023", "Αναφέρονται Παίξουν", "Έξι μάλλον σε ρουτίνα ένας τον. Τους έτσι επενδυτής.", "888093", "2022-03-10", "2024-10-14", "3119044", "3119186", "3119074", "3119016");
INSERT INTO Works_On (Researcher_ID,Project_ID,Start_Date) VALUES ("3119016", "3119023", "2022-03-10");
INSERT INTO Project (Project_ID,Name,Summary,Project_Funds,Start_Date,End_Date,Executive_ID,Program_ID,Organization_ID,Research_Manager_ID) VALUES ("3119024", "Soldier Adult", "Nesciunt id aut hic. Suscipit quia sequi animi distinctio commodi dicta.", "277616", "2021-08-03", "2024-01-24", "3119076", "3119055", "3119142", "3119290");
INSERT INTO Works_On (Researcher_ID,Project_ID,Start_Date) VALUES ("3119290", "3119024", "2021-08-03");
INSERT INTO Project (Project_ID,Name,Summary,Project_Funds,Start_Date,End_Date,Executive_ID,Program_ID,Organization_ID,Research_Manager_ID) VALUES ("3119025", "Pariatur Voluptate", "Πολύ οι πετάνε περισσότερες σου ζητήσεις εκδόσεις.", "260886", "2020-10-21", "2021-11-23", "3119011", "3119155", "3119143", "3119556");
INSERT INTO Works_On (Researcher_ID,Project_ID,Start_Date) VALUES ("3119556", "3119025", "2020-10-21");
INSERT INTO Project (Project_ID,Name,Summary,Project_Funds,Start_Date,End_Date,Executive_ID,Program_ID,Organization_ID,Research_Manager_ID) VALUES ("3119026", "Μάθε Λαμβάνουν", "Rem possimus quo nisi totam. Eum necessitatibus deleniti officia.", "971487", "2020-09-05", "2022-10-26", "3119199", "3119070", "3119021", "3119159");
INSERT INTO Works_On (Researcher_ID,Project_ID,Start_Date) VALUES ("3119159", "3119026", "2020-09-05");
INSERT INTO Project (Project_ID,Name,Summary,Project_Funds,Start_Date,End_Date,Executive_ID,Program_ID,Organization_ID,Research_Manager_ID) VALUES ("3119027", "Nam Nisi Eligendi", "Επί εντολές εκτελείται δε. Διαφήμιση προκαλείς δε.", "207871", "2020-11-15", "2022-07-09", "3119124", "3119042", "3119196", "3119594");
INSERT INTO Works_On (Researcher_ID,Project_ID,Start_Date) VALUES ("3119594", "3119027", "2020-11-15");
INSERT INTO Project (Project_ID,Name,Summary,Project_Funds,Start_Date,End_Date,Executive_ID,Program_ID,Organization_ID,Research_Manager_ID) VALUES ("3119028", "Συγκεντρωμένοι", "Nearly police little also.", "408405", "2019-11-29", "2020-12-16", "3119188", "3119148", "3119136", "3119056");
INSERT INTO Works_On (Researcher_ID,Project_ID,Start_Date) VALUES ("3119056", "3119028", "2019-11-29");
INSERT INTO Project (Project_ID,Name,Summary,Project_Funds,Start_Date,End_Date,Executive_ID,Program_ID,Organization_ID,Research_Manager_ID) VALUES ("3119029", "Molestias Impedit", "Health newspaper reflect class nature officer keep level.", "275190", "2020-10-17", "2022-06-11", "3119193", "3119169", "3119075", "3119588");
INSERT INTO Works_On (Researcher_ID,Project_ID,Start_Date) VALUES ("3119588", "3119029", "2020-10-17");
INSERT INTO Project (Project_ID,Name,Summary,Project_Funds,Start_Date,End_Date,Executive_ID,Program_ID,Organization_ID,Research_Manager_ID) VALUES ("3119030", "Four Financial", "Beatae eligendi nesciunt.", "547206", "2021-11-10", "2023-06-30", "3119084", "3119017", "3119062", "3119288");
INSERT INTO Works_On (Researcher_ID,Project_ID,Start_Date) VALUES ("3119288", "3119030", "2021-11-10");
INSERT INTO Project (Project_ID,Name,Summary,Project_Funds,Start_Date,End_Date,Executive_ID,Program_ID,Organization_ID,Research_Manager_ID) VALUES ("3119031", "Quasi Reprehenderit", "Προγραμματιστές πετάνε αλγόριθμου πάρα ειδικά στις άτομο.", "276174", "2021-05-24", "2023-04-10", "3119084", "3119156", "3119163", "3119411");
INSERT INTO Works_On (Researcher_ID,Project_ID,Start_Date) VALUES ("3119411", "3119031", "2021-05-24");
INSERT INTO Project (Project_ID,Name,Summary,Project_Funds,Start_Date,End_Date,Executive_ID,Program_ID,Organization_ID,Research_Manager_ID) VALUES ("3119032", "Money As Somebody", "Half education performance environment would involve government.", "489736", "2021-08-28", "2022-09-13", "3119065", "3119034", "3119107", "3119401");
INSERT INTO Works_On (Researcher_ID,Project_ID,Start_Date) VALUES ("3119401", "3119032", "2021-08-28");
INSERT INTO Project (Project_ID,Name,Summary,Project_Funds,Start_Date,End_Date,Executive_ID,Program_ID,Organization_ID,Research_Manager_ID) VALUES ("3119033", "Reprehenderit Nam", "Distinctio eligendi exercitationem laudantium assumenda.", "630722", "2021-12-05", "2023-10-27", "3119026", "3119119", "3119038", "3119568");
INSERT INTO Works_On (Researcher_ID,Project_ID,Start_Date) VALUES ("3119568", "3119033", "2021-12-05");
INSERT INTO Project (Project_ID,Name,Summary,Project_Funds,Start_Date,End_Date,Executive_ID,Program_ID,Organization_ID,Research_Manager_ID) VALUES ("3119034", "Deserunt Porro", "Μέχρι κανόνα διακόψουμε πηγαίου ωραίο. Εργάστηκε σταματάς εγώ κάτι.", "915986", "2020-07-30", "2021-12-28", "3119061", "3119160", "3119083", "3119223");
INSERT INTO Works_On (Researcher_ID,Project_ID,Start_Date) VALUES ("3119223", "3119034", "2020-07-30");
INSERT INTO Project (Project_ID,Name,Summary,Project_Funds,Start_Date,End_Date,Executive_ID,Program_ID,Organization_ID,Research_Manager_ID) VALUES ("3119035", "Tempora Esse Quo", "Άρθρων αθόρυβες παίρνει συνέχεια διευθυντές ήδη.", "783082", "2021-02-04", "2024-02-23", "3119059", "3119151", "3119184", "3119536");
INSERT INTO Works_On (Researcher_ID,Project_ID,Start_Date) VALUES ("3119536", "3119035", "2021-02-04");
INSERT INTO Project (Project_ID,Name,Summary,Project_Funds,Start_Date,End_Date,Executive_ID,Program_ID,Organization_ID,Research_Manager_ID) VALUES ("3119036", "Με Γιαυτό Μερικούς", "Πηγαίου σημεία διακόψουμε πρόσληψη κλπ.", "249823", "2021-07-25", "2023-08-01", "3119051", "3119170", "3119135", "3119346");
INSERT INTO Works_On (Researcher_ID,Project_ID,Start_Date) VALUES ("3119346", "3119036", "2021-07-25");
INSERT INTO Project (Project_ID,Name,Summary,Project_Funds,Start_Date,End_Date,Executive_ID,Program_ID,Organization_ID,Research_Manager_ID) VALUES ("3119037", "Ratione Ipsam Nulla", "Γραμμή ήδη και χαμηλός εργαζόμενοι διαφήμιση.", "791020", "2020-03-24", "2021-07-17", "3119012", "3119164", "3119016", "3119219");
INSERT INTO Works_On (Researcher_ID,Project_ID,Start_Date) VALUES ("3119219", "3119037", "2020-03-24");
INSERT INTO Project (Project_ID,Name,Summary,Project_Funds,Start_Date,End_Date,Executive_ID,Program_ID,Organization_ID,Research_Manager_ID) VALUES ("3119038", "Εδώ Απλό Δύο Στη", "Κάτι συνεντεύξεις των να δε επί γραμμής απλό.", "816199", "2021-03-21", "2024-07-07", "3119165", "3119124", "3119057", "3119496");
INSERT INTO Works_On (Researcher_ID,Project_ID,Start_Date) VALUES ("3119496", "3119038", "2021-03-21");
INSERT INTO Project (Project_ID,Name,Summary,Project_Funds,Start_Date,End_Date,Executive_ID,Program_ID,Organization_ID,Research_Manager_ID) VALUES ("3119039", "Cupiditate Ipsa", "Μάτσο μέχρι δίνοντας στα απαράδεκτη λίγο.", "366883", "2020-09-15", "2023-02-01", "3119065", "3119011", "3119189", "3119595");
INSERT INTO Works_On (Researcher_ID,Project_ID,Start_Date) VALUES ("3119595", "3119039", "2020-09-15");
INSERT INTO Project (Project_ID,Name,Summary,Project_Funds,Start_Date,End_Date,Executive_ID,Program_ID,Organization_ID,Research_Manager_ID) VALUES ("3119040", "Τύπους Επί Σε Όσο", "Ut aspernatur sapiente similique et iure vel.", "996439", "2020-11-08", "2024-07-12", "3119025", "3119179", "3119054", "3119031");
INSERT INTO Works_On (Researcher_ID,Project_ID,Start_Date) VALUES ("3119031", "3119040", "2020-11-08");
INSERT INTO Project (Project_ID,Name,Summary,Project_Funds,Start_Date,End_Date,Executive_ID,Program_ID,Organization_ID,Research_Manager_ID) VALUES ("3119041", "Optio Velit Quaerat", "Property again guy subject many five power line.", "768924", "2020-01-06", "2021-08-05", "3119197", "3119186", "3119005", "3119161");
INSERT INTO Works_On (Researcher_ID,Project_ID,Start_Date) VALUES ("3119161", "3119041", "2020-01-06");
INSERT INTO Project (Project_ID,Name,Summary,Project_Funds,Start_Date,End_Date,Executive_ID,Program_ID,Organization_ID,Research_Manager_ID) VALUES ("3119042", "Minima Ea", "Των εργαλείων χρησιμοποίησέ ερώτηση στήλες υόρκη σαν.", "252260", "2021-09-14", "2024-08-17", "3119076", "3119068", "3119020", "3119304");
INSERT INTO Works_On (Researcher_ID,Project_ID,Start_Date) VALUES ("3119304", "3119042", "2021-09-14");
INSERT INTO Project (Project_ID,Name,Summary,Project_Funds,Start_Date,End_Date,Executive_ID,Program_ID,Organization_ID,Research_Manager_ID) VALUES ("3119043", "Φακέλους Έτοιμος", "Εξοργιστικά σαν εφαμοργής αθόρυβες στέλνοντάς φαινόμενο.", "495018", "2019-11-09", "2021-10-05", "3119032", "3119169", "3119005", "3119120");
INSERT INTO Works_On (Researcher_ID,Project_ID,Start_Date) VALUES ("3119120", "3119043", "2019-11-09");
INSERT INTO Project (Project_ID,Name,Summary,Project_Funds,Start_Date,End_Date,Executive_ID,Program_ID,Organization_ID,Research_Manager_ID) VALUES ("3119044", "Μας Διακόψουμε", "Θυμάμαι παραδοτέου θέματα. Δεν ναι επιστρέφουν έξι.", "675619", "2021-02-13", "2023-07-23", "3119084", "3119156", "3119081", "3119363");
INSERT INTO Works_On (Researcher_ID,Project_ID,Start_Date) VALUES ("3119363", "3119044", "2021-02-13");
INSERT INTO Project (Project_ID,Name,Summary,Project_Funds,Start_Date,End_Date,Executive_ID,Program_ID,Organization_ID,Research_Manager_ID) VALUES ("3119045", "Την Ερώτηση", "Μέχρι ανταγωνιστής νέα διολισθήσεις όταν που τα.", "221865", "2020-03-05", "2022-09-03", "3119046", "3119032", "3119022", "3119453");
INSERT INTO Works_On (Researcher_ID,Project_ID,Start_Date) VALUES ("3119453", "3119045", "2020-03-05");
INSERT INTO Project (Project_ID,Name,Summary,Project_Funds,Start_Date,End_Date,Executive_ID,Program_ID,Organization_ID,Research_Manager_ID) VALUES ("3119046", "Odit Distinctio", "Σταματάς ερωτήσεις περιβάλλον.", "962093", "2021-03-14", "2022-07-11", "3119169", "3119159", "3119023", "3119241");
INSERT INTO Works_On (Researcher_ID,Project_ID,Start_Date) VALUES ("3119241", "3119046", "2021-03-14");
INSERT INTO Project (Project_ID,Name,Summary,Project_Funds,Start_Date,End_Date,Executive_ID,Program_ID,Organization_ID,Research_Manager_ID) VALUES ("3119047", "Ullam Repellat Ea", "Ducimus debitis quos odio reprehenderit nulla.", "829819", "2021-04-30", "2023-02-08", "3119020", "3119178", "3119046", "3119012");
INSERT INTO Works_On (Researcher_ID,Project_ID,Start_Date) VALUES ("3119012", "3119047", "2021-04-30");
INSERT INTO Project (Project_ID,Name,Summary,Project_Funds,Start_Date,End_Date,Executive_ID,Program_ID,Organization_ID,Research_Manager_ID) VALUES ("3119048", "Saepe Minima Vitae", "Χρειάζονται πεδία λες μερικούς στο την τις.", "290623", "2020-04-16", "2022-07-09", "3119058", "3119188", "3119004", "3119534");
INSERT INTO Works_On (Researcher_ID,Project_ID,Start_Date) VALUES ("3119534", "3119048", "2020-04-16");
INSERT INTO Project (Project_ID,Name,Summary,Project_Funds,Start_Date,End_Date,Executive_ID,Program_ID,Organization_ID,Research_Manager_ID) VALUES ("3119049", "Everyone Yourself", "Κι τεκμηριώνει σας σταματάς εφαρμογή επί σαν κύκλο.", "281645", "2020-08-15", "2024-01-20", "3119120", "3119119", "3119188", "3119032");
INSERT INTO Works_On (Researcher_ID,Project_ID,Start_Date) VALUES ("3119032", "3119049", "2020-08-15");
INSERT INTO Project (Project_ID,Name,Summary,Project_Funds,Start_Date,End_Date,Executive_ID,Program_ID,Organization_ID,Research_Manager_ID) VALUES ("3119050", "Μέσης Φίλος Πάντα", "Ήδη χαρακτηριστικών των μπορούσες ατόμου εκτός της μεταγλωτίσει.", "666866", "2020-08-05", "2022-08-24", "3119179", "3119002", "3119147", "3119339");
INSERT INTO Works_On (Researcher_ID,Project_ID,Start_Date) VALUES ("3119339", "3119050", "2020-08-05");
INSERT INTO Project (Project_ID,Name,Summary,Project_Funds,Start_Date,End_Date,Executive_ID,Program_ID,Organization_ID,Research_Manager_ID) VALUES ("3119051", "Under Involve", "Δύο αν στις είχαμε μας πολύ.", "751699", "2019-12-19", "2022-05-19", "3119006", "3119121", "3119184", "3119109");
INSERT INTO Works_On (Researcher_ID,Project_ID,Start_Date) VALUES ("3119109", "3119051", "2019-12-19");
INSERT INTO Project (Project_ID,Name,Summary,Project_Funds,Start_Date,End_Date,Executive_ID,Program_ID,Organization_ID,Research_Manager_ID) VALUES ("3119052", "Iure Corporis", "Vitae tempore nobis pariatur doloremque corporis possimus.", "220617", "2022-04-19", "2024-11-27", "3119126", "3119176", "3119052", "3119235");
INSERT INTO Works_On (Researcher_ID,Project_ID,Start_Date) VALUES ("3119235", "3119052", "2022-04-19");
INSERT INTO Project (Project_ID,Name,Summary,Project_Funds,Start_Date,End_Date,Executive_ID,Program_ID,Organization_ID,Research_Manager_ID) VALUES ("3119053", "Μιας Πολύ", "Father use kind suffer skin military also.", "919226", "2021-07-07", "2023-01-16", "3119191", "3119122", "3119046", "3119500");
INSERT INTO Works_On (Researcher_ID,Project_ID,Start_Date) VALUES ("3119500", "3119053", "2021-07-07");
INSERT INTO Project (Project_ID,Name,Summary,Project_Funds,Start_Date,End_Date,Executive_ID,Program_ID,Organization_ID,Research_Manager_ID) VALUES ("3119054", "Station Executive", "Aut omnis eligendi. Provident nostrum possimus iure.", "853450", "2021-08-20", "2024-05-04", "3119013", "3119012", "3119161", "3119086");
INSERT INTO Works_On (Researcher_ID,Project_ID,Start_Date) VALUES ("3119086", "3119054", "2021-08-20");
INSERT INTO Project (Project_ID,Name,Summary,Project_Funds,Start_Date,End_Date,Executive_ID,Program_ID,Organization_ID,Research_Manager_ID) VALUES ("3119055", "Μέχρι Όσο Γεύματος", "Διορθώσεις κύκλο άρα. Δημιουργείς ζητήσεις διαφήμιση βγήκε δημιουργήσεις.", "206575", "2020-08-29", "2022-03-17", "3119082", "3119185", "3119060", "3119416");
INSERT INTO Works_On (Researcher_ID,Project_ID,Start_Date) VALUES ("3119416", "3119055", "2020-08-29");
INSERT INTO Project (Project_ID,Name,Summary,Project_Funds,Start_Date,End_Date,Executive_ID,Program_ID,Organization_ID,Research_Manager_ID) VALUES ("3119056", "Tenetur Asperiores", "Rate head number realize voice family. Tree may far fact discover imagine.", "425947", "2020-06-05", "2022-02-20", "3119196", "3119055", "3119121", "3119278");
INSERT INTO Works_On (Researcher_ID,Project_ID,Start_Date) VALUES ("3119278", "3119056", "2020-06-05");
INSERT INTO Project (Project_ID,Name,Summary,Project_Funds,Start_Date,End_Date,Executive_ID,Program_ID,Organization_ID,Research_Manager_ID) VALUES ("3119057", "Watch Quite Talk We", "Ρωτήσει νέων συνεχώς μέσης μέσης νέα εδώ επιδιορθώσεις.", "666565", "2020-01-14", "2023-08-19", "3119128", "3119041", "3119195", "3119490");
INSERT INTO Works_On (Researcher_ID,Project_ID,Start_Date) VALUES ("3119490", "3119057", "2020-01-14");
INSERT INTO Project (Project_ID,Name,Summary,Project_Funds,Start_Date,End_Date,Executive_ID,Program_ID,Organization_ID,Research_Manager_ID) VALUES ("3119058", "Χειρότερα Το Μέχρι", "Βρίσκονται χαρτιού σκεφτείς χρόνου μέγιστη.", "635382", "2022-05-12", "2026-04-16", "3119105", "3119140", "3119102", "3119360");
INSERT INTO Works_On (Researcher_ID,Project_ID,Start_Date) VALUES ("3119360", "3119058", "2022-05-12");
INSERT INTO Project (Project_ID,Name,Summary,Project_Funds,Start_Date,End_Date,Executive_ID,Program_ID,Organization_ID,Research_Manager_ID) VALUES ("3119059", "Ως Έστειλε Στη", "Τι όχι δε μεταγλωτιστής.", "534070", "2021-07-08", "2022-08-21", "3119122", "3119191", "3119059", "3119350");
INSERT INTO Works_On (Researcher_ID,Project_ID,Start_Date) VALUES ("3119350", "3119059", "2021-07-08");
INSERT INTO Project (Project_ID,Name,Summary,Project_Funds,Start_Date,End_Date,Executive_ID,Program_ID,Organization_ID,Research_Manager_ID) VALUES ("3119060", "Πλέον Άρα", "Nisi beatae sit illum asperiores dolor quasi.", "602995", "2021-10-08", "2023-07-17", "3119128", "3119116", "3119083", "3119507");
INSERT INTO Works_On (Researcher_ID,Project_ID,Start_Date) VALUES ("3119507", "3119060", "2021-10-08");
INSERT INTO Project (Project_ID,Name,Summary,Project_Funds,Start_Date,End_Date,Executive_ID,Program_ID,Organization_ID,Research_Manager_ID) VALUES ("3119061", "Προσπαθούν Κρατάει", "Fugit aut expedita. Placeat debitis vitae molestias.", "601770", "2020-06-21", "2023-10-18", "3119098", "3119000", "3119113", "3119482");
INSERT INTO Works_On (Researcher_ID,Project_ID,Start_Date) VALUES ("3119482", "3119061", "2020-06-21");
INSERT INTO Project (Project_ID,Name,Summary,Project_Funds,Start_Date,End_Date,Executive_ID,Program_ID,Organization_ID,Research_Manager_ID) VALUES ("3119062", "Κώδικα Υόρκη Βαθμό", "Role upon always despite still.", "934556", "2021-02-18", "2023-12-07", "3119114", "3119025", "3119093", "3119217");
INSERT INTO Works_On (Researcher_ID,Project_ID,Start_Date) VALUES ("3119217", "3119062", "2021-02-18");
INSERT INTO Project (Project_ID,Name,Summary,Project_Funds,Start_Date,End_Date,Executive_ID,Program_ID,Organization_ID,Research_Manager_ID) VALUES ("3119063", "Occaecati", "Magni nobis ducimus hic aperiam.", "796480", "2021-12-27", "2023-03-26", "3119042", "3119011", "3119146", "3119465");
INSERT INTO Works_On (Researcher_ID,Project_ID,Start_Date) VALUES ("3119465", "3119063", "2021-12-27");
INSERT INTO Project (Project_ID,Name,Summary,Project_Funds,Start_Date,End_Date,Executive_ID,Program_ID,Organization_ID,Research_Manager_ID) VALUES ("3119064", "Saepe Aliquam", "Quaerat ab adipisci repellendus. Ducimus saepe repudiandae porro.", "273258", "2019-11-13", "2022-08-15", "3119149", "3119067", "3119162", "3119487");
INSERT INTO Works_On (Researcher_ID,Project_ID,Start_Date) VALUES ("3119487", "3119064", "2019-11-13");
INSERT INTO Project (Project_ID,Name,Summary,Project_Funds,Start_Date,End_Date,Executive_ID,Program_ID,Organization_ID,Research_Manager_ID) VALUES ("3119065", "Expert Probably", "Future head simple ability. Threat network cause end day.", "905661", "2021-06-19", "2024-03-18", "3119044", "3119119", "3119171", "3119282");
INSERT INTO Works_On (Researcher_ID,Project_ID,Start_Date) VALUES ("3119282", "3119065", "2021-06-19");
INSERT INTO Project (Project_ID,Name,Summary,Project_Funds,Start_Date,End_Date,Executive_ID,Program_ID,Organization_ID,Research_Manager_ID) VALUES ("3119066", "Όσο Εξοργιστικά", "Προγραμματιστής ένας σίγουρος. Διορθώσει λιγότερο ίδιο κι ως στα έτσι.", "511660", "2021-06-17", "2024-09-30", "3119187", "3119058", "3119147", "3119589");
INSERT INTO Works_On (Researcher_ID,Project_ID,Start_Date) VALUES ("3119589", "3119066", "2021-06-17");
INSERT INTO Project (Project_ID,Name,Summary,Project_Funds,Start_Date,End_Date,Executive_ID,Program_ID,Organization_ID,Research_Manager_ID) VALUES ("3119067", "Παράδειγμα Σημεία", "Range stuff out some change tree. Order white fly.", "235089", "2019-11-15", "2023-05-02", "3119094", "3119199", "3119015", "3119275");
INSERT INTO Works_On (Researcher_ID,Project_ID,Start_Date) VALUES ("3119275", "3119067", "2019-11-15");
INSERT INTO Project (Project_ID,Name,Summary,Project_Funds,Start_Date,End_Date,Executive_ID,Program_ID,Organization_ID,Research_Manager_ID) VALUES ("3119068", "Son Put Lay", "Ώρα επί εταιρείες επί κοιτάζοντας αυτός επιστρέφουν εργασίας.", "742306", "2021-01-18", "2022-08-02", "3119028", "3119029", "3119167", "3119189");
INSERT INTO Works_On (Researcher_ID,Project_ID,Start_Date) VALUES ("3119189", "3119068", "2021-01-18");
INSERT INTO Project (Project_ID,Name,Summary,Project_Funds,Start_Date,End_Date,Executive_ID,Program_ID,Organization_ID,Research_Manager_ID) VALUES ("3119069", "Sequi Deleniti Fuga", "Μέχρι αποφάσισε αντιλήφθηκαν κάνεις.", "488245", "2021-06-06", "2022-06-12", "3119135", "3119173", "3119150", "3119103");
INSERT INTO Works_On (Researcher_ID,Project_ID,Start_Date) VALUES ("3119103", "3119069", "2021-06-06");
INSERT INTO Project (Project_ID,Name,Summary,Project_Funds,Start_Date,End_Date,Executive_ID,Program_ID,Organization_ID,Research_Manager_ID) VALUES ("3119070", "Ab Mollitia Totam", "Magnam voluptates doloribus beatae.", "464263", "2020-11-21", "2024-03-14", "3119194", "3119005", "3119115", "3119357");
INSERT INTO Works_On (Researcher_ID,Project_ID,Start_Date) VALUES ("3119357", "3119070", "2020-11-21");
INSERT INTO Project (Project_ID,Name,Summary,Project_Funds,Start_Date,End_Date,Executive_ID,Program_ID,Organization_ID,Research_Manager_ID) VALUES ("3119071", "Mollitia Magnam", "At explicabo a sapiente amet.", "905105", "2021-12-02", "2023-01-21", "3119017", "3119000", "3119088", "3119162");
INSERT INTO Works_On (Researcher_ID,Project_ID,Start_Date) VALUES ("3119162", "3119071", "2021-12-02");
INSERT INTO Project (Project_ID,Name,Summary,Project_Funds,Start_Date,End_Date,Executive_ID,Program_ID,Organization_ID,Research_Manager_ID) VALUES ("3119072", "Παραπάνω Αυτήν", "Συγχρόνως ήδη μην πήρε τα πήρε απαράδεκτη. Νέα έχω μας εκτελέσεις.", "664420", "2020-10-22", "2022-09-22", "3119152", "3119108", "3119164", "3119191");
INSERT INTO Works_On (Researcher_ID,Project_ID,Start_Date) VALUES ("3119191", "3119072", "2020-10-22");
INSERT INTO Project (Project_ID,Name,Summary,Project_Funds,Start_Date,End_Date,Executive_ID,Program_ID,Organization_ID,Research_Manager_ID) VALUES ("3119073", "Δίνοντας Κανένας Με", "Star born he difficult under. Avoid yard forget how reality.", "724069", "2022-04-06", "2025-07-25", "3119063", "3119012", "3119059", "3119348");
INSERT INTO Works_On (Researcher_ID,Project_ID,Start_Date) VALUES ("3119348", "3119073", "2022-04-06");
INSERT INTO Project (Project_ID,Name,Summary,Project_Funds,Start_Date,End_Date,Executive_ID,Program_ID,Organization_ID,Research_Manager_ID) VALUES ("3119074", "Πάντως Ποια Ως Ένας", "Sapiente tempora magni laborum. At enim maiores id alias cupiditate.", "271632", "2021-12-17", "2025-10-11", "3119087", "3119107", "3119162", "3119375");
INSERT INTO Works_On (Researcher_ID,Project_ID,Start_Date) VALUES ("3119375", "3119074", "2021-12-17");
INSERT INTO Project (Project_ID,Name,Summary,Project_Funds,Start_Date,End_Date,Executive_ID,Program_ID,Organization_ID,Research_Manager_ID) VALUES ("3119075", "Χρησιμοποιούσες", "Quaerat magni accusantium voluptatem assumenda illum.", "587711", "2022-05-27", "2024-07-08", "3119031", "3119049", "3119177", "3119426");
INSERT INTO Works_On (Researcher_ID,Project_ID,Start_Date) VALUES ("3119426", "3119075", "2022-05-27");
INSERT INTO Project (Project_ID,Name,Summary,Project_Funds,Start_Date,End_Date,Executive_ID,Program_ID,Organization_ID,Research_Manager_ID) VALUES ("3119076", "Ποια Δύο", "Establish rise east culture.", "865068", "2021-08-03", "2025-01-26", "3119123", "3119098", "3119033", "3119404");
INSERT INTO Works_On (Researcher_ID,Project_ID,Start_Date) VALUES ("3119404", "3119076", "2021-08-03");
INSERT INTO Project (Project_ID,Name,Summary,Project_Funds,Start_Date,End_Date,Executive_ID,Program_ID,Organization_ID,Research_Manager_ID) VALUES ("3119077", "Middle Certain", "Fugiat magnam delectus quidem neque laborum.", "529685", "2020-03-27", "2021-11-04", "3119066", "3119168", "3119081", "3119233");
INSERT INTO Works_On (Researcher_ID,Project_ID,Start_Date) VALUES ("3119233", "3119077", "2020-03-27");
INSERT INTO Project (Project_ID,Name,Summary,Project_Funds,Start_Date,End_Date,Executive_ID,Program_ID,Organization_ID,Research_Manager_ID) VALUES ("3119078", "Έτσι Έγραψες Μια", "Magnam hic debitis esse.", "168147", "2020-07-13", "2024-07-11", "3119015", "3119048", "3119165", "3119569");
INSERT INTO Works_On (Researcher_ID,Project_ID,Start_Date) VALUES ("3119569", "3119078", "2020-07-13");
INSERT INTO Project (Project_ID,Name,Summary,Project_Funds,Start_Date,End_Date,Executive_ID,Program_ID,Organization_ID,Research_Manager_ID) VALUES ("3119079", "Περιβάλλον Μη", "Quod sit reprehenderit iure. Omnis soluta sed labore sint reiciendis.", "223677", "2020-10-01", "2022-12-21", "3119033", "3119087", "3119176", "3119075");
INSERT INTO Works_On (Researcher_ID,Project_ID,Start_Date) VALUES ("3119075", "3119079", "2020-10-01");
INSERT INTO Project (Project_ID,Name,Summary,Project_Funds,Start_Date,End_Date,Executive_ID,Program_ID,Organization_ID,Research_Manager_ID) VALUES ("3119080", "Μάτσο Διαχειριστής", "Myself nature prevent art teacher meeting worker.", "968929", "2020-09-16", "2023-10-11", "3119072", "3119173", "3119078", "3119441");
INSERT INTO Works_On (Researcher_ID,Project_ID,Start_Date) VALUES ("3119441", "3119080", "2020-09-16");
INSERT INTO Project (Project_ID,Name,Summary,Project_Funds,Start_Date,End_Date,Executive_ID,Program_ID,Organization_ID,Research_Manager_ID) VALUES ("3119081", "Γιαυτό Ταξινομεί", "Enjoy act week thing program say. Drop smile type sea.", "953441", "2021-09-14", "2023-12-22", "3119130", "3119109", "3119141", "3119132");
INSERT INTO Works_On (Researcher_ID,Project_ID,Start_Date) VALUES ("3119132", "3119081", "2021-09-14");
INSERT INTO Project (Project_ID,Name,Summary,Project_Funds,Start_Date,End_Date,Executive_ID,Program_ID,Organization_ID,Research_Manager_ID) VALUES ("3119082", "Εφαρμογής", "Est tempore sit libero odit molestias. Eligendi magnam occaecati.", "222266", "2022-03-15", "2023-07-29", "3119033", "3119103", "3119169", "3119564");
INSERT INTO Works_On (Researcher_ID,Project_ID,Start_Date) VALUES ("3119564", "3119082", "2022-03-15");
INSERT INTO Project (Project_ID,Name,Summary,Project_Funds,Start_Date,End_Date,Executive_ID,Program_ID,Organization_ID,Research_Manager_ID) VALUES ("3119083", "Sit Doloribus", "Το εργοστασίου δυστυχής τους θέμα αν.", "671412", "2021-10-07", "2023-01-20", "3119090", "3119056", "3119087", "3119188");
INSERT INTO Works_On (Researcher_ID,Project_ID,Start_Date) VALUES ("3119188", "3119083", "2021-10-07");
INSERT INTO Project (Project_ID,Name,Summary,Project_Funds,Start_Date,End_Date,Executive_ID,Program_ID,Organization_ID,Research_Manager_ID) VALUES ("3119084", "Άπειρα Τους", "Σας πετάνε σίγουρος τους συνάδελφος.", "979197", "2021-06-12", "2023-01-20", "3119187", "3119035", "3119175", "3119577");
INSERT INTO Works_On (Researcher_ID,Project_ID,Start_Date) VALUES ("3119577", "3119084", "2021-06-12");
INSERT INTO Project (Project_ID,Name,Summary,Project_Funds,Start_Date,End_Date,Executive_ID,Program_ID,Organization_ID,Research_Manager_ID) VALUES ("3119085", "Dolorum Ipsa", "Ipsa porro illo ab voluptatibus iure ducimus recusandae.", "416289", "2020-05-19", "2022-07-08", "3119133", "3119136", "3119187", "3119165");
INSERT INTO Works_On (Researcher_ID,Project_ID,Start_Date) VALUES ("3119165", "3119085", "2020-05-19");
INSERT INTO Project (Project_ID,Name,Summary,Project_Funds,Start_Date,End_Date,Executive_ID,Program_ID,Organization_ID,Research_Manager_ID) VALUES ("3119086", "Sapiente Atque Unde", "Από διαπιστώνεις σωστά πήρε τρόπο χρησιμοποιούνταν.", "396566", "2022-02-09", "2025-12-29", "3119124", "3119085", "3119187", "3119022");
INSERT INTO Works_On (Researcher_ID,Project_ID,Start_Date) VALUES ("3119022", "3119086", "2022-02-09");
INSERT INTO Project (Project_ID,Name,Summary,Project_Funds,Start_Date,End_Date,Executive_ID,Program_ID,Organization_ID,Research_Manager_ID) VALUES ("3119087", "Decade Dinner Them", "Sunt tempora placeat maxime libero.", "220594", "2019-11-28", "2021-01-07", "3119058", "3119072", "3119020", "3119150");
INSERT INTO Works_On (Researcher_ID,Project_ID,Start_Date) VALUES ("3119150", "3119087", "2019-11-28");
INSERT INTO Project (Project_ID,Name,Summary,Project_Funds,Start_Date,End_Date,Executive_ID,Program_ID,Organization_ID,Research_Manager_ID) VALUES ("3119088", "Ρωτήσει Δύο", "He some sort rather. Especially trade candidate deal.", "668495", "2021-06-02", "2024-03-28", "3119066", "3119032", "3119191", "3119415");
INSERT INTO Works_On (Researcher_ID,Project_ID,Start_Date) VALUES ("3119415", "3119088", "2021-06-02");
INSERT INTO Project (Project_ID,Name,Summary,Project_Funds,Start_Date,End_Date,Executive_ID,Program_ID,Organization_ID,Research_Manager_ID) VALUES ("3119089", "Χρειάζονται Έχω", "Book five as speak pattern role phone. Question case hit.", "719305", "2020-05-28", "2022-11-02", "3119152", "3119170", "3119109", "3119491");
INSERT INTO Works_On (Researcher_ID,Project_ID,Start_Date) VALUES ("3119491", "3119089", "2020-05-28");
INSERT INTO Project (Project_ID,Name,Summary,Project_Funds,Start_Date,End_Date,Executive_ID,Program_ID,Organization_ID,Research_Manager_ID) VALUES ("3119090", "In Repellendus", "Information foreign amount never. Anything today trip against thought.", "529117", "2021-01-15", "2024-11-08", "3119180", "3119179", "3119020", "3119440");
INSERT INTO Works_On (Researcher_ID,Project_ID,Start_Date) VALUES ("3119440", "3119090", "2021-01-15");
INSERT INTO Project (Project_ID,Name,Summary,Project_Funds,Start_Date,End_Date,Executive_ID,Program_ID,Organization_ID,Research_Manager_ID) VALUES ("3119091", "Κι Κι Πάντως", "Κειμένων του αναγκάζονται δίνοντας. Έτοιμος επί χρειάζονται.", "932910", "2021-04-25", "2024-05-18", "3119070", "3119157", "3119016", "3119171");
INSERT INTO Works_On (Researcher_ID,Project_ID,Start_Date) VALUES ("3119171", "3119091", "2021-04-25");
INSERT INTO Project (Project_ID,Name,Summary,Project_Funds,Start_Date,End_Date,Executive_ID,Program_ID,Organization_ID,Research_Manager_ID) VALUES ("3119092", "Πολύ Μηχανής Σημεία", "Σας συγγραφής τι διακοπής ποια. Κώδικα ζητήσεις επεξεργασία θυμάμαι.", "983631", "2021-02-13", "2024-09-03", "3119076", "3119028", "3119000", "3119525");
INSERT INTO Works_On (Researcher_ID,Project_ID,Start_Date) VALUES ("3119525", "3119092", "2021-02-13");
INSERT INTO Project (Project_ID,Name,Summary,Project_Funds,Start_Date,End_Date,Executive_ID,Program_ID,Organization_ID,Research_Manager_ID) VALUES ("3119093", "Της Ανεπιθύμητη Την", "Ημέρα κανένας τη δημιουργια πρώτοι λες μπουν χρησιμοποίησέ.", "740040", "2021-01-02", "2024-11-09", "3119164", "3119164", "3119059", "3119466");
INSERT INTO Works_On (Researcher_ID,Project_ID,Start_Date) VALUES ("3119466", "3119093", "2021-01-02");
INSERT INTO Project (Project_ID,Name,Summary,Project_Funds,Start_Date,End_Date,Executive_ID,Program_ID,Organization_ID,Research_Manager_ID) VALUES ("3119094", "Ειδικά Ροή Τρόπο", "Quod recusandae consequatur incidunt ducimus.", "354837", "2020-01-29", "2022-11-08", "3119065", "3119161", "3119009", "3119311");
INSERT INTO Works_On (Researcher_ID,Project_ID,Start_Date) VALUES ("3119311", "3119094", "2020-01-29");
INSERT INTO Project (Project_ID,Name,Summary,Project_Funds,Start_Date,End_Date,Executive_ID,Program_ID,Organization_ID,Research_Manager_ID) VALUES ("3119095", "Άρα Προγραμματιστές", "Blood affect although might group several visit today.", "650991", "2021-02-17", "2023-10-30", "3119145", "3119185", "3119181", "3119242");
INSERT INTO Works_On (Researcher_ID,Project_ID,Start_Date) VALUES ("3119242", "3119095", "2021-02-17");
INSERT INTO Project (Project_ID,Name,Summary,Project_Funds,Start_Date,End_Date,Executive_ID,Program_ID,Organization_ID,Research_Manager_ID) VALUES ("3119096", "Architecto Quam", "Modern company off effect.", "739191", "2020-12-03", "2024-03-20", "3119126", "3119147", "3119143", "3119053");
INSERT INTO Works_On (Researcher_ID,Project_ID,Start_Date) VALUES ("3119053", "3119096", "2020-12-03");
INSERT INTO Project (Project_ID,Name,Summary,Project_Funds,Start_Date,End_Date,Executive_ID,Program_ID,Organization_ID,Research_Manager_ID) VALUES ("3119097", "Minima Ab Amet", "Από έλεγχος αναγκάζονται χαρακτηριστικό τον στο έστελνε ευκολότερο.", "803399", "2021-06-21", "2023-10-17", "3119193", "3119184", "3119131", "3119004");
INSERT INTO Works_On (Researcher_ID,Project_ID,Start_Date) VALUES ("3119004", "3119097", "2021-06-21");
INSERT INTO Project (Project_ID,Name,Summary,Project_Funds,Start_Date,End_Date,Executive_ID,Program_ID,Organization_ID,Research_Manager_ID) VALUES ("3119098", "Περισσότερες Στη", "Άρθρων εξοργιστικά την προγραμματιστής πλέον. Μην σας μέγιστη.", "116474", "2022-04-06", "2023-12-14", "3119097", "3119193", "3119039", "3119414");
INSERT INTO Works_On (Researcher_ID,Project_ID,Start_Date) VALUES ("3119414", "3119098", "2022-04-06");
INSERT INTO Project (Project_ID,Name,Summary,Project_Funds,Start_Date,End_Date,Executive_ID,Program_ID,Organization_ID,Research_Manager_ID) VALUES ("3119099", "Thousand Health", "Truth federal professional house base gun author.", "431060", "2020-06-29", "2022-10-21", "3119038", "3119184", "3119050", "3119059");
INSERT INTO Works_On (Researcher_ID,Project_ID,Start_Date) VALUES ("3119059", "3119099", "2020-06-29");
INSERT INTO Project (Project_ID,Name,Summary,Project_Funds,Start_Date,End_Date,Executive_ID,Program_ID,Organization_ID,Research_Manager_ID) VALUES ("3119100", "Εργαζόμενοι Σε Που", "Than area run true. Once according listen. Receive nature marriage mind.", "903234", "2021-01-04", "2022-09-27", "3119099", "3119147", "3119111", "3119509");
INSERT INTO Works_On (Researcher_ID,Project_ID,Start_Date) VALUES ("3119509", "3119100", "2021-01-04");
INSERT INTO Project (Project_ID,Name,Summary,Project_Funds,Start_Date,End_Date,Executive_ID,Program_ID,Organization_ID,Research_Manager_ID) VALUES ("3119101", "Deleniti Esse", "Ball laugh show week as court. Require she any debate base my well.", "640822", "2021-04-30", "2023-07-07", "3119190", "3119180", "3119151", "3119391");
INSERT INTO Works_On (Researcher_ID,Project_ID,Start_Date) VALUES ("3119391", "3119101", "2021-04-30");
INSERT INTO Project (Project_ID,Name,Summary,Project_Funds,Start_Date,End_Date,Executive_ID,Program_ID,Organization_ID,Research_Manager_ID) VALUES ("3119102", "Ανακλύψεις", "Do body role meeting despite happen benefit.", "923008", "2020-11-05", "2023-08-28", "3119033", "3119011", "3119173", "3119515");
INSERT INTO Works_On (Researcher_ID,Project_ID,Start_Date) VALUES ("3119515", "3119102", "2020-11-05");
INSERT INTO Project (Project_ID,Name,Summary,Project_Funds,Start_Date,End_Date,Executive_ID,Program_ID,Organization_ID,Research_Manager_ID) VALUES ("3119103", "Rich Run Their", "Στο γραμμή εσωτερικών παίρνουν όταν συνεχώς.", "483599", "2021-03-20", "2023-11-21", "3119106", "3119144", "3119072", "3119190");
INSERT INTO Works_On (Researcher_ID,Project_ID,Start_Date) VALUES ("3119190", "3119103", "2021-03-20");
INSERT INTO Project (Project_ID,Name,Summary,Project_Funds,Start_Date,End_Date,Executive_ID,Program_ID,Organization_ID,Research_Manager_ID) VALUES ("3119104", "Επιστρέφουν", "Έστειλε κάτι νιρβάνα χαμηλός τεκμηριώνει αγοράζοντας.", "956264", "2020-07-29", "2021-11-14", "3119058", "3119170", "3119173", "3119163");
INSERT INTO Works_On (Researcher_ID,Project_ID,Start_Date) VALUES ("3119163", "3119104", "2020-07-29");
INSERT INTO Project (Project_ID,Name,Summary,Project_Funds,Start_Date,End_Date,Executive_ID,Program_ID,Organization_ID,Research_Manager_ID) VALUES ("3119105", "Στο Συνέχεια", "Odio architecto et ipsa at similique maxime voluptate.", "651851", "2020-11-11", "2024-03-06", "3119067", "3119188", "3119186", "3119063");
INSERT INTO Works_On (Researcher_ID,Project_ID,Start_Date) VALUES ("3119063", "3119105", "2020-11-11");
INSERT INTO Project (Project_ID,Name,Summary,Project_Funds,Start_Date,End_Date,Executive_ID,Program_ID,Organization_ID,Research_Manager_ID) VALUES ("3119106", "Δημιουργια Όταν", "Ως χαρακτηριστικό βιαστικά εγώ δοκιμάσεις αν βουτήξουν.", "608871", "2020-11-25", "2022-02-11", "3119062", "3119070", "3119088", "3119461");
INSERT INTO Works_On (Researcher_ID,Project_ID,Start_Date) VALUES ("3119461", "3119106", "2020-11-25");
INSERT INTO Project (Project_ID,Name,Summary,Project_Funds,Start_Date,End_Date,Executive_ID,Program_ID,Organization_ID,Research_Manager_ID) VALUES ("3119107", "Blanditiis", "Που λετπά ίδιο τι περίπου έξι έχω. Περίπου χρονοδιαγράμματα κανόνα στις.", "299487", "2021-11-04", "2023-05-02", "3119064", "3119086", "3119163", "3119505");
INSERT INTO Works_On (Researcher_ID,Project_ID,Start_Date) VALUES ("3119505", "3119107", "2021-11-04");
INSERT INTO Project (Project_ID,Name,Summary,Project_Funds,Start_Date,End_Date,Executive_ID,Program_ID,Organization_ID,Research_Manager_ID) VALUES ("3119108", "Μην Διακόψουμε", "Πεδία εξακολουθεί ζητήσεις δεν. Πρώτης κάτι εφαρμογή.", "525814", "2020-06-01", "2023-04-28", "3119141", "3119094", "3119120", "3119195");
INSERT INTO Works_On (Researcher_ID,Project_ID,Start_Date) VALUES ("3119195", "3119108", "2020-06-01");
INSERT INTO Project (Project_ID,Name,Summary,Project_Funds,Start_Date,End_Date,Executive_ID,Program_ID,Organization_ID,Research_Manager_ID) VALUES ("3119109", "Sapiente Doloremque", "Θυμάμαι άρθρων ήδη συγκεντρωμένοι εξοργιστικά.", "642522", "2021-01-03", "2023-06-09", "3119111", "3119169", "3119056", "3119185");
INSERT INTO Works_On (Researcher_ID,Project_ID,Start_Date) VALUES ("3119185", "3119109", "2021-01-03");
INSERT INTO Project (Project_ID,Name,Summary,Project_Funds,Start_Date,End_Date,Executive_ID,Program_ID,Organization_ID,Research_Manager_ID) VALUES ("3119110", "Γέλασαν Σημαντικό", "Minima dolor facilis non doloribus dicta consequatur.", "759151", "2020-07-09", "2022-04-01", "3119083", "3119161", "3119137", "3119473");
INSERT INTO Works_On (Researcher_ID,Project_ID,Start_Date) VALUES ("3119473", "3119110", "2020-07-09");
INSERT INTO Project (Project_ID,Name,Summary,Project_Funds,Start_Date,End_Date,Executive_ID,Program_ID,Organization_ID,Research_Manager_ID) VALUES ("3119111", "Νόμιζες Στα", "Εξοργιστικά ρωτήσει την εταιρείες πακέτων διαχειριστής κρατήσουν σκεφτείς.", "995698", "2021-04-16", "2023-06-14", "3119113", "3119177", "3119019", "3119166");
INSERT INTO Works_On (Researcher_ID,Project_ID,Start_Date) VALUES ("3119166", "3119111", "2021-04-16");
INSERT INTO Project (Project_ID,Name,Summary,Project_Funds,Start_Date,End_Date,Executive_ID,Program_ID,Organization_ID,Research_Manager_ID) VALUES ("3119112", "Ipsa Necessitatibus", "Χρειάζονται απομόνωση εγώ.", "921694", "2021-11-07", "2025-07-20", "3119014", "3119075", "3119053", "3119407");
INSERT INTO Works_On (Researcher_ID,Project_ID,Start_Date) VALUES ("3119407", "3119112", "2021-11-07");
INSERT INTO Project (Project_ID,Name,Summary,Project_Funds,Start_Date,End_Date,Executive_ID,Program_ID,Organization_ID,Research_Manager_ID) VALUES ("3119113", "Πολύ Διάσημα Ποια", "Id occaecati velit maxime rem.", "885477", "2021-01-10", "2022-01-29", "3119184", "3119034", "3119140", "3119272");
INSERT INTO Works_On (Researcher_ID,Project_ID,Start_Date) VALUES ("3119272", "3119113", "2021-01-10");
INSERT INTO Project (Project_ID,Name,Summary,Project_Funds,Start_Date,End_Date,Executive_ID,Program_ID,Organization_ID,Research_Manager_ID) VALUES ("3119114", "Συγκεντρωμένοι", "Voluptas voluptates earum ducimus et veritatis.", "385547", "2022-01-28", "2024-01-06", "3119047", "3119012", "3119004", "3119153");
INSERT INTO Works_On (Researcher_ID,Project_ID,Start_Date) VALUES ("3119153", "3119114", "2022-01-28");
INSERT INTO Project (Project_ID,Name,Summary,Project_Funds,Start_Date,End_Date,Executive_ID,Program_ID,Organization_ID,Research_Manager_ID) VALUES ("3119115", "Minima Animi", "Quia totam rem vitae nam aliquid voluptatum.", "785037", "2022-03-25", "2024-12-28", "3119009", "3119036", "3119075", "3119468");
INSERT INTO Works_On (Researcher_ID,Project_ID,Start_Date) VALUES ("3119468", "3119115", "2022-03-25");
INSERT INTO Project (Project_ID,Name,Summary,Project_Funds,Start_Date,End_Date,Executive_ID,Program_ID,Organization_ID,Research_Manager_ID) VALUES ("3119116", "Eum Laboriosam Aut", "Πρόσληψη εκείνου ως στις χρησιμοποιούσες δωροδοκηθούν μηχανής εδώ.", "751777", "2020-10-04", "2023-05-02", "3119070", "3119095", "3119169", "3119318");
INSERT INTO Works_On (Researcher_ID,Project_ID,Start_Date) VALUES ("3119318", "3119116", "2020-10-04");
INSERT INTO Project (Project_ID,Name,Summary,Project_Funds,Start_Date,End_Date,Executive_ID,Program_ID,Organization_ID,Research_Manager_ID) VALUES ("3119117", "Πως Είχαμε Εκτός", "Στις περιβάλλοντος κειμένων κανένας και και τεσσαρών.", "398617", "2020-11-04", "2024-07-05", "3119076", "3119144", "3119138", "3119310");
INSERT INTO Works_On (Researcher_ID,Project_ID,Start_Date) VALUES ("3119310", "3119117", "2020-11-04");
INSERT INTO Project (Project_ID,Name,Summary,Project_Funds,Start_Date,End_Date,Executive_ID,Program_ID,Organization_ID,Research_Manager_ID) VALUES ("3119118", "Μαγικά Έγραψες", "Ad blanditiis optio veritatis adipisci recusandae vitae.", "748276", "2021-06-13", "2022-07-20", "3119036", "3119173", "3119003", "3119222");
INSERT INTO Works_On (Researcher_ID,Project_ID,Start_Date) VALUES ("3119222", "3119118", "2021-06-13");
INSERT INTO Project (Project_ID,Name,Summary,Project_Funds,Start_Date,End_Date,Executive_ID,Program_ID,Organization_ID,Research_Manager_ID) VALUES ("3119119", "Tempore Natus", "Eligendi culpa eos aliquam asperiores veritatis atque.", "832001", "2020-06-11", "2022-03-07", "3119028", "3119094", "3119034", "3119418");
INSERT INTO Works_On (Researcher_ID,Project_ID,Start_Date) VALUES ("3119418", "3119119", "2020-06-11");
INSERT INTO Project (Project_ID,Name,Summary,Project_Funds,Start_Date,End_Date,Executive_ID,Program_ID,Organization_ID,Research_Manager_ID) VALUES ("3119120", "Over Oil The Guess", "Γνωστή νόμιζες υόρκη δεν.", "646435", "2022-05-15", "2025-04-07", "3119023", "3119078", "3119014", "3119421");
INSERT INTO Works_On (Researcher_ID,Project_ID,Start_Date) VALUES ("3119421", "3119120", "2022-05-15");
INSERT INTO Project (Project_ID,Name,Summary,Project_Funds,Start_Date,End_Date,Executive_ID,Program_ID,Organization_ID,Research_Manager_ID) VALUES ("3119121", "Λιγότερο Διευθυντές", "Αρέσει μάτσο χρονοδιαγράμματα άρα ο πάρα όταν.", "629206", "2020-06-06", "2021-12-20", "3119147", "3119125", "3119190", "3119262");
INSERT INTO Works_On (Researcher_ID,Project_ID,Start_Date) VALUES ("3119262", "3119121", "2020-06-06");
INSERT INTO Project (Project_ID,Name,Summary,Project_Funds,Start_Date,End_Date,Executive_ID,Program_ID,Organization_ID,Research_Manager_ID) VALUES ("3119122", "Dolorum Doloribus", "Cumque eos molestias provident sequi.", "314824", "2020-08-19", "2022-10-13", "3119011", "3119119", "3119167", "3119137");
INSERT INTO Works_On (Researcher_ID,Project_ID,Start_Date) VALUES ("3119137", "3119122", "2020-08-19");
INSERT INTO Project (Project_ID,Name,Summary,Project_Funds,Start_Date,End_Date,Executive_ID,Program_ID,Organization_ID,Research_Manager_ID) VALUES ("3119123", "Τον Μέχρι Ρωτήσει", "Qui et placeat sit. Maiores deleniti doloremque voluptatum vel.", "183533", "2021-08-29", "2024-04-12", "3119190", "3119041", "3119193", "3119378");
INSERT INTO Works_On (Researcher_ID,Project_ID,Start_Date) VALUES ("3119378", "3119123", "2021-08-29");
INSERT INTO Project (Project_ID,Name,Summary,Project_Funds,Start_Date,End_Date,Executive_ID,Program_ID,Organization_ID,Research_Manager_ID) VALUES ("3119124", "Εγώ Μεταφραστής Ήδη", "Libero dicta maiores ut amet doloremque.", "654155", "2020-02-04", "2023-03-20", "3119018", "3119120", "3119059", "3119520");
INSERT INTO Works_On (Researcher_ID,Project_ID,Start_Date) VALUES ("3119520", "3119124", "2020-02-04");
INSERT INTO Project (Project_ID,Name,Summary,Project_Funds,Start_Date,End_Date,Executive_ID,Program_ID,Organization_ID,Research_Manager_ID) VALUES ("3119125", "Voluptatibus Eaque", "Quas vero laudantium. Est pariatur dolores.", "309044", "2021-02-25", "2023-06-12", "3119137", "3119119", "3119130", "3119504");
INSERT INTO Works_On (Researcher_ID,Project_ID,Start_Date) VALUES ("3119504", "3119125", "2021-02-25");
INSERT INTO Project (Project_ID,Name,Summary,Project_Funds,Start_Date,End_Date,Executive_ID,Program_ID,Organization_ID,Research_Manager_ID) VALUES ("3119126", "Quasi Quasi", "Ταξινομεί τα φίλος εφαμοργής έχω κάνε. Τύπους θα συγχωνευτεί μην κώδικάς.", "198573", "2021-01-16", "2024-01-16", "3119132", "3119092", "3119060", "3119367");
INSERT INTO Works_On (Researcher_ID,Project_ID,Start_Date) VALUES ("3119367", "3119126", "2021-01-16");
INSERT INTO Project (Project_ID,Name,Summary,Project_Funds,Start_Date,End_Date,Executive_ID,Program_ID,Organization_ID,Research_Manager_ID) VALUES ("3119127", "Κώδικα Απλό", "Ίδιο υψηλότερη κρατήσουν χαρακτηριστικών αρχεία.", "453129", "2021-06-06", "2022-09-10", "3119106", "3119149", "3119059", "3119570");
INSERT INTO Works_On (Researcher_ID,Project_ID,Start_Date) VALUES ("3119570", "3119127", "2021-06-06");
INSERT INTO Project (Project_ID,Name,Summary,Project_Funds,Start_Date,End_Date,Executive_ID,Program_ID,Organization_ID,Research_Manager_ID) VALUES ("3119128", "Pass Sit Individual", "Last far better feel member go.", "795938", "2019-12-28", "2023-07-25", "3119163", "3119056", "3119013", "3119236");
INSERT INTO Works_On (Researcher_ID,Project_ID,Start_Date) VALUES ("3119236", "3119128", "2019-12-28");
INSERT INTO Project (Project_ID,Name,Summary,Project_Funds,Start_Date,End_Date,Executive_ID,Program_ID,Organization_ID,Research_Manager_ID) VALUES ("3119129", "Του Τοπικές", "Τρόποι λέει προσθέσει κάνε εκδόσεις. Τις ένα και δούλευε εδώ.", "564620", "2021-09-14", "2022-12-16", "3119010", "3119146", "3119092", "3119291");
INSERT INTO Works_On (Researcher_ID,Project_ID,Start_Date) VALUES ("3119291", "3119129", "2021-09-14");
INSERT INTO Project (Project_ID,Name,Summary,Project_Funds,Start_Date,End_Date,Executive_ID,Program_ID,Organization_ID,Research_Manager_ID) VALUES ("3119130", "Natural Exist", "Αποδείξεις εκδόσεις προβληματική οι.", "771574", "2020-12-18", "2023-12-07", "3119114", "3119180", "3119049", "3119548");
INSERT INTO Works_On (Researcher_ID,Project_ID,Start_Date) VALUES ("3119548", "3119130", "2020-12-18");
INSERT INTO Project (Project_ID,Name,Summary,Project_Funds,Start_Date,End_Date,Executive_ID,Program_ID,Organization_ID,Research_Manager_ID) VALUES ("3119131", "Similique Similique", "Ut ut harum quam ducimus neque voluptate.", "557574", "2021-10-01", "2025-04-22", "3119143", "3119157", "3119076", "3119216");
INSERT INTO Works_On (Researcher_ID,Project_ID,Start_Date) VALUES ("3119216", "3119131", "2021-10-01");
INSERT INTO Project (Project_ID,Name,Summary,Project_Funds,Start_Date,End_Date,Executive_ID,Program_ID,Organization_ID,Research_Manager_ID) VALUES ("3119132", "Άρα Κρατάει", "Reason they campaign consumer adult pull kid.", "180632", "2021-01-26", "2022-10-11", "3119117", "3119037", "3119192", "3119177");
INSERT INTO Works_On (Researcher_ID,Project_ID,Start_Date) VALUES ("3119177", "3119132", "2021-01-26");
INSERT INTO Project (Project_ID,Name,Summary,Project_Funds,Start_Date,End_Date,Executive_ID,Program_ID,Organization_ID,Research_Manager_ID) VALUES ("3119133", "Odit Quidem Sequi", "Corrupti atque dolore nulla deleniti.", "719047", "2021-04-13", "2024-05-18", "3119153", "3119002", "3119029", "3119091");
INSERT INTO Works_On (Researcher_ID,Project_ID,Start_Date) VALUES ("3119091", "3119133", "2021-04-13");
INSERT INTO Project (Project_ID,Name,Summary,Project_Funds,Start_Date,End_Date,Executive_ID,Program_ID,Organization_ID,Research_Manager_ID) VALUES ("3119134", "Quis Necessitatibus", "Delectus quos quisquam omnis. Delectus quae et repellendus iusto nam.", "122825", "2021-11-10", "2025-06-24", "3119092", "3119155", "3119159", "3119383");
INSERT INTO Works_On (Researcher_ID,Project_ID,Start_Date) VALUES ("3119383", "3119134", "2021-11-10");
INSERT INTO Project (Project_ID,Name,Summary,Project_Funds,Start_Date,End_Date,Executive_ID,Program_ID,Organization_ID,Research_Manager_ID) VALUES ("3119135", "Quae Voluptate", "Close offer model director policy laugh.", "812490", "2020-07-12", "2023-09-05", "3119186", "3119165", "3119068", "3119143");
INSERT INTO Works_On (Researcher_ID,Project_ID,Start_Date) VALUES ("3119143", "3119135", "2020-07-12");
INSERT INTO Project (Project_ID,Name,Summary,Project_Funds,Start_Date,End_Date,Executive_ID,Program_ID,Organization_ID,Research_Manager_ID) VALUES ("3119136", "Local Believe", "Dolore nam nam doloremque nemo quasi consectetur.", "463938", "2020-12-07", "2023-01-03", "3119015", "3119102", "3119048", "3119332");
INSERT INTO Works_On (Researcher_ID,Project_ID,Start_Date) VALUES ("3119332", "3119136", "2020-12-07");
INSERT INTO Project (Project_ID,Name,Summary,Project_Funds,Start_Date,End_Date,Executive_ID,Program_ID,Organization_ID,Research_Manager_ID) VALUES ("3119137", "Καλύτερο Τρόποι", "Successful physical ball beautiful care offer.", "925627", "2022-02-13", "2023-10-13", "3119195", "3119181", "3119055", "3119457");
INSERT INTO Works_On (Researcher_ID,Project_ID,Start_Date) VALUES ("3119457", "3119137", "2022-02-13");
INSERT INTO Project (Project_ID,Name,Summary,Project_Funds,Start_Date,End_Date,Executive_ID,Program_ID,Organization_ID,Research_Manager_ID) VALUES ("3119138", "Occaecati Quia", "Πακέτων ανεπιθύμητη πεδία διολισθήσεις.", "991428", "2021-12-02", "2024-03-24", "3119142", "3119076", "3119024", "3119101");
INSERT INTO Works_On (Researcher_ID,Project_ID,Start_Date) VALUES ("3119101", "3119138", "2021-12-02");
INSERT INTO Project (Project_ID,Name,Summary,Project_Funds,Start_Date,End_Date,Executive_ID,Program_ID,Organization_ID,Research_Manager_ID) VALUES ("3119139", "Κόψεις Παραδοτέου", "Απαρατήρητο εκτελέσεις χαμηλός έξι ανά κάτι μια.", "554060", "2020-08-31", "2022-05-14", "3119159", "3119076", "3119111", "3119234");
INSERT INTO Works_On (Researcher_ID,Project_ID,Start_Date) VALUES ("3119234", "3119139", "2020-08-31");
INSERT INTO Project (Project_ID,Name,Summary,Project_Funds,Start_Date,End_Date,Executive_ID,Program_ID,Organization_ID,Research_Manager_ID) VALUES ("3119140", "Voluptatibus", "Χάος βιβλίο ανά κι. Από περιμένουν περιβάλλον νέο στα.", "604853", "2021-01-30", "2023-08-27", "3119185", "3119037", "3119091", "3119042");
INSERT INTO Works_On (Researcher_ID,Project_ID,Start_Date) VALUES ("3119042", "3119140", "2021-01-30");
INSERT INTO Project (Project_ID,Name,Summary,Project_Funds,Start_Date,End_Date,Executive_ID,Program_ID,Organization_ID,Research_Manager_ID) VALUES ("3119141", "Αντιλήφθηκαν", "Μέγιστη για πιο από κύκλο γεγονός πετάνε. Εργαζόμενοι του μου.", "350366", "2021-07-25", "2024-06-16", "3119183", "3119028", "3119162", "3119098");
INSERT INTO Works_On (Researcher_ID,Project_ID,Start_Date) VALUES ("3119098", "3119141", "2021-07-25");
INSERT INTO Project (Project_ID,Name,Summary,Project_Funds,Start_Date,End_Date,Executive_ID,Program_ID,Organization_ID,Research_Manager_ID) VALUES ("3119142", "Πες Εργαζόμενοι", "Matter him kitchen issue.", "536591", "2021-09-09", "2024-07-21", "3119129", "3119022", "3119141", "3119590");
INSERT INTO Works_On (Researcher_ID,Project_ID,Start_Date) VALUES ("3119590", "3119142", "2021-09-09");
INSERT INTO Project (Project_ID,Name,Summary,Project_Funds,Start_Date,End_Date,Executive_ID,Program_ID,Organization_ID,Research_Manager_ID) VALUES ("3119143", "Et Sunt Consectetur", "Μέχρι παίξουν άρα δεδομένων εδώ θέμα περιβάλλοντος διάβασε.", "821969", "2022-05-20", "2024-11-03", "3119187", "3119005", "3119057", "3119510");
INSERT INTO Works_On (Researcher_ID,Project_ID,Start_Date) VALUES ("3119510", "3119143", "2022-05-20");
INSERT INTO Project (Project_ID,Name,Summary,Project_Funds,Start_Date,End_Date,Executive_ID,Program_ID,Organization_ID,Research_Manager_ID) VALUES ("3119144", "Απομόνωση Μην Τους", "Ότι μετρήσεις πιο εργαζόμενων δεν σαν. Στα μη στήλες πρώτης άτομο.", "142665", "2022-01-04", "2025-03-29", "3119178", "3119120", "3119055", "3119181");
INSERT INTO Works_On (Researcher_ID,Project_ID,Start_Date) VALUES ("3119181", "3119144", "2022-01-04");
INSERT INTO Project (Project_ID,Name,Summary,Project_Funds,Start_Date,End_Date,Executive_ID,Program_ID,Organization_ID,Research_Manager_ID) VALUES ("3119145", "Aliquid Molestiae", "Που ήδη στα κρατήσουν. Εκτελέσει απομόνωση ας.", "416421", "2021-06-29", "2023-09-16", "3119194", "3119051", "3119104", "3119007");
INSERT INTO Works_On (Researcher_ID,Project_ID,Start_Date) VALUES ("3119007", "3119145", "2021-06-29");
INSERT INTO Project (Project_ID,Name,Summary,Project_Funds,Start_Date,End_Date,Executive_ID,Program_ID,Organization_ID,Research_Manager_ID) VALUES ("3119146", "Suscipit Nisi Sit", "Hour today scene employee sing outside window.", "799323", "2021-07-31", "2023-08-12", "3119171", "3119047", "3119108", "3119175");
INSERT INTO Works_On (Researcher_ID,Project_ID,Start_Date) VALUES ("3119175", "3119146", "2021-07-31");
INSERT INTO Project (Project_ID,Name,Summary,Project_Funds,Start_Date,End_Date,Executive_ID,Program_ID,Organization_ID,Research_Manager_ID) VALUES ("3119147", "Accusantium Ab", "Πιο ποσοστό αποκλειστικούς μα δε επιχείριση απλό.", "976051", "2020-10-25", "2024-03-28", "3119038", "3119077", "3119041", "3119286");
INSERT INTO Works_On (Researcher_ID,Project_ID,Start_Date) VALUES ("3119286", "3119147", "2020-10-25");
INSERT INTO Project (Project_ID,Name,Summary,Project_Funds,Start_Date,End_Date,Executive_ID,Program_ID,Organization_ID,Research_Manager_ID) VALUES ("3119148", "Κόλπα Τύπους", "Ένας εξαρτάται αποστηθίσει έχω ειδικά πηγαίου την συγχρόνως.", "959292", "2021-12-16", "2023-05-28", "3119049", "3119175", "3119138", "3119587");
INSERT INTO Works_On (Researcher_ID,Project_ID,Start_Date) VALUES ("3119587", "3119148", "2021-12-16");
INSERT INTO Project (Project_ID,Name,Summary,Project_Funds,Start_Date,End_Date,Executive_ID,Program_ID,Organization_ID,Research_Manager_ID) VALUES ("3119149", "Ad Quam Quos", "Place picture middle several clear.", "140783", "2020-10-22", "2024-03-24", "3119017", "3119149", "3119116", "3119340");
INSERT INTO Works_On (Researcher_ID,Project_ID,Start_Date) VALUES ("3119340", "3119149", "2020-10-22");
INSERT INTO Project (Project_ID,Name,Summary,Project_Funds,Start_Date,End_Date,Executive_ID,Program_ID,Organization_ID,Research_Manager_ID) VALUES ("3119150", "Laboriosam Mollitia", "Ανταγωνιστής ένας εφαρμογή δε. Άρα να δυστυχής περίπου μερικούς.", "155537", "2022-05-26", "2024-09-08", "3119154", "3119177", "3119006", "3119002");
INSERT INTO Works_On (Researcher_ID,Project_ID,Start_Date) VALUES ("3119002", "3119150", "2022-05-26");
INSERT INTO Project (Project_ID,Name,Summary,Project_Funds,Start_Date,End_Date,Executive_ID,Program_ID,Organization_ID,Research_Manager_ID) VALUES ("3119151", "Dolor Optio", "Which choice beyond increase agree gas better.", "248151", "2020-03-09", "2023-05-30", "3119169", "3119187", "3119100", "3119182");
INSERT INTO Works_On (Researcher_ID,Project_ID,Start_Date) VALUES ("3119182", "3119151", "2020-03-09");
INSERT INTO Project (Project_ID,Name,Summary,Project_Funds,Start_Date,End_Date,Executive_ID,Program_ID,Organization_ID,Research_Manager_ID) VALUES ("3119152", "Προσεκτικά", "Μας χαρακτηριστικών περίπου δωροδοκηθούν κι συγχωνευτεί επιστρέφουν.", "489354", "2021-02-28", "2023-05-22", "3119198", "3119152", "3119087", "3119215");
INSERT INTO Works_On (Researcher_ID,Project_ID,Start_Date) VALUES ("3119215", "3119152", "2021-02-28");
INSERT INTO Project (Project_ID,Name,Summary,Project_Funds,Start_Date,End_Date,Executive_ID,Program_ID,Organization_ID,Research_Manager_ID) VALUES ("3119153", "Discover Return", "Δυστυχώς πάρα απομόνωση κρατήσουν έστειλε τελειώσει ίδιο.", "722193", "2022-05-04", "2025-08-17", "3119160", "3119105", "3119157", "3119405");
INSERT INTO Works_On (Researcher_ID,Project_ID,Start_Date) VALUES ("3119405", "3119153", "2022-05-04");
INSERT INTO Project (Project_ID,Name,Summary,Project_Funds,Start_Date,End_Date,Executive_ID,Program_ID,Organization_ID,Research_Manager_ID) VALUES ("3119154", "Αποκλειστικούς", "Με στα προσεκτικά διακοπή παίξουν δείξει διακοπής ρωτάει.", "135101", "2021-03-23", "2024-07-14", "3119094", "3119114", "3119056", "3119296");
INSERT INTO Works_On (Researcher_ID,Project_ID,Start_Date) VALUES ("3119296", "3119154", "2021-03-23");
INSERT INTO Project (Project_ID,Name,Summary,Project_Funds,Start_Date,End_Date,Executive_ID,Program_ID,Organization_ID,Research_Manager_ID) VALUES ("3119155", "Πολύ Μερικούς", "Των πολύ έστειλε κώδικα των όταν οι.", "220091", "2022-04-03", "2024-08-05", "3119151", "3119197", "3119029", "3119329");
INSERT INTO Works_On (Researcher_ID,Project_ID,Start_Date) VALUES ("3119329", "3119155", "2022-04-03");
INSERT INTO Project (Project_ID,Name,Summary,Project_Funds,Start_Date,End_Date,Executive_ID,Program_ID,Organization_ID,Research_Manager_ID) VALUES ("3119156", "Molestias Quis", "A dicta itaque vel vitae dolores.", "289374", "2020-08-09", "2024-07-26", "3119004", "3119024", "3119122", "3119517");
INSERT INTO Works_On (Researcher_ID,Project_ID,Start_Date) VALUES ("3119517", "3119156", "2020-08-09");
INSERT INTO Project (Project_ID,Name,Summary,Project_Funds,Start_Date,End_Date,Executive_ID,Program_ID,Organization_ID,Research_Manager_ID) VALUES ("3119157", "Perferendis Tempore", "Διευθυντές μεταγλωτιστής θα συγγραφείς ιδιαίτερα.", "909307", "2022-03-07", "2023-07-19", "3119044", "3119050", "3119183", "3119192");
INSERT INTO Works_On (Researcher_ID,Project_ID,Start_Date) VALUES ("3119192", "3119157", "2022-03-07");
INSERT INTO Project (Project_ID,Name,Summary,Project_Funds,Start_Date,End_Date,Executive_ID,Program_ID,Organization_ID,Research_Manager_ID) VALUES ("3119158", "Μέσης Πετάνε Ωραίο", "Eligendi incidunt asperiores reprehenderit.", "205674", "2021-06-07", "2022-10-09", "3119084", "3119065", "3119017", "3119301");
INSERT INTO Works_On (Researcher_ID,Project_ID,Start_Date) VALUES ("3119301", "3119158", "2021-06-07");
INSERT INTO Project (Project_ID,Name,Summary,Project_Funds,Start_Date,End_Date,Executive_ID,Program_ID,Organization_ID,Research_Manager_ID) VALUES ("3119159", "Από Ροή", "Error soluta dolorum velit enim provident dolore.", "331986", "2021-09-29", "2025-03-07", "3119095", "3119120", "3119117", "3119454");
INSERT INTO Works_On (Researcher_ID,Project_ID,Start_Date) VALUES ("3119454", "3119159", "2021-09-29");
INSERT INTO Project (Project_ID,Name,Summary,Project_Funds,Start_Date,End_Date,Executive_ID,Program_ID,Organization_ID,Research_Manager_ID) VALUES ("3119160", "Before Large", "Soluta suscipit dolorem quos quo harum ut. Aperiam unde et velit.", "340065", "2020-04-16", "2022-09-09", "3119005", "3119065", "3119117", "3119035");
INSERT INTO Works_On (Researcher_ID,Project_ID,Start_Date) VALUES ("3119035", "3119160", "2020-04-16");
INSERT INTO Project (Project_ID,Name,Summary,Project_Funds,Start_Date,End_Date,Executive_ID,Program_ID,Organization_ID,Research_Manager_ID) VALUES ("3119161", "Διορθώσει", "Amet ducimus neque corporis commodi dolore. Iure pariatur in voluptatem.", "997414", "2020-12-24", "2024-02-20", "3119098", "3119016", "3119016", "3119136");
INSERT INTO Works_On (Researcher_ID,Project_ID,Start_Date) VALUES ("3119136", "3119161", "2020-12-24");
INSERT INTO Project (Project_ID,Name,Summary,Project_Funds,Start_Date,End_Date,Executive_ID,Program_ID,Organization_ID,Research_Manager_ID) VALUES ("3119162", "Αυτός Των Παίρνουν", "Δεν θυμάμαι επενδυτής δε εφαρμογής και κώδικα.", "165701", "2020-11-26", "2023-01-22", "3119049", "3119034", "3119018", "3119180");
INSERT INTO Works_On (Researcher_ID,Project_ID,Start_Date) VALUES ("3119180", "3119162", "2020-11-26");
INSERT INTO Project (Project_ID,Name,Summary,Project_Funds,Start_Date,End_Date,Executive_ID,Program_ID,Organization_ID,Research_Manager_ID) VALUES ("3119163", "Maxime Culpa At", "White heart group drive others couple these.", "181088", "2020-02-12", "2022-09-19", "3119128", "3119190", "3119096", "3119439");
INSERT INTO Works_On (Researcher_ID,Project_ID,Start_Date) VALUES ("3119439", "3119163", "2020-02-12");
INSERT INTO Project (Project_ID,Name,Summary,Project_Funds,Start_Date,End_Date,Executive_ID,Program_ID,Organization_ID,Research_Manager_ID) VALUES ("3119164", "Dolor Ea Sequi", "Παράγοντες αλγόριθμου εκείνου υόρκη έχω.", "134606", "2020-01-19", "2023-05-12", "3119168", "3119124", "3119082", "3119449");
INSERT INTO Works_On (Researcher_ID,Project_ID,Start_Date) VALUES ("3119449", "3119164", "2020-01-19");
INSERT INTO Project (Project_ID,Name,Summary,Project_Funds,Start_Date,End_Date,Executive_ID,Program_ID,Organization_ID,Research_Manager_ID) VALUES ("3119165", "Distinctio Quisquam", "Ipsam provident aliquam vitae non.", "556778", "2022-03-24", "2023-04-27", "3119009", "3119111", "3119006", "3119498");
INSERT INTO Works_On (Researcher_ID,Project_ID,Start_Date) VALUES ("3119498", "3119165", "2022-03-24");
INSERT INTO Project (Project_ID,Name,Summary,Project_Funds,Start_Date,End_Date,Executive_ID,Program_ID,Organization_ID,Research_Manager_ID) VALUES ("3119166", "Provident Minus", "Λοιπόν μην υποψήφιο γνωστή νέων.", "704482", "2020-01-26", "2023-09-19", "3119109", "3119015", "3119105", "3119045");
INSERT INTO Works_On (Researcher_ID,Project_ID,Start_Date) VALUES ("3119045", "3119166", "2020-01-26");
INSERT INTO Project (Project_ID,Name,Summary,Project_Funds,Start_Date,End_Date,Executive_ID,Program_ID,Organization_ID,Research_Manager_ID) VALUES ("3119167", "Γεγονός Έστελνε", "Easy program purpose school.", "801851", "2019-11-24", "2022-10-17", "3119018", "3119148", "3119163", "3119259");
INSERT INTO Works_On (Researcher_ID,Project_ID,Start_Date) VALUES ("3119259", "3119167", "2019-11-24");
INSERT INTO Project (Project_ID,Name,Summary,Project_Funds,Start_Date,End_Date,Executive_ID,Program_ID,Organization_ID,Research_Manager_ID) VALUES ("3119168", "Ποια Δωροδοκηθούν", "Distinctio laboriosam quod voluptatem rerum similique.", "438078", "2021-09-17", "2023-09-20", "3119157", "3119170", "3119043", "3119237");
INSERT INTO Works_On (Researcher_ID,Project_ID,Start_Date) VALUES ("3119237", "3119168", "2021-09-17");
INSERT INTO Project (Project_ID,Name,Summary,Project_Funds,Start_Date,End_Date,Executive_ID,Program_ID,Organization_ID,Research_Manager_ID) VALUES ("3119169", "Λέει Δημιουργήσεις", "Ipsa facere fuga voluptatem officiis ducimus.", "427206", "2022-05-27", "2025-06-19", "3119160", "3119037", "3119082", "3119535");
INSERT INTO Works_On (Researcher_ID,Project_ID,Start_Date) VALUES ("3119535", "3119169", "2022-05-27");
INSERT INTO Project (Project_ID,Name,Summary,Project_Funds,Start_Date,End_Date,Executive_ID,Program_ID,Organization_ID,Research_Manager_ID) VALUES ("3119170", "Αν Τον Ήδη Εντολές", "Άρα διασφαλίζεται εξοργιστικά εργοστασίου προσεκτικά έλεγχος τη.", "600393", "2020-04-12", "2023-03-29", "3119060", "3119124", "3119055", "3119493");
INSERT INTO Works_On (Researcher_ID,Project_ID,Start_Date) VALUES ("3119493", "3119170", "2020-04-12");
INSERT INTO Project (Project_ID,Name,Summary,Project_Funds,Start_Date,End_Date,Executive_ID,Program_ID,Organization_ID,Research_Manager_ID) VALUES ("3119171", "Impact Develop", "Δυστυχής εξαρτάται μιας έχω κρατήσουν ζητήσεις τεσσαρών.", "714196", "2021-06-16", "2024-01-08", "3119073", "3119167", "3119151", "3119476");
INSERT INTO Works_On (Researcher_ID,Project_ID,Start_Date) VALUES ("3119476", "3119171", "2021-06-16");
INSERT INTO Project (Project_ID,Name,Summary,Project_Funds,Start_Date,End_Date,Executive_ID,Program_ID,Organization_ID,Research_Manager_ID) VALUES ("3119172", "Laugh While Other", "Ήδη διαδίκτυο που αλγόριθμου. Ρουτίνα πιο εκθέσεις βρίσκονται μου.", "817739", "2021-11-17", "2023-01-20", "3119127", "3119034", "3119155", "3119140");
INSERT INTO Works_On (Researcher_ID,Project_ID,Start_Date) VALUES ("3119140", "3119172", "2021-11-17");
INSERT INTO Project (Project_ID,Name,Summary,Project_Funds,Start_Date,End_Date,Executive_ID,Program_ID,Organization_ID,Research_Manager_ID) VALUES ("3119173", "Προγραμματιστής Στο", "Πρώτοι από ίδιο της αντιλήφθηκαν μετράει.", "668796", "2021-07-18", "2025-06-12", "3119175", "3119041", "3119191", "3119073");
INSERT INTO Works_On (Researcher_ID,Project_ID,Start_Date) VALUES ("3119073", "3119173", "2021-07-18");
INSERT INTO Project (Project_ID,Name,Summary,Project_Funds,Start_Date,End_Date,Executive_ID,Program_ID,Organization_ID,Research_Manager_ID) VALUES ("3119174", "Alias Odio", "Κανόνα παίρνει νέου. Τρόποι επιδιόρθωση σημαντικό αρχεία μη.", "939068", "2020-11-11", "2022-11-18", "3119000", "3119036", "3119123", "3119374");
INSERT INTO Works_On (Researcher_ID,Project_ID,Start_Date) VALUES ("3119374", "3119174", "2020-11-11");
INSERT INTO Project (Project_ID,Name,Summary,Project_Funds,Start_Date,End_Date,Executive_ID,Program_ID,Organization_ID,Research_Manager_ID) VALUES ("3119175", "Quibusdam Maiores", "Short detail defense gun. Just direction nature.", "727169", "2020-05-30", "2021-06-10", "3119055", "3119169", "3119071", "3119196");
INSERT INTO Works_On (Researcher_ID,Project_ID,Start_Date) VALUES ("3119196", "3119175", "2020-05-30");
INSERT INTO Project (Project_ID,Name,Summary,Project_Funds,Start_Date,End_Date,Executive_ID,Program_ID,Organization_ID,Research_Manager_ID) VALUES ("3119176", "Εντολές Άρα Την Σας", "Account star animal. If possible assume system late during their.", "996654", "2021-05-01", "2025-02-23", "3119010", "3119121", "3119095", "3119051");
INSERT INTO Works_On (Researcher_ID,Project_ID,Start_Date) VALUES ("3119051", "3119176", "2021-05-01");
INSERT INTO Project (Project_ID,Name,Summary,Project_Funds,Start_Date,End_Date,Executive_ID,Program_ID,Organization_ID,Research_Manager_ID) VALUES ("3119177", "Όσο Ήδη Περισσότερη", "Skin situation prepare reveal least physical industry.", "425838", "2020-08-01", "2023-03-06", "3119171", "3119051", "3119019", "3119106");
INSERT INTO Works_On (Researcher_ID,Project_ID,Start_Date) VALUES ("3119106", "3119177", "2020-08-01");
INSERT INTO Project (Project_ID,Name,Summary,Project_Funds,Start_Date,End_Date,Executive_ID,Program_ID,Organization_ID,Research_Manager_ID) VALUES ("3119178", "Τρέξει Έξι", "Ρουτίνα πλέον όσο μέχρι επιδιορθώσεις σαν περιεχόμενα.", "980425", "2020-06-04", "2021-12-11", "3119014", "3119081", "3119112", "3119247");
INSERT INTO Works_On (Researcher_ID,Project_ID,Start_Date) VALUES ("3119247", "3119178", "2020-06-04");
INSERT INTO Project (Project_ID,Name,Summary,Project_Funds,Start_Date,End_Date,Executive_ID,Program_ID,Organization_ID,Research_Manager_ID) VALUES ("3119179", "Ευκολότερο Πολύ", "Call themselves available now. Analysis would bad world along.", "529616", "2021-02-17", "2022-04-04", "3119006", "3119145", "3119009", "3119039");
INSERT INTO Works_On (Researcher_ID,Project_ID,Start_Date) VALUES ("3119039", "3119179", "2021-02-17");
INSERT INTO Project (Project_ID,Name,Summary,Project_Funds,Start_Date,End_Date,Executive_ID,Program_ID,Organization_ID,Research_Manager_ID) VALUES ("3119180", "Article Page", "Temporibus ab cupiditate saepe repellat.", "478823", "2020-01-29", "2022-05-20", "3119099", "3119117", "3119046", "3119046");
INSERT INTO Works_On (Researcher_ID,Project_ID,Start_Date) VALUES ("3119046", "3119180", "2020-01-29");
INSERT INTO Project (Project_ID,Name,Summary,Project_Funds,Start_Date,End_Date,Executive_ID,Program_ID,Organization_ID,Research_Manager_ID) VALUES ("3119181", "Totam Atque Velit", "Δίνοντας τη στραβά μα ωραίο. Παίρνουν πιο τοπικές ανά της τις άρα.", "806226", "2021-05-29", "2024-04-02", "3119158", "3119105", "3119001", "3119131");
INSERT INTO Works_On (Researcher_ID,Project_ID,Start_Date) VALUES ("3119131", "3119181", "2021-05-29");
INSERT INTO Project (Project_ID,Name,Summary,Project_Funds,Start_Date,End_Date,Executive_ID,Program_ID,Organization_ID,Research_Manager_ID) VALUES ("3119182", "Error Repellendus", "Sed odio ea. Nisi molestiae vitae voluptate dolor at aliquam.", "648161", "2021-03-24", "2023-01-02", "3119071", "3119191", "3119048", "3119370");
INSERT INTO Works_On (Researcher_ID,Project_ID,Start_Date) VALUES ("3119370", "3119182", "2021-03-24");
INSERT INTO Project (Project_ID,Name,Summary,Project_Funds,Start_Date,End_Date,Executive_ID,Program_ID,Organization_ID,Research_Manager_ID) VALUES ("3119183", "Διακόψουμε Διάβασε", "Δύο διευθυντές διορθώσει εργαζόμενοι διαπιστώνεις.", "387013", "2020-10-21", "2024-07-20", "3119147", "3119177", "3119045", "3119542");
INSERT INTO Works_On (Researcher_ID,Project_ID,Start_Date) VALUES ("3119542", "3119183", "2020-10-21");
INSERT INTO Project (Project_ID,Name,Summary,Project_Funds,Start_Date,End_Date,Executive_ID,Program_ID,Organization_ID,Research_Manager_ID) VALUES ("3119184", "Velit Aspernatur", "Παίρνουν ρωτάει επιδιόρθωση ωραίο. Ας αθόρυβες αλγόριθμου μη.", "104597", "2021-06-06", "2024-09-02", "3119139", "3119065", "3119183", "3119079");
INSERT INTO Works_On (Researcher_ID,Project_ID,Start_Date) VALUES ("3119079", "3119184", "2021-06-06");
INSERT INTO Project (Project_ID,Name,Summary,Project_Funds,Start_Date,End_Date,Executive_ID,Program_ID,Organization_ID,Research_Manager_ID) VALUES ("3119185", "In Ratione Quae", "Ipsa in inventore labore. Repellat officia impedit deleniti animi ratione.", "134131", "2021-07-15", "2024-06-02", "3119014", "3119059", "3119047", "3119198");
INSERT INTO Works_On (Researcher_ID,Project_ID,Start_Date) VALUES ("3119198", "3119185", "2021-07-15");
INSERT INTO Project (Project_ID,Name,Summary,Project_Funds,Start_Date,End_Date,Executive_ID,Program_ID,Organization_ID,Research_Manager_ID) VALUES ("3119186", "Nostrum Maiores", "Quo libero optio nemo. Deleniti ratione delectus magni ducimus alias ad.", "157995", "2021-06-02", "2022-12-21", "3119193", "3119110", "3119198", "3119074");
INSERT INTO Works_On (Researcher_ID,Project_ID,Start_Date) VALUES ("3119074", "3119186", "2021-06-02");
INSERT INTO Project (Project_ID,Name,Summary,Project_Funds,Start_Date,End_Date,Executive_ID,Program_ID,Organization_ID,Research_Manager_ID) VALUES ("3119187", "Μερικούς Σίγουρος", "Πάντα αναφέρονται δεν εργαζόμενων αποθηκευτικού.", "786622", "2020-02-20", "2021-09-19", "3119012", "3119047", "3119093", "3119471");
INSERT INTO Works_On (Researcher_ID,Project_ID,Start_Date) VALUES ("3119471", "3119187", "2020-02-20");
INSERT INTO Project (Project_ID,Name,Summary,Project_Funds,Start_Date,End_Date,Executive_ID,Program_ID,Organization_ID,Research_Manager_ID) VALUES ("3119188", "Μέχρι Έχω Φαινόμενο", "Dolorem corporis consequatur alias. Delectus architecto numquam corrupti.", "741202", "2022-01-25", "2023-04-07", "3119122", "3119075", "3119086", "3119456");
INSERT INTO Works_On (Researcher_ID,Project_ID,Start_Date) VALUES ("3119456", "3119188", "2022-01-25");
INSERT INTO Project (Project_ID,Name,Summary,Project_Funds,Start_Date,End_Date,Executive_ID,Program_ID,Organization_ID,Research_Manager_ID) VALUES ("3119189", "Care Early Front", "Τη χρησιμοποίησέ γραμμή προκαλείς ένας.", "842273", "2021-08-26", "2024-11-02", "3119023", "3119115", "3119156", "3119179");
INSERT INTO Works_On (Researcher_ID,Project_ID,Start_Date) VALUES ("3119179", "3119189", "2021-08-26");
INSERT INTO Project (Project_ID,Name,Summary,Project_Funds,Start_Date,End_Date,Executive_ID,Program_ID,Organization_ID,Research_Manager_ID) VALUES ("3119190", "Έχω Είχαμε", "Rule himself beat. Listen box grow wonder interesting yeah.", "484658", "2021-06-18", "2024-12-30", "3119192", "3119196", "3119023", "3119193");
INSERT INTO Works_On (Researcher_ID,Project_ID,Start_Date) VALUES ("3119193", "3119190", "2021-06-18");
INSERT INTO Project (Project_ID,Name,Summary,Project_Funds,Start_Date,End_Date,Executive_ID,Program_ID,Organization_ID,Research_Manager_ID) VALUES ("3119191", "Ipsa Enim Non", "Quam nam autem. Ab ut minima fuga amet iusto.", "500453", "2021-01-25", "2023-09-30", "3119074", "3119000", "3119156", "3119244");
INSERT INTO Works_On (Researcher_ID,Project_ID,Start_Date) VALUES ("3119244", "3119191", "2021-01-25");
INSERT INTO Project (Project_ID,Name,Summary,Project_Funds,Start_Date,End_Date,Executive_ID,Program_ID,Organization_ID,Research_Manager_ID) VALUES ("3119192", "Power Where Most", "Simple age personal accept. Truth learn beautiful thing.", "208345", "2020-05-11", "2022-12-10", "3119186", "3119071", "3119188", "3119527");
INSERT INTO Works_On (Researcher_ID,Project_ID,Start_Date) VALUES ("3119527", "3119192", "2020-05-11");
INSERT INTO Project (Project_ID,Name,Summary,Project_Funds,Start_Date,End_Date,Executive_ID,Program_ID,Organization_ID,Research_Manager_ID) VALUES ("3119193", "Open From Tell Want", "Adipisci numquam facilis voluptatem nisi. Sint expedita officiis.", "206637", "2020-02-23", "2023-11-14", "3119109", "3119069", "3119121", "3119055");
INSERT INTO Works_On (Researcher_ID,Project_ID,Start_Date) VALUES ("3119055", "3119193", "2020-02-23");
INSERT INTO Project (Project_ID,Name,Summary,Project_Funds,Start_Date,End_Date,Executive_ID,Program_ID,Organization_ID,Research_Manager_ID) VALUES ("3119194", "Και Χρησιμοποιούσες", "Atque iusto unde nulla magni illum officiis.", "784192", "2019-11-27", "2021-06-13", "3119183", "3119163", "3119049", "3119531");
INSERT INTO Works_On (Researcher_ID,Project_ID,Start_Date) VALUES ("3119531", "3119194", "2019-11-27");
INSERT INTO Project (Project_ID,Name,Summary,Project_Funds,Start_Date,End_Date,Executive_ID,Program_ID,Organization_ID,Research_Manager_ID) VALUES ("3119195", "Minus Laudantium", "Occaecati error beatae eaque. Maxime suscipit similique.", "496753", "2022-01-17", "2024-02-19", "3119022", "3119165", "3119089", "3119087");
INSERT INTO Works_On (Researcher_ID,Project_ID,Start_Date) VALUES ("3119087", "3119195", "2022-01-17");
INSERT INTO Project (Project_ID,Name,Summary,Project_Funds,Start_Date,End_Date,Executive_ID,Program_ID,Organization_ID,Research_Manager_ID) VALUES ("3119196", "Διαπιστώνεις Στο", "Παραπάνω χαρτιού έχω. Έγραψες περιεχόμενα πάντα.", "512853", "2021-10-22", "2024-06-10", "3119174", "3119177", "3119143", "3119151");
INSERT INTO Works_On (Researcher_ID,Project_ID,Start_Date) VALUES ("3119151", "3119196", "2021-10-22");
INSERT INTO Project (Project_ID,Name,Summary,Project_Funds,Start_Date,End_Date,Executive_ID,Program_ID,Organization_ID,Research_Manager_ID) VALUES ("3119197", "Που Σκεφτείς", "A nesciunt aut cum. Quae recusandae in quas autem vitae.", "946493", "2020-07-27", "2022-08-03", "3119017", "3119071", "3119132", "3119209");
INSERT INTO Works_On (Researcher_ID,Project_ID,Start_Date) VALUES ("3119209", "3119197", "2020-07-27");
INSERT INTO Project (Project_ID,Name,Summary,Project_Funds,Start_Date,End_Date,Executive_ID,Program_ID,Organization_ID,Research_Manager_ID) VALUES ("3119198", "Τους Για Από", "Προγραμματιστές μέγιστη ύψος. Διαδίκτυο βγήκε όχι.", "957164", "2020-10-16", "2024-03-07", "3119065", "3119146", "3119166", "3119229");
INSERT INTO Works_On (Researcher_ID,Project_ID,Start_Date) VALUES ("3119229", "3119198", "2020-10-16");
INSERT INTO Project (Project_ID,Name,Summary,Project_Funds,Start_Date,End_Date,Executive_ID,Program_ID,Organization_ID,Research_Manager_ID) VALUES ("3119199", "Provident At Iusto", "Συνεχώς φαινόμενο ποια εκτελείται τελειώσει ανταγωνιστής.", "561417", "2022-05-04", "2023-08-24", "3119004", "3119013", "3119171", "3119313");
INSERT INTO Works_On (Researcher_ID,Project_ID,Start_Date) VALUES ("3119313", "3119199", "2022-05-04");
INSERT INTO Project (Project_ID,Name,Summary,Project_Funds,Start_Date,End_Date,Executive_ID,Program_ID,Organization_ID,Research_Manager_ID) VALUES ("3119200", "Νέα Τεκμηριώνει", "Ίδιο αν ίδιο. Εργαζόμενοι έλεγχος μεταγλωτίσει περισσότερες της που ένας.", "527021", "2020-05-14", "2022-03-21", "3119121", "3119016", "3119159", "3119041");
INSERT INTO Works_On (Researcher_ID,Project_ID,Start_Date) VALUES ("3119041", "3119200", "2020-05-14");
INSERT INTO Project (Project_ID,Name,Summary,Project_Funds,Start_Date,End_Date,Executive_ID,Program_ID,Organization_ID,Research_Manager_ID) VALUES ("3119201", "Firm It Bank Though", "Beatae suscipit ipsam magni sint. Rem saepe occaecati autem.", "528939", "2022-05-17", "2025-12-12", "3119100", "3119183", "3119104", "3119300");
INSERT INTO Works_On (Researcher_ID,Project_ID,Start_Date) VALUES ("3119300", "3119201", "2022-05-17");
INSERT INTO Project (Project_ID,Name,Summary,Project_Funds,Start_Date,End_Date,Executive_ID,Program_ID,Organization_ID,Research_Manager_ID) VALUES ("3119202", "Consectetur", "Περιμένουν κόλπα τύπους εκτός και σπίτι εκείνου σταματάς.", "567118", "2020-06-16", "2021-08-10", "3119147", "3119127", "3119164", "3119539");
INSERT INTO Works_On (Researcher_ID,Project_ID,Start_Date) VALUES ("3119539", "3119202", "2020-06-16");
INSERT INTO Project (Project_ID,Name,Summary,Project_Funds,Start_Date,End_Date,Executive_ID,Program_ID,Organization_ID,Research_Manager_ID) VALUES ("3119203", "Δείξει Κάτι Ότι", "History day chance PM many reach. Rate part allow.", "802749", "2020-07-12", "2022-07-05", "3119009", "3119121", "3119116", "3119349");
INSERT INTO Works_On (Researcher_ID,Project_ID,Start_Date) VALUES ("3119349", "3119203", "2020-07-12");
INSERT INTO Project (Project_ID,Name,Summary,Project_Funds,Start_Date,End_Date,Executive_ID,Program_ID,Organization_ID,Research_Manager_ID) VALUES ("3119204", "Repudiandae", "Στο βουτήξουν εκθέσεις πάντως πολύ γράψει. Ίδιο όσο δεν μέχρι βιαστικά.", "798803", "2021-03-08", "2025-01-13", "3119088", "3119024", "3119132", "3119205");
INSERT INTO Works_On (Researcher_ID,Project_ID,Start_Date) VALUES ("3119205", "3119204", "2021-03-08");
INSERT INTO Project (Project_ID,Name,Summary,Project_Funds,Start_Date,End_Date,Executive_ID,Program_ID,Organization_ID,Research_Manager_ID) VALUES ("3119205", "Ipsam Eius Ipsam", "Veritatis rerum recusandae voluptas ad aspernatur.", "331381", "2020-05-16", "2022-12-04", "3119119", "3119005", "3119101", "3119497");
INSERT INTO Works_On (Researcher_ID,Project_ID,Start_Date) VALUES ("3119497", "3119205", "2020-05-16");
INSERT INTO Project (Project_ID,Name,Summary,Project_Funds,Start_Date,End_Date,Executive_ID,Program_ID,Organization_ID,Research_Manager_ID) VALUES ("3119206", "Totam Quo Sit", "Χάος έτσι φίλος άρα ένα ρωτάει αθόρυβες αναγκάζονται.", "320986", "2021-07-05", "2023-01-31", "3119060", "3119155", "3119067", "3119245");
INSERT INTO Works_On (Researcher_ID,Project_ID,Start_Date) VALUES ("3119245", "3119206", "2021-07-05");
INSERT INTO Project (Project_ID,Name,Summary,Project_Funds,Start_Date,End_Date,Executive_ID,Program_ID,Organization_ID,Research_Manager_ID) VALUES ("3119207", "Ποια Σου Μάθε", "Just build voice project tree.", "707934", "2022-03-01", "2024-04-20", "3119016", "3119174", "3119195", "3119317");
INSERT INTO Works_On (Researcher_ID,Project_ID,Start_Date) VALUES ("3119317", "3119207", "2022-03-01");
INSERT INTO Project (Project_ID,Name,Summary,Project_Funds,Start_Date,End_Date,Executive_ID,Program_ID,Organization_ID,Research_Manager_ID) VALUES ("3119208", "Ανά Πιο Στις Μιας", "Άλγεβρα ένας πάντα κρατήσουν. Έτσι προσθέσει ως.", "265161", "2021-01-31", "2023-08-19", "3119101", "3119139", "3119055", "3119135");
INSERT INTO Works_On (Researcher_ID,Project_ID,Start_Date) VALUES ("3119135", "3119208", "2021-01-31");
INSERT INTO Project (Project_ID,Name,Summary,Project_Funds,Start_Date,End_Date,Executive_ID,Program_ID,Organization_ID,Research_Manager_ID) VALUES ("3119209", "Χρόνου Εικόνες", "Πως υψηλότερη θα το κανένας. Της εκείνου επενδυτής ένας.", "186571", "2020-08-23", "2021-09-28", "3119013", "3119002", "3119176", "3119409");
INSERT INTO Works_On (Researcher_ID,Project_ID,Start_Date) VALUES ("3119409", "3119209", "2020-08-23");
INSERT INTO Project (Project_ID,Name,Summary,Project_Funds,Start_Date,End_Date,Executive_ID,Program_ID,Organization_ID,Research_Manager_ID) VALUES ("3119210", "Τα Απίστευτα", "Πάρα εντολές διαπιστώνεις τους παίρνουν μα στο.", "784436", "2021-03-21", "2024-10-15", "3119182", "3119020", "3119039", "3119107");
INSERT INTO Works_On (Researcher_ID,Project_ID,Start_Date) VALUES ("3119107", "3119210", "2021-03-21");
INSERT INTO Project (Project_ID,Name,Summary,Project_Funds,Start_Date,End_Date,Executive_ID,Program_ID,Organization_ID,Research_Manager_ID) VALUES ("3119211", "Μην Διακόψουμε", "Possimus deleniti est rem corporis. Sequi culpa fugit accusamus.", "926508", "2021-03-08", "2023-10-31", "3119173", "3119041", "3119022", "3119170");
INSERT INTO Works_On (Researcher_ID,Project_ID,Start_Date) VALUES ("3119170", "3119211", "2021-03-08");
INSERT INTO Project (Project_ID,Name,Summary,Project_Funds,Start_Date,End_Date,Executive_ID,Program_ID,Organization_ID,Research_Manager_ID) VALUES ("3119212", "Illo Eius Sint Ex", "Harum aspernatur similique atque. Esse praesentium totam.", "261219", "2021-02-03", "2022-03-07", "3119096", "3119179", "3119152", "3119559");
INSERT INTO Works_On (Researcher_ID,Project_ID,Start_Date) VALUES ("3119559", "3119212", "2021-02-03");
INSERT INTO Project (Project_ID,Name,Summary,Project_Funds,Start_Date,End_Date,Executive_ID,Program_ID,Organization_ID,Research_Manager_ID) VALUES ("3119213", "Ρωτάει Εικόνες", "Φαινόμενο με μα ένα επενδυτής.", "926901", "2020-01-25", "2021-10-15", "3119147", "3119009", "3119129", "3119431");
INSERT INTO Works_On (Researcher_ID,Project_ID,Start_Date) VALUES ("3119431", "3119213", "2020-01-25");
INSERT INTO Project (Project_ID,Name,Summary,Project_Funds,Start_Date,End_Date,Executive_ID,Program_ID,Organization_ID,Research_Manager_ID) VALUES ("3119214", "Αγοράζοντας Και", "Διαχειριστής απαραίτητο χώρου διευθυντές ήδη ερωτήσεις μέρος εγώ.", "260721", "2022-05-07", "2026-04-05", "3119002", "3119123", "3119170", "3119379");
INSERT INTO Works_On (Researcher_ID,Project_ID,Start_Date) VALUES ("3119379", "3119214", "2022-05-07");
INSERT INTO Project (Project_ID,Name,Summary,Project_Funds,Start_Date,End_Date,Executive_ID,Program_ID,Organization_ID,Research_Manager_ID) VALUES ("3119215", "Έχω Αρχεία Έρθει", "Έξι τεσσαρών ωραίο διορθώσει προσεκτικά κειμένων έχω.", "476096", "2022-05-13", "2023-08-11", "3119068", "3119063", "3119024", "3119092");
INSERT INTO Works_On (Researcher_ID,Project_ID,Start_Date) VALUES ("3119092", "3119215", "2022-05-13");
INSERT INTO Project (Project_ID,Name,Summary,Project_Funds,Start_Date,End_Date,Executive_ID,Program_ID,Organization_ID,Research_Manager_ID) VALUES ("3119216", "Χαμηλός", "Παίρνουν πολύ εκτελέσει άρα πάντα ρωτάει εγώ. Αθόρυβες σας εσωτερικών.", "615868", "2020-01-20", "2023-12-15", "3119124", "3119157", "3119061", "3119184");
INSERT INTO Works_On (Researcher_ID,Project_ID,Start_Date) VALUES ("3119184", "3119216", "2020-01-20");
INSERT INTO Project (Project_ID,Name,Summary,Project_Funds,Start_Date,End_Date,Executive_ID,Program_ID,Organization_ID,Research_Manager_ID) VALUES ("3119217", "Σωστά Επιστρέφουν", "Γεγονός ευκολότερο μέρος.", "505785", "2022-03-15", "2025-04-13", "3119000", "3119086", "3119005", "3119062");
INSERT INTO Works_On (Researcher_ID,Project_ID,Start_Date) VALUES ("3119062", "3119217", "2022-03-15");
INSERT INTO Project (Project_ID,Name,Summary,Project_Funds,Start_Date,End_Date,Executive_ID,Program_ID,Organization_ID,Research_Manager_ID) VALUES ("3119218", "Plant Source Book", "Αποστηθίσει έστελνε χρονοδιαγράμματος κι αλγόριθμου.", "105105", "2019-11-23", "2022-09-03", "3119023", "3119180", "3119070", "3119576");
INSERT INTO Works_On (Researcher_ID,Project_ID,Start_Date) VALUES ("3119576", "3119218", "2019-11-23");
INSERT INTO Project (Project_ID,Name,Summary,Project_Funds,Start_Date,End_Date,Executive_ID,Program_ID,Organization_ID,Research_Manager_ID) VALUES ("3119219", "Ένας Ανά Τους", "Στο μια τον. Προσθέσει κόψεις διαχειριστής θέλεις. Θέματα δε έχω.", "780832", "2021-07-13", "2023-03-02", "3119110", "3119120", "3119144", "3119337");
INSERT INTO Works_On (Researcher_ID,Project_ID,Start_Date) VALUES ("3119337", "3119219", "2021-07-13");
INSERT INTO Project (Project_ID,Name,Summary,Project_Funds,Start_Date,End_Date,Executive_ID,Program_ID,Organization_ID,Research_Manager_ID) VALUES ("3119220", "Rock Voice Money", "At rem animi maiores ducimus corporis architecto quaerat.", "443744", "2020-03-25", "2021-12-20", "3119171", "3119170", "3119181", "3119386");
INSERT INTO Works_On (Researcher_ID,Project_ID,Start_Date) VALUES ("3119386", "3119220", "2020-03-25");
INSERT INTO Project (Project_ID,Name,Summary,Project_Funds,Start_Date,End_Date,Executive_ID,Program_ID,Organization_ID,Research_Manager_ID) VALUES ("3119221", "Νόμιζες Άρα", "Παραδοτέου βρίσκονται ίδιο φαινόμενο μα θέμα κανείς.", "327306", "2020-04-12", "2022-04-22", "3119157", "3119032", "3119121", "3119078");
INSERT INTO Works_On (Researcher_ID,Project_ID,Start_Date) VALUES ("3119078", "3119221", "2020-04-12");
INSERT INTO Project (Project_ID,Name,Summary,Project_Funds,Start_Date,End_Date,Executive_ID,Program_ID,Organization_ID,Research_Manager_ID) VALUES ("3119222", "Με Ύψος Αγοράζοντας", "Earum quisquam non impedit delectus magnam ipsa aspernatur.", "505468", "2021-01-08", "2022-06-12", "3119071", "3119030", "3119171", "3119558");
INSERT INTO Works_On (Researcher_ID,Project_ID,Start_Date) VALUES ("3119558", "3119222", "2021-01-08");
INSERT INTO Project (Project_ID,Name,Summary,Project_Funds,Start_Date,End_Date,Executive_ID,Program_ID,Organization_ID,Research_Manager_ID) VALUES ("3119223", "Itaque Consequuntur", "Μας αποκλειστικούς εγώ συνάδελφος τα τρέξει.", "137735", "2020-09-14", "2022-11-14", "3119051", "3119095", "3119063", "3119265");
INSERT INTO Works_On (Researcher_ID,Project_ID,Start_Date) VALUES ("3119265", "3119223", "2020-09-14");
INSERT INTO Project (Project_ID,Name,Summary,Project_Funds,Start_Date,End_Date,Executive_ID,Program_ID,Organization_ID,Research_Manager_ID) VALUES ("3119224", "Every Or Order", "Γραμμής δεν τεσσαρών κοιτάζοντας εταιρείες όταν χρειάζονται τρέξει.", "471815", "2020-09-28", "2021-10-20", "3119185", "3119044", "3119078", "3119243");
INSERT INTO Works_On (Researcher_ID,Project_ID,Start_Date) VALUES ("3119243", "3119224", "2020-09-28");
INSERT INTO Project (Project_ID,Name,Summary,Project_Funds,Start_Date,End_Date,Executive_ID,Program_ID,Organization_ID,Research_Manager_ID) VALUES ("3119225", "Quis Molestiae Et", "Διορθώσει τελειώσει ανώδυνη πετάξαμε προκύπτουν δύο.", "374191", "2021-01-31", "2023-03-07", "3119191", "3119193", "3119154", "3119552");
INSERT INTO Works_On (Researcher_ID,Project_ID,Start_Date) VALUES ("3119552", "3119225", "2021-01-31");
INSERT INTO Project (Project_ID,Name,Summary,Project_Funds,Start_Date,End_Date,Executive_ID,Program_ID,Organization_ID,Research_Manager_ID) VALUES ("3119226", "Oil Campaign Adult", "Ροή να τρέξει των εξοργιστικά περίπου. Σωστά κι μέγιστη πιο ίδιο.", "422724", "2021-03-04", "2022-11-30", "3119050", "3119021", "3119164", "3119436");
INSERT INTO Works_On (Researcher_ID,Project_ID,Start_Date) VALUES ("3119436", "3119226", "2021-03-04");
INSERT INTO Project (Project_ID,Name,Summary,Project_Funds,Start_Date,End_Date,Executive_ID,Program_ID,Organization_ID,Research_Manager_ID) VALUES ("3119227", "Κώδικα", "Κάτι τη θα εφαμοργής.", "351722", "2020-03-28", "2021-11-23", "3119091", "3119108", "3119023", "3119428");
INSERT INTO Works_On (Researcher_ID,Project_ID,Start_Date) VALUES ("3119428", "3119227", "2020-03-28");
INSERT INTO Project (Project_ID,Name,Summary,Project_Funds,Start_Date,End_Date,Executive_ID,Program_ID,Organization_ID,Research_Manager_ID) VALUES ("3119228", "Maiores", "Μπορούσες λέει στέλνοντάς πρόσληψη ένας διάσημα.", "707827", "2021-06-11", "2025-03-01", "3119051", "3119029", "3119014", "3119033");
INSERT INTO Works_On (Researcher_ID,Project_ID,Start_Date) VALUES ("3119033", "3119228", "2021-06-11");
INSERT INTO Project (Project_ID,Name,Summary,Project_Funds,Start_Date,End_Date,Executive_ID,Program_ID,Organization_ID,Research_Manager_ID) VALUES ("3119229", "Εργαλείων Μέχρι", "Ποσοστό μαγικά καλύτερο σημαντικό.", "533920", "2021-09-01", "2022-09-07", "3119007", "3119151", "3119024", "3119183");
INSERT INTO Works_On (Researcher_ID,Project_ID,Start_Date) VALUES ("3119183", "3119229", "2021-09-01");
INSERT INTO Project (Project_ID,Name,Summary,Project_Funds,Start_Date,End_Date,Executive_ID,Program_ID,Organization_ID,Research_Manager_ID) VALUES ("3119230", "Ξέχασε Ημέρα Ένας", "Voluptatibus numquam earum odit.", "523662", "2022-04-18", "2024-04-03", "3119173", "3119034", "3119063", "3119292");
INSERT INTO Works_On (Researcher_ID,Project_ID,Start_Date) VALUES ("3119292", "3119230", "2022-04-18");
INSERT INTO Project (Project_ID,Name,Summary,Project_Funds,Start_Date,End_Date,Executive_ID,Program_ID,Organization_ID,Research_Manager_ID) VALUES ("3119231", "Μεταφραστής Έχω", "Τη εργάστηκε ποσοστό που. Πλέον για γεγονός την.", "729737", "2020-06-02", "2022-07-01", "3119110", "3119180", "3119021", "3119119");
INSERT INTO Works_On (Researcher_ID,Project_ID,Start_Date) VALUES ("3119119", "3119231", "2020-06-02");
INSERT INTO Project (Project_ID,Name,Summary,Project_Funds,Start_Date,End_Date,Executive_ID,Program_ID,Organization_ID,Research_Manager_ID) VALUES ("3119232", "Est Nulla Tempora", "Ώρα έξι τελειώσει συνηθίζουν προσεκτικά χαμηλός.", "197804", "2020-01-07", "2023-09-07", "3119078", "3119104", "3119102", "3119522");
INSERT INTO Works_On (Researcher_ID,Project_ID,Start_Date) VALUES ("3119522", "3119232", "2020-01-07");
INSERT INTO Project (Project_ID,Name,Summary,Project_Funds,Start_Date,End_Date,Executive_ID,Program_ID,Organization_ID,Research_Manager_ID) VALUES ("3119233", "Significant Create", "Έχω αλγόριθμου δε ανώδυνη να πιο. Παραδοτέου έρθει πως.", "338729", "2021-01-31", "2022-10-02", "3119190", "3119142", "3119000", "3119139");
INSERT INTO Works_On (Researcher_ID,Project_ID,Start_Date) VALUES ("3119139", "3119233", "2021-01-31");
INSERT INTO Project (Project_ID,Name,Summary,Project_Funds,Start_Date,End_Date,Executive_ID,Program_ID,Organization_ID,Research_Manager_ID) VALUES ("3119234", "Generation Give", "Τρόπο προβληματική μιας σταματάς να ναι φαινόμενο. Εφαμοργής των μα.", "160839", "2020-08-06", "2021-10-31", "3119068", "3119157", "3119198", "3119258");
INSERT INTO Works_On (Researcher_ID,Project_ID,Start_Date) VALUES ("3119258", "3119234", "2020-08-06");
INSERT INTO Project (Project_ID,Name,Summary,Project_Funds,Start_Date,End_Date,Executive_ID,Program_ID,Organization_ID,Research_Manager_ID) VALUES ("3119235", "Επιστρέφουν Άλγεβρα", "Διάσημα μας ζητήσεις. Μηχανής ροή ας ανώδυνη σαν αποστηθίσει πολύ διάσημα.", "711323", "2020-03-14", "2023-11-13", "3119124", "3119193", "3119106", "3119072");
INSERT INTO Works_On (Researcher_ID,Project_ID,Start_Date) VALUES ("3119072", "3119235", "2020-03-14");
INSERT INTO Project (Project_ID,Name,Summary,Project_Funds,Start_Date,End_Date,Executive_ID,Program_ID,Organization_ID,Research_Manager_ID) VALUES ("3119236", "Nostrum", "Message tough condition new enough phone past. Air half into amount save.", "125074", "2020-03-26", "2023-12-09", "3119152", "3119142", "3119127", "3119125");
INSERT INTO Works_On (Researcher_ID,Project_ID,Start_Date) VALUES ("3119125", "3119236", "2020-03-26");
INSERT INTO Project (Project_ID,Name,Summary,Project_Funds,Start_Date,End_Date,Executive_ID,Program_ID,Organization_ID,Research_Manager_ID) VALUES ("3119237", "Vero Tempore", "Εντολές βάζοντας σας ως. Στο έλεγχος όταν στραβά περιβάλλον έτσι.", "668038", "2022-03-21", "2025-11-09", "3119072", "3119172", "3119098", "3119065");
INSERT INTO Works_On (Researcher_ID,Project_ID,Start_Date) VALUES ("3119065", "3119237", "2022-03-21");
INSERT INTO Project (Project_ID,Name,Summary,Project_Funds,Start_Date,End_Date,Executive_ID,Program_ID,Organization_ID,Research_Manager_ID) VALUES ("3119238", "Distinctio Autem", "Hic molestiae dicta voluptatum. Nesciunt eos soluta voluptates molestias.", "216533", "2020-03-18", "2021-06-07", "3119146", "3119153", "3119192", "3119532");
INSERT INTO Works_On (Researcher_ID,Project_ID,Start_Date) VALUES ("3119532", "3119238", "2020-03-18");
INSERT INTO Project (Project_ID,Name,Summary,Project_Funds,Start_Date,End_Date,Executive_ID,Program_ID,Organization_ID,Research_Manager_ID) VALUES ("3119239", "Αρχεία Έτοιμος Μου", "Στις αναφορά δυστυχώς. Θέλεις εφαρμογής γέλασαν μα ρωτάει.", "557150", "2020-03-14", "2022-03-27", "3119166", "3119160", "3119037", "3119521");
INSERT INTO Works_On (Researcher_ID,Project_ID,Start_Date) VALUES ("3119521", "3119239", "2020-03-14");
INSERT INTO Project (Project_ID,Name,Summary,Project_Funds,Start_Date,End_Date,Executive_ID,Program_ID,Organization_ID,Research_Manager_ID) VALUES ("3119240", "Seek Message", "Necessitatibus dolorum porro facilis non.", "215652", "2019-12-31", "2023-04-12", "3119047", "3119160", "3119009", "3119455");
INSERT INTO Works_On (Researcher_ID,Project_ID,Start_Date) VALUES ("3119455", "3119240", "2019-12-31");
INSERT INTO Project (Project_ID,Name,Summary,Project_Funds,Start_Date,End_Date,Executive_ID,Program_ID,Organization_ID,Research_Manager_ID) VALUES ("3119241", "Περισσότερη Όταν", "Απαρατήρητο μιας να σαν σχεδιαστής.", "343980", "2020-07-22", "2023-12-11", "3119182", "3119099", "3119012", "3119026");
INSERT INTO Works_On (Researcher_ID,Project_ID,Start_Date) VALUES ("3119026", "3119241", "2020-07-22");
INSERT INTO Project (Project_ID,Name,Summary,Project_Funds,Start_Date,End_Date,Executive_ID,Program_ID,Organization_ID,Research_Manager_ID) VALUES ("3119242", "Education See Lead", "Ένα μέρος τι αυτήν τύπους.", "609536", "2021-03-26", "2023-03-10", "3119185", "3119013", "3119039", "3119394");
INSERT INTO Works_On (Researcher_ID,Project_ID,Start_Date) VALUES ("3119394", "3119242", "2021-03-26");
INSERT INTO Project (Project_ID,Name,Summary,Project_Funds,Start_Date,End_Date,Executive_ID,Program_ID,Organization_ID,Research_Manager_ID) VALUES ("3119243", "Determine Including", "Est deleniti nihil non atque libero ab.", "547670", "2020-10-29", "2024-03-31", "3119107", "3119068", "3119178", "3119344");
INSERT INTO Works_On (Researcher_ID,Project_ID,Start_Date) VALUES ("3119344", "3119243", "2020-10-29");
INSERT INTO Project (Project_ID,Name,Summary,Project_Funds,Start_Date,End_Date,Executive_ID,Program_ID,Organization_ID,Research_Manager_ID) VALUES ("3119244", "Reprehenderit Saepe", "Race tell realize wide threat sport necessary.", "966060", "2021-12-01", "2024-01-02", "3119087", "3119158", "3119156", "3119138");
INSERT INTO Works_On (Researcher_ID,Project_ID,Start_Date) VALUES ("3119138", "3119244", "2021-12-01");
INSERT INTO Project (Project_ID,Name,Summary,Project_Funds,Start_Date,End_Date,Executive_ID,Program_ID,Organization_ID,Research_Manager_ID) VALUES ("3119245", "Laborum Velit Sequi", "Nobis quae nesciunt accusantium quisquam.", "368220", "2021-01-09", "2023-06-02", "3119079", "3119146", "3119182", "3119060");
INSERT INTO Works_On (Researcher_ID,Project_ID,Start_Date) VALUES ("3119060", "3119245", "2021-01-09");
INSERT INTO Project (Project_ID,Name,Summary,Project_Funds,Start_Date,End_Date,Executive_ID,Program_ID,Organization_ID,Research_Manager_ID) VALUES ("3119246", "Θα Ανεπιθύμητη", "Dicta eos harum nam adipisci velit aperiam.", "799114", "2021-01-31", "2024-03-28", "3119134", "3119026", "3119086", "3119021");
INSERT INTO Works_On (Researcher_ID,Project_ID,Start_Date) VALUES ("3119021", "3119246", "2021-01-31");
INSERT INTO Project (Project_ID,Name,Summary,Project_Funds,Start_Date,End_Date,Executive_ID,Program_ID,Organization_ID,Research_Manager_ID) VALUES ("3119247", "Deleniti", "Ίδιο αποφάσισε εργαζόμενων πάντως ακούσει δοκιμάσεις.", "954036", "2022-02-22", "2024-05-30", "3119197", "3119027", "3119129", "3119377");
INSERT INTO Works_On (Researcher_ID,Project_ID,Start_Date) VALUES ("3119377", "3119247", "2022-02-22");
INSERT INTO Project (Project_ID,Name,Summary,Project_Funds,Start_Date,End_Date,Executive_ID,Program_ID,Organization_ID,Research_Manager_ID) VALUES ("3119248", "Προσθέσει Τέλειοι", "Επεξεργασία κλπ κώδικα ωραίο στα προσοχή.", "901204", "2022-01-22", "2024-02-10", "3119067", "3119048", "3119186", "3119127");
INSERT INTO Works_On (Researcher_ID,Project_ID,Start_Date) VALUES ("3119127", "3119248", "2022-01-22");
INSERT INTO Project (Project_ID,Name,Summary,Project_Funds,Start_Date,End_Date,Executive_ID,Program_ID,Organization_ID,Research_Manager_ID) VALUES ("3119249", "Επιδιόρθωση", "Power myself raise. Support knowledge form sound.", "227038", "2021-11-07", "2023-03-08", "3119095", "3119085", "3119068", "3119299");
INSERT INTO Works_On (Researcher_ID,Project_ID,Start_Date) VALUES ("3119299", "3119249", "2021-11-07");
INSERT INTO Project (Project_ID,Name,Summary,Project_Funds,Start_Date,End_Date,Executive_ID,Program_ID,Organization_ID,Research_Manager_ID) VALUES ("3119250", "Κόλπα Να", "Πλέον βαθμό διακοπής για ποσοστό προσπαθήσεις.", "652847", "2022-01-30", "2025-01-31", "3119038", "3119000", "3119039", "3119088");
INSERT INTO Works_On (Researcher_ID,Project_ID,Start_Date) VALUES ("3119088", "3119250", "2022-01-30");
INSERT INTO Project (Project_ID,Name,Summary,Project_Funds,Start_Date,End_Date,Executive_ID,Program_ID,Organization_ID,Research_Manager_ID) VALUES ("3119251", "Την Ως Πλέον", "Laborum distinctio sit ea.", "316852", "2021-11-01", "2025-05-08", "3119058", "3119005", "3119120", "3119408");
INSERT INTO Works_On (Researcher_ID,Project_ID,Start_Date) VALUES ("3119408", "3119251", "2021-11-01");
INSERT INTO Project (Project_ID,Name,Summary,Project_Funds,Start_Date,End_Date,Executive_ID,Program_ID,Organization_ID,Research_Manager_ID) VALUES ("3119252", "Τα Τέλειοι Έτσι", "Ρωτάει εξακολουθεί περιβάλλοντος ρωτάει περισσότερη.", "622019", "2019-11-07", "2021-11-29", "3119068", "3119048", "3119025", "3119410");
INSERT INTO Works_On (Researcher_ID,Project_ID,Start_Date) VALUES ("3119410", "3119252", "2019-11-07");
INSERT INTO Project (Project_ID,Name,Summary,Project_Funds,Start_Date,End_Date,Executive_ID,Program_ID,Organization_ID,Research_Manager_ID) VALUES ("3119253", "Εκείνου Υόρκη", "Write however others pull network state establish build.", "430860", "2019-12-21", "2023-09-13", "3119196", "3119064", "3119100", "3119319");
INSERT INTO Works_On (Researcher_ID,Project_ID,Start_Date) VALUES ("3119319", "3119253", "2019-12-21");
INSERT INTO Project (Project_ID,Name,Summary,Project_Funds,Start_Date,End_Date,Executive_ID,Program_ID,Organization_ID,Research_Manager_ID) VALUES ("3119254", "Quasi Occaecati", "Αρπάζεις εγώ τρόπο διαδίκτυο τύπους. Πεδία ας ως πηγαίου.", "300204", "2020-04-13", "2021-07-07", "3119014", "3119076", "3119179", "3119462");
INSERT INTO Works_On (Researcher_ID,Project_ID,Start_Date) VALUES ("3119462", "3119254", "2020-04-13");
INSERT INTO Project (Project_ID,Name,Summary,Project_Funds,Start_Date,End_Date,Executive_ID,Program_ID,Organization_ID,Research_Manager_ID) VALUES ("3119255", "Iure Repudiandae", "Appear benefit reduce character season program century.", "483488", "2020-04-24", "2024-03-22", "3119165", "3119176", "3119148", "3119306");
INSERT INTO Works_On (Researcher_ID,Project_ID,Start_Date) VALUES ("3119306", "3119255", "2020-04-24");
INSERT INTO Project (Project_ID,Name,Summary,Project_Funds,Start_Date,End_Date,Executive_ID,Program_ID,Organization_ID,Research_Manager_ID) VALUES ("3119256", "Officiis Nostrum", "Eligendi voluptates repellendus et dolore maxime.", "456715", "2021-11-13", "2024-02-24", "3119023", "3119073", "3119016", "3119574");
INSERT INTO Works_On (Researcher_ID,Project_ID,Start_Date) VALUES ("3119574", "3119256", "2021-11-13");
INSERT INTO Project (Project_ID,Name,Summary,Project_Funds,Start_Date,End_Date,Executive_ID,Program_ID,Organization_ID,Research_Manager_ID) VALUES ("3119257", "Nesciunt Sint", "Περιμένουν τρόπο στο της προσπαθήσεις καταλάθος αναγκάζονται.", "763519", "2020-07-15", "2022-05-03", "3119166", "3119154", "3119096", "3119172");
INSERT INTO Works_On (Researcher_ID,Project_ID,Start_Date) VALUES ("3119172", "3119257", "2020-07-15");
INSERT INTO Project (Project_ID,Name,Summary,Project_Funds,Start_Date,End_Date,Executive_ID,Program_ID,Organization_ID,Research_Manager_ID) VALUES ("3119258", "Minus Perspiciatis", "Sound itself final born which friend crime. After you increase car.", "670387", "2020-01-10", "2021-05-21", "3119010", "3119174", "3119113", "3119443");
INSERT INTO Works_On (Researcher_ID,Project_ID,Start_Date) VALUES ("3119443", "3119258", "2020-01-10");
INSERT INTO Project (Project_ID,Name,Summary,Project_Funds,Start_Date,End_Date,Executive_ID,Program_ID,Organization_ID,Research_Manager_ID) VALUES ("3119259", "Dolore Excepturi", "Over home may yet drive than. Security in to benefit.", "703119", "2019-12-27", "2023-11-10", "3119121", "3119061", "3119186", "3119430");
INSERT INTO Works_On (Researcher_ID,Project_ID,Start_Date) VALUES ("3119430", "3119259", "2019-12-27");
INSERT INTO Project (Project_ID,Name,Summary,Project_Funds,Start_Date,End_Date,Executive_ID,Program_ID,Organization_ID,Research_Manager_ID) VALUES ("3119260", "Στο Μπορούσες Σας", "Πλέον προϊόντα μη ένας χαρακτηριστικών τα εξακολουθεί μεταγλωτίσει.", "643641", "2021-05-23", "2023-12-06", "3119031", "3119052", "3119051", "3119547");
INSERT INTO Works_On (Researcher_ID,Project_ID,Start_Date) VALUES ("3119547", "3119260", "2021-05-23");
INSERT INTO Project (Project_ID,Name,Summary,Project_Funds,Start_Date,End_Date,Executive_ID,Program_ID,Organization_ID,Research_Manager_ID) VALUES ("3119261", "Μπουν Και Ήδη", "Eligendi dolorem nisi iste quaerat.", "266513", "2020-09-11", "2023-06-16", "3119139", "3119026", "3119166", "3119025");
INSERT INTO Works_On (Researcher_ID,Project_ID,Start_Date) VALUES ("3119025", "3119261", "2020-09-11");
INSERT INTO Project (Project_ID,Name,Summary,Project_Funds,Start_Date,End_Date,Executive_ID,Program_ID,Organization_ID,Research_Manager_ID) VALUES ("3119262", "Και Έρθει Υπηρεσία", "Time experience could suggest. International product would eat who.", "747982", "2020-01-01", "2021-04-18", "3119083", "3119141", "3119133", "3119495");
INSERT INTO Works_On (Researcher_ID,Project_ID,Start_Date) VALUES ("3119495", "3119262", "2020-01-01");
INSERT INTO Project (Project_ID,Name,Summary,Project_Funds,Start_Date,End_Date,Executive_ID,Program_ID,Organization_ID,Research_Manager_ID) VALUES ("3119263", "Και Μιας", "Ξέχασε δεδομένων δίνοντας προκύπτουν στο ναι.", "248354", "2020-05-03", "2022-01-28", "3119062", "3119198", "3119110", "3119549");
INSERT INTO Works_On (Researcher_ID,Project_ID,Start_Date) VALUES ("3119549", "3119263", "2020-05-03");
INSERT INTO Project (Project_ID,Name,Summary,Project_Funds,Start_Date,End_Date,Executive_ID,Program_ID,Organization_ID,Research_Manager_ID) VALUES ("3119264", "Ένας Ερώτηση Αρχεία", "Baby expect clearly start into now. Even find put bad through most help.", "229984", "2022-01-20", "2025-05-30", "3119194", "3119048", "3119093", "3119366");
INSERT INTO Works_On (Researcher_ID,Project_ID,Start_Date) VALUES ("3119366", "3119264", "2022-01-20");
INSERT INTO Project (Project_ID,Name,Summary,Project_Funds,Start_Date,End_Date,Executive_ID,Program_ID,Organization_ID,Research_Manager_ID) VALUES ("3119265", "Εκτελείται Πως Δεν", "Επιστρέφουν έτσι του πολύ παραδοτέου μην επί χρονοδιαγράμματα.", "756050", "2021-05-23", "2022-12-31", "3119042", "3119086", "3119079", "3119486");
INSERT INTO Works_On (Researcher_ID,Project_ID,Start_Date) VALUES ("3119486", "3119265", "2021-05-23");
INSERT INTO Project (Project_ID,Name,Summary,Project_Funds,Start_Date,End_Date,Executive_ID,Program_ID,Organization_ID,Research_Manager_ID) VALUES ("3119266", "Praesentium Eum", "Δημιουργείς πρώτοι στη γειτονιάς. Μη έχω βουτήξουν αρέσει δεδομένων.", "619351", "2021-08-22", "2024-03-27", "3119124", "3119155", "3119046", "3119230");
INSERT INTO Works_On (Researcher_ID,Project_ID,Start_Date) VALUES ("3119230", "3119266", "2021-08-22");
INSERT INTO Project (Project_ID,Name,Summary,Project_Funds,Start_Date,End_Date,Executive_ID,Program_ID,Organization_ID,Research_Manager_ID) VALUES ("3119267", "Αν Κόλπα", "Διορθώσεις μεταγλωτιστής στα λίγο μπουν. Στο μέχρι μα σου.", "481448", "2021-10-06", "2022-10-10", "3119015", "3119097", "3119066", "3119251");
INSERT INTO Works_On (Researcher_ID,Project_ID,Start_Date) VALUES ("3119251", "3119267", "2021-10-06");
INSERT INTO Project (Project_ID,Name,Summary,Project_Funds,Start_Date,End_Date,Executive_ID,Program_ID,Organization_ID,Research_Manager_ID) VALUES ("3119268", "Ως Πήρε Βασανίζουν", "Εργασίας διάσημα τη πρώτοι. Μεταγλωτίσει ας θέματα λιγότερο αν ας χάος.", "325494", "2021-08-23", "2023-10-08", "3119141", "3119179", "3119049", "3119006");
INSERT INTO Works_On (Researcher_ID,Project_ID,Start_Date) VALUES ("3119006", "3119268", "2021-08-23");
INSERT INTO Project (Project_ID,Name,Summary,Project_Funds,Start_Date,End_Date,Executive_ID,Program_ID,Organization_ID,Research_Manager_ID) VALUES ("3119269", "Daughter Authority", "Γνωστή δούλευε εφαρμογή μου επιδιορθώσεις ελέγχου.", "637276", "2020-03-30", "2021-08-05", "3119149", "3119063", "3119181", "3119320");
INSERT INTO Works_On (Researcher_ID,Project_ID,Start_Date) VALUES ("3119320", "3119269", "2020-03-30");
INSERT INTO Project (Project_ID,Name,Summary,Project_Funds,Start_Date,End_Date,Executive_ID,Program_ID,Organization_ID,Research_Manager_ID) VALUES ("3119270", "Ζητήσεις Άρα Τρόποι", "Υπηρεσία δε ρωτήσει μηχανής.", "353080", "2022-01-03", "2025-09-26", "3119049", "3119181", "3119147", "3119338");
INSERT INTO Works_On (Researcher_ID,Project_ID,Start_Date) VALUES ("3119338", "3119270", "2022-01-03");
INSERT INTO Project (Project_ID,Name,Summary,Project_Funds,Start_Date,End_Date,Executive_ID,Program_ID,Organization_ID,Research_Manager_ID) VALUES ("3119271", "Know Reality Final", "Χώρου παίξουν στη κώδικα πάντα εξοργιστικά απαράδεκτη.", "122805", "2020-04-06", "2021-08-03", "3119047", "3119172", "3119149", "3119335");
INSERT INTO Works_On (Researcher_ID,Project_ID,Start_Date) VALUES ("3119335", "3119271", "2020-04-06");
INSERT INTO Project (Project_ID,Name,Summary,Project_Funds,Start_Date,End_Date,Executive_ID,Program_ID,Organization_ID,Research_Manager_ID) VALUES ("3119272", "Soon Pressure", "Fugit nesciunt facere expedita quisquam necessitatibus facilis.", "412089", "2021-06-14", "2022-12-02", "3119009", "3119164", "3119046", "3119533");
INSERT INTO Works_On (Researcher_ID,Project_ID,Start_Date) VALUES ("3119533", "3119272", "2021-06-14");
INSERT INTO Project (Project_ID,Name,Summary,Project_Funds,Start_Date,End_Date,Executive_ID,Program_ID,Organization_ID,Research_Manager_ID) VALUES ("3119273", "Sequi Vel", "Πιο θυμάμαι της πάντα έτσι εντολές.", "720929", "2020-08-26", "2024-04-20", "3119005", "3119037", "3119116", "3119024");
INSERT INTO Works_On (Researcher_ID,Project_ID,Start_Date) VALUES ("3119024", "3119273", "2020-08-26");
INSERT INTO Project (Project_ID,Name,Summary,Project_Funds,Start_Date,End_Date,Executive_ID,Program_ID,Organization_ID,Research_Manager_ID) VALUES ("3119274", "Throughout Team", "Dolorum fugit ab earum possimus incidunt quis.", "500653", "2020-07-18", "2021-09-25", "3119026", "3119000", "3119084", "3119585");
INSERT INTO Works_On (Researcher_ID,Project_ID,Start_Date) VALUES ("3119585", "3119274", "2020-07-18");
INSERT INTO Project (Project_ID,Name,Summary,Project_Funds,Start_Date,End_Date,Executive_ID,Program_ID,Organization_ID,Research_Manager_ID) VALUES ("3119275", "Move Manage Rock", "Down radio throw matter. Prove when image human situation social usually.", "471300", "2022-02-11", "2026-01-26", "3119190", "3119118", "3119059", "3119435");
INSERT INTO Works_On (Researcher_ID,Project_ID,Start_Date) VALUES ("3119435", "3119275", "2022-02-11");
INSERT INTO Project (Project_ID,Name,Summary,Project_Funds,Start_Date,End_Date,Executive_ID,Program_ID,Organization_ID,Research_Manager_ID) VALUES ("3119276", "Atque Eius Ea", "Γράψει στήλες δημιουργια μια επενδυτής.", "660133", "2021-01-04", "2023-04-21", "3119156", "3119028", "3119103", "3119308");
INSERT INTO Works_On (Researcher_ID,Project_ID,Start_Date) VALUES ("3119308", "3119276", "2021-01-04");
INSERT INTO Project (Project_ID,Name,Summary,Project_Funds,Start_Date,End_Date,Executive_ID,Program_ID,Organization_ID,Research_Manager_ID) VALUES ("3119277", "Νέων Σημεία Ίδιο", "But decision cause position rock street view.", "134363", "2020-08-13", "2022-01-31", "3119021", "3119017", "3119000", "3119372");
INSERT INTO Works_On (Researcher_ID,Project_ID,Start_Date) VALUES ("3119372", "3119277", "2020-08-13");
INSERT INTO Project (Project_ID,Name,Summary,Project_Funds,Start_Date,End_Date,Executive_ID,Program_ID,Organization_ID,Research_Manager_ID) VALUES ("3119278", "Θέλεις", "Εικόνες παραδώσεις υόρκη αναγκάζονται συνηθίζουν.", "105041", "2020-04-23", "2023-01-07", "3119131", "3119128", "3119181", "3119158");
INSERT INTO Works_On (Researcher_ID,Project_ID,Start_Date) VALUES ("3119158", "3119278", "2020-04-23");
INSERT INTO Project (Project_ID,Name,Summary,Project_Funds,Start_Date,End_Date,Executive_ID,Program_ID,Organization_ID,Research_Manager_ID) VALUES ("3119279", "Numquam Eum", "Labore dolorem neque autem fugiat magnam assumenda.", "630105", "2020-08-12", "2024-07-11", "3119062", "3119040", "3119079", "3119460");
INSERT INTO Works_On (Researcher_ID,Project_ID,Start_Date) VALUES ("3119460", "3119279", "2020-08-12");
INSERT INTO Project (Project_ID,Name,Summary,Project_Funds,Start_Date,End_Date,Executive_ID,Program_ID,Organization_ID,Research_Manager_ID) VALUES ("3119280", "Porro Optio", "Συγχωνευτεί σχεδιαστής πήρε στις κύκλο λοιπόν δυστυχώς.", "544749", "2019-11-24", "2023-05-14", "3119039", "3119051", "3119011", "3119433");
INSERT INTO Works_On (Researcher_ID,Project_ID,Start_Date) VALUES ("3119433", "3119280", "2019-11-24");
INSERT INTO Project (Project_ID,Name,Summary,Project_Funds,Start_Date,End_Date,Executive_ID,Program_ID,Organization_ID,Research_Manager_ID) VALUES ("3119281", "Ο Δυστυχής Τους", "Όταν διολισθήσεις έξι προσλάμβανες πως. Προσοχή την εκείνου μπορούσες.", "502222", "2021-10-28", "2022-12-22", "3119050", "3119196", "3119111", "3119575");
INSERT INTO Works_On (Researcher_ID,Project_ID,Start_Date) VALUES ("3119575", "3119281", "2021-10-28");
INSERT INTO Project (Project_ID,Name,Summary,Project_Funds,Start_Date,End_Date,Executive_ID,Program_ID,Organization_ID,Research_Manager_ID) VALUES ("3119282", "Φίλος Όσο Τις Σου", "Similique molestias neque vero. Est inventore repellendus.", "365407", "2020-05-09", "2024-04-04", "3119128", "3119124", "3119051", "3119381");
INSERT INTO Works_On (Researcher_ID,Project_ID,Start_Date) VALUES ("3119381", "3119282", "2020-05-09");
INSERT INTO Project (Project_ID,Name,Summary,Project_Funds,Start_Date,End_Date,Executive_ID,Program_ID,Organization_ID,Research_Manager_ID) VALUES ("3119283", "Χρονοδιαγράμματα", "Στραβά εκτελέσεις κόψεις μεταγλωτίσει ερώτηση.", "155204", "2021-08-19", "2023-12-27", "3119102", "3119152", "3119103", "3119049");
INSERT INTO Works_On (Researcher_ID,Project_ID,Start_Date) VALUES ("3119049", "3119283", "2021-08-19");
INSERT INTO Project (Project_ID,Name,Summary,Project_Funds,Start_Date,End_Date,Executive_ID,Program_ID,Organization_ID,Research_Manager_ID) VALUES ("3119284", "Est Adipisci Ea", "Περιβάλλοντος αναφέρονται πρόσληψη έρθει. Τοπικές δεν δεν με.", "201780", "2020-07-06", "2021-08-23", "3119067", "3119003", "3119145", "3119014");
INSERT INTO Works_On (Researcher_ID,Project_ID,Start_Date) VALUES ("3119014", "3119284", "2020-07-06");
INSERT INTO Project (Project_ID,Name,Summary,Project_Funds,Start_Date,End_Date,Executive_ID,Program_ID,Organization_ID,Research_Manager_ID) VALUES ("3119285", "Εφαρμογής Γράψει", "Εκθέσεις ιδιαίτερα μερικούς περιβάλλον χαρακτηριστικό στη.", "385136", "2020-11-27", "2022-02-06", "3119190", "3119146", "3119154", "3119064");
INSERT INTO Works_On (Researcher_ID,Project_ID,Start_Date) VALUES ("3119064", "3119285", "2020-11-27");
INSERT INTO Project (Project_ID,Name,Summary,Project_Funds,Start_Date,End_Date,Executive_ID,Program_ID,Organization_ID,Research_Manager_ID) VALUES ("3119286", "Quaerat Sapiente", "Εδώ οι ο αποστηθίσει τον πιο σταματάς.", "559202", "2020-01-10", "2022-02-07", "3119124", "3119139", "3119095", "3119591");
INSERT INTO Works_On (Researcher_ID,Project_ID,Start_Date) VALUES ("3119591", "3119286", "2020-01-10");
INSERT INTO Project (Project_ID,Name,Summary,Project_Funds,Start_Date,End_Date,Executive_ID,Program_ID,Organization_ID,Research_Manager_ID) VALUES ("3119287", "Εντολές Το Ας Λες", "Illum minus placeat quam quibusdam. Magni minus quaerat.", "518302", "2020-07-11", "2023-06-07", "3119010", "3119098", "3119078", "3119038");
INSERT INTO Works_On (Researcher_ID,Project_ID,Start_Date) VALUES ("3119038", "3119287", "2020-07-11");
INSERT INTO Project (Project_ID,Name,Summary,Project_Funds,Start_Date,End_Date,Executive_ID,Program_ID,Organization_ID,Research_Manager_ID) VALUES ("3119288", "Voluptatem Laborum", "Εγώ μη σκεφτείς φαινόμενο συνηθίζουν.", "586919", "2021-11-23", "2023-12-11", "3119098", "3119007", "3119117", "3119110");
INSERT INTO Works_On (Researcher_ID,Project_ID,Start_Date) VALUES ("3119110", "3119288", "2021-11-23");
INSERT INTO Project (Project_ID,Name,Summary,Project_Funds,Start_Date,End_Date,Executive_ID,Program_ID,Organization_ID,Research_Manager_ID) VALUES ("3119289", "Reality Total", "Magnam perspiciatis sequi quas dignissimos animi.", "909664", "2020-02-09", "2021-09-12", "3119033", "3119121", "3119044", "3119385");
INSERT INTO Works_On (Researcher_ID,Project_ID,Start_Date) VALUES ("3119385", "3119289", "2020-02-09");
INSERT INTO Project (Project_ID,Name,Summary,Project_Funds,Start_Date,End_Date,Executive_ID,Program_ID,Organization_ID,Research_Manager_ID) VALUES ("3119290", "Έτσι Συνέχεια Ίδιο", "Popular positive letter set even.", "447468", "2022-02-12", "2024-08-31", "3119026", "3119135", "3119186", "3119583");
INSERT INTO Works_On (Researcher_ID,Project_ID,Start_Date) VALUES ("3119583", "3119290", "2022-02-12");
INSERT INTO Project (Project_ID,Name,Summary,Project_Funds,Start_Date,End_Date,Executive_ID,Program_ID,Organization_ID,Research_Manager_ID) VALUES ("3119291", "Assumenda", "Χαρτιού δημιουργείς συγγραφής καταλάθος της αλγόριθμου ύψος.", "655136", "2022-04-23", "2026-04-01", "3119007", "3119093", "3119197", "3119149");
INSERT INTO Works_On (Researcher_ID,Project_ID,Start_Date) VALUES ("3119149", "3119291", "2022-04-23");
INSERT INTO Project (Project_ID,Name,Summary,Project_Funds,Start_Date,End_Date,Executive_ID,Program_ID,Organization_ID,Research_Manager_ID) VALUES ("3119292", "Itself Everything", "Totam ullam veniam beatae dolorem.", "243583", "2021-11-06", "2025-10-22", "3119044", "3119040", "3119141", "3119529");
INSERT INTO Works_On (Researcher_ID,Project_ID,Start_Date) VALUES ("3119529", "3119292", "2021-11-06");
INSERT INTO Project (Project_ID,Name,Summary,Project_Funds,Start_Date,End_Date,Executive_ID,Program_ID,Organization_ID,Research_Manager_ID) VALUES ("3119293", "Έξι Άρα Εκτελέσεις", "Red both year fire effect. Four onto share out. Against forward must.", "671711", "2021-04-27", "2022-06-19", "3119157", "3119056", "3119105", "3119030");
INSERT INTO Works_On (Researcher_ID,Project_ID,Start_Date) VALUES ("3119030", "3119293", "2021-04-27");
INSERT INTO Project (Project_ID,Name,Summary,Project_Funds,Start_Date,End_Date,Executive_ID,Program_ID,Organization_ID,Research_Manager_ID) VALUES ("3119294", "Οι Μου Βρίσκονται", "Διαπιστώνεις όσο αυτός έστειλε πάρεις. Σαν ο για μπουν περίπου γραμμές μη.", "771174", "2021-12-13", "2024-07-18", "3119114", "3119159", "3119053", "3119186");
INSERT INTO Works_On (Researcher_ID,Project_ID,Start_Date) VALUES ("3119186", "3119294", "2021-12-13");
INSERT INTO Project (Project_ID,Name,Summary,Project_Funds,Start_Date,End_Date,Executive_ID,Program_ID,Organization_ID,Research_Manager_ID) VALUES ("3119295", "Vel Saepe Quisquam", "Many daughter safe more marriage catch.", "954815", "2020-02-06", "2021-03-27", "3119107", "3119117", "3119081", "3119593");
INSERT INTO Works_On (Researcher_ID,Project_ID,Start_Date) VALUES ("3119593", "3119295", "2020-02-06");
INSERT INTO Project (Project_ID,Name,Summary,Project_Funds,Start_Date,End_Date,Executive_ID,Program_ID,Organization_ID,Research_Manager_ID) VALUES ("3119296", "Similique Iste", "Της ημέρα του εταιρείες παράδειγμα χρησιμοποίησέ εργαζόμενοι.", "187341", "2022-05-11", "2026-04-04", "3119060", "3119134", "3119043", "3119384");
INSERT INTO Works_On (Researcher_ID,Project_ID,Start_Date) VALUES ("3119384", "3119296", "2022-05-11");
INSERT INTO Project (Project_ID,Name,Summary,Project_Funds,Start_Date,End_Date,Executive_ID,Program_ID,Organization_ID,Research_Manager_ID) VALUES ("3119297", "Μια Στα Προσεκτικά", "Enim adipisci quia atque iusto.", "770740", "2021-12-14", "2023-11-27", "3119116", "3119027", "3119191", "3119356");
INSERT INTO Works_On (Researcher_ID,Project_ID,Start_Date) VALUES ("3119356", "3119297", "2021-12-14");
INSERT INTO Project (Project_ID,Name,Summary,Project_Funds,Start_Date,End_Date,Executive_ID,Program_ID,Organization_ID,Research_Manager_ID) VALUES ("3119298", "Ιδιαίτερα Να Πλέον", "Miss executive dinner no war lose. World all save knowledge.", "275619", "2021-05-11", "2024-12-12", "3119012", "3119106", "3119140", "3119324");
INSERT INTO Works_On (Researcher_ID,Project_ID,Start_Date) VALUES ("3119324", "3119298", "2021-05-11");
INSERT INTO Project (Project_ID,Name,Summary,Project_Funds,Start_Date,End_Date,Executive_ID,Program_ID,Organization_ID,Research_Manager_ID) VALUES ("3119299", "Omnis Laudantium", "Σαν λες ώρα έχω λιγότερο προκύπτουν. Άλγεβρα πάρεις λοιπόν.", "240612", "2021-06-19", "2025-02-27", "3119069", "3119180", "3119015", "3119128");
INSERT INTO Works_On (Researcher_ID,Project_ID,Start_Date) VALUES ("3119128", "3119299", "2021-06-19");
INSERT INTO Project (Project_ID,Name,Summary,Project_Funds,Start_Date,End_Date,Executive_ID,Program_ID,Organization_ID,Research_Manager_ID) VALUES ("3119300", "Id Labore Nobis Est", "Ut harum aperiam cupiditate. Nam minima consequuntur dicta.", "446343", "2021-09-03", "2023-12-20", "3119137", "3119117", "3119056", "3119295");
INSERT INTO Works_On (Researcher_ID,Project_ID,Start_Date) VALUES ("3119295", "3119300", "2021-09-03");
INSERT INTO Project (Project_ID,Name,Summary,Project_Funds,Start_Date,End_Date,Executive_ID,Program_ID,Organization_ID,Research_Manager_ID) VALUES ("3119301", "Αποθηκευτικού", "Μετράει εντολές σταματάς δωροδοκηθούν χαρακτηριστικών τι προϊόντα.", "727630", "2020-03-12", "2022-02-27", "3119009", "3119173", "3119159", "3119123");
INSERT INTO Works_On (Researcher_ID,Project_ID,Start_Date) VALUES ("3119123", "3119301", "2020-03-12");
INSERT INTO Project (Project_ID,Name,Summary,Project_Funds,Start_Date,End_Date,Executive_ID,Program_ID,Organization_ID,Research_Manager_ID) VALUES ("3119302", "Citizen Far Argue", "Recently space no air must.", "458412", "2021-04-30", "2025-03-28", "3119152", "3119149", "3119165", "3119488");
INSERT INTO Works_On (Researcher_ID,Project_ID,Start_Date) VALUES ("3119488", "3119302", "2021-04-30");
INSERT INTO Project (Project_ID,Name,Summary,Project_Funds,Start_Date,End_Date,Executive_ID,Program_ID,Organization_ID,Research_Manager_ID) VALUES ("3119303", "Iste Ad Odio Hic", "Ανεπιθύμητη στα πολύ έχω φακέλους εργασίας υπηρεσία.", "499341", "2020-09-13", "2024-05-17", "3119102", "3119176", "3119079", "3119280");
INSERT INTO Works_On (Researcher_ID,Project_ID,Start_Date) VALUES ("3119280", "3119303", "2020-09-13");
INSERT INTO Project (Project_ID,Name,Summary,Project_Funds,Start_Date,End_Date,Executive_ID,Program_ID,Organization_ID,Research_Manager_ID) VALUES ("3119304", "Member Anyone", "Δίνοντας δουλεύει και πρώτο. Έχω αρπάζεις χρειάζονται πρώτης θέματα.", "328785", "2021-09-11", "2024-10-23", "3119165", "3119178", "3119114", "3119297");
INSERT INTO Works_On (Researcher_ID,Project_ID,Start_Date) VALUES ("3119297", "3119304", "2021-09-11");
INSERT INTO Project (Project_ID,Name,Summary,Project_Funds,Start_Date,End_Date,Executive_ID,Program_ID,Organization_ID,Research_Manager_ID) VALUES ("3119305", "Ανεπιθύμητη", "Παίρνει προσεκτικά στο αφήσεις εγώ.", "500148", "2020-04-14", "2024-02-08", "3119165", "3119081", "3119078", "3119518");
INSERT INTO Works_On (Researcher_ID,Project_ID,Start_Date) VALUES ("3119518", "3119305", "2020-04-14");
INSERT INTO Project (Project_ID,Name,Summary,Project_Funds,Start_Date,End_Date,Executive_ID,Program_ID,Organization_ID,Research_Manager_ID) VALUES ("3119306", "Incidunt Facilis", "Debitis minus sunt sit. Quos repudiandae omnis error.", "234136", "2020-12-05", "2024-01-11", "3119115", "3119148", "3119142", "3119388");
INSERT INTO Works_On (Researcher_ID,Project_ID,Start_Date) VALUES ("3119388", "3119306", "2020-12-05");
INSERT INTO Project (Project_ID,Name,Summary,Project_Funds,Start_Date,End_Date,Executive_ID,Program_ID,Organization_ID,Research_Manager_ID) VALUES ("3119307", "Doloremque", "Eum commodi nesciunt veritatis. Maiores quam numquam incidunt impedit.", "988547", "2020-08-21", "2021-11-20", "3119139", "3119199", "3119197", "3119194");
INSERT INTO Works_On (Researcher_ID,Project_ID,Start_Date) VALUES ("3119194", "3119307", "2020-08-21");
INSERT INTO Project (Project_ID,Name,Summary,Project_Funds,Start_Date,End_Date,Executive_ID,Program_ID,Organization_ID,Research_Manager_ID) VALUES ("3119308", "Ρωτήσει Αγοράζοντας", "Μάλλον αν ότι πιο ακούσει που. Μάτσο μέσης βιβλίο μάθε.", "998871", "2020-02-24", "2023-05-09", "3119062", "3119024", "3119156", "3119093");
INSERT INTO Works_On (Researcher_ID,Project_ID,Start_Date) VALUES ("3119093", "3119308", "2020-02-24");
INSERT INTO Project (Project_ID,Name,Summary,Project_Funds,Start_Date,End_Date,Executive_ID,Program_ID,Organization_ID,Research_Manager_ID) VALUES ("3119309", "Βάζοντας Εγώ Κανείς", "Technology society fear side environment traditional some.", "515114", "2020-06-18", "2022-05-02", "3119138", "3119125", "3119182", "3119380");
INSERT INTO Works_On (Researcher_ID,Project_ID,Start_Date) VALUES ("3119380", "3119309", "2020-06-18");
INSERT INTO Project (Project_ID,Name,Summary,Project_Funds,Start_Date,End_Date,Executive_ID,Program_ID,Organization_ID,Research_Manager_ID) VALUES ("3119310", "Χρησιμοποιούνταν", "Adipisci cum doloribus ea officia.", "736157", "2022-04-23", "2024-02-13", "3119177", "3119140", "3119040", "3119034");
INSERT INTO Works_On (Researcher_ID,Project_ID,Start_Date) VALUES ("3119034", "3119310", "2022-04-23");
INSERT INTO Project (Project_ID,Name,Summary,Project_Funds,Start_Date,End_Date,Executive_ID,Program_ID,Organization_ID,Research_Manager_ID) VALUES ("3119311", "Glass These Eat", "Μάθε βιβλίο ίδιο γραμμής αφήσεις έτσι πλέον των.", "202823", "2020-02-16", "2023-02-04", "3119007", "3119042", "3119170", "3119597");
INSERT INTO Works_On (Researcher_ID,Project_ID,Start_Date) VALUES ("3119597", "3119311", "2020-02-16");
INSERT INTO Project (Project_ID,Name,Summary,Project_Funds,Start_Date,End_Date,Executive_ID,Program_ID,Organization_ID,Research_Manager_ID) VALUES ("3119312", "Esse Incidunt", "Μπουν έτοιμος όχι σημαντικό.", "718721", "2021-02-27", "2022-03-07", "3119174", "3119063", "3119168", "3119252");
INSERT INTO Works_On (Researcher_ID,Project_ID,Start_Date) VALUES ("3119252", "3119312", "2021-02-27");
INSERT INTO Project (Project_ID,Name,Summary,Project_Funds,Start_Date,End_Date,Executive_ID,Program_ID,Organization_ID,Research_Manager_ID) VALUES ("3119313", "Laudantium Nostrum", "Ταξινομεί διάσημα διακόψουμε κώδικάς.", "978765", "2021-05-25", "2025-02-03", "3119025", "3119159", "3119084", "3119178");
INSERT INTO Works_On (Researcher_ID,Project_ID,Start_Date) VALUES ("3119178", "3119313", "2021-05-25");
INSERT INTO Project (Project_ID,Name,Summary,Project_Funds,Start_Date,End_Date,Executive_ID,Program_ID,Organization_ID,Research_Manager_ID) VALUES ("3119314", "Central Language", "Δουλεύει περισσότερη θέματα δουλεύει εκτός μιας ακούσει.", "808840", "2022-05-20", "2024-07-26", "3119009", "3119083", "3119192", "3119266");
INSERT INTO Works_On (Researcher_ID,Project_ID,Start_Date) VALUES ("3119266", "3119314", "2022-05-20");
INSERT INTO Project (Project_ID,Name,Summary,Project_Funds,Start_Date,End_Date,Executive_ID,Program_ID,Organization_ID,Research_Manager_ID) VALUES ("3119315", "Κανείς Έστειλε", "Cumque voluptate magnam molestias officia.", "898748", "2020-12-09", "2023-01-14", "3119055", "3119070", "3119107", "3119596");
INSERT INTO Works_On (Researcher_ID,Project_ID,Start_Date) VALUES ("3119596", "3119315", "2020-12-09");
INSERT INTO Project (Project_ID,Name,Summary,Project_Funds,Start_Date,End_Date,Executive_ID,Program_ID,Organization_ID,Research_Manager_ID) VALUES ("3119316", "Customer Enough", "Συγγραφείς τεσσαρών εφαρμογή απαράδεκτη.", "941643", "2020-11-23", "2022-07-18", "3119106", "3119136", "3119129", "3119438");
INSERT INTO Works_On (Researcher_ID,Project_ID,Start_Date) VALUES ("3119438", "3119316", "2020-11-23");
INSERT INTO Project (Project_ID,Name,Summary,Project_Funds,Start_Date,End_Date,Executive_ID,Program_ID,Organization_ID,Research_Manager_ID) VALUES ("3119317", "Παραγωγικής Με Τις", "Περιβάλλοντος εφαρμογής διοικητικό.", "818510", "2020-07-24", "2023-12-06", "3119093", "3119085", "3119008", "3119144");
INSERT INTO Works_On (Researcher_ID,Project_ID,Start_Date) VALUES ("3119144", "3119317", "2020-07-24");
INSERT INTO Project (Project_ID,Name,Summary,Project_Funds,Start_Date,End_Date,Executive_ID,Program_ID,Organization_ID,Research_Manager_ID) VALUES ("3119318", "Accusantium Minima", "Late loss factor his glass. Would language race avoid instead.", "879206", "2020-10-22", "2022-10-14", "3119174", "3119171", "3119103", "3119524");
INSERT INTO Works_On (Researcher_ID,Project_ID,Start_Date) VALUES ("3119524", "3119318", "2020-10-22");
INSERT INTO Project (Project_ID,Name,Summary,Project_Funds,Start_Date,End_Date,Executive_ID,Program_ID,Organization_ID,Research_Manager_ID) VALUES ("3119319", "Έστελνε Θα Ναι Και", "Περιμένουν μην έχω που.", "693102", "2021-09-15", "2023-05-25", "3119123", "3119177", "3119172", "3119501");
INSERT INTO Works_On (Researcher_ID,Project_ID,Start_Date) VALUES ("3119501", "3119319", "2021-09-15");
INSERT INTO Project (Project_ID,Name,Summary,Project_Funds,Start_Date,End_Date,Executive_ID,Program_ID,Organization_ID,Research_Manager_ID) VALUES ("3119320", "Στα Προσπαθούν", "Γεγονός έχω έλεγχος ένα νόμιζες για δημιουργια.", "280015", "2020-07-17", "2024-04-23", "3119163", "3119000", "3119073", "3119260");
INSERT INTO Works_On (Researcher_ID,Project_ID,Start_Date) VALUES ("3119260", "3119320", "2020-07-17");
INSERT INTO Project (Project_ID,Name,Summary,Project_Funds,Start_Date,End_Date,Executive_ID,Program_ID,Organization_ID,Research_Manager_ID) VALUES ("3119321", "Edge Current Our", "Λέει λέει δοκιμάσεις ειδικά διορθώσεις.", "300583", "2020-12-14", "2024-12-10", "3119075", "3119199", "3119008", "3119567");
INSERT INTO Works_On (Researcher_ID,Project_ID,Start_Date) VALUES ("3119567", "3119321", "2020-12-14");
INSERT INTO Project (Project_ID,Name,Summary,Project_Funds,Start_Date,End_Date,Executive_ID,Program_ID,Organization_ID,Research_Manager_ID) VALUES ("3119322", "Διακοπής Κόψεις", "Dicta corporis non beatae reprehenderit distinctio ex.", "175864", "2022-01-28", "2023-10-06", "3119169", "3119025", "3119113", "3119362");
INSERT INTO Works_On (Researcher_ID,Project_ID,Start_Date) VALUES ("3119362", "3119322", "2022-01-28");
INSERT INTO Project (Project_ID,Name,Summary,Project_Funds,Start_Date,End_Date,Executive_ID,Program_ID,Organization_ID,Research_Manager_ID) VALUES ("3119323", "Μέσης Μέρος", "Γραφικά χρειάζονται χρειάζονται γνωστή χρησιμοποίησέ εκτός προσθέσει.", "822553", "2020-05-25", "2022-04-07", "3119192", "3119157", "3119094", "3119341");
INSERT INTO Works_On (Researcher_ID,Project_ID,Start_Date) VALUES ("3119341", "3119323", "2020-05-25");
INSERT INTO Project (Project_ID,Name,Summary,Project_Funds,Start_Date,End_Date,Executive_ID,Program_ID,Organization_ID,Research_Manager_ID) VALUES ("3119324", "Necessitatibus", "Δε εργάστηκε διασφαλίζεται ανά περισσότερες λοιπόν εφαρμογής βιαστικά.", "241976", "2020-05-16", "2023-07-02", "3119061", "3119050", "3119104", "3119228");
INSERT INTO Works_On (Researcher_ID,Project_ID,Start_Date) VALUES ("3119228", "3119324", "2020-05-16");
INSERT INTO Project (Project_ID,Name,Summary,Project_Funds,Start_Date,End_Date,Executive_ID,Program_ID,Organization_ID,Research_Manager_ID) VALUES ("3119325", "Μην Εκτελέσει", "Ad officia ipsa saepe perferendis.", "846312", "2021-02-11", "2024-10-10", "3119089", "3119124", "3119127", "3119581");
INSERT INTO Works_On (Researcher_ID,Project_ID,Start_Date) VALUES ("3119581", "3119325", "2021-02-11");
INSERT INTO Project (Project_ID,Name,Summary,Project_Funds,Start_Date,End_Date,Executive_ID,Program_ID,Organization_ID,Research_Manager_ID) VALUES ("3119326", "Front Fill State", "Ίδιο απόλαυσε τα παίρνει. Για κόλπα τη της στα το τα πάντα.", "237795", "2020-02-13", "2023-08-29", "3119085", "3119046", "3119063", "3119437");
INSERT INTO Works_On (Researcher_ID,Project_ID,Start_Date) VALUES ("3119437", "3119326", "2020-02-13");
INSERT INTO Project (Project_ID,Name,Summary,Project_Funds,Start_Date,End_Date,Executive_ID,Program_ID,Organization_ID,Research_Manager_ID) VALUES ("3119327", "Αυτός Εκτός", "Προγραμματιστές λίγο υποψήφιο ας.", "228600", "2021-02-23", "2022-05-06", "3119060", "3119053", "3119118", "3119417");
INSERT INTO Works_On (Researcher_ID,Project_ID,Start_Date) VALUES ("3119417", "3119327", "2021-02-23");
INSERT INTO Project (Project_ID,Name,Summary,Project_Funds,Start_Date,End_Date,Executive_ID,Program_ID,Organization_ID,Research_Manager_ID) VALUES ("3119328", "Των Θυμάμαι Πόρτες", "Laudantium voluptates quod. Quod qui enim laborum repellat.", "641749", "2021-02-27", "2024-01-24", "3119111", "3119058", "3119048", "3119330");
INSERT INTO Works_On (Researcher_ID,Project_ID,Start_Date) VALUES ("3119330", "3119328", "2021-02-27");
INSERT INTO Project (Project_ID,Name,Summary,Project_Funds,Start_Date,End_Date,Executive_ID,Program_ID,Organization_ID,Research_Manager_ID) VALUES ("3119329", "Αποφάσισε", "Response growth option could at. Drive represent remember teach.", "266477", "2022-05-21", "2024-03-24", "3119057", "3119005", "3119150", "3119492");
INSERT INTO Works_On (Researcher_ID,Project_ID,Start_Date) VALUES ("3119492", "3119329", "2022-05-21");
INSERT INTO Project (Project_ID,Name,Summary,Project_Funds,Start_Date,End_Date,Executive_ID,Program_ID,Organization_ID,Research_Manager_ID) VALUES ("3119330", "Πρώτοι Δείξει Μα", "Γραφικά έξι προκύπτουν χρειάζονται πρώτο βάζοντας παραπάνω.", "141523", "2022-02-07", "2024-07-17", "3119101", "3119015", "3119185", "3119562");
INSERT INTO Works_On (Researcher_ID,Project_ID,Start_Date) VALUES ("3119562", "3119330", "2022-02-07");
INSERT INTO Project (Project_ID,Name,Summary,Project_Funds,Start_Date,End_Date,Executive_ID,Program_ID,Organization_ID,Research_Manager_ID) VALUES ("3119331", "Βιαστικά Νόμιζες", "Άρα επιστρέφουν σε του. Έγραψες εκτελέσει πάντα μα αν βάζοντας στο.", "548720", "2022-04-06", "2024-03-05", "3119093", "3119084", "3119149", "3119390");
INSERT INTO Works_On (Researcher_ID,Project_ID,Start_Date) VALUES ("3119390", "3119331", "2022-04-06");
INSERT INTO Project (Project_ID,Name,Summary,Project_Funds,Start_Date,End_Date,Executive_ID,Program_ID,Organization_ID,Research_Manager_ID) VALUES ("3119332", "Επί Σωστά Τα", "Ex fuga ducimus a ut. A in et vitae. Dolor nobis ullam atque eum.", "715454", "2020-07-06", "2022-05-09", "3119191", "3119116", "3119115", "3119494");
INSERT INTO Works_On (Researcher_ID,Project_ID,Start_Date) VALUES ("3119494", "3119332", "2020-07-06");
INSERT INTO Project (Project_ID,Name,Summary,Project_Funds,Start_Date,End_Date,Executive_ID,Program_ID,Organization_ID,Research_Manager_ID) VALUES ("3119333", "Ζητήσεις", "Συγγραφείς διακοπής αν τους. Ένας να εκτελέσει μαγικά σημαντικό εκτός.", "426645", "2021-07-03", "2025-06-27", "3119108", "3119088", "3119145", "3119017");
INSERT INTO Works_On (Researcher_ID,Project_ID,Start_Date) VALUES ("3119017", "3119333", "2021-07-03");
INSERT INTO Project (Project_ID,Name,Summary,Project_Funds,Start_Date,End_Date,Executive_ID,Program_ID,Organization_ID,Research_Manager_ID) VALUES ("3119334", "Μετράει Κάνεις Νέο", "Αφήσεις επιδιορθώσεις στη άτομο ανώδυνη εργαζόμενων.", "219688", "2021-05-08", "2023-11-17", "3119157", "3119124", "3119099", "3119359");
INSERT INTO Works_On (Researcher_ID,Project_ID,Start_Date) VALUES ("3119359", "3119334", "2021-05-08");
INSERT INTO Project (Project_ID,Name,Summary,Project_Funds,Start_Date,End_Date,Executive_ID,Program_ID,Organization_ID,Research_Manager_ID) VALUES ("3119335", "Tempore Deleniti", "Μάθε εκείνου ένα που κόψεις. Στέλνοντάς τα πάντα μα.", "176590", "2021-07-08", "2024-11-20", "3119148", "3119058", "3119173", "3119334");
INSERT INTO Works_On (Researcher_ID,Project_ID,Start_Date) VALUES ("3119334", "3119335", "2021-07-08");
INSERT INTO Project (Project_ID,Name,Summary,Project_Funds,Start_Date,End_Date,Executive_ID,Program_ID,Organization_ID,Research_Manager_ID) VALUES ("3119336", "Voluptatibus", "Officia excepturi officia voluptatibus ex.", "680591", "2020-01-06", "2021-09-16", "3119039", "3119165", "3119004", "3119396");
INSERT INTO Works_On (Researcher_ID,Project_ID,Start_Date) VALUES ("3119396", "3119336", "2020-01-06");
INSERT INTO Project (Project_ID,Name,Summary,Project_Funds,Start_Date,End_Date,Executive_ID,Program_ID,Organization_ID,Research_Manager_ID) VALUES ("3119337", "Εκτός Θυμάμαι Όχι", "Πρώτο διορθώσει έτσι αναφορά ανταγωνιστής.", "812174", "2020-06-19", "2023-06-30", "3119127", "3119153", "3119193", "3119152");
INSERT INTO Works_On (Researcher_ID,Project_ID,Start_Date) VALUES ("3119152", "3119337", "2020-06-19");
INSERT INTO Project (Project_ID,Name,Summary,Project_Funds,Start_Date,End_Date,Executive_ID,Program_ID,Organization_ID,Research_Manager_ID) VALUES ("3119338", "Έξι Ρωτάει Μια", "Των περίπου ο πολύ μέγιστη.", "928915", "2021-02-19", "2022-05-03", "3119192", "3119166", "3119059", "3119352");
INSERT INTO Works_On (Researcher_ID,Project_ID,Start_Date) VALUES ("3119352", "3119338", "2021-02-19");
INSERT INTO Project (Project_ID,Name,Summary,Project_Funds,Start_Date,End_Date,Executive_ID,Program_ID,Organization_ID,Research_Manager_ID) VALUES ("3119339", "Loss Room Outside", "Κάτι λέει απαραίτητο ήδη άρα έχω πετούν αρχεία.", "498882", "2020-06-07", "2021-06-27", "3119139", "3119015", "3119171", "3119047");
INSERT INTO Works_On (Researcher_ID,Project_ID,Start_Date) VALUES ("3119047", "3119339", "2020-06-07");
INSERT INTO Project (Project_ID,Name,Summary,Project_Funds,Start_Date,End_Date,Executive_ID,Program_ID,Organization_ID,Research_Manager_ID) VALUES ("3119340", "Να Συγγραφής Τις", "Αφήσεις που γραμμής ώρα. Τα γραμμή μάτσο χειρότερα εγώ άρθρων.", "421669", "2022-04-16", "2024-07-09", "3119051", "3119048", "3119048", "3119167");
INSERT INTO Works_On (Researcher_ID,Project_ID,Start_Date) VALUES ("3119167", "3119340", "2022-04-16");
INSERT INTO Project (Project_ID,Name,Summary,Project_Funds,Start_Date,End_Date,Executive_ID,Program_ID,Organization_ID,Research_Manager_ID) VALUES ("3119341", "Προσοχή Μα Κόψεις", "Win director south music this. Church huge career lose.", "447345", "2022-04-10", "2024-01-20", "3119160", "3119052", "3119163", "3119321");
INSERT INTO Works_On (Researcher_ID,Project_ID,Start_Date) VALUES ("3119321", "3119341", "2022-04-10");
INSERT INTO Project (Project_ID,Name,Summary,Project_Funds,Start_Date,End_Date,Executive_ID,Program_ID,Organization_ID,Research_Manager_ID) VALUES ("3119342", "Architecto", "Έτσι μας πως για. Ερωτήσεις ρουτίνα πάρεις άλγεβρα γνωστή.", "730088", "2020-08-26", "2022-04-16", "3119004", "3119190", "3119000", "3119279");
INSERT INTO Works_On (Researcher_ID,Project_ID,Start_Date) VALUES ("3119279", "3119342", "2020-08-26");
INSERT INTO Project (Project_ID,Name,Summary,Project_Funds,Start_Date,End_Date,Executive_ID,Program_ID,Organization_ID,Research_Manager_ID) VALUES ("3119343", "Attention Federal", "Molestiae excepturi iusto sed facilis eos est.", "190140", "2022-03-15", "2024-10-22", "3119064", "3119001", "3119164", "3119545");
INSERT INTO Works_On (Researcher_ID,Project_ID,Start_Date) VALUES ("3119545", "3119343", "2022-03-15");
INSERT INTO Project (Project_ID,Name,Summary,Project_Funds,Start_Date,End_Date,Executive_ID,Program_ID,Organization_ID,Research_Manager_ID) VALUES ("3119344", "Αρπάζεις", "Εργάστηκε αποδείξεις ένα κάτι πεδία έλεγχος νέο παίρνουν.", "444381", "2020-04-15", "2023-06-09", "3119085", "3119080", "3119110", "3119432");
INSERT INTO Works_On (Researcher_ID,Project_ID,Start_Date) VALUES ("3119432", "3119344", "2020-04-15");
INSERT INTO Project (Project_ID,Name,Summary,Project_Funds,Start_Date,End_Date,Executive_ID,Program_ID,Organization_ID,Research_Manager_ID) VALUES ("3119345", "Έτσι Πάντα Του", "Κύκλο σαν προγραμματιστής προκαλείς ένας.", "589296", "2021-10-31", "2024-06-30", "3119174", "3119018", "3119067", "3119273");
INSERT INTO Works_On (Researcher_ID,Project_ID,Start_Date) VALUES ("3119273", "3119345", "2021-10-31");
INSERT INTO Project (Project_ID,Name,Summary,Project_Funds,Start_Date,End_Date,Executive_ID,Program_ID,Organization_ID,Research_Manager_ID) VALUES ("3119346", "Animi Dolorem", "Image ready power major explain.", "877778", "2021-04-19", "2022-12-07", "3119157", "3119056", "3119164", "3119027");
INSERT INTO Works_On (Researcher_ID,Project_ID,Start_Date) VALUES ("3119027", "3119346", "2021-04-19");
INSERT INTO Project (Project_ID,Name,Summary,Project_Funds,Start_Date,End_Date,Executive_ID,Program_ID,Organization_ID,Research_Manager_ID) VALUES ("3119347", "Δεδομένων", "Θέματα σε υποψήφιο παίρνει δύο. Γιαυτό τους έρθει παίρνουν μέχρι νέα.", "390761", "2022-05-25", "2025-09-10", "3119110", "3119111", "3119171", "3119048");
INSERT INTO Works_On (Researcher_ID,Project_ID,Start_Date) VALUES ("3119048", "3119347", "2022-05-25");
INSERT INTO Project (Project_ID,Name,Summary,Project_Funds,Start_Date,End_Date,Executive_ID,Program_ID,Organization_ID,Research_Manager_ID) VALUES ("3119348", "Hour Another", "Γράψει πρώτο ήδη έχω απαράδεκτη προγραμματιστές.", "997291", "2021-04-13", "2023-01-30", "3119109", "3119098", "3119141", "3119355");
INSERT INTO Works_On (Researcher_ID,Project_ID,Start_Date) VALUES ("3119355", "3119348", "2021-04-13");
INSERT INTO Project (Project_ID,Name,Summary,Project_Funds,Start_Date,End_Date,Executive_ID,Program_ID,Organization_ID,Research_Manager_ID) VALUES ("3119349", "Πλέον Προβληματική", "Βαθμό ειδικά σαν απίστευτα απομόνωση κόψεις εργασίας. Βασανίζουν μάθε σε.", "817984", "2021-10-22", "2023-04-18", "3119184", "3119159", "3119051", "3119238");
INSERT INTO Works_On (Researcher_ID,Project_ID,Start_Date) VALUES ("3119238", "3119349", "2021-10-22");
INSERT INTO Project (Project_ID,Name,Summary,Project_Funds,Start_Date,End_Date,Executive_ID,Program_ID,Organization_ID,Research_Manager_ID) VALUES ("3119350", "Leg Finish Per Upon", "Tempora aspernatur tenetur neque impedit temporibus autem fuga.", "727974", "2022-05-18", "2024-01-18", "3119088", "3119075", "3119130", "3119403");
INSERT INTO Works_On (Researcher_ID,Project_ID,Start_Date) VALUES ("3119403", "3119350", "2022-05-18");
INSERT INTO Project (Project_ID,Name,Summary,Project_Funds,Start_Date,End_Date,Executive_ID,Program_ID,Organization_ID,Research_Manager_ID) VALUES ("3119351", "Corporis Vel Esse", "Ρωτάει ερώτηση ρωτάει γεύματος. Εδώ επενδυτής άρθρων.", "827648", "2019-11-28", "2021-07-16", "3119051", "3119100", "3119085", "3119108");
INSERT INTO Works_On (Researcher_ID,Project_ID,Start_Date) VALUES ("3119108", "3119351", "2019-11-28");
INSERT INTO Project (Project_ID,Name,Summary,Project_Funds,Start_Date,End_Date,Executive_ID,Program_ID,Organization_ID,Research_Manager_ID) VALUES ("3119352", "Today So Goal", "Σημαντικό δείξει στραβά λοιπόν κρατήσουν μεταφραστής.", "458913", "2019-12-12", "2023-02-23", "3119156", "3119027", "3119156", "3119248");
INSERT INTO Works_On (Researcher_ID,Project_ID,Start_Date) VALUES ("3119248", "3119352", "2019-12-12");
INSERT INTO Project (Project_ID,Name,Summary,Project_Funds,Start_Date,End_Date,Executive_ID,Program_ID,Organization_ID,Research_Manager_ID) VALUES ("3119353", "Θέματα Στήλες Έτσι", "Omnis voluptas cupiditate cumque iste. Quia sint ipsum minus.", "420852", "2020-07-11", "2023-02-06", "3119037", "3119128", "3119085", "3119289");
INSERT INTO Works_On (Researcher_ID,Project_ID,Start_Date) VALUES ("3119289", "3119353", "2020-07-11");
INSERT INTO Project (Project_ID,Name,Summary,Project_Funds,Start_Date,End_Date,Executive_ID,Program_ID,Organization_ID,Research_Manager_ID) VALUES ("3119354", "Σαν Δύο Σαν", "Voluptate earum voluptatum non totam corporis facilis.", "112967", "2021-01-04", "2022-07-08", "3119102", "3119045", "3119148", "3119134");
INSERT INTO Works_On (Researcher_ID,Project_ID,Start_Date) VALUES ("3119134", "3119354", "2021-01-04");
INSERT INTO Project (Project_ID,Name,Summary,Project_Funds,Start_Date,End_Date,Executive_ID,Program_ID,Organization_ID,Research_Manager_ID) VALUES ("3119355", "Αρχεία Σχεδιαστής", "Dolorem facere incidunt incidunt perferendis totam quos.", "158490", "2022-03-19", "2023-11-13", "3119159", "3119135", "3119149", "3119267");
INSERT INTO Works_On (Researcher_ID,Project_ID,Start_Date) VALUES ("3119267", "3119355", "2022-03-19");
INSERT INTO Project (Project_ID,Name,Summary,Project_Funds,Start_Date,End_Date,Executive_ID,Program_ID,Organization_ID,Research_Manager_ID) VALUES ("3119356", "His Wear Role Wife", "Μπουν για συγγραφής διασφαλίζεται έξι μη.", "666613", "2021-09-06", "2024-08-27", "3119133", "3119096", "3119153", "3119599");
INSERT INTO Works_On (Researcher_ID,Project_ID,Start_Date) VALUES ("3119599", "3119356", "2021-09-06");
INSERT INTO Project (Project_ID,Name,Summary,Project_Funds,Start_Date,End_Date,Executive_ID,Program_ID,Organization_ID,Research_Manager_ID) VALUES ("3119357", "Μετρήσεις", "Αλγόριθμου τη διαπιστώνεις στις ίδιο δυστυχώς.", "446014", "2021-05-26", "2022-06-11", "3119046", "3119151", "3119002", "3119353");
INSERT INTO Works_On (Researcher_ID,Project_ID,Start_Date) VALUES ("3119353", "3119357", "2021-05-26");
INSERT INTO Project (Project_ID,Name,Summary,Project_Funds,Start_Date,End_Date,Executive_ID,Program_ID,Organization_ID,Research_Manager_ID) VALUES ("3119358", "Occaecati Amet Vero", "Τι φράση περισσότερες. Παίρνουν δεν αρπάζεις που πάντως ως.", "464171", "2022-01-05", "2025-12-24", "3119067", "3119199", "3119002", "3119351");
INSERT INTO Works_On (Researcher_ID,Project_ID,Start_Date) VALUES ("3119351", "3119358", "2022-01-05");
INSERT INTO Project (Project_ID,Name,Summary,Project_Funds,Start_Date,End_Date,Executive_ID,Program_ID,Organization_ID,Research_Manager_ID) VALUES ("3119359", "Other Without End", "Προγραμματιστές ρωτάει κανένας μπορούσες. Δεν ναι έτσι των ανακλύψεις.", "982139", "2020-02-16", "2022-05-02", "3119051", "3119186", "3119181", "3119508");
INSERT INTO Works_On (Researcher_ID,Project_ID,Start_Date) VALUES ("3119508", "3119359", "2020-02-16");
INSERT INTO Project (Project_ID,Name,Summary,Project_Funds,Start_Date,End_Date,Executive_ID,Program_ID,Organization_ID,Research_Manager_ID) VALUES ("3119360", "Next Assume Senior", "Καταλάθος δύο εικόνες μέχρι ταξινομεί.", "798455", "2020-12-19", "2022-04-20", "3119144", "3119162", "3119188", "3119327");
INSERT INTO Works_On (Researcher_ID,Project_ID,Start_Date) VALUES ("3119327", "3119360", "2020-12-19");
INSERT INTO Project (Project_ID,Name,Summary,Project_Funds,Start_Date,End_Date,Executive_ID,Program_ID,Organization_ID,Research_Manager_ID) VALUES ("3119361", "Tenetur Neque Atque", "Σε ως το προσεκτικά.", "663381", "2020-01-10", "2022-06-20", "3119165", "3119078", "3119016", "3119114");
INSERT INTO Works_On (Researcher_ID,Project_ID,Start_Date) VALUES ("3119114", "3119361", "2020-01-10");
INSERT INTO Project (Project_ID,Name,Summary,Project_Funds,Start_Date,End_Date,Executive_ID,Program_ID,Organization_ID,Research_Manager_ID) VALUES ("3119362", "Dolorem Assumenda", "Για παραγωγικής για την διακοπής θα.", "730127", "2022-02-24", "2025-04-04", "3119182", "3119106", "3119073", "3119402");
INSERT INTO Works_On (Researcher_ID,Project_ID,Start_Date) VALUES ("3119402", "3119362", "2022-02-24");
INSERT INTO Project (Project_ID,Name,Summary,Project_Funds,Start_Date,End_Date,Executive_ID,Program_ID,Organization_ID,Research_Manager_ID) VALUES ("3119363", "Πρώτης Έχω Νόμιζες", "Αποκλειστικούς νέου αρέσει χαρτιού. Πρώτοι τους πολύ πολύ εγώ εγώ από.", "144219", "2021-10-06", "2023-10-30", "3119173", "3119098", "3119185", "3119544");
INSERT INTO Works_On (Researcher_ID,Project_ID,Start_Date) VALUES ("3119544", "3119363", "2021-10-06");
INSERT INTO Project (Project_ID,Name,Summary,Project_Funds,Start_Date,End_Date,Executive_ID,Program_ID,Organization_ID,Research_Manager_ID) VALUES ("3119364", "Τα Νιρβάνα Μα", "Που τα βγήκε αποδείξεις ανά.", "873339", "2020-08-23", "2022-11-26", "3119111", "3119189", "3119160", "3119126");
INSERT INTO Works_On (Researcher_ID,Project_ID,Start_Date) VALUES ("3119126", "3119364", "2020-08-23");
INSERT INTO Project (Project_ID,Name,Summary,Project_Funds,Start_Date,End_Date,Executive_ID,Program_ID,Organization_ID,Research_Manager_ID) VALUES ("3119365", "Ύψος Εικόνες", "Down forget left. Believe national drug such side perhaps everybody.", "457074", "2020-01-12", "2024-01-05", "3119018", "3119013", "3119110", "3119220");
INSERT INTO Works_On (Researcher_ID,Project_ID,Start_Date) VALUES ("3119220", "3119365", "2020-01-12");
INSERT INTO Project (Project_ID,Name,Summary,Project_Funds,Start_Date,End_Date,Executive_ID,Program_ID,Organization_ID,Research_Manager_ID) VALUES ("3119366", "Unde Non Rerum", "Road grow far. Out stage father western bag thing position.", "256223", "2022-01-19", "2025-05-04", "3119005", "3119158", "3119175", "3119111");
INSERT INTO Works_On (Researcher_ID,Project_ID,Start_Date) VALUES ("3119111", "3119366", "2022-01-19");
INSERT INTO Project (Project_ID,Name,Summary,Project_Funds,Start_Date,End_Date,Executive_ID,Program_ID,Organization_ID,Research_Manager_ID) VALUES ("3119367", "Μια Τη Πετάξαμε", "Cumque necessitatibus incidunt porro aut hic. Aliquam nulla in.", "498014", "2021-09-25", "2023-03-20", "3119173", "3119192", "3119026", "3119142");
INSERT INTO Works_On (Researcher_ID,Project_ID,Start_Date) VALUES ("3119142", "3119367", "2021-09-25");
INSERT INTO Project (Project_ID,Name,Summary,Project_Funds,Start_Date,End_Date,Executive_ID,Program_ID,Organization_ID,Research_Manager_ID) VALUES ("3119368", "Να Πρώτο Εκείνου", "Μερικούς δε τα πετούν σου σαν εδώ. Συγχρόνως μου έγραψες ξέχασε.", "798118", "2021-04-03", "2022-11-02", "3119073", "3119185", "3119079", "3119104");
INSERT INTO Works_On (Researcher_ID,Project_ID,Start_Date) VALUES ("3119104", "3119368", "2021-04-03");
INSERT INTO Project (Project_ID,Name,Summary,Project_Funds,Start_Date,End_Date,Executive_ID,Program_ID,Organization_ID,Research_Manager_ID) VALUES ("3119369", "Aliquam Ullam Amet", "Earum ut labore officiis delectus dignissimos.", "137398", "2020-12-27", "2022-06-22", "3119011", "3119158", "3119192", "3119442");
INSERT INTO Works_On (Researcher_ID,Project_ID,Start_Date) VALUES ("3119442", "3119369", "2020-12-27");
INSERT INTO Project (Project_ID,Name,Summary,Project_Funds,Start_Date,End_Date,Executive_ID,Program_ID,Organization_ID,Research_Manager_ID) VALUES ("3119370", "Eligendi Maxime", "Inventore cumque laudantium mollitia iste cum dignissimos id.", "863609", "2021-03-28", "2022-06-04", "3119136", "3119116", "3119135", "3119538");
INSERT INTO Works_On (Researcher_ID,Project_ID,Start_Date) VALUES ("3119538", "3119370", "2021-03-28");
INSERT INTO Project (Project_ID,Name,Summary,Project_Funds,Start_Date,End_Date,Executive_ID,Program_ID,Organization_ID,Research_Manager_ID) VALUES ("3119371", "Autem Sunt", "Τύπους μπουν επενδυτής προσλάμβανες. Απίστευτα σου μα θέμα κλπ έχω κλπ.", "467563", "2022-04-30", "2026-01-26", "3119057", "3119116", "3119164", "3119397");
INSERT INTO Works_On (Researcher_ID,Project_ID,Start_Date) VALUES ("3119397", "3119371", "2022-04-30");
INSERT INTO Project (Project_ID,Name,Summary,Project_Funds,Start_Date,End_Date,Executive_ID,Program_ID,Organization_ID,Research_Manager_ID) VALUES ("3119372", "Et Necessitatibus", "Glass development poor benefit technology.", "618543", "2021-06-20", "2023-07-09", "3119056", "3119124", "3119080", "3119173");
INSERT INTO Works_On (Researcher_ID,Project_ID,Start_Date) VALUES ("3119173", "3119372", "2021-06-20");
INSERT INTO Project (Project_ID,Name,Summary,Project_Funds,Start_Date,End_Date,Executive_ID,Program_ID,Organization_ID,Research_Manager_ID) VALUES ("3119373", "Exercitationem", "Wonder Republican risk like once. Newspaper section small group senior.", "890145", "2020-09-01", "2022-11-19", "3119197", "3119191", "3119136", "3119368");
INSERT INTO Works_On (Researcher_ID,Project_ID,Start_Date) VALUES ("3119368", "3119373", "2020-09-01");
INSERT INTO Project (Project_ID,Name,Summary,Project_Funds,Start_Date,End_Date,Executive_ID,Program_ID,Organization_ID,Research_Manager_ID) VALUES ("3119374", "Οι Χώρου Προσπαθούν", "Τύπους μη παραγωγικής ένας παράδειγμα μου.", "765686", "2021-07-21", "2024-09-18", "3119099", "3119131", "3119112", "3119293");
INSERT INTO Works_On (Researcher_ID,Project_ID,Start_Date) VALUES ("3119293", "3119374", "2021-07-21");
INSERT INTO Project (Project_ID,Name,Summary,Project_Funds,Start_Date,End_Date,Executive_ID,Program_ID,Organization_ID,Research_Manager_ID) VALUES ("3119375", "Explain Staff", "Together card rest represent. Image size standard nature.", "679274", "2020-10-01", "2022-03-31", "3119135", "3119137", "3119188", "3119146");
INSERT INTO Works_On (Researcher_ID,Project_ID,Start_Date) VALUES ("3119146", "3119375", "2020-10-01");
INSERT INTO Project (Project_ID,Name,Summary,Project_Funds,Start_Date,End_Date,Executive_ID,Program_ID,Organization_ID,Research_Manager_ID) VALUES ("3119376", "Inventore Commodi", "Μέχρι κι οι ξέχασε αποστηθίσει εκτελέσεις λετπά κλπ.", "749417", "2021-02-01", "2022-03-31", "3119107", "3119068", "3119105", "3119187");
INSERT INTO Works_On (Researcher_ID,Project_ID,Start_Date) VALUES ("3119187", "3119376", "2021-02-01");
INSERT INTO Project (Project_ID,Name,Summary,Project_Funds,Start_Date,End_Date,Executive_ID,Program_ID,Organization_ID,Research_Manager_ID) VALUES ("3119377", "Όσο Γεύματος", "Vel eligendi officia illo. Ea corrupti rerum ad. Non minima qui.", "217697", "2021-08-23", "2025-02-10", "3119055", "3119088", "3119117", "3119116");
INSERT INTO Works_On (Researcher_ID,Project_ID,Start_Date) VALUES ("3119116", "3119377", "2021-08-23");
INSERT INTO Project (Project_ID,Name,Summary,Project_Funds,Start_Date,End_Date,Executive_ID,Program_ID,Organization_ID,Research_Manager_ID) VALUES ("3119378", "Ρωτάει Δείξει", "Nobis eius tenetur tempore natus.", "878615", "2021-08-30", "2022-12-23", "3119120", "3119037", "3119187", "3119096");
INSERT INTO Works_On (Researcher_ID,Project_ID,Start_Date) VALUES ("3119096", "3119378", "2021-08-30");
INSERT INTO Project (Project_ID,Name,Summary,Project_Funds,Start_Date,End_Date,Executive_ID,Program_ID,Organization_ID,Research_Manager_ID) VALUES ("3119379", "Ήδη Υποψήφιο", "Βιβλίο ανά σχεδιαστής μέρος. Προϊόντα φίλος μια.", "896882", "2020-06-18", "2024-05-30", "3119162", "3119159", "3119002", "3119212");
INSERT INTO Works_On (Researcher_ID,Project_ID,Start_Date) VALUES ("3119212", "3119379", "2020-06-18");
INSERT INTO Project (Project_ID,Name,Summary,Project_Funds,Start_Date,End_Date,Executive_ID,Program_ID,Organization_ID,Research_Manager_ID) VALUES ("3119380", "Τοπικές Πόρτες", "Ullam perferendis praesentium dolore.", "887526", "2020-04-19", "2022-10-08", "3119002", "3119145", "3119199", "3119540");
INSERT INTO Works_On (Researcher_ID,Project_ID,Start_Date) VALUES ("3119540", "3119380", "2020-04-19");
INSERT INTO Project (Project_ID,Name,Summary,Project_Funds,Start_Date,End_Date,Executive_ID,Program_ID,Organization_ID,Research_Manager_ID) VALUES ("3119381", "Τον Μα Αυτήν Όσο", "Πιο μια εξαρτάται τύπου άρα τον αποφάσισε.", "769585", "2020-08-18", "2023-12-06", "3119059", "3119143", "3119181", "3119200");
INSERT INTO Works_On (Researcher_ID,Project_ID,Start_Date) VALUES ("3119200", "3119381", "2020-08-18");
INSERT INTO Project (Project_ID,Name,Summary,Project_Funds,Start_Date,End_Date,Executive_ID,Program_ID,Organization_ID,Research_Manager_ID) VALUES ("3119382", "Όχι Ένα Τέλειοι", "Φαινόμενο συγκεντρωμένοι βρίσκονται συγκεντρωμένοι μέγιστη μη.", "978060", "2020-09-06", "2024-02-18", "3119091", "3119159", "3119126", "3119284");
INSERT INTO Works_On (Researcher_ID,Project_ID,Start_Date) VALUES ("3119284", "3119382", "2020-09-06");
INSERT INTO Project (Project_ID,Name,Summary,Project_Funds,Start_Date,End_Date,Executive_ID,Program_ID,Organization_ID,Research_Manager_ID) VALUES ("3119383", "Quos Vero", "Περιβάλλον γεγονός αν απαράδεκτη προσθέσει εφαμοργής δίνοντας.", "513629", "2021-04-19", "2023-06-01", "3119128", "3119176", "3119016", "3119164");
INSERT INTO Works_On (Researcher_ID,Project_ID,Start_Date) VALUES ("3119164", "3119383", "2021-04-19");
INSERT INTO Project (Project_ID,Name,Summary,Project_Funds,Start_Date,End_Date,Executive_ID,Program_ID,Organization_ID,Research_Manager_ID) VALUES ("3119384", "Των Εκτελέσει Πως", "Δύο γραμμή ποσοστό πολύ μάλλον.", "638643", "2022-05-06", "2023-09-26", "3119180", "3119099", "3119095", "3119503");
INSERT INTO Works_On (Researcher_ID,Project_ID,Start_Date) VALUES ("3119503", "3119384", "2022-05-06");
INSERT INTO Project (Project_ID,Name,Summary,Project_Funds,Start_Date,End_Date,Executive_ID,Program_ID,Organization_ID,Research_Manager_ID) VALUES ("3119385", "Προσπαθούν Έτσι", "Αφήσεις και πετούν μεταφραστής.", "473221", "2020-10-01", "2021-11-12", "3119014", "3119056", "3119066", "3119264");
INSERT INTO Works_On (Researcher_ID,Project_ID,Start_Date) VALUES ("3119264", "3119385", "2020-10-01");
INSERT INTO Project (Project_ID,Name,Summary,Project_Funds,Start_Date,End_Date,Executive_ID,Program_ID,Organization_ID,Research_Manager_ID) VALUES ("3119386", "Suscipit Cupiditate", "Εργαζόμενων εργάστηκε κάνεις προσθέσει ποια γειτονιάς.", "925500", "2022-01-02", "2024-03-20", "3119111", "3119175", "3119014", "3119314");
INSERT INTO Works_On (Researcher_ID,Project_ID,Start_Date) VALUES ("3119314", "3119386", "2022-01-02");
INSERT INTO Project (Project_ID,Name,Summary,Project_Funds,Start_Date,End_Date,Executive_ID,Program_ID,Organization_ID,Research_Manager_ID) VALUES ("3119387", "Conference Area", "Incidunt aliquid aperiam illum similique. Ipsum cum quaerat hic.", "954217", "2022-05-03", "2024-11-27", "3119027", "3119014", "3119193", "3119580");
INSERT INTO Works_On (Researcher_ID,Project_ID,Start_Date) VALUES ("3119580", "3119387", "2022-05-03");
INSERT INTO Project (Project_ID,Name,Summary,Project_Funds,Start_Date,End_Date,Executive_ID,Program_ID,Organization_ID,Research_Manager_ID) VALUES ("3119388", "Και Εκείνου", "Quis velit veniam excepturi quibusdam vel illo vitae.", "215071", "2021-02-26", "2023-05-23", "3119141", "3119109", "3119107", "3119118");
INSERT INTO Works_On (Researcher_ID,Project_ID,Start_Date) VALUES ("3119118", "3119388", "2021-02-26");
INSERT INTO Project (Project_ID,Name,Summary,Project_Funds,Start_Date,End_Date,Executive_ID,Program_ID,Organization_ID,Research_Manager_ID) VALUES ("3119389", "Dolore Laudantium", "Δούλευε χάος λέει των δωροδοκηθούν. Έστειλε ίδιο αν έχω ο.", "422501", "2022-04-09", "2025-12-05", "3119021", "3119166", "3119024", "3119499");
INSERT INTO Works_On (Researcher_ID,Project_ID,Start_Date) VALUES ("3119499", "3119389", "2022-04-09");
INSERT INTO Project (Project_ID,Name,Summary,Project_Funds,Start_Date,End_Date,Executive_ID,Program_ID,Organization_ID,Research_Manager_ID) VALUES ("3119390", "Prepare Result", "Περίπου ποια ρωτάει ήδη κανόνα πάντα λοιπόν εργαλείων.", "625230", "2020-05-02", "2023-06-27", "3119038", "3119043", "3119074", "3119526");
INSERT INTO Works_On (Researcher_ID,Project_ID,Start_Date) VALUES ("3119526", "3119390", "2020-05-02");
INSERT INTO Project (Project_ID,Name,Summary,Project_Funds,Start_Date,End_Date,Executive_ID,Program_ID,Organization_ID,Research_Manager_ID) VALUES ("3119391", "Cumque Omnis Maxime", "Tempora repellendus modi occaecati error perspiciatis.", "173025", "2021-10-30", "2025-08-26", "3119194", "3119104", "3119175", "3119543");
INSERT INTO Works_On (Researcher_ID,Project_ID,Start_Date) VALUES ("3119543", "3119391", "2021-10-30");
INSERT INTO Project (Project_ID,Name,Summary,Project_Funds,Start_Date,End_Date,Executive_ID,Program_ID,Organization_ID,Research_Manager_ID) VALUES ("3119392", "Neque Nisi Dolores", "Wide indeed six enough. Gun daughter size usually late.", "640222", "2021-06-30", "2023-06-26", "3119077", "3119164", "3119037", "3119480");
INSERT INTO Works_On (Researcher_ID,Project_ID,Start_Date) VALUES ("3119480", "3119392", "2021-06-30");
INSERT INTO Project (Project_ID,Name,Summary,Project_Funds,Start_Date,End_Date,Executive_ID,Program_ID,Organization_ID,Research_Manager_ID) VALUES ("3119393", "Mollitia Dolorem", "Ποια σωστά κρατήσουν οι δύο συγκεντρωμένοι.", "562265", "2019-12-26", "2023-08-19", "3119009", "3119159", "3119106", "3119102");
INSERT INTO Works_On (Researcher_ID,Project_ID,Start_Date) VALUES ("3119102", "3119393", "2019-12-26");
INSERT INTO Project (Project_ID,Name,Summary,Project_Funds,Start_Date,End_Date,Executive_ID,Program_ID,Organization_ID,Research_Manager_ID) VALUES ("3119394", "Score Look", "Age head development pay head during impact.", "339297", "2020-10-20", "2022-01-19", "3119124", "3119042", "3119034", "3119400");
INSERT INTO Works_On (Researcher_ID,Project_ID,Start_Date) VALUES ("3119400", "3119394", "2020-10-20");
INSERT INTO Project (Project_ID,Name,Summary,Project_Funds,Start_Date,End_Date,Executive_ID,Program_ID,Organization_ID,Research_Manager_ID) VALUES ("3119395", "Γειτονιάς Ένας Σε", "Inventore labore vitae ratione ut cumque. Harum alias eius alias nemo.", "564544", "2021-06-07", "2022-07-07", "3119051", "3119131", "3119119", "3119117");
INSERT INTO Works_On (Researcher_ID,Project_ID,Start_Date) VALUES ("3119117", "3119395", "2021-06-07");
INSERT INTO Project (Project_ID,Name,Summary,Project_Funds,Start_Date,End_Date,Executive_ID,Program_ID,Organization_ID,Research_Manager_ID) VALUES ("3119396", "Από Δεδομένων", "Μηχανής επί σωστά.", "889436", "2020-02-26", "2023-01-15", "3119069", "3119182", "3119191", "3119169");
INSERT INTO Works_On (Researcher_ID,Project_ID,Start_Date) VALUES ("3119169", "3119396", "2020-02-26");
INSERT INTO Project (Project_ID,Name,Summary,Project_Funds,Start_Date,End_Date,Executive_ID,Program_ID,Organization_ID,Research_Manager_ID) VALUES ("3119397", "Place Ready Mission", "Κρατάει κρατήσουν δεν μα. Γραμμής ένα τους ότι στο πως διολισθήσεις.", "944490", "2020-09-16", "2022-06-29", "3119162", "3119021", "3119091", "3119147");
INSERT INTO Works_On (Researcher_ID,Project_ID,Start_Date) VALUES ("3119147", "3119397", "2020-09-16");
INSERT INTO Project (Project_ID,Name,Summary,Project_Funds,Start_Date,End_Date,Executive_ID,Program_ID,Organization_ID,Research_Manager_ID) VALUES ("3119398", "Officia", "House age husband away great. Phone sea mention west.", "453662", "2020-05-30", "2021-07-01", "3119156", "3119081", "3119148", "3119450");
INSERT INTO Works_On (Researcher_ID,Project_ID,Start_Date) VALUES ("3119450", "3119398", "2020-05-30");
INSERT INTO Project (Project_ID,Name,Summary,Project_Funds,Start_Date,End_Date,Executive_ID,Program_ID,Organization_ID,Research_Manager_ID) VALUES ("3119399", "Χρησιμοποιούσες", "Συνέχεια κι έστελνε εκδόσεις μπορούσες μαγικά.", "347395", "2022-02-12", "2023-10-28", "3119018", "3119010", "3119021", "3119225");
INSERT INTO Works_On (Researcher_ID,Project_ID,Start_Date) VALUES ("3119225", "3119399", "2022-02-12");
INSERT INTO Project (Project_ID,Name,Summary,Project_Funds,Start_Date,End_Date,Executive_ID,Program_ID,Organization_ID,Research_Manager_ID) VALUES ("3119400", "Fugiat Corrupti Rem", "Non autem ab voluptatem accusamus.", "441583", "2021-08-26", "2023-08-12", "3119190", "3119144", "3119032", "3119154");
INSERT INTO Works_On (Researcher_ID,Project_ID,Start_Date) VALUES ("3119154", "3119400", "2021-08-26");
INSERT INTO Project (Project_ID,Name,Summary,Project_Funds,Start_Date,End_Date,Executive_ID,Program_ID,Organization_ID,Research_Manager_ID) VALUES ("3119401", "Πες Μέχρι Πηγαίου", "Asperiores similique maxime perferendis vitae dicta impedit.", "805383", "2020-01-04", "2022-12-13", "3119144", "3119021", "3119130", "3119013");
INSERT INTO Works_On (Researcher_ID,Project_ID,Start_Date) VALUES ("3119013", "3119401", "2020-01-04");
INSERT INTO Project (Project_ID,Name,Summary,Project_Funds,Start_Date,End_Date,Executive_ID,Program_ID,Organization_ID,Research_Manager_ID) VALUES ("3119402", "Χρονοδιαγράμματος", "Score trial book dinner find why house. Foreign per some of.", "863776", "2021-03-31", "2023-09-30", "3119087", "3119124", "3119162", "3119227");
INSERT INTO Works_On (Researcher_ID,Project_ID,Start_Date) VALUES ("3119227", "3119402", "2021-03-31");
INSERT INTO Project (Project_ID,Name,Summary,Project_Funds,Start_Date,End_Date,Executive_ID,Program_ID,Organization_ID,Research_Manager_ID) VALUES ("3119403", "Ευκολότερο Πάρεις", "Προσοχή πρόσληψη χαρακτηριστικό εργοστασίου κι πακέτων μια σημεία.", "137522", "2020-07-31", "2022-10-05", "3119149", "3119073", "3119100", "3119061");
INSERT INTO Works_On (Researcher_ID,Project_ID,Start_Date) VALUES ("3119061", "3119403", "2020-07-31");
INSERT INTO Project (Project_ID,Name,Summary,Project_Funds,Start_Date,End_Date,Executive_ID,Program_ID,Organization_ID,Research_Manager_ID) VALUES ("3119404", "Βιβλίο Τεκμηριώνει", "Φράση λοιπόν περιμένουν σχεδιαστής τεσσαρών σου.", "247109", "2020-11-06", "2023-11-13", "3119126", "3119155", "3119128", "3119444");
INSERT INTO Works_On (Researcher_ID,Project_ID,Start_Date) VALUES ("3119444", "3119404", "2020-11-06");
INSERT INTO Project (Project_ID,Name,Summary,Project_Funds,Start_Date,End_Date,Executive_ID,Program_ID,Organization_ID,Research_Manager_ID) VALUES ("3119405", "Ότι Τεκμηριώνει", "Πακέτων εξακολουθεί πακέτων εσωτερικών σαν από. Τρέξει αρέσει σε.", "644086", "2021-12-16", "2025-07-06", "3119148", "3119100", "3119195", "3119422");
INSERT INTO Works_On (Researcher_ID,Project_ID,Start_Date) VALUES ("3119422", "3119405", "2021-12-16");
INSERT INTO Project (Project_ID,Name,Summary,Project_Funds,Start_Date,End_Date,Executive_ID,Program_ID,Organization_ID,Research_Manager_ID) VALUES ("3119406", "Price Consumer", "Προσλάμβανες δωροδοκηθούν έγραψες ο τύπους στραβά ωραίο αυτός.", "181288", "2020-03-24", "2022-02-17", "3119118", "3119190", "3119075", "3119298");
INSERT INTO Works_On (Researcher_ID,Project_ID,Start_Date) VALUES ("3119298", "3119406", "2020-03-24");
INSERT INTO Project (Project_ID,Name,Summary,Project_Funds,Start_Date,End_Date,Executive_ID,Program_ID,Organization_ID,Research_Manager_ID) VALUES ("3119407", "Κανείς Σαν Πήρε Ας", "Dolor itaque atque quo debitis explicabo.", "860551", "2021-12-24", "2024-11-10", "3119103", "3119049", "3119022", "3119592");
INSERT INTO Works_On (Researcher_ID,Project_ID,Start_Date) VALUES ("3119592", "3119407", "2021-12-24");
INSERT INTO Project (Project_ID,Name,Summary,Project_Funds,Start_Date,End_Date,Executive_ID,Program_ID,Organization_ID,Research_Manager_ID) VALUES ("3119408", "Άρα Λίγο Μας Έτσι", "Πολύ διαπιστώνεις μάλλον στις με ανταγωνιστής μην.", "551046", "2020-01-13", "2023-07-16", "3119010", "3119145", "3119083", "3119206");
INSERT INTO Works_On (Researcher_ID,Project_ID,Start_Date) VALUES ("3119206", "3119408", "2020-01-13");
INSERT INTO Project (Project_ID,Name,Summary,Project_Funds,Start_Date,End_Date,Executive_ID,Program_ID,Organization_ID,Research_Manager_ID) VALUES ("3119409", "Τέλειοι Γραμμής", "Born unit nearly operation country.", "487557", "2020-06-02", "2023-02-04", "3119061", "3119172", "3119015", "3119124");
INSERT INTO Works_On (Researcher_ID,Project_ID,Start_Date) VALUES ("3119124", "3119409", "2020-06-02");
INSERT INTO Project (Project_ID,Name,Summary,Project_Funds,Start_Date,End_Date,Executive_ID,Program_ID,Organization_ID,Research_Manager_ID) VALUES ("3119410", "Ρωτάει Πάντα", "Repellat laboriosam voluptate blanditiis at magnam ullam officiis.", "899535", "2022-02-18", "2024-05-14", "3119041", "3119127", "3119161", "3119554");
INSERT INTO Works_On (Researcher_ID,Project_ID,Start_Date) VALUES ("3119554", "3119410", "2022-02-18");
INSERT INTO Project (Project_ID,Name,Summary,Project_Funds,Start_Date,End_Date,Executive_ID,Program_ID,Organization_ID,Research_Manager_ID) VALUES ("3119411", "Πλέον Απομόνωση", "Απαράδεκτη είχαμε εγώ αποστηθίσει ξέχασε και ζητήσεις επιχείριση.", "155162", "2022-01-31", "2024-06-23", "3119062", "3119099", "3119146", "3119513");
INSERT INTO Works_On (Researcher_ID,Project_ID,Start_Date) VALUES ("3119513", "3119411", "2022-01-31");
INSERT INTO Project (Project_ID,Name,Summary,Project_Funds,Start_Date,End_Date,Executive_ID,Program_ID,Organization_ID,Research_Manager_ID) VALUES ("3119412", "Πόρτες Τι Ακούσει", "Παράγοντες επενδυτής έστειλε περίπου δεδομένων.", "697218", "2022-03-10", "2024-07-01", "3119052", "3119001", "3119148", "3119395");
INSERT INTO Works_On (Researcher_ID,Project_ID,Start_Date) VALUES ("3119395", "3119412", "2022-03-10");
INSERT INTO Project (Project_ID,Name,Summary,Project_Funds,Start_Date,End_Date,Executive_ID,Program_ID,Organization_ID,Research_Manager_ID) VALUES ("3119413", "Ποσοστό Κοιτάζοντας", "Totam atque quibusdam qui. Temporibus fuga esse animi consequuntur.", "164505", "2021-07-04", "2022-09-01", "3119111", "3119000", "3119056", "3119057");
INSERT INTO Works_On (Researcher_ID,Project_ID,Start_Date) VALUES ("3119057", "3119413", "2021-07-04");
INSERT INTO Project (Project_ID,Name,Summary,Project_Funds,Start_Date,End_Date,Executive_ID,Program_ID,Organization_ID,Research_Manager_ID) VALUES ("3119414", "Βρίσκονται Μέσης Δε", "Εφαρμογής περισσότερη την δούλευε την αποφάσισε συγχρόνως.", "721092", "2020-08-20", "2024-03-24", "3119136", "3119190", "3119070", "3119232");
INSERT INTO Works_On (Researcher_ID,Project_ID,Start_Date) VALUES ("3119232", "3119414", "2020-08-20");
INSERT INTO Project (Project_ID,Name,Summary,Project_Funds,Start_Date,End_Date,Executive_ID,Program_ID,Organization_ID,Research_Manager_ID) VALUES ("3119415", "Εργασίας Πως", "Management follow reason image reflect picture.", "263358", "2022-05-10", "2024-11-07", "3119060", "3119129", "3119066", "3119231");
INSERT INTO Works_On (Researcher_ID,Project_ID,Start_Date) VALUES ("3119231", "3119415", "2022-05-10");
INSERT INTO Project (Project_ID,Name,Summary,Project_Funds,Start_Date,End_Date,Executive_ID,Program_ID,Organization_ID,Research_Manager_ID) VALUES ("3119416", "Προσπαθούν", "Μάθε συγκεντρωμένοι ώρα πρόσληψη διακοπής.", "980809", "2020-05-03", "2021-07-16", "3119139", "3119160", "3119067", "3119343");
INSERT INTO Works_On (Researcher_ID,Project_ID,Start_Date) VALUES ("3119343", "3119416", "2020-05-03");
INSERT INTO Project (Project_ID,Name,Summary,Project_Funds,Start_Date,End_Date,Executive_ID,Program_ID,Organization_ID,Research_Manager_ID) VALUES ("3119417", "Its Follow Animal", "Walk avoid cup range still among. Simply create several.", "175988", "2021-05-15", "2025-03-17", "3119075", "3119096", "3119004", "3119565");
INSERT INTO Works_On (Researcher_ID,Project_ID,Start_Date) VALUES ("3119565", "3119417", "2021-05-15");
INSERT INTO Project (Project_ID,Name,Summary,Project_Funds,Start_Date,End_Date,Executive_ID,Program_ID,Organization_ID,Research_Manager_ID) VALUES ("3119418", "Περιμένουν Πάρα Ήδη", "Matter pattern audience bank. Scientist middle growth boy they world.", "623338", "2021-10-20", "2024-01-05", "3119149", "3119137", "3119188", "3119250");
INSERT INTO Works_On (Researcher_ID,Project_ID,Start_Date) VALUES ("3119250", "3119418", "2021-10-20");
INSERT INTO Project (Project_ID,Name,Summary,Project_Funds,Start_Date,End_Date,Executive_ID,Program_ID,Organization_ID,Research_Manager_ID) VALUES ("3119419", "Ipsum Autem", "Φράση σας σχεδιαστής πάντα ένα.", "317615", "2020-11-21", "2024-04-24", "3119163", "3119113", "3119086", "3119011");
INSERT INTO Works_On (Researcher_ID,Project_ID,Start_Date) VALUES ("3119011", "3119419", "2020-11-21");
INSERT INTO Project (Project_ID,Name,Summary,Project_Funds,Start_Date,End_Date,Executive_ID,Program_ID,Organization_ID,Research_Manager_ID) VALUES ("3119420", "Minus Facilis Ipsa", "Μιας μετρήσεις έτσι απλό βιαστικά.", "428465", "2021-08-25", "2022-11-20", "3119167", "3119194", "3119114", "3119530");
INSERT INTO Works_On (Researcher_ID,Project_ID,Start_Date) VALUES ("3119530", "3119420", "2021-08-25");
INSERT INTO Project (Project_ID,Name,Summary,Project_Funds,Start_Date,End_Date,Executive_ID,Program_ID,Organization_ID,Research_Manager_ID) VALUES ("3119421", "Dolorum Perferendis", "Ότι τεσσαρών νέων δοκιμάσεις υόρκη συνέχεια.", "223727", "2021-03-29", "2024-10-21", "3119010", "3119169", "3119053", "3119364");
INSERT INTO Works_On (Researcher_ID,Project_ID,Start_Date) VALUES ("3119364", "3119421", "2021-03-29");
INSERT INTO Project (Project_ID,Name,Summary,Project_Funds,Start_Date,End_Date,Executive_ID,Program_ID,Organization_ID,Research_Manager_ID) VALUES ("3119422", "Boy Market Shake", "Πάντως υποψήφιο εκτός νόμιζες επί ξέχασε. Γραμμής δε ειδικά στη θυμάμαι.", "585413", "2022-04-12", "2024-11-04", "3119149", "3119071", "3119121", "3119029");
INSERT INTO Works_On (Researcher_ID,Project_ID,Start_Date) VALUES ("3119029", "3119422", "2022-04-12");
INSERT INTO Project (Project_ID,Name,Summary,Project_Funds,Start_Date,End_Date,Executive_ID,Program_ID,Organization_ID,Research_Manager_ID) VALUES ("3119423", "Vel Nemo Repellat", "Τα αγοράζοντας κόλπα προβληματική εφαρμογής έξι.", "789826", "2021-02-24", "2022-07-17", "3119154", "3119137", "3119164", "3119199");
INSERT INTO Works_On (Researcher_ID,Project_ID,Start_Date) VALUES ("3119199", "3119423", "2021-02-24");
INSERT INTO Project (Project_ID,Name,Summary,Project_Funds,Start_Date,End_Date,Executive_ID,Program_ID,Organization_ID,Research_Manager_ID) VALUES ("3119424", "Corrupti Quia", "Maiores harum maiores assumenda mollitia.", "563330", "2020-08-14", "2024-06-09", "3119077", "3119092", "3119063", "3119294");
INSERT INTO Works_On (Researcher_ID,Project_ID,Start_Date) VALUES ("3119294", "3119424", "2020-08-14");
INSERT INTO Project (Project_ID,Name,Summary,Project_Funds,Start_Date,End_Date,Executive_ID,Program_ID,Organization_ID,Research_Manager_ID) VALUES ("3119425", "Ας Συνάδελφος", "Σημαντικό κλπ λοιπόν σημαντικό για περιμένουν δεν.", "746119", "2021-07-28", "2024-07-15", "3119148", "3119049", "3119085", "3119020");
INSERT INTO Works_On (Researcher_ID,Project_ID,Start_Date) VALUES ("3119020", "3119425", "2021-07-28");
INSERT INTO Project (Project_ID,Name,Summary,Project_Funds,Start_Date,End_Date,Executive_ID,Program_ID,Organization_ID,Research_Manager_ID) VALUES ("3119426", "Choose Just East", "Pariatur voluptatum repellat consequatur.", "414239", "2021-06-08", "2024-08-08", "3119096", "3119077", "3119132", "3119316");
INSERT INTO Works_On (Researcher_ID,Project_ID,Start_Date) VALUES ("3119316", "3119426", "2021-06-08");
INSERT INTO Project (Project_ID,Name,Summary,Project_Funds,Start_Date,End_Date,Executive_ID,Program_ID,Organization_ID,Research_Manager_ID) VALUES ("3119427", "Τρόποι Μην Πλέον", "Begin artist political great walk.", "807870", "2022-03-16", "2025-05-16", "3119039", "3119096", "3119168", "3119336");
INSERT INTO Works_On (Researcher_ID,Project_ID,Start_Date) VALUES ("3119336", "3119427", "2022-03-16");
INSERT INTO Project (Project_ID,Name,Summary,Project_Funds,Start_Date,End_Date,Executive_ID,Program_ID,Organization_ID,Research_Manager_ID) VALUES ("3119428", "Στραβά Είχαμε Δε", "Aperiam blanditiis alias occaecati eum itaque.", "599355", "2022-02-26", "2025-09-07", "3119018", "3119069", "3119170", "3119037");
INSERT INTO Works_On (Researcher_ID,Project_ID,Start_Date) VALUES ("3119037", "3119428", "2022-02-26");
INSERT INTO Project (Project_ID,Name,Summary,Project_Funds,Start_Date,End_Date,Executive_ID,Program_ID,Organization_ID,Research_Manager_ID) VALUES ("3119429", "Accusamus Eos", "Πάντως άρα περιβάλλον τι βασανίζουν περιβάλλον θέματα.", "121882", "2021-03-08", "2023-08-27", "3119011", "3119181", "3119056", "3119579");
INSERT INTO Works_On (Researcher_ID,Project_ID,Start_Date) VALUES ("3119579", "3119429", "2021-03-08");
INSERT INTO Project (Project_ID,Name,Summary,Project_Funds,Start_Date,End_Date,Executive_ID,Program_ID,Organization_ID,Research_Manager_ID) VALUES ("3119430", "Doloremque Ex Harum", "Εκθέσεις παραδοτέου ακούσει πάντα έτοιμος σκεφτείς.", "446403", "2020-03-15", "2022-10-07", "3119098", "3119022", "3119169", "3119003");
INSERT INTO Works_On (Researcher_ID,Project_ID,Start_Date) VALUES ("3119003", "3119430", "2020-03-15");
INSERT INTO Project (Project_ID,Name,Summary,Project_Funds,Start_Date,End_Date,Executive_ID,Program_ID,Organization_ID,Research_Manager_ID) VALUES ("3119431", "Check Yet", "Quia at cum consectetur dolores officiis voluptatum.", "723795", "2020-09-17", "2021-10-07", "3119130", "3119136", "3119094", "3119197");
INSERT INTO Works_On (Researcher_ID,Project_ID,Start_Date) VALUES ("3119197", "3119431", "2020-09-17");
INSERT INTO Project (Project_ID,Name,Summary,Project_Funds,Start_Date,End_Date,Executive_ID,Program_ID,Organization_ID,Research_Manager_ID) VALUES ("3119432", "Εκτελέσεις Τύπου", "Unde consequuntur odit soluta doloremque.", "159046", "2020-06-03", "2023-06-23", "3119137", "3119139", "3119154", "3119001");
INSERT INTO Works_On (Researcher_ID,Project_ID,Start_Date) VALUES ("3119001", "3119432", "2020-06-03");
INSERT INTO Project (Project_ID,Name,Summary,Project_Funds,Start_Date,End_Date,Executive_ID,Program_ID,Organization_ID,Research_Manager_ID) VALUES ("3119433", "Δε Γνωρίζουμε Τι", "Excepturi veniam consequatur omnis nostrum et.", "780880", "2021-06-16", "2023-07-25", "3119009", "3119110", "3119193", "3119015");
INSERT INTO Works_On (Researcher_ID,Project_ID,Start_Date) VALUES ("3119015", "3119433", "2021-06-16");
INSERT INTO Project (Project_ID,Name,Summary,Project_Funds,Start_Date,End_Date,Executive_ID,Program_ID,Organization_ID,Research_Manager_ID) VALUES ("3119434", "Distinctio Rerum", "Tempora voluptas amet libero ipsum molestias eum.", "223591", "2021-05-04", "2023-10-03", "3119076", "3119153", "3119079", "3119586");
INSERT INTO Works_On (Researcher_ID,Project_ID,Start_Date) VALUES ("3119586", "3119434", "2021-05-04");
INSERT INTO Project (Project_ID,Name,Summary,Project_Funds,Start_Date,End_Date,Executive_ID,Program_ID,Organization_ID,Research_Manager_ID) VALUES ("3119435", "Exercitationem", "Quas voluptate eius repudiandae vero explicabo.", "396835", "2021-07-02", "2024-06-30", "3119128", "3119168", "3119148", "3119398");
INSERT INTO Works_On (Researcher_ID,Project_ID,Start_Date) VALUES ("3119398", "3119435", "2021-07-02");
INSERT INTO Project (Project_ID,Name,Summary,Project_Funds,Start_Date,End_Date,Executive_ID,Program_ID,Organization_ID,Research_Manager_ID) VALUES ("3119436", "Ένας Θα Τη", "Μιας εφαρμογή απλό χάος ας ως έξι γραμμής.", "990131", "2022-03-20", "2026-02-28", "3119063", "3119148", "3119025", "3119277");
INSERT INTO Works_On (Researcher_ID,Project_ID,Start_Date) VALUES ("3119277", "3119436", "2022-03-20");
INSERT INTO Project (Project_ID,Name,Summary,Project_Funds,Start_Date,End_Date,Executive_ID,Program_ID,Organization_ID,Research_Manager_ID) VALUES ("3119437", "Διακοπή Τα Ημέρα", "Θέλεις άπειρα πρώτο είχαμε δύο εκείνου.", "598467", "2020-05-31", "2023-11-26", "3119057", "3119183", "3119086", "3119249");
INSERT INTO Works_On (Researcher_ID,Project_ID,Start_Date) VALUES ("3119249", "3119437", "2020-05-31");
INSERT INTO Project (Project_ID,Name,Summary,Project_Funds,Start_Date,End_Date,Executive_ID,Program_ID,Organization_ID,Research_Manager_ID) VALUES ("3119438", "Απλό Δύο Υψηλότερη", "Id esse rem officia dolorum.", "628781", "2020-11-22", "2024-05-05", "3119097", "3119011", "3119008", "3119287");
INSERT INTO Works_On (Researcher_ID,Project_ID,Start_Date) VALUES ("3119287", "3119438", "2020-11-22");
INSERT INTO Project (Project_ID,Name,Summary,Project_Funds,Start_Date,End_Date,Executive_ID,Program_ID,Organization_ID,Research_Manager_ID) VALUES ("3119439", "Αγοράζοντας Ποια", "Cumque magni facere quibusdam maiores. Quidem velit iure nulla velit.", "799991", "2020-05-25", "2021-12-11", "3119139", "3119144", "3119156", "3119157");
INSERT INTO Works_On (Researcher_ID,Project_ID,Start_Date) VALUES ("3119157", "3119439", "2020-05-25");
INSERT INTO Project (Project_ID,Name,Summary,Project_Funds,Start_Date,End_Date,Executive_ID,Program_ID,Organization_ID,Research_Manager_ID) VALUES ("3119440", "Molestias Iste", "Ορίστε ίδιο περισσότερη ρωτήσει ίδιο σπίτι εξακολουθεί χαμηλός.", "836143", "2020-02-11", "2023-08-24", "3119041", "3119046", "3119133", "3119274");
INSERT INTO Works_On (Researcher_ID,Project_ID,Start_Date) VALUES ("3119274", "3119440", "2020-02-11");
INSERT INTO Project (Project_ID,Name,Summary,Project_Funds,Start_Date,End_Date,Executive_ID,Program_ID,Organization_ID,Research_Manager_ID) VALUES ("3119441", "Debitis Provident", "Omnis reprehenderit voluptates animi.", "756501", "2021-06-16", "2025-02-11", "3119009", "3119157", "3119114", "3119122");
INSERT INTO Works_On (Researcher_ID,Project_ID,Start_Date) VALUES ("3119122", "3119441", "2021-06-16");
INSERT INTO Project (Project_ID,Name,Summary,Project_Funds,Start_Date,End_Date,Executive_ID,Program_ID,Organization_ID,Research_Manager_ID) VALUES ("3119442", "Του Στα Βιαστικά", "Odit nisi at ad tenetur. Assumenda qui debitis. Ex aliquid accusamus.", "130193", "2021-10-30", "2025-01-24", "3119161", "3119126", "3119018", "3119071");
INSERT INTO Works_On (Researcher_ID,Project_ID,Start_Date) VALUES ("3119071", "3119442", "2021-10-30");
INSERT INTO Project (Project_ID,Name,Summary,Project_Funds,Start_Date,End_Date,Executive_ID,Program_ID,Organization_ID,Research_Manager_ID) VALUES ("3119443", "Praesentium Ab", "Αποστηθίσει χρονοδιαγράμματα πάντα διαπιστώνεις ας εγώ υπηρεσία.", "997001", "2020-09-17", "2023-02-08", "3119049", "3119139", "3119044", "3119485");
INSERT INTO Works_On (Researcher_ID,Project_ID,Start_Date) VALUES ("3119485", "3119443", "2020-09-17");
INSERT INTO Project (Project_ID,Name,Summary,Project_Funds,Start_Date,End_Date,Executive_ID,Program_ID,Organization_ID,Research_Manager_ID) VALUES ("3119444", "Να Ήδη Σκεφτείς", "Already require store. Very despite opportunity system exist.", "719969", "2020-02-20", "2022-05-09", "3119172", "3119077", "3119151", "3119202");
INSERT INTO Works_On (Researcher_ID,Project_ID,Start_Date) VALUES ("3119202", "3119444", "2020-02-20");
INSERT INTO Project (Project_ID,Name,Summary,Project_Funds,Start_Date,End_Date,Executive_ID,Program_ID,Organization_ID,Research_Manager_ID) VALUES ("3119445", "Similique", "Quasi dolore cupiditate.", "973865", "2022-04-13", "2023-10-01", "3119018", "3119042", "3119156", "3119584");
INSERT INTO Works_On (Researcher_ID,Project_ID,Start_Date) VALUES ("3119584", "3119445", "2022-04-13");
INSERT INTO Project (Project_ID,Name,Summary,Project_Funds,Start_Date,End_Date,Executive_ID,Program_ID,Organization_ID,Research_Manager_ID) VALUES ("3119446", "Ρωτήσει Φακέλους", "Εφαρμογής τεκμηριώνει ροή γειτονιάς προϊόντα κρατήσουν ως.", "287301", "2022-01-22", "2025-09-17", "3119040", "3119117", "3119166", "3119214");
INSERT INTO Works_On (Researcher_ID,Project_ID,Start_Date) VALUES ("3119214", "3119446", "2022-01-22");
INSERT INTO Project (Project_ID,Name,Summary,Project_Funds,Start_Date,End_Date,Executive_ID,Program_ID,Organization_ID,Research_Manager_ID) VALUES ("3119447", "Consequuntur", "Voluptates nostrum sapiente repellendus unde error laboriosam eum.", "190321", "2021-08-22", "2023-01-24", "3119038", "3119112", "3119063", "3119331");
INSERT INTO Works_On (Researcher_ID,Project_ID,Start_Date) VALUES ("3119331", "3119447", "2021-08-22");
INSERT INTO Project (Project_ID,Name,Summary,Project_Funds,Start_Date,End_Date,Executive_ID,Program_ID,Organization_ID,Research_Manager_ID) VALUES ("3119448", "Many Upon Operation", "Μέσης πιο για ταξινομεί ροή εργαζόμενοι.", "673783", "2020-03-26", "2023-02-13", "3119138", "3119184", "3119049", "3119130");
INSERT INTO Works_On (Researcher_ID,Project_ID,Start_Date) VALUES ("3119130", "3119448", "2020-03-26");
INSERT INTO Project (Project_ID,Name,Summary,Project_Funds,Start_Date,End_Date,Executive_ID,Program_ID,Organization_ID,Research_Manager_ID) VALUES ("3119449", "Αναφέρονται", "Αρέσει μη δουλεύει παίρνουν πλέον. Εσωτερικών κάνεις τελειώσει όχι.", "832524", "2021-11-19", "2023-05-09", "3119154", "3119067", "3119079", "3119208");
INSERT INTO Works_On (Researcher_ID,Project_ID,Start_Date) VALUES ("3119208", "3119449", "2021-11-19");
INSERT INTO Project (Project_ID,Name,Summary,Project_Funds,Start_Date,End_Date,Executive_ID,Program_ID,Organization_ID,Research_Manager_ID) VALUES ("3119450", "Την Διακοπή Τον Πες", "Κι πρόσληψη θέμα δούλευε νέα παραδώσεις.", "492982", "2020-10-07", "2024-04-28", "3119179", "3119097", "3119098", "3119083");
INSERT INTO Works_On (Researcher_ID,Project_ID,Start_Date) VALUES ("3119083", "3119450", "2020-10-07");
INSERT INTO Project (Project_ID,Name,Summary,Project_Funds,Start_Date,End_Date,Executive_ID,Program_ID,Organization_ID,Research_Manager_ID) VALUES ("3119451", "Rule Work Bag A", "Που πεδία στα πάντως. Συγχρόνως κόλπα νόμιζες μεταγλωτίσει αρχεία ανά σαν.", "562087", "2022-05-12", "2026-02-06", "3119105", "3119124", "3119151", "3119141");
INSERT INTO Works_On (Researcher_ID,Project_ID,Start_Date) VALUES ("3119141", "3119451", "2022-05-12");
INSERT INTO Project (Project_ID,Name,Summary,Project_Funds,Start_Date,End_Date,Executive_ID,Program_ID,Organization_ID,Research_Manager_ID) VALUES ("3119452", "Eaque Deleniti", "Περίπου λετπά πετάνε ως θα τρέξει πως.", "235087", "2022-04-21", "2025-01-03", "3119184", "3119187", "3119186", "3119000");
INSERT INTO Works_On (Researcher_ID,Project_ID,Start_Date) VALUES ("3119000", "3119452", "2022-04-21");
INSERT INTO Project (Project_ID,Name,Summary,Project_Funds,Start_Date,End_Date,Executive_ID,Program_ID,Organization_ID,Research_Manager_ID) VALUES ("3119453", "Maxime Atque", "Πρώτοι φακέλους εξαρτάται λετπά μετράει προσπαθήσεις πόρτες.", "198235", "2022-05-06", "2023-09-10", "3119118", "3119032", "3119103", "3119345");
INSERT INTO Works_On (Researcher_ID,Project_ID,Start_Date) VALUES ("3119345", "3119453", "2022-05-06");
INSERT INTO Project (Project_ID,Name,Summary,Project_Funds,Start_Date,End_Date,Executive_ID,Program_ID,Organization_ID,Research_Manager_ID) VALUES ("3119454", "Alias Distinctio", "Γραφικά ορίστε επί αρέσει. Της χάος και πετάξαμε.", "906271", "2020-11-08", "2021-12-29", "3119032", "3119148", "3119012", "3119393");
INSERT INTO Works_On (Researcher_ID,Project_ID,Start_Date) VALUES ("3119393", "3119454", "2020-11-08");
INSERT INTO Project (Project_ID,Name,Summary,Project_Funds,Start_Date,End_Date,Executive_ID,Program_ID,Organization_ID,Research_Manager_ID) VALUES ("3119455", "Απόλαυσε Πρώτοι", "Γεύματος συνέχεια τη διάβασε κώδικάς λέει έξι.", "251147", "2021-04-14", "2023-07-19", "3119180", "3119084", "3119143", "3119271");
INSERT INTO Works_On (Researcher_ID,Project_ID,Start_Date) VALUES ("3119271", "3119455", "2021-04-14");
INSERT INTO Project (Project_ID,Name,Summary,Project_Funds,Start_Date,End_Date,Executive_ID,Program_ID,Organization_ID,Research_Manager_ID) VALUES ("3119456", "Aliquam", "Παραπάνω κάνεις περιμένουν από πάντα. Διάσημα δύο μη πάντως έτσι ποια σε.", "802833", "2021-03-03", "2024-03-07", "3119140", "3119024", "3119031", "3119323");
INSERT INTO Works_On (Researcher_ID,Project_ID,Start_Date) VALUES ("3119323", "3119456", "2021-03-03");
INSERT INTO Project (Project_ID,Name,Summary,Project_Funds,Start_Date,End_Date,Executive_ID,Program_ID,Organization_ID,Research_Manager_ID) VALUES ("3119457", "Ποια Για Πήρε Και", "Κάνε αφήσεις εξαρτάται τύπους κι χειρότερα αποφάσισε.", "392510", "2020-07-11", "2023-01-29", "3119106", "3119152", "3119078", "3119253");
INSERT INTO Works_On (Researcher_ID,Project_ID,Start_Date) VALUES ("3119253", "3119457", "2020-07-11");
INSERT INTO Project (Project_ID,Name,Summary,Project_Funds,Start_Date,End_Date,Executive_ID,Program_ID,Organization_ID,Research_Manager_ID) VALUES ("3119458", "Άπειρα Περίπου", "Παραδοτέου υποψήφιο μετρήσεις κάτι. Δε στη εφαμοργής διευθυντές.", "471399", "2021-10-02", "2023-01-25", "3119001", "3119192", "3119092", "3119571");
INSERT INTO Works_On (Researcher_ID,Project_ID,Start_Date) VALUES ("3119571", "3119458", "2021-10-02");
INSERT INTO Project (Project_ID,Name,Summary,Project_Funds,Start_Date,End_Date,Executive_ID,Program_ID,Organization_ID,Research_Manager_ID) VALUES ("3119459", "Ανά Μας Δε Ζητήσεις", "Αρπάζεις πάντως στις.", "842542", "2021-12-19", "2023-09-18", "3119004", "3119006", "3119043", "3119342");
INSERT INTO Works_On (Researcher_ID,Project_ID,Start_Date) VALUES ("3119342", "3119459", "2021-12-19");
INSERT INTO Project (Project_ID,Name,Summary,Project_Funds,Start_Date,End_Date,Executive_ID,Program_ID,Organization_ID,Research_Manager_ID) VALUES ("3119460", "Environmental Part", "Debitis temporibus dolore aspernatur nemo excepturi eum.", "158663", "2021-04-09", "2022-09-10", "3119172", "3119109", "3119016", "3119519");
INSERT INTO Works_On (Researcher_ID,Project_ID,Start_Date) VALUES ("3119519", "3119460", "2021-04-09");
INSERT INTO Project (Project_ID,Name,Summary,Project_Funds,Start_Date,End_Date,Executive_ID,Program_ID,Organization_ID,Research_Manager_ID) VALUES ("3119461", "Nihil Quasi Velit", "Of she tonight apply nation gun anything.", "892999", "2021-01-08", "2023-12-23", "3119101", "3119177", "3119125", "3119100");
INSERT INTO Works_On (Researcher_ID,Project_ID,Start_Date) VALUES ("3119100", "3119461", "2021-01-08");
INSERT INTO Project (Project_ID,Name,Summary,Project_Funds,Start_Date,End_Date,Executive_ID,Program_ID,Organization_ID,Research_Manager_ID) VALUES ("3119462", "Αυτήν Τέλειοι", "Cover small data media power. Security ok whose community since act.", "617335", "2021-04-03", "2023-02-23", "3119060", "3119020", "3119108", "3119514");
INSERT INTO Works_On (Researcher_ID,Project_ID,Start_Date) VALUES ("3119514", "3119462", "2021-04-03");
INSERT INTO Project (Project_ID,Name,Summary,Project_Funds,Start_Date,End_Date,Executive_ID,Program_ID,Organization_ID,Research_Manager_ID) VALUES ("3119463", "Dolorem Natus", "Κι πετούν προσπαθήσεις βγήκε αποθηκευτικού. Μη κώδικάς γραμμή σε της άρα.", "645683", "2020-12-26", "2024-06-13", "3119056", "3119107", "3119029", "3119420");
INSERT INTO Works_On (Researcher_ID,Project_ID,Start_Date) VALUES ("3119420", "3119463", "2020-12-26");
INSERT INTO Project (Project_ID,Name,Summary,Project_Funds,Start_Date,End_Date,Executive_ID,Program_ID,Organization_ID,Research_Manager_ID) VALUES ("3119464", "Unde Enim Id Sit", "Απαράδεκτη τύπου ώρα ρωτάει κοιτάζοντας περιβάλλοντος.", "162592", "2022-03-30", "2024-12-06", "3119036", "3119164", "3119167", "3119489");
INSERT INTO Works_On (Researcher_ID,Project_ID,Start_Date) VALUES ("3119489", "3119464", "2022-03-30");
INSERT INTO Project (Project_ID,Name,Summary,Project_Funds,Start_Date,End_Date,Executive_ID,Program_ID,Organization_ID,Research_Manager_ID) VALUES ("3119465", "Πάρα Και Κρατήσουν", "Sunt nemo iste doloremque quae similique.", "387332", "2021-10-19", "2024-04-27", "3119180", "3119162", "3119129", "3119354");
INSERT INTO Works_On (Researcher_ID,Project_ID,Start_Date) VALUES ("3119354", "3119465", "2021-10-19");
INSERT INTO Project (Project_ID,Name,Summary,Project_Funds,Start_Date,End_Date,Executive_ID,Program_ID,Organization_ID,Research_Manager_ID) VALUES ("3119466", "Create Image Less", "Culpa numquam consectetur libero enim laborum dignissimos.", "219457", "2020-10-02", "2023-10-21", "3119111", "3119154", "3119051", "3119246");
INSERT INTO Works_On (Researcher_ID,Project_ID,Start_Date) VALUES ("3119246", "3119466", "2020-10-02");
INSERT INTO Project (Project_ID,Name,Summary,Project_Funds,Start_Date,End_Date,Executive_ID,Program_ID,Organization_ID,Research_Manager_ID) VALUES ("3119467", "Πλέον Τους Τεσσαρών", "Nulla nostrum necessitatibus quas tempora.", "210669", "2022-04-25", "2024-06-04", "3119131", "3119021", "3119112", "3119068");
INSERT INTO Works_On (Researcher_ID,Project_ID,Start_Date) VALUES ("3119068", "3119467", "2022-04-25");
INSERT INTO Project (Project_ID,Name,Summary,Project_Funds,Start_Date,End_Date,Executive_ID,Program_ID,Organization_ID,Research_Manager_ID) VALUES ("3119468", "Laugh Pass Boy Hope", "Agree leave alone during. Good he five air.", "574870", "2021-11-26", "2024-10-26", "3119089", "3119118", "3119180", "3119469");
INSERT INTO Works_On (Researcher_ID,Project_ID,Start_Date) VALUES ("3119469", "3119468", "2021-11-26");
INSERT INTO Project (Project_ID,Name,Summary,Project_Funds,Start_Date,End_Date,Executive_ID,Program_ID,Organization_ID,Research_Manager_ID) VALUES ("3119469", "Άπειρα Διευθυντές", "News design explain serious. Put million condition attention senior.", "710411", "2021-10-02", "2025-02-18", "3119034", "3119096", "3119069", "3119560");
INSERT INTO Works_On (Researcher_ID,Project_ID,Start_Date) VALUES ("3119560", "3119469", "2021-10-02");
INSERT INTO Project (Project_ID,Name,Summary,Project_Funds,Start_Date,End_Date,Executive_ID,Program_ID,Organization_ID,Research_Manager_ID) VALUES ("3119470", "Atque Ipsa Porro", "Nesciunt omnis asperiores saepe dolore vero omnis unde.", "198212", "2020-04-19", "2021-09-26", "3119152", "3119109", "3119006", "3119076");
INSERT INTO Works_On (Researcher_ID,Project_ID,Start_Date) VALUES ("3119076", "3119470", "2020-04-19");
INSERT INTO Project (Project_ID,Name,Summary,Project_Funds,Start_Date,End_Date,Executive_ID,Program_ID,Organization_ID,Research_Manager_ID) VALUES ("3119471", "Σημεία Πακέτων Της", "Why peace particular us rock offer. Husband discussion his field.", "304890", "2021-06-26", "2024-05-13", "3119056", "3119093", "3119112", "3119239");
INSERT INTO Works_On (Researcher_ID,Project_ID,Start_Date) VALUES ("3119239", "3119471", "2021-06-26");
INSERT INTO Project (Project_ID,Name,Summary,Project_Funds,Start_Date,End_Date,Executive_ID,Program_ID,Organization_ID,Research_Manager_ID) VALUES ("3119472", "Άρα Περισσότερη", "Γειτονιάς φίλος ίδιο γειτονιάς χαμηλός γεγονός επιδιόρθωση τύπους.", "189929", "2019-11-17", "2022-08-18", "3119011", "3119087", "3119130", "3119369");
INSERT INTO Works_On (Researcher_ID,Project_ID,Start_Date) VALUES ("3119369", "3119472", "2019-11-17");
INSERT INTO Project (Project_ID,Name,Summary,Project_Funds,Start_Date,End_Date,Executive_ID,Program_ID,Organization_ID,Research_Manager_ID) VALUES ("3119473", "Δεδομένων", "Από άρα επιδιορθώσεις που τελειώσει τους εκτός.", "174336", "2021-03-26", "2023-06-23", "3119084", "3119173", "3119191", "3119399");
INSERT INTO Works_On (Researcher_ID,Project_ID,Start_Date) VALUES ("3119399", "3119473", "2021-03-26");
INSERT INTO Project (Project_ID,Name,Summary,Project_Funds,Start_Date,End_Date,Executive_ID,Program_ID,Organization_ID,Research_Manager_ID) VALUES ("3119474", "Illo Veniam Neque", "Non pariatur occaecati fuga voluptas totam.", "647209", "2020-10-04", "2022-10-30", "3119189", "3119068", "3119107", "3119516");
INSERT INTO Works_On (Researcher_ID,Project_ID,Start_Date) VALUES ("3119516", "3119474", "2020-10-04");
INSERT INTO Project (Project_ID,Name,Summary,Project_Funds,Start_Date,End_Date,Executive_ID,Program_ID,Organization_ID,Research_Manager_ID) VALUES ("3119475", "Doctor Rate Deep", "Θέλεις τον βαθμό δε πιο. Εκδόσεις βρίσκονται θέλεις στέλνοντάς.", "566562", "2020-10-14", "2024-05-11", "3119110", "3119061", "3119024", "3119464");
INSERT INTO Works_On (Researcher_ID,Project_ID,Start_Date) VALUES ("3119464", "3119475", "2020-10-14");
INSERT INTO Project (Project_ID,Name,Summary,Project_Funds,Start_Date,End_Date,Executive_ID,Program_ID,Organization_ID,Research_Manager_ID) VALUES ("3119476", "Επιδιόρθωση Δε", "Last same certain hot technology. Wife such continue minute movie less.", "886908", "2021-11-01", "2022-12-19", "3119018", "3119063", "3119096", "3119210");
INSERT INTO Works_On (Researcher_ID,Project_ID,Start_Date) VALUES ("3119210", "3119476", "2021-11-01");
INSERT INTO Project (Project_ID,Name,Summary,Project_Funds,Start_Date,End_Date,Executive_ID,Program_ID,Organization_ID,Research_Manager_ID) VALUES ("3119477", "Σωστά Επενδυτής Άρα", "Down list probably American. Clear grow book add tough.", "204877", "2021-10-04", "2025-08-11", "3119138", "3119034", "3119065", "3119084");
INSERT INTO Works_On (Researcher_ID,Project_ID,Start_Date) VALUES ("3119084", "3119477", "2021-10-04");
INSERT INTO Project (Project_ID,Name,Summary,Project_Funds,Start_Date,End_Date,Executive_ID,Program_ID,Organization_ID,Research_Manager_ID) VALUES ("3119478", "Διάσημα", "Διευθυντές πετάξαμε υψηλότερη έχω μετρήσεις διακοπής στη.", "141100", "2022-03-02", "2025-03-17", "3119001", "3119045", "3119179", "3119008");
INSERT INTO Works_On (Researcher_ID,Project_ID,Start_Date) VALUES ("3119008", "3119478", "2022-03-02");
INSERT INTO Project (Project_ID,Name,Summary,Project_Funds,Start_Date,End_Date,Executive_ID,Program_ID,Organization_ID,Research_Manager_ID) VALUES ("3119479", "Hic Labore Corrupti", "Να την στα μη πήρε οι.", "528484", "2021-03-13", "2024-06-04", "3119066", "3119005", "3119137", "3119459");
INSERT INTO Works_On (Researcher_ID,Project_ID,Start_Date) VALUES ("3119459", "3119479", "2021-03-13");
INSERT INTO Project (Project_ID,Name,Summary,Project_Funds,Start_Date,End_Date,Executive_ID,Program_ID,Organization_ID,Research_Manager_ID) VALUES ("3119480", "Την Που Εγώ", "Optio distinctio dicta iusto repellendus tempore fugit.", "536567", "2022-05-01", "2025-04-23", "3119030", "3119039", "3119079", "3119429");
INSERT INTO Works_On (Researcher_ID,Project_ID,Start_Date) VALUES ("3119429", "3119480", "2022-05-01");
INSERT INTO Project (Project_ID,Name,Summary,Project_Funds,Start_Date,End_Date,Executive_ID,Program_ID,Organization_ID,Research_Manager_ID) VALUES ("3119481", "Προσλάμβανες Μα", "Quis sed porro consectetur quam ipsa ea. Esse fugit iste.", "634510", "2021-04-18", "2025-02-06", "3119075", "3119004", "3119054", "3119160");
INSERT INTO Works_On (Researcher_ID,Project_ID,Start_Date) VALUES ("3119160", "3119481", "2021-04-18");
INSERT INTO Project (Project_ID,Name,Summary,Project_Funds,Start_Date,End_Date,Executive_ID,Program_ID,Organization_ID,Research_Manager_ID) VALUES ("3119482", "Voluptatem", "Υποψήφιο επιστρέφουν προκύπτουν γιαυτό εφαμοργής μια ανώδυνη να.", "919521", "2020-07-18", "2023-08-01", "3119076", "3119132", "3119173", "3119121");
INSERT INTO Works_On (Researcher_ID,Project_ID,Start_Date) VALUES ("3119121", "3119482", "2020-07-18");
INSERT INTO Project (Project_ID,Name,Summary,Project_Funds,Start_Date,End_Date,Executive_ID,Program_ID,Organization_ID,Research_Manager_ID) VALUES ("3119483", "Cum Enim Libero", "Εκτός κρατάει περιβάλλον.", "624223", "2021-07-19", "2023-03-30", "3119022", "3119083", "3119113", "3119095");
INSERT INTO Works_On (Researcher_ID,Project_ID,Start_Date) VALUES ("3119095", "3119483", "2021-07-19");
INSERT INTO Project (Project_ID,Name,Summary,Project_Funds,Start_Date,End_Date,Executive_ID,Program_ID,Organization_ID,Research_Manager_ID) VALUES ("3119484", "Χαρακτηριστικό", "Fugiat maiores excepturi ipsa in.", "965767", "2021-10-19", "2024-04-30", "3119170", "3119118", "3119097", "3119050");
INSERT INTO Works_On (Researcher_ID,Project_ID,Start_Date) VALUES ("3119050", "3119484", "2021-10-19");
INSERT INTO Project (Project_ID,Name,Summary,Project_Funds,Start_Date,End_Date,Executive_ID,Program_ID,Organization_ID,Research_Manager_ID) VALUES ("3119485", "Μέγιστη Αποδείξεις", "Κι ροή υποψήφιο επιχείριση. Δουλεύει εδώ πως καταλάθος πιο.", "321415", "2020-10-27", "2023-12-04", "3119080", "3119119", "3119090", "3119373");
INSERT INTO Works_On (Researcher_ID,Project_ID,Start_Date) VALUES ("3119373", "3119485", "2020-10-27");
INSERT INTO Project (Project_ID,Name,Summary,Project_Funds,Start_Date,End_Date,Executive_ID,Program_ID,Organization_ID,Research_Manager_ID) VALUES ("3119486", "Recusandae Ab", "Glass somebody answer sound. Rock risk spend local standard writer.", "796411", "2022-05-20", "2024-02-12", "3119049", "3119081", "3119179", "3119257");
INSERT INTO Works_On (Researcher_ID,Project_ID,Start_Date) VALUES ("3119257", "3119486", "2022-05-20");
INSERT INTO Project (Project_ID,Name,Summary,Project_Funds,Start_Date,End_Date,Executive_ID,Program_ID,Organization_ID,Research_Manager_ID) VALUES ("3119487", "Χρησιμοποιούνταν", "Ratione doloribus autem laudantium deleniti.", "861249", "2020-03-17", "2023-06-22", "3119135", "3119059", "3119155", "3119328");
INSERT INTO Works_On (Researcher_ID,Project_ID,Start_Date) VALUES ("3119328", "3119487", "2020-03-17");
INSERT INTO Project (Project_ID,Name,Summary,Project_Funds,Start_Date,End_Date,Executive_ID,Program_ID,Organization_ID,Research_Manager_ID) VALUES ("3119488", "Numquam Error", "Esse quia ullam. Distinctio in vel fugiat debitis omnis.", "585540", "2021-03-03", "2023-04-02", "3119022", "3119026", "3119006", "3119541");
INSERT INTO Works_On (Researcher_ID,Project_ID,Start_Date) VALUES ("3119541", "3119488", "2021-03-03");
INSERT INTO Project (Project_ID,Name,Summary,Project_Funds,Start_Date,End_Date,Executive_ID,Program_ID,Organization_ID,Research_Manager_ID) VALUES ("3119489", "Για Επενδυτής Τι", "Περιμένουν ανά διολισθήσεις αναγκάζονται στο ποια.", "654952", "2019-11-24", "2023-01-15", "3119195", "3119053", "3119028", "3119463");
INSERT INTO Works_On (Researcher_ID,Project_ID,Start_Date) VALUES ("3119463", "3119489", "2019-11-24");
INSERT INTO Project (Project_ID,Name,Summary,Project_Funds,Start_Date,End_Date,Executive_ID,Program_ID,Organization_ID,Research_Manager_ID) VALUES ("3119490", "Μια Ταξινομεί", "Πετούν ποια βρίσκονται εκτελέσεις σταματάς αναφορά παίξουν.", "192065", "2020-11-13", "2021-11-24", "3119080", "3119073", "3119023", "3119213");
INSERT INTO Works_On (Researcher_ID,Project_ID,Start_Date) VALUES ("3119213", "3119490", "2020-11-13");
INSERT INTO Project (Project_ID,Name,Summary,Project_Funds,Start_Date,End_Date,Executive_ID,Program_ID,Organization_ID,Research_Manager_ID) VALUES ("3119491", "Quia Inventore Aut", "Exercitationem totam saepe recusandae a amet assumenda.", "554171", "2020-04-23", "2023-07-16", "3119060", "3119068", "3119189", "3119537");
INSERT INTO Works_On (Researcher_ID,Project_ID,Start_Date) VALUES ("3119537", "3119491", "2020-04-23");
INSERT INTO Project (Project_ID,Name,Summary,Project_Funds,Start_Date,End_Date,Executive_ID,Program_ID,Organization_ID,Research_Manager_ID) VALUES ("3119492", "Δε Λοιπόν Δείξει", "Βιαστικά πόρτες αν εταιρείες κανένας. Νέων γράψει πάντως ζητήσεις το.", "458467", "2020-01-12", "2022-04-15", "3119105", "3119056", "3119040", "3119312");
INSERT INTO Works_On (Researcher_ID,Project_ID,Start_Date) VALUES ("3119312", "3119492", "2020-01-12");
INSERT INTO Project (Project_ID,Name,Summary,Project_Funds,Start_Date,End_Date,Executive_ID,Program_ID,Organization_ID,Research_Manager_ID) VALUES ("3119493", "Σου Βάζοντας Στις", "Περισσότερες μη και εργοστασίου. Γραμμές περιεχόμενα πρώτο απλό.", "551882", "2021-11-11", "2023-06-27", "3119018", "3119055", "3119186", "3119256");
INSERT INTO Works_On (Researcher_ID,Project_ID,Start_Date) VALUES ("3119256", "3119493", "2021-11-11");
INSERT INTO Project (Project_ID,Name,Summary,Project_Funds,Start_Date,End_Date,Executive_ID,Program_ID,Organization_ID,Research_Manager_ID) VALUES ("3119494", "Σταματάς Εκτός", "Quaerat aperiam nostrum dolorem doloribus.", "845271", "2020-02-03", "2022-06-13", "3119065", "3119157", "3119169", "3119511");
INSERT INTO Works_On (Researcher_ID,Project_ID,Start_Date) VALUES ("3119511", "3119494", "2020-02-03");
INSERT INTO Project (Project_ID,Name,Summary,Project_Funds,Start_Date,End_Date,Executive_ID,Program_ID,Organization_ID,Research_Manager_ID) VALUES ("3119495", "Λίγο Περιεχόμενα", "Προγραμματιστής μας εργοστασίου ναι.", "755998", "2020-04-09", "2021-12-15", "3119138", "3119121", "3119077", "3119009");
INSERT INTO Works_On (Researcher_ID,Project_ID,Start_Date) VALUES ("3119009", "3119495", "2020-04-09");
INSERT INTO Project (Project_ID,Name,Summary,Project_Funds,Start_Date,End_Date,Executive_ID,Program_ID,Organization_ID,Research_Manager_ID) VALUES ("3119496", "Impedit Eum Eum", "Θα αναφέρονται απομόνωση με τις πρόσληψη.", "756773", "2019-11-24", "2022-01-26", "3119140", "3119136", "3119009", "3119156");
INSERT INTO Works_On (Researcher_ID,Project_ID,Start_Date) VALUES ("3119156", "3119496", "2019-11-24");
INSERT INTO Project (Project_ID,Name,Summary,Project_Funds,Start_Date,End_Date,Executive_ID,Program_ID,Organization_ID,Research_Manager_ID) VALUES ("3119497", "Από Δύο Κειμένων", "Εσωτερικών ναι τις κλπ επεξεργασία θυμάμαι κύκλο. Μια αρχεία κόλπα.", "417016", "2019-12-27", "2022-03-20", "3119187", "3119185", "3119178", "3119371");
INSERT INTO Works_On (Researcher_ID,Project_ID,Start_Date) VALUES ("3119371", "3119497", "2019-12-27");
INSERT INTO Project (Project_ID,Name,Summary,Project_Funds,Start_Date,End_Date,Executive_ID,Program_ID,Organization_ID,Research_Manager_ID) VALUES ("3119498", "Χαρτιού Περίπου", "Πόρτες προγραμματιστές ξέχασε μην προϊόντα φίλος μην. Παίξουν κανόνα σε.", "237749", "2022-02-17", "2023-07-18", "3119157", "3119039", "3119128", "3119425");
INSERT INTO Works_On (Researcher_ID,Project_ID,Start_Date) VALUES ("3119425", "3119498", "2022-02-17");
INSERT INTO Project (Project_ID,Name,Summary,Project_Funds,Start_Date,End_Date,Executive_ID,Program_ID,Organization_ID,Research_Manager_ID) VALUES ("3119499", "Εδώ Ναι Εξοργιστικά", "Φαινόμενο γιαυτό κοιτάζοντας. Χρόνου έξι διοικητικό αποδείξεις και.", "910415", "2020-04-01", "2022-01-27", "3119110", "3119029", "3119115", "3119224");
INSERT INTO Works_On (Researcher_ID,Project_ID,Start_Date) VALUES ("3119224", "3119499", "2020-04-01");
INSERT INTO Project (Project_ID,Name,Summary,Project_Funds,Start_Date,End_Date,Executive_ID,Program_ID,Organization_ID,Research_Manager_ID) VALUES ("3119500", "Numquam Esse", "Occaecati ducimus magnam nisi.", "374084", "2021-07-02", "2022-12-02", "3119054", "3119102", "3119038", "3119155");
INSERT INTO Works_On (Researcher_ID,Project_ID,Start_Date) VALUES ("3119155", "3119500", "2021-07-02");
INSERT INTO Project (Project_ID,Name,Summary,Project_Funds,Start_Date,End_Date,Executive_ID,Program_ID,Organization_ID,Research_Manager_ID) VALUES ("3119501", "Προκαλείς Ωραίο", "Σας για διορθώσει περιβάλλοντος παραδοτέου ποια δύο.", "354627", "2022-04-09", "2024-07-10", "3119183", "3119058", "3119135", "3119058");
INSERT INTO Works_On (Researcher_ID,Project_ID,Start_Date) VALUES ("3119058", "3119501", "2022-04-09");
INSERT INTO Project (Project_ID,Name,Summary,Project_Funds,Start_Date,End_Date,Executive_ID,Program_ID,Organization_ID,Research_Manager_ID) VALUES ("3119502", "Dolor Harum Eum", "Ένας τη κειμένων διαφήμιση αρχεία άλγεβρα άρα. Στη σημαντικό εδώ συνέχεια.", "940296", "2021-01-07", "2024-10-18", "3119090", "3119128", "3119133", "3119325");
INSERT INTO Works_On (Researcher_ID,Project_ID,Start_Date) VALUES ("3119325", "3119502", "2021-01-07");
INSERT INTO Project (Project_ID,Name,Summary,Project_Funds,Start_Date,End_Date,Executive_ID,Program_ID,Organization_ID,Research_Manager_ID) VALUES ("3119503", "Incidunt Tempore", "Illum ad fugiat pariatur accusamus iusto.", "238335", "2022-03-17", "2023-06-24", "3119104", "3119013", "3119060", "3119376");
INSERT INTO Works_On (Researcher_ID,Project_ID,Start_Date) VALUES ("3119376", "3119503", "2022-03-17");
INSERT INTO Project (Project_ID,Name,Summary,Project_Funds,Start_Date,End_Date,Executive_ID,Program_ID,Organization_ID,Research_Manager_ID) VALUES ("3119504", "Ad Architecto Esse", "Law sound focus seat mean under successful. Wonder plan war.", "180049", "2021-03-17", "2022-04-24", "3119025", "3119050", "3119039", "3119523");
INSERT INTO Works_On (Researcher_ID,Project_ID,Start_Date) VALUES ("3119523", "3119504", "2021-03-17");
INSERT INTO Project (Project_ID,Name,Summary,Project_Funds,Start_Date,End_Date,Executive_ID,Program_ID,Organization_ID,Research_Manager_ID) VALUES ("3119505", "Ο Ήδη Δεν Μάθε", "Outside story pressure wind education research official.", "598626", "2021-08-13", "2025-03-31", "3119183", "3119073", "3119094", "3119412");
INSERT INTO Works_On (Researcher_ID,Project_ID,Start_Date) VALUES ("3119412", "3119505", "2021-08-13");
INSERT INTO Project (Project_ID,Name,Summary,Project_Funds,Start_Date,End_Date,Executive_ID,Program_ID,Organization_ID,Research_Manager_ID) VALUES ("3119506", "Αναφέρονται", "Omnis earum quibusdam eveniet eos similique.", "696645", "2021-12-04", "2023-07-08", "3119069", "3119041", "3119089", "3119566");
INSERT INTO Works_On (Researcher_ID,Project_ID,Start_Date) VALUES ("3119566", "3119506", "2021-12-04");
INSERT INTO Project (Project_ID,Name,Summary,Project_Funds,Start_Date,End_Date,Executive_ID,Program_ID,Organization_ID,Research_Manager_ID) VALUES ("3119507", "Περιβάλλον", "Aperiam rem enim culpa commodi iure.", "760165", "2019-12-22", "2023-09-05", "3119044", "3119124", "3119155", "3119474");
INSERT INTO Works_On (Researcher_ID,Project_ID,Start_Date) VALUES ("3119474", "3119507", "2019-12-22");
INSERT INTO Project (Project_ID,Name,Summary,Project_Funds,Start_Date,End_Date,Executive_ID,Program_ID,Organization_ID,Research_Manager_ID) VALUES ("3119508", "Γραμμής Ανακλύψεις", "Δύο δύο τους κλπ βασανίζουν πάντως. Έχω χρόνου αν βρίσκονται.", "923801", "2022-01-17", "2025-11-07", "3119063", "3119094", "3119106", "3119333");
INSERT INTO Works_On (Researcher_ID,Project_ID,Start_Date) VALUES ("3119333", "3119508", "2022-01-17");
INSERT INTO Project (Project_ID,Name,Summary,Project_Funds,Start_Date,End_Date,Executive_ID,Program_ID,Organization_ID,Research_Manager_ID) VALUES ("3119509", "Ότι Ανταγωνιστής", "Νόμιζες ανώδυνη μέγιστη.", "752974", "2021-12-03", "2024-07-03", "3119119", "3119001", "3119138", "3119481");
INSERT INTO Works_On (Researcher_ID,Project_ID,Start_Date) VALUES ("3119481", "3119509", "2021-12-03");
INSERT INTO Project (Project_ID,Name,Summary,Project_Funds,Start_Date,End_Date,Executive_ID,Program_ID,Organization_ID,Research_Manager_ID) VALUES ("3119510", "Συνάδελφος Διάσημα", "Εργασίας ποια παράγοντες μέχρι. Του μιας συνηθίζουν ποσοστό χαμηλός αν.", "336283", "2020-12-01", "2022-09-09", "3119145", "3119183", "3119132", "3119419");
INSERT INTO Works_On (Researcher_ID,Project_ID,Start_Date) VALUES ("3119419", "3119510", "2020-12-01");
INSERT INTO Project (Project_ID,Name,Summary,Project_Funds,Start_Date,End_Date,Executive_ID,Program_ID,Organization_ID,Research_Manager_ID) VALUES ("3119511", "Την Εκδόσεις Μου", "Market report region check standard evidence actually.", "683662", "2020-09-04", "2024-01-26", "3119050", "3119195", "3119031", "3119145");
INSERT INTO Works_On (Researcher_ID,Project_ID,Start_Date) VALUES ("3119145", "3119511", "2020-09-04");
INSERT INTO Project (Project_ID,Name,Summary,Project_Funds,Start_Date,End_Date,Executive_ID,Program_ID,Organization_ID,Research_Manager_ID) VALUES ("3119512", "Repellendus Velit", "Responsibility church bit individual. True guess painting pick.", "524842", "2020-04-28", "2022-06-24", "3119116", "3119117", "3119015", "3119512");
INSERT INTO Works_On (Researcher_ID,Project_ID,Start_Date) VALUES ("3119512", "3119512", "2020-04-28");
INSERT INTO Project (Project_ID,Name,Summary,Project_Funds,Start_Date,End_Date,Executive_ID,Program_ID,Organization_ID,Research_Manager_ID) VALUES ("3119513", "Account Appear", "Cum maiores ipsa cum magnam aspernatur ea.", "383011", "2021-05-13", "2023-07-19", "3119016", "3119112", "3119045", "3119066");
INSERT INTO Works_On (Researcher_ID,Project_ID,Start_Date) VALUES ("3119066", "3119513", "2021-05-13");
INSERT INTO Project (Project_ID,Name,Summary,Project_Funds,Start_Date,End_Date,Executive_ID,Program_ID,Organization_ID,Research_Manager_ID) VALUES ("3119514", "Βγήκε Προκύπτουν", "Ροή βιβλίο σαν απομόνωση σαν σας. Έξι στη ανεπιθύμητη κάνεις τρέξει.", "473911", "2022-02-05", "2025-08-07", "3119038", "3119010", "3119066", "3119054");
INSERT INTO Works_On (Researcher_ID,Project_ID,Start_Date) VALUES ("3119054", "3119514", "2022-02-05");
INSERT INTO Project (Project_ID,Name,Summary,Project_Funds,Start_Date,End_Date,Executive_ID,Program_ID,Organization_ID,Research_Manager_ID) VALUES ("3119515", "Man Myself Inside", "Career rule tree stay very bag here.", "437969", "2019-12-10", "2023-02-07", "3119189", "3119156", "3119129", "3119326");
INSERT INTO Works_On (Researcher_ID,Project_ID,Start_Date) VALUES ("3119326", "3119515", "2019-12-10");
INSERT INTO Project (Project_ID,Name,Summary,Project_Funds,Start_Date,End_Date,Executive_ID,Program_ID,Organization_ID,Research_Manager_ID) VALUES ("3119516", "Τα Μετράει Λέει Από", "Άρθρων ευκολότερο προγραμματιστής τύπου εκδόσεις κύκλο.", "610414", "2021-12-30", "2024-06-03", "3119131", "3119168", "3119069", "3119302");
INSERT INTO Works_On (Researcher_ID,Project_ID,Start_Date) VALUES ("3119302", "3119516", "2021-12-30");
INSERT INTO Project (Project_ID,Name,Summary,Project_Funds,Start_Date,End_Date,Executive_ID,Program_ID,Organization_ID,Research_Manager_ID) VALUES ("3119517", "Shoulder Drive", "Τις τα υψηλότερη στη εργασίας παραδώσεις έξι. Στα για μεταγλωτιστής τι.", "274839", "2021-06-10", "2024-06-04", "3119167", "3119018", "3119176", "3119148");
INSERT INTO Works_On (Researcher_ID,Project_ID,Start_Date) VALUES ("3119148", "3119517", "2021-06-10");
INSERT INTO Project (Project_ID,Name,Summary,Project_Funds,Start_Date,End_Date,Executive_ID,Program_ID,Organization_ID,Research_Manager_ID) VALUES ("3119518", "Εκθέσεις Ταξινομεί", "Μάθε σίγουρος κάνε προσθέσει. Ανώδυνη χώρου μεταγλωτιστής διακόψουμε.", "505134", "2021-02-07", "2024-10-05", "3119194", "3119107", "3119053", "3119268");
INSERT INTO Works_On (Researcher_ID,Project_ID,Start_Date) VALUES ("3119268", "3119518", "2021-02-07");
INSERT INTO Project (Project_ID,Name,Summary,Project_Funds,Start_Date,End_Date,Executive_ID,Program_ID,Organization_ID,Research_Manager_ID) VALUES ("3119519", "Expedita Officia", "Ιδιαίτερα μη σου σου απλό άρα είχαμε.", "369746", "2022-05-01", "2024-06-30", "3119026", "3119175", "3119076", "3119305");
INSERT INTO Works_On (Researcher_ID,Project_ID,Start_Date) VALUES ("3119305", "3119519", "2022-05-01");
INSERT INTO Project (Project_ID,Name,Summary,Project_Funds,Start_Date,End_Date,Executive_ID,Program_ID,Organization_ID,Research_Manager_ID) VALUES ("3119520", "Δεν Προκύπτουν", "Upon top share pressure product less school.", "708489", "2021-07-22", "2023-02-12", "3119166", "3119187", "3119063", "3119448");
INSERT INTO Works_On (Researcher_ID,Project_ID,Start_Date) VALUES ("3119448", "3119520", "2021-07-22");
INSERT INTO Project (Project_ID,Name,Summary,Project_Funds,Start_Date,End_Date,Executive_ID,Program_ID,Organization_ID,Research_Manager_ID) VALUES ("3119521", "Quos Repudiandae", "Δημιουργια έστελνε που φράση ανακλύψεις. Αλγόριθμου ποια λες θα παραπάνω.", "219018", "2021-10-19", "2023-08-22", "3119009", "3119109", "3119067", "3119382");
INSERT INTO Works_On (Researcher_ID,Project_ID,Start_Date) VALUES ("3119382", "3119521", "2021-10-19");
INSERT INTO Project (Project_ID,Name,Summary,Project_Funds,Start_Date,End_Date,Executive_ID,Program_ID,Organization_ID,Research_Manager_ID) VALUES ("3119522", "Χρονοδιαγράμματα", "Voluptates dicta error repellat consectetur cum.", "185558", "2020-09-20", "2023-10-13", "3119038", "3119100", "3119087", "3119276");
INSERT INTO Works_On (Researcher_ID,Project_ID,Start_Date) VALUES ("3119276", "3119522", "2020-09-20");
INSERT INTO Project (Project_ID,Name,Summary,Project_Funds,Start_Date,End_Date,Executive_ID,Program_ID,Organization_ID,Research_Manager_ID) VALUES ("3119523", "Υόρκη Ένα Πιο", "Συνεντεύξεις στο χειρότερα ας χαρακτηριστικών ανά.", "426009", "2020-04-13", "2023-09-23", "3119104", "3119081", "3119125", "3119176");
INSERT INTO Works_On (Researcher_ID,Project_ID,Start_Date) VALUES ("3119176", "3119523", "2020-04-13");
INSERT INTO Project (Project_ID,Name,Summary,Project_Funds,Start_Date,End_Date,Executive_ID,Program_ID,Organization_ID,Research_Manager_ID) VALUES ("3119524", "Κρατάει Αυτήν", "Voluptatibus deserunt ducimus id aut. Nisi maiores nihil minus cumque.", "871410", "2022-04-24", "2023-10-06", "3119074", "3119036", "3119071", "3119458");
INSERT INTO Works_On (Researcher_ID,Project_ID,Start_Date) VALUES ("3119458", "3119524", "2022-04-24");
INSERT INTO Project (Project_ID,Name,Summary,Project_Funds,Start_Date,End_Date,Executive_ID,Program_ID,Organization_ID,Research_Manager_ID) VALUES ("3119525", "Κύκλο Απόλαυσε Λες", "Quidem tempora culpa numquam.", "486744", "2022-05-24", "2025-12-08", "3119008", "3119116", "3119105", "3119598");
INSERT INTO Works_On (Researcher_ID,Project_ID,Start_Date) VALUES ("3119598", "3119525", "2022-05-24");
INSERT INTO Project (Project_ID,Name,Summary,Project_Funds,Start_Date,End_Date,Executive_ID,Program_ID,Organization_ID,Research_Manager_ID) VALUES ("3119526", "Όχι Ίδιο Μπουν", "Αν εσωτερικών πάντως διορθώσεις αν σαν.", "628326", "2020-05-07", "2021-12-14", "3119087", "3119066", "3119000", "3119573");
INSERT INTO Works_On (Researcher_ID,Project_ID,Start_Date) VALUES ("3119573", "3119526", "2020-05-07");
INSERT INTO Project (Project_ID,Name,Summary,Project_Funds,Start_Date,End_Date,Executive_ID,Program_ID,Organization_ID,Research_Manager_ID) VALUES ("3119527", "Πλέον Διάσημα Εκτός", "Γνωρίζουμε αναφέρονται στη σκεφτείς.", "939808", "2020-02-02", "2021-06-01", "3119105", "3119073", "3119174", "3119470");
INSERT INTO Works_On (Researcher_ID,Project_ID,Start_Date) VALUES ("3119470", "3119527", "2020-02-02");
INSERT INTO Project (Project_ID,Name,Summary,Project_Funds,Start_Date,End_Date,Executive_ID,Program_ID,Organization_ID,Research_Manager_ID) VALUES ("3119528", "Doloremque Itaque", "Όχι πάρα πάντως είχαμε ερώτηση διολισθήσεις διάβασε εξοργιστικά.", "725975", "2021-05-10", "2024-02-24", "3119161", "3119025", "3119161", "3119413");
INSERT INTO Works_On (Researcher_ID,Project_ID,Start_Date) VALUES ("3119413", "3119528", "2021-05-10");
INSERT INTO Project (Project_ID,Name,Summary,Project_Funds,Start_Date,End_Date,Executive_ID,Program_ID,Organization_ID,Research_Manager_ID) VALUES ("3119529", "Debitis Perferendis", "Magnam quod facilis dolorum alias perspiciatis.", "404880", "2020-03-23", "2023-12-10", "3119071", "3119009", "3119012", "3119578");
INSERT INTO Works_On (Researcher_ID,Project_ID,Start_Date) VALUES ("3119578", "3119529", "2020-03-23");
INSERT INTO Project (Project_ID,Name,Summary,Project_Funds,Start_Date,End_Date,Executive_ID,Program_ID,Organization_ID,Research_Manager_ID) VALUES ("3119530", "Υόρκη Λιγότερο Ώρα", "Προκύπτουν απαρατήρητο λετπά από.", "769575", "2021-11-19", "2025-09-29", "3119192", "3119116", "3119118", "3119472");
INSERT INTO Works_On (Researcher_ID,Project_ID,Start_Date) VALUES ("3119472", "3119530", "2021-11-19");
INSERT INTO Project (Project_ID,Name,Summary,Project_Funds,Start_Date,End_Date,Executive_ID,Program_ID,Organization_ID,Research_Manager_ID) VALUES ("3119531", "Fugiat Rem Neque", "Quibusdam nulla laudantium vel. Tenetur nihil repellat possimus.", "601067", "2020-06-04", "2024-02-19", "3119061", "3119126", "3119162", "3119572");
INSERT INTO Works_On (Researcher_ID,Project_ID,Start_Date) VALUES ("3119572", "3119531", "2020-06-04");
INSERT INTO Project (Project_ID,Name,Summary,Project_Funds,Start_Date,End_Date,Executive_ID,Program_ID,Organization_ID,Research_Manager_ID) VALUES ("3119532", "Entire Sort Gun", "Κανόνα εργαζόμενοι μην απόλαυσε μέχρι δύο ημέρα αναγκάζονται.", "861507", "2020-04-05", "2022-12-14", "3119033", "3119031", "3119076", "3119133");
INSERT INTO Works_On (Researcher_ID,Project_ID,Start_Date) VALUES ("3119133", "3119532", "2020-04-05");
INSERT INTO Project (Project_ID,Name,Summary,Project_Funds,Start_Date,End_Date,Executive_ID,Program_ID,Organization_ID,Research_Manager_ID) VALUES ("3119533", "Παραδοτέου Σε", "Με εφαρμογή νέου μεταγλωτίσει ειδικά τελειώσει δυστυχής.", "501617", "2022-04-23", "2025-01-02", "3119039", "3119039", "3119130", "3119099");
INSERT INTO Works_On (Researcher_ID,Project_ID,Start_Date) VALUES ("3119099", "3119533", "2022-04-23");
INSERT INTO Project (Project_ID,Name,Summary,Project_Funds,Start_Date,End_Date,Executive_ID,Program_ID,Organization_ID,Research_Manager_ID) VALUES ("3119534", "Βιβλίο Στη Γεύματος", "Στο ιδιαίτερα γραμμής πάντα.", "778370", "2020-03-19", "2021-11-07", "3119175", "3119166", "3119007", "3119389");
INSERT INTO Works_On (Researcher_ID,Project_ID,Start_Date) VALUES ("3119389", "3119534", "2020-03-19");
INSERT INTO Project (Project_ID,Name,Summary,Project_Funds,Start_Date,End_Date,Executive_ID,Program_ID,Organization_ID,Research_Manager_ID) VALUES ("3119535", "Repellendus", "Της δημιουργείς παίρνει προγραμματιστές γειτονιάς την νέο πετούν.", "758162", "2020-02-28", "2023-01-25", "3119112", "3119141", "3119101", "3119090");
INSERT INTO Works_On (Researcher_ID,Project_ID,Start_Date) VALUES ("3119090", "3119535", "2020-02-28");
INSERT INTO Project (Project_ID,Name,Summary,Project_Funds,Start_Date,End_Date,Executive_ID,Program_ID,Organization_ID,Research_Manager_ID) VALUES ("3119536", "Perspiciatis", "Αθόρυβες χαρτιού σταματάς χρησιμοποιούνταν αρχεία του αρπάζεις.", "688951", "2020-05-10", "2023-04-10", "3119077", "3119113", "3119051", "3119285");
INSERT INTO Works_On (Researcher_ID,Project_ID,Start_Date) VALUES ("3119285", "3119536", "2020-05-10");
INSERT INTO Project (Project_ID,Name,Summary,Project_Funds,Start_Date,End_Date,Executive_ID,Program_ID,Organization_ID,Research_Manager_ID) VALUES ("3119537", "Clearly Chance", "Επιχείριση θέμα το ένα μπορούσες σπίτι στις.", "726099", "2021-12-19", "2024-11-20", "3119109", "3119178", "3119187", "3119447");
INSERT INTO Works_On (Researcher_ID,Project_ID,Start_Date) VALUES ("3119447", "3119537", "2021-12-19");
INSERT INTO Project (Project_ID,Name,Summary,Project_Funds,Start_Date,End_Date,Executive_ID,Program_ID,Organization_ID,Research_Manager_ID) VALUES ("3119538", "Nesciunt Veritatis", "Όταν μια μας πετάνε. Τις χρόνου πλέον προσπαθήσεις εργάστηκε υόρκη.", "240274", "2020-07-14", "2024-05-13", "3119059", "3119001", "3119090", "3119434");
INSERT INTO Works_On (Researcher_ID,Project_ID,Start_Date) VALUES ("3119434", "3119538", "2020-07-14");
INSERT INTO Project (Project_ID,Name,Summary,Project_Funds,Start_Date,End_Date,Executive_ID,Program_ID,Organization_ID,Research_Manager_ID) VALUES ("3119539", "Εργοστασίου Έξι Που", "Ορίστε να πρώτης διαφήμιση σημαντικό εδώ.", "512376", "2022-01-13", "2023-02-28", "3119119", "3119127", "3119106", "3119263");
INSERT INTO Works_On (Researcher_ID,Project_ID,Start_Date) VALUES ("3119263", "3119539", "2022-01-13");
INSERT INTO Project (Project_ID,Name,Summary,Project_Funds,Start_Date,End_Date,Executive_ID,Program_ID,Organization_ID,Research_Manager_ID) VALUES ("3119540", "Αφήσεις Σε Νέου", "Εργοστασίου πακέτων περίπου μπορούσες χρησιμοποιούνταν.", "763778", "2021-09-23", "2024-12-09", "3119141", "3119166", "3119142", "3119085");
INSERT INTO Works_On (Researcher_ID,Project_ID,Start_Date) VALUES ("3119085", "3119540", "2021-09-23");
INSERT INTO Project (Project_ID,Name,Summary,Project_Funds,Start_Date,End_Date,Executive_ID,Program_ID,Organization_ID,Research_Manager_ID) VALUES ("3119541", "Autem Sit", "Corrupti harum autem eligendi corrupti aut.", "323272", "2019-11-15", "2022-08-22", "3119097", "3119184", "3119046", "3119283");
INSERT INTO Works_On (Researcher_ID,Project_ID,Start_Date) VALUES ("3119283", "3119541", "2019-11-15");
INSERT INTO Project (Project_ID,Name,Summary,Project_Funds,Start_Date,End_Date,Executive_ID,Program_ID,Organization_ID,Research_Manager_ID) VALUES ("3119542", "Soldier Great Seem", "Διακόψουμε στα νέα λίγο προβληματική δύο.", "865597", "2021-03-09", "2022-12-07", "3119094", "3119169", "3119151", "3119307");
INSERT INTO Works_On (Researcher_ID,Project_ID,Start_Date) VALUES ("3119307", "3119542", "2021-03-09");
INSERT INTO Project (Project_ID,Name,Summary,Project_Funds,Start_Date,End_Date,Executive_ID,Program_ID,Organization_ID,Research_Manager_ID) VALUES ("3119543", "Because Over School", "Όχι τρόπο ροή παραδοτέου έχω ρωτήσει.", "830315", "2022-02-04", "2024-08-23", "3119068", "3119083", "3119142", "3119226");
INSERT INTO Works_On (Researcher_ID,Project_ID,Start_Date) VALUES ("3119226", "3119543", "2022-02-04");
INSERT INTO Project (Project_ID,Name,Summary,Project_Funds,Start_Date,End_Date,Executive_ID,Program_ID,Organization_ID,Research_Manager_ID) VALUES ("3119544", "Φαινόμενο Μέρος", "Numquam natus quis. Ut nemo tempore optio facilis molestiae.", "750697", "2022-05-02", "2024-09-05", "3119082", "3119182", "3119037", "3119582");
INSERT INTO Works_On (Researcher_ID,Project_ID,Start_Date) VALUES ("3119582", "3119544", "2022-05-02");
INSERT INTO Project (Project_ID,Name,Summary,Project_Funds,Start_Date,End_Date,Executive_ID,Program_ID,Organization_ID,Research_Manager_ID) VALUES ("3119545", "Μεταγλωτιστής Χάος", "Εργάστηκε μα πρώτοι συνηθίζουν με που περίπου.", "847895", "2020-08-31", "2024-06-27", "3119033", "3119111", "3119182", "3119528");
INSERT INTO Works_On (Researcher_ID,Project_ID,Start_Date) VALUES ("3119528", "3119545", "2020-08-31");
INSERT INTO Project (Project_ID,Name,Summary,Project_Funds,Start_Date,End_Date,Executive_ID,Program_ID,Organization_ID,Research_Manager_ID) VALUES ("3119546", "Δημιουργήσεις", "Εσωτερικών περίπου δε χαρακτηριστικών.", "793136", "2020-03-26", "2023-11-18", "3119057", "3119170", "3119108", "3119445");
INSERT INTO Works_On (Researcher_ID,Project_ID,Start_Date) VALUES ("3119445", "3119546", "2020-03-26");
INSERT INTO Project (Project_ID,Name,Summary,Project_Funds,Start_Date,End_Date,Executive_ID,Program_ID,Organization_ID,Research_Manager_ID) VALUES ("3119547", "Eum Nobis Dolores", "Άρα βρίσκονται σε διαπιστώνεις οι κοιτάζοντας επί.", "706440", "2022-04-20", "2026-04-11", "3119028", "3119139", "3119177", "3119551");
INSERT INTO Works_On (Researcher_ID,Project_ID,Start_Date) VALUES ("3119551", "3119547", "2022-04-20");
INSERT INTO Project (Project_ID,Name,Summary,Project_Funds,Start_Date,End_Date,Executive_ID,Program_ID,Organization_ID,Research_Manager_ID) VALUES ("3119548", "Project Mouth Page", "Perferendis doloremque esse dolorum libero.", "748704", "2021-06-24", "2022-12-26", "3119188", "3119125", "3119110", "3119424");
INSERT INTO Works_On (Researcher_ID,Project_ID,Start_Date) VALUES ("3119424", "3119548", "2021-06-24");
INSERT INTO Project (Project_ID,Name,Summary,Project_Funds,Start_Date,End_Date,Executive_ID,Program_ID,Organization_ID,Research_Manager_ID) VALUES ("3119549", "Suddenly Positive", "Όχι σαν τα γραμμές πόρτες. Και πόρτες πρώτοι διολισθήσεις.", "890781", "2022-01-31", "2026-01-26", "3119066", "3119109", "3119076", "3119479");
INSERT INTO Works_On (Researcher_ID,Project_ID,Start_Date) VALUES ("3119479", "3119549", "2022-01-31");
INSERT INTO Project (Project_ID,Name,Summary,Project_Funds,Start_Date,End_Date,Executive_ID,Program_ID,Organization_ID,Research_Manager_ID) VALUES ("3119550", "Εικόνες Αν Πακέτων", "Πως νέο περιμένουν. Δε διοικητικό εφαρμογή προσοχή ανταγωνιστής στο.", "465136", "2022-04-12", "2024-05-11", "3119142", "3119173", "3119046", "3119023");
INSERT INTO Works_On (Researcher_ID,Project_ID,Start_Date) VALUES ("3119023", "3119550", "2022-04-12");
INSERT INTO Project (Project_ID,Name,Summary,Project_Funds,Start_Date,End_Date,Executive_ID,Program_ID,Organization_ID,Research_Manager_ID) VALUES ("3119551", "Λοιπόν Ήδη Τη", "Πιο ανά πάντα τι πετούν μου. Σε που σχεδιαστής συγχωνευτεί κι ευκολότερο.", "343255", "2020-10-18", "2023-12-19", "3119126", "3119052", "3119177", "3119036");
INSERT INTO Works_On (Researcher_ID,Project_ID,Start_Date) VALUES ("3119036", "3119551", "2020-10-18");
INSERT INTO Project (Project_ID,Name,Summary,Project_Funds,Start_Date,End_Date,Executive_ID,Program_ID,Organization_ID,Research_Manager_ID) VALUES ("3119552", "Αρέσει Άπειρα", "Expedita cupiditate unde. Aliquam assumenda asperiores.", "797794", "2021-04-27", "2022-11-12", "3119167", "3119108", "3119064", "3119365");
INSERT INTO Works_On (Researcher_ID,Project_ID,Start_Date) VALUES ("3119365", "3119552", "2021-04-27");
INSERT INTO Project (Project_ID,Name,Summary,Project_Funds,Start_Date,End_Date,Executive_ID,Program_ID,Organization_ID,Research_Manager_ID) VALUES ("3119553", "Έξι Πάντα", "Σας τα διάβασε ότι κάτι. Άρα ήδη πρόσληψη τα φίλος για προβληματική.", "949872", "2021-04-16", "2023-04-25", "3119045", "3119174", "3119153", "3119105");
INSERT INTO Works_On (Researcher_ID,Project_ID,Start_Date) VALUES ("3119105", "3119553", "2021-04-16");
INSERT INTO Project (Project_ID,Name,Summary,Project_Funds,Start_Date,End_Date,Executive_ID,Program_ID,Organization_ID,Research_Manager_ID) VALUES ("3119554", "Quas Omnis Officiis", "Κι ποια μου νιρβάνα ζητήσεις μια περισσότερη ποια.", "130127", "2019-12-22", "2023-06-06", "3119067", "3119185", "3119086", "3119204");
INSERT INTO Works_On (Researcher_ID,Project_ID,Start_Date) VALUES ("3119204", "3119554", "2019-12-22");
INSERT INTO Project (Project_ID,Name,Summary,Project_Funds,Start_Date,End_Date,Executive_ID,Program_ID,Organization_ID,Research_Manager_ID) VALUES ("3119555", "Center Middle Red", "Έστειλε γραμμή ατόμου σημαντικός όταν να.", "372219", "2021-02-11", "2022-06-24", "3119146", "3119169", "3119097", "3119240");
INSERT INTO Works_On (Researcher_ID,Project_ID,Start_Date) VALUES ("3119240", "3119555", "2021-02-11");
INSERT INTO Project (Project_ID,Name,Summary,Project_Funds,Start_Date,End_Date,Executive_ID,Program_ID,Organization_ID,Research_Manager_ID) VALUES ("3119556", "Similique Quibusdam", "Του σημαντικός διαφήμιση κύκλο έστειλε κάτι.", "871892", "2021-08-14", "2025-04-14", "3119181", "3119194", "3119027", "3119080");
INSERT INTO Works_On (Researcher_ID,Project_ID,Start_Date) VALUES ("3119080", "3119556", "2021-08-14");
INSERT INTO Project (Project_ID,Name,Summary,Project_Funds,Start_Date,End_Date,Executive_ID,Program_ID,Organization_ID,Research_Manager_ID) VALUES ("3119557", "Job Open Attention", "Φίλος μαγικά συγχωνευτεί γειτονιάς μερικούς στέλνοντάς.", "397986", "2022-03-15", "2024-04-11", "3119135", "3119073", "3119092", "3119546");
INSERT INTO Works_On (Researcher_ID,Project_ID,Start_Date) VALUES ("3119546", "3119557", "2022-03-15");
INSERT INTO Project (Project_ID,Name,Summary,Project_Funds,Start_Date,End_Date,Executive_ID,Program_ID,Organization_ID,Research_Manager_ID) VALUES ("3119558", "Ipsa Alias Deserunt", "Mollitia nam doloribus nostrum ipsam velit. Recusandae cum corporis.", "320370", "2022-05-23", "2024-06-30", "3119121", "3119143", "3119196", "3119077");
INSERT INTO Works_On (Researcher_ID,Project_ID,Start_Date) VALUES ("3119077", "3119558", "2022-05-23");
INSERT INTO Project (Project_ID,Name,Summary,Project_Funds,Start_Date,End_Date,Executive_ID,Program_ID,Organization_ID,Research_Manager_ID) VALUES ("3119559", "Peace Enter", "Officiis numquam animi. Amet quo aliquam ex iusto expedita vitae iusto.", "662782", "2021-11-25", "2025-08-01", "3119134", "3119034", "3119028", "3119201");
INSERT INTO Works_On (Researcher_ID,Project_ID,Start_Date) VALUES ("3119201", "3119559", "2021-11-25");
INSERT INTO Project (Project_ID,Name,Summary,Project_Funds,Start_Date,End_Date,Executive_ID,Program_ID,Organization_ID,Research_Manager_ID) VALUES ("3119560", "Ρωτήσει Σίγουρος", "Αποκλειστικούς βαθμό ήδη χρησιμοποίησέ γραμμές βάζοντας δυστυχώς λιγότερο.", "787665", "2021-08-11", "2025-02-23", "3119174", "3119101", "3119006", "3119392");
INSERT INTO Works_On (Researcher_ID,Project_ID,Start_Date) VALUES ("3119392", "3119560", "2021-08-11");
INSERT INTO Project (Project_ID,Name,Summary,Project_Funds,Start_Date,End_Date,Executive_ID,Program_ID,Organization_ID,Research_Manager_ID) VALUES ("3119561", "Aspernatur Nisi Ut", "Μεταγλωτίσει σαν γειτονιάς κρατήσουν απομόνωση διακοπής κι πάρα.", "203189", "2021-05-18", "2025-03-23", "3119120", "3119178", "3119113", "3119553");
INSERT INTO Works_On (Researcher_ID,Project_ID,Start_Date) VALUES ("3119553", "3119561", "2021-05-18");
INSERT INTO Project (Project_ID,Name,Summary,Project_Funds,Start_Date,End_Date,Executive_ID,Program_ID,Organization_ID,Research_Manager_ID) VALUES ("3119562", "Μερικούς Εκτός", "Nemo eligendi numquam. Eum amet possimus beatae odit.", "122600", "2019-12-26", "2022-01-07", "3119037", "3119147", "3119098", "3119254");
INSERT INTO Works_On (Researcher_ID,Project_ID,Start_Date) VALUES ("3119254", "3119562", "2019-12-26");
INSERT INTO Project (Project_ID,Name,Summary,Project_Funds,Start_Date,End_Date,Executive_ID,Program_ID,Organization_ID,Research_Manager_ID) VALUES ("3119563", "Without Something", "Explicabo asperiores ratione doloremque. Nemo soluta voluptas cupiditate.", "157177", "2019-11-10", "2021-04-24", "3119035", "3119129", "3119073", "3119129");
INSERT INTO Works_On (Researcher_ID,Project_ID,Start_Date) VALUES ("3119129", "3119563", "2019-11-10");
INSERT INTO Project (Project_ID,Name,Summary,Project_Funds,Start_Date,End_Date,Executive_ID,Program_ID,Organization_ID,Research_Manager_ID) VALUES ("3119564", "Χρησιμοποιούνταν", "Σωστά τρόπο στέλνοντάς συγχρόνως με απομόνωση.", "186109", "2020-10-25", "2023-06-20", "3119173", "3119104", "3119157", "3119557");
INSERT INTO Works_On (Researcher_ID,Project_ID,Start_Date) VALUES ("3119557", "3119564", "2020-10-25");
INSERT INTO Project (Project_ID,Name,Summary,Project_Funds,Start_Date,End_Date,Executive_ID,Program_ID,Organization_ID,Research_Manager_ID) VALUES ("3119565", "Εκτελείται Θέματα", "Εξαρτάται προσοχή συνηθίζουν προϊόντα δεν παράδειγμα.", "334397", "2020-07-06", "2024-05-29", "3119129", "3119175", "3119141", "3119315");
INSERT INTO Works_On (Researcher_ID,Project_ID,Start_Date) VALUES ("3119315", "3119565", "2020-07-06");
INSERT INTO Project (Project_ID,Name,Summary,Project_Funds,Start_Date,End_Date,Executive_ID,Program_ID,Organization_ID,Research_Manager_ID) VALUES ("3119566", "Γνωστή Έξι Μάτσο", "Επί αναφορά δεν πες μεταγλωτίσει κώδικάς.", "978807", "2020-10-18", "2024-03-18", "3119130", "3119149", "3119130", "3119040");
INSERT INTO Works_On (Researcher_ID,Project_ID,Start_Date) VALUES ("3119040", "3119566", "2020-10-18");
INSERT INTO Project (Project_ID,Name,Summary,Project_Funds,Start_Date,End_Date,Executive_ID,Program_ID,Organization_ID,Research_Manager_ID) VALUES ("3119567", "Απομόνωση Ρωτάει", "Διορθώσεις μάθε παραδοτέου ορίστε.", "688280", "2020-07-17", "2024-02-29", "3119181", "3119098", "3119052", "3119451");
INSERT INTO Works_On (Researcher_ID,Project_ID,Start_Date) VALUES ("3119451", "3119567", "2020-07-17");
INSERT INTO Project (Project_ID,Name,Summary,Project_Funds,Start_Date,End_Date,Executive_ID,Program_ID,Organization_ID,Research_Manager_ID) VALUES ("3119568", "Της Παίρνει", "Vero numquam impedit adipisci explicabo.", "173701", "2020-07-31", "2022-06-23", "3119000", "3119085", "3119094", "3119221");
INSERT INTO Works_On (Researcher_ID,Project_ID,Start_Date) VALUES ("3119221", "3119568", "2020-07-31");
INSERT INTO Project (Project_ID,Name,Summary,Project_Funds,Start_Date,End_Date,Executive_ID,Program_ID,Organization_ID,Research_Manager_ID) VALUES ("3119569", "Sed Maiores Iste", "Molestias sed soluta error quod repellat. Magni cupiditate qui in quae.", "344076", "2022-04-12", "2024-04-24", "3119022", "3119145", "3119127", "3119502");
INSERT INTO Works_On (Researcher_ID,Project_ID,Start_Date) VALUES ("3119502", "3119569", "2022-04-12");
INSERT INTO Project (Project_ID,Name,Summary,Project_Funds,Start_Date,End_Date,Executive_ID,Program_ID,Organization_ID,Research_Manager_ID) VALUES ("3119570", "Για Τις Δεν", "Τη τον παράγοντες περιμένουν. Ποια κανείς τι.", "709253", "2020-01-22", "2022-03-11", "3119152", "3119115", "3119152", "3119387");
INSERT INTO Works_On (Researcher_ID,Project_ID,Start_Date) VALUES ("3119387", "3119570", "2020-01-22");
INSERT INTO Project (Project_ID,Name,Summary,Project_Funds,Start_Date,End_Date,Executive_ID,Program_ID,Organization_ID,Research_Manager_ID) VALUES ("3119571", "Ab Corporis Labore", "Χαμηλός τη διακοπής μην αποδείξεις εκτός.", "111054", "2019-12-31", "2022-07-27", "3119080", "3119033", "3119064", "3119005");
INSERT INTO Works_On (Researcher_ID,Project_ID,Start_Date) VALUES ("3119005", "3119571", "2019-12-31");
INSERT INTO Project (Project_ID,Name,Summary,Project_Funds,Start_Date,End_Date,Executive_ID,Program_ID,Organization_ID,Research_Manager_ID) VALUES ("3119572", "Quam Fugiat Nam", "Εργοστασίου γεγονός ευκολότερο τα εκτός αποστηθίσει μα.", "692486", "2021-11-25", "2024-06-18", "3119003", "3119067", "3119035", "3119281");
INSERT INTO Works_On (Researcher_ID,Project_ID,Start_Date) VALUES ("3119281", "3119572", "2021-11-25");
INSERT INTO Project (Project_ID,Name,Summary,Project_Funds,Start_Date,End_Date,Executive_ID,Program_ID,Organization_ID,Research_Manager_ID) VALUES ("3119573", "Διακοπή Κάνεις", "Πάντα έγραψες και πιο στο τις. Από λοιπόν κώδικα.", "694542", "2021-04-13", "2022-06-02", "3119011", "3119066", "3119190", "3119561");
INSERT INTO Works_On (Researcher_ID,Project_ID,Start_Date) VALUES ("3119561", "3119573", "2021-04-13");
INSERT INTO Project (Project_ID,Name,Summary,Project_Funds,Start_Date,End_Date,Executive_ID,Program_ID,Organization_ID,Research_Manager_ID) VALUES ("3119574", "Necessitatibus", "Qui labore sunt deserunt quas cum.", "480298", "2019-11-12", "2023-04-08", "3119041", "3119045", "3119144", "3119475");
INSERT INTO Works_On (Researcher_ID,Project_ID,Start_Date) VALUES ("3119475", "3119574", "2019-11-12");
INSERT INTO Project (Project_ID,Name,Summary,Project_Funds,Start_Date,End_Date,Executive_ID,Program_ID,Organization_ID,Research_Manager_ID) VALUES ("3119575", "Παίρνει Καταλάθος", "Άλγεβρα τις στο προβληματική διακοπής άπειρα.", "881968", "2020-12-01", "2023-08-22", "3119070", "3119170", "3119108", "3119477");
INSERT INTO Works_On (Researcher_ID,Project_ID,Start_Date) VALUES ("3119477", "3119575", "2020-12-01");
INSERT INTO Project (Project_ID,Name,Summary,Project_Funds,Start_Date,End_Date,Executive_ID,Program_ID,Organization_ID,Research_Manager_ID) VALUES ("3119576", "Λοιπόν Με Αν Την", "Eligendi distinctio quasi dolores.", "332606", "2020-06-02", "2023-06-11", "3119158", "3119112", "3119046", "3119081");
INSERT INTO Works_On (Researcher_ID,Project_ID,Start_Date) VALUES ("3119081", "3119576", "2020-06-02");
INSERT INTO Project (Project_ID,Name,Summary,Project_Funds,Start_Date,End_Date,Executive_ID,Program_ID,Organization_ID,Research_Manager_ID) VALUES ("3119577", "Χαρακτηριστικών", "Συγκεντρωμένοι κάτι ορίστε παίρνει προσθέσει πολύ.", "259840", "2021-01-04", "2024-04-30", "3119040", "3119168", "3119027", "3119255");
INSERT INTO Works_On (Researcher_ID,Project_ID,Start_Date) VALUES ("3119255", "3119577", "2021-01-04");
INSERT INTO Project (Project_ID,Name,Summary,Project_Funds,Start_Date,End_Date,Executive_ID,Program_ID,Organization_ID,Research_Manager_ID) VALUES ("3119578", "Συγγραφής Σωστά Στο", "Χειρότερα τεκμηριώνει σας απαρατήρητο πακέτων.", "534087", "2021-01-26", "2023-08-24", "3119021", "3119004", "3119140", "3119067");
INSERT INTO Works_On (Researcher_ID,Project_ID,Start_Date) VALUES ("3119067", "3119578", "2021-01-26");
INSERT INTO Project (Project_ID,Name,Summary,Project_Funds,Start_Date,End_Date,Executive_ID,Program_ID,Organization_ID,Research_Manager_ID) VALUES ("3119579", "Τη Άλγεβρα", "Nam minus error veniam. Accusamus eaque at odio dolorem.", "926978", "2020-01-04", "2023-09-21", "3119087", "3119047", "3119123", "3119082");
INSERT INTO Works_On (Researcher_ID,Project_ID,Start_Date) VALUES ("3119082", "3119579", "2020-01-04");
INSERT INTO Project (Project_ID,Name,Summary,Project_Funds,Start_Date,End_Date,Executive_ID,Program_ID,Organization_ID,Research_Manager_ID) VALUES ("3119580", "Μην Εδώ", "Laborum tempore harum ab sunt sit tempore.", "155339", "2020-10-10", "2022-10-24", "3119056", "3119034", "3119115", "3119269");
INSERT INTO Works_On (Researcher_ID,Project_ID,Start_Date) VALUES ("3119269", "3119580", "2020-10-10");
INSERT INTO Project (Project_ID,Name,Summary,Project_Funds,Start_Date,End_Date,Executive_ID,Program_ID,Organization_ID,Research_Manager_ID) VALUES ("3119581", "Understand Worry", "Iure eaque eius quibusdam officiis.", "429022", "2022-02-21", "2024-09-09", "3119120", "3119089", "3119134", "3119358");
INSERT INTO Works_On (Researcher_ID,Project_ID,Start_Date) VALUES ("3119358", "3119581", "2022-02-21");
INSERT INTO Project (Project_ID,Name,Summary,Project_Funds,Start_Date,End_Date,Executive_ID,Program_ID,Organization_ID,Research_Manager_ID) VALUES ("3119582", "American Rise", "Πιο χρησιμοποιούσες σαν πλέον παραγωγικής. Μέχρι ίδιο πως.", "871469", "2020-08-31", "2021-11-11", "3119018", "3119181", "3119154", "3119218");
INSERT INTO Works_On (Researcher_ID,Project_ID,Start_Date) VALUES ("3119218", "3119582", "2020-08-31");
INSERT INTO Project (Project_ID,Name,Summary,Project_Funds,Start_Date,End_Date,Executive_ID,Program_ID,Organization_ID,Research_Manager_ID) VALUES ("3119583", "Δύο Ναι Έρθει Τους", "Βιβλίο προκαλείς μα. Τη τέλειοι ανά γραμμή. Βουτήξουν αφήσεις μια.", "915817", "2021-08-17", "2023-04-07", "3119195", "3119182", "3119024", "3119112");
INSERT INTO Works_On (Researcher_ID,Project_ID,Start_Date) VALUES ("3119112", "3119583", "2021-08-17");
INSERT INTO Project (Project_ID,Name,Summary,Project_Funds,Start_Date,End_Date,Executive_ID,Program_ID,Organization_ID,Research_Manager_ID) VALUES ("3119584", "Administration", "Προσπαθούν της εργαζόμενοι τον ας γράψει.", "413112", "2022-04-12", "2025-03-21", "3119039", "3119066", "3119120", "3119044");
INSERT INTO Works_On (Researcher_ID,Project_ID,Start_Date) VALUES ("3119044", "3119584", "2022-04-12");
INSERT INTO Project (Project_ID,Name,Summary,Project_Funds,Start_Date,End_Date,Executive_ID,Program_ID,Organization_ID,Research_Manager_ID) VALUES ("3119585", "Ζητήσεις Στις", "Φράση χαρακτηριστικών παραδοτέου παραδοτέου. Σε περιεχόμενα εντολές.", "980510", "2020-03-20", "2021-06-22", "3119119", "3119030", "3119117", "3119467");
INSERT INTO Works_On (Researcher_ID,Project_ID,Start_Date) VALUES ("3119467", "3119585", "2020-03-20");
INSERT INTO Project (Project_ID,Name,Summary,Project_Funds,Start_Date,End_Date,Executive_ID,Program_ID,Organization_ID,Research_Manager_ID) VALUES ("3119586", "Χαρτιού Προσεκτικά", "Test occur small yes although. Her federal explain team down worry the.", "274489", "2021-07-25", "2022-11-15", "3119034", "3119031", "3119067", "3119446");
INSERT INTO Works_On (Researcher_ID,Project_ID,Start_Date) VALUES ("3119446", "3119586", "2021-07-25");
INSERT INTO Project (Project_ID,Name,Summary,Project_Funds,Start_Date,End_Date,Executive_ID,Program_ID,Organization_ID,Research_Manager_ID) VALUES ("3119587", "Ad Recusandae Omnis", "Έχω εγώ πάντα φακέλους κάνεις θυμάμαι προγραμματιστής.", "205135", "2021-06-24", "2025-01-08", "3119041", "3119153", "3119193", "3119478");
INSERT INTO Works_On (Researcher_ID,Project_ID,Start_Date) VALUES ("3119478", "3119587", "2021-06-24");
INSERT INTO Project (Project_ID,Name,Summary,Project_Funds,Start_Date,End_Date,Executive_ID,Program_ID,Organization_ID,Research_Manager_ID) VALUES ("3119588", "Sint Laborum Quis", "Λετπά χώρου των ίδιο. Μέχρι ως δημιουργια στις. Ποια συνεχώς μαγικά πήρε.", "617787", "2019-11-22", "2021-05-22", "3119014", "3119037", "3119187", "3119322");
INSERT INTO Works_On (Researcher_ID,Project_ID,Start_Date) VALUES ("3119322", "3119588", "2019-11-22");
INSERT INTO Project (Project_ID,Name,Summary,Project_Funds,Start_Date,End_Date,Executive_ID,Program_ID,Organization_ID,Research_Manager_ID) VALUES ("3119589", "Repellat Similique", "He at list recently.", "234871", "2021-10-20", "2023-02-17", "3119003", "3119098", "3119143", "3119406");
INSERT INTO Works_On (Researcher_ID,Project_ID,Start_Date) VALUES ("3119406", "3119589", "2021-10-20");
INSERT INTO Project (Project_ID,Name,Summary,Project_Funds,Start_Date,End_Date,Executive_ID,Program_ID,Organization_ID,Research_Manager_ID) VALUES ("3119590", "Δημιουργια Κώδικα", "Tenetur quis iste cum. Ab dolore recusandae nostrum eaque.", "853224", "2022-05-18", "2023-12-31", "3119043", "3119108", "3119081", "3119563");
INSERT INTO Works_On (Researcher_ID,Project_ID,Start_Date) VALUES ("3119563", "3119590", "2022-05-18");
INSERT INTO Project (Project_ID,Name,Summary,Project_Funds,Start_Date,End_Date,Executive_ID,Program_ID,Organization_ID,Research_Manager_ID) VALUES ("3119591", "Πως Των Αθόρυβες", "Nisi voluptas quos.", "310857", "2019-12-25", "2022-10-30", "3119053", "3119102", "3119060", "3119097");
INSERT INTO Works_On (Researcher_ID,Project_ID,Start_Date) VALUES ("3119097", "3119591", "2019-12-25");
INSERT INTO Project (Project_ID,Name,Summary,Project_Funds,Start_Date,End_Date,Executive_ID,Program_ID,Organization_ID,Research_Manager_ID) VALUES ("3119592", "Διακόψουμε Ατόμου", "Accusantium cum aperiam placeat quas. Itaque at alias fugiat similique.", "492611", "2021-07-30", "2022-09-22", "3119016", "3119184", "3119122", "3119043");
INSERT INTO Works_On (Researcher_ID,Project_ID,Start_Date) VALUES ("3119043", "3119592", "2021-07-30");
INSERT INTO Project (Project_ID,Name,Summary,Project_Funds,Start_Date,End_Date,Executive_ID,Program_ID,Organization_ID,Research_Manager_ID) VALUES ("3119593", "Κανένας Για Παίξουν", "Reprehenderit repudiandae nihil esse veritatis quas.", "656766", "2020-06-20", "2023-07-12", "3119103", "3119197", "3119041", "3119506");
INSERT INTO Works_On (Researcher_ID,Project_ID,Start_Date) VALUES ("3119506", "3119593", "2020-06-20");
INSERT INTO Project (Project_ID,Name,Summary,Project_Funds,Start_Date,End_Date,Executive_ID,Program_ID,Organization_ID,Research_Manager_ID) VALUES ("3119594", "Ανεπιθύμητη Φίλος", "Από λετπά βρίσκονται εκθέσεις έτσι.", "647580", "2020-01-28", "2023-09-20", "3119064", "3119005", "3119117", "3119347");
INSERT INTO Works_On (Researcher_ID,Project_ID,Start_Date) VALUES ("3119347", "3119594", "2020-01-28");
INSERT INTO Project (Project_ID,Name,Summary,Project_Funds,Start_Date,End_Date,Executive_ID,Program_ID,Organization_ID,Research_Manager_ID) VALUES ("3119595", "Ο Παίξουν", "Tough season wear process management.", "262281", "2021-10-03", "2024-02-02", "3119131", "3119096", "3119094", "3119484");
INSERT INTO Works_On (Researcher_ID,Project_ID,Start_Date) VALUES ("3119484", "3119595", "2021-10-03");
INSERT INTO Project (Project_ID,Name,Summary,Project_Funds,Start_Date,End_Date,Executive_ID,Program_ID,Organization_ID,Research_Manager_ID) VALUES ("3119596", "Esse Fugiat", "Task boy still hair room nearly data. Physical star act produce.", "958714", "2020-07-21", "2023-06-28", "3119073", "3119009", "3119112", "3119019");
INSERT INTO Works_On (Researcher_ID,Project_ID,Start_Date) VALUES ("3119019", "3119596", "2020-07-21");
INSERT INTO Project (Project_ID,Name,Summary,Project_Funds,Start_Date,End_Date,Executive_ID,Program_ID,Organization_ID,Research_Manager_ID) VALUES ("3119597", "Deserunt Debitis", "Bad area expect still. Continue carry entire reduce set fact your world.", "522996", "2021-02-21", "2022-03-30", "3119149", "3119198", "3119037", "3119069");
INSERT INTO Works_On (Researcher_ID,Project_ID,Start_Date) VALUES ("3119069", "3119597", "2021-02-21");
INSERT INTO Project (Project_ID,Name,Summary,Project_Funds,Start_Date,End_Date,Executive_ID,Program_ID,Organization_ID,Research_Manager_ID) VALUES ("3119598", "Πρώτοι Προκύπτουν", "Διακοπής τελειώσει διολισθήσεις δεν. Στα ώρα ύψος πάντως εργοστασίου.", "489516", "2020-11-28", "2022-06-19", "3119135", "3119057", "3119137", "3119010");
INSERT INTO Works_On (Researcher_ID,Project_ID,Start_Date) VALUES ("3119010", "3119598", "2020-11-28");
INSERT INTO Project (Project_ID,Name,Summary,Project_Funds,Start_Date,End_Date,Executive_ID,Program_ID,Organization_ID,Research_Manager_ID) VALUES ("3119599", "Πρώτοι Στα Είχαμε", "Odit dolore similique ducimus est nemo harum.", "965338", "2021-02-08", "2024-03-09", "3119087", "3119047", "3119102", "3119174");
INSERT INTO Works_On (Researcher_ID,Project_ID,Start_Date) VALUES ("3119174", "3119599", "2021-02-08");
INSERT INTO University (University_ID,Ministry_Budget,Org_type) VALUES ("3119000", "41087", "University");
INSERT INTO University (University_ID,Ministry_Budget,Org_type) VALUES ("3119003", "510671", "University");
INSERT INTO University (University_ID,Ministry_Budget,Org_type) VALUES ("3119006", "54022", "University");
INSERT INTO University (University_ID,Ministry_Budget,Org_type) VALUES ("3119009", "481173", "University");
INSERT INTO University (University_ID,Ministry_Budget,Org_type) VALUES ("3119012", "370114", "University");
INSERT INTO University (University_ID,Ministry_Budget,Org_type) VALUES ("3119015", "118964", "University");
INSERT INTO University (University_ID,Ministry_Budget,Org_type) VALUES ("3119018", "107598", "University");
INSERT INTO University (University_ID,Ministry_Budget,Org_type) VALUES ("3119021", "675686", "University");
INSERT INTO University (University_ID,Ministry_Budget,Org_type) VALUES ("3119024", "280755", "University");
INSERT INTO University (University_ID,Ministry_Budget,Org_type) VALUES ("3119027", "186701", "University");
INSERT INTO University (University_ID,Ministry_Budget,Org_type) VALUES ("3119030", "188102", "University");
INSERT INTO University (University_ID,Ministry_Budget,Org_type) VALUES ("3119033", "278393", "University");
INSERT INTO University (University_ID,Ministry_Budget,Org_type) VALUES ("3119036", "625351", "University");
INSERT INTO University (University_ID,Ministry_Budget,Org_type) VALUES ("3119039", "181450", "University");
INSERT INTO University (University_ID,Ministry_Budget,Org_type) VALUES ("3119042", "490004", "University");
INSERT INTO University (University_ID,Ministry_Budget,Org_type) VALUES ("3119045", "625630", "University");
INSERT INTO University (University_ID,Ministry_Budget,Org_type) VALUES ("3119048", "66187", "University");
INSERT INTO Research_Center (Research_Center_ID,Ministry_Budget,Actions_Budget,Org_type) VALUES ("3119002", "597302", "527020", "Research Center");
INSERT INTO Research_Center (Research_Center_ID,Ministry_Budget,Actions_Budget,Org_type) VALUES ("3119005", "335753", "24475", "Research Center");
INSERT INTO Research_Center (Research_Center_ID,Ministry_Budget,Actions_Budget,Org_type) VALUES ("3119008", "414661", "334206", "Research Center");
INSERT INTO Research_Center (Research_Center_ID,Ministry_Budget,Actions_Budget,Org_type) VALUES ("3119011", "597950", "401033", "Research Center");
INSERT INTO Research_Center (Research_Center_ID,Ministry_Budget,Actions_Budget,Org_type) VALUES ("3119014", "220148", "97014", "Research Center");
INSERT INTO Research_Center (Research_Center_ID,Ministry_Budget,Actions_Budget,Org_type) VALUES ("3119017", "243781", "471084", "Research Center");
INSERT INTO Research_Center (Research_Center_ID,Ministry_Budget,Actions_Budget,Org_type) VALUES ("3119020", "537354", "415722", "Research Center");
INSERT INTO Research_Center (Research_Center_ID,Ministry_Budget,Actions_Budget,Org_type) VALUES ("3119023", "88864", "688646", "Research Center");
INSERT INTO Research_Center (Research_Center_ID,Ministry_Budget,Actions_Budget,Org_type) VALUES ("3119026", "138559", "465828", "Research Center");
INSERT INTO Research_Center (Research_Center_ID,Ministry_Budget,Actions_Budget,Org_type) VALUES ("3119029", "449839", "653866", "Research Center");
INSERT INTO Research_Center (Research_Center_ID,Ministry_Budget,Actions_Budget,Org_type) VALUES ("3119032", "677174", "205160", "Research Center");
INSERT INTO Research_Center (Research_Center_ID,Ministry_Budget,Actions_Budget,Org_type) VALUES ("3119035", "404128", "127619", "Research Center");
INSERT INTO Research_Center (Research_Center_ID,Ministry_Budget,Actions_Budget,Org_type) VALUES ("3119038", "385375", "640652", "Research Center");
INSERT INTO Research_Center (Research_Center_ID,Ministry_Budget,Actions_Budget,Org_type) VALUES ("3119041", "404349", "496874", "Research Center");
INSERT INTO Research_Center (Research_Center_ID,Ministry_Budget,Actions_Budget,Org_type) VALUES ("3119044", "661844", "385995", "Research Center");
INSERT INTO Research_Center (Research_Center_ID,Ministry_Budget,Actions_Budget,Org_type) VALUES ("3119047", "340935", "225567", "Research Center");
INSERT INTO Company (Company_ID,Equity,Org_type) VALUES ("3119001", "228978", "Company");
INSERT INTO Company (Company_ID,Equity,Org_type) VALUES ("3119004", "680545", "Company");
INSERT INTO Company (Company_ID,Equity,Org_type) VALUES ("3119007", "605865", "Company");
INSERT INTO Company (Company_ID,Equity,Org_type) VALUES ("3119010", "74023", "Company");
INSERT INTO Company (Company_ID,Equity,Org_type) VALUES ("3119013", "652368", "Company");
INSERT INTO Company (Company_ID,Equity,Org_type) VALUES ("3119016", "47652", "Company");
INSERT INTO Company (Company_ID,Equity,Org_type) VALUES ("3119019", "112922", "Company");
INSERT INTO Company (Company_ID,Equity,Org_type) VALUES ("3119022", "88417", "Company");
INSERT INTO Company (Company_ID,Equity,Org_type) VALUES ("3119025", "596688", "Company");
INSERT INTO Company (Company_ID,Equity,Org_type) VALUES ("3119028", "234945", "Company");
INSERT INTO Company (Company_ID,Equity,Org_type) VALUES ("3119031", "630896", "Company");
INSERT INTO Company (Company_ID,Equity,Org_type) VALUES ("3119034", "359435", "Company");
INSERT INTO Company (Company_ID,Equity,Org_type) VALUES ("3119037", "129557", "Company");
INSERT INTO Company (Company_ID,Equity,Org_type) VALUES ("3119040", "623330", "Company");
INSERT INTO Company (Company_ID,Equity,Org_type) VALUES ("3119043", "180299", "Company");
INSERT INTO Company (Company_ID,Equity,Org_type) VALUES ("3119046", "67569", "Company");
INSERT INTO Company (Company_ID,Equity,Org_type) VALUES ("3119049", "294887", "Company");
INSERT INTO Research_Field (Field_ID,Name) VALUES ("1", "Physics");
INSERT INTO Research_Field (Field_ID,Name) VALUES ("2", "Chemistry");
INSERT INTO Research_Field (Field_ID,Name) VALUES ("3", "Humanities");
INSERT INTO Research_Field (Field_ID,Name) VALUES ("4", "Creative Arts");
INSERT INTO Research_Field (Field_ID,Name) VALUES ("5", "Engineering");
INSERT INTO Research_Field (Field_ID,Name) VALUES ("6", "Economics");
INSERT INTO Research_Field (Field_ID,Name) VALUES ("7", "Mathematics");
INSERT INTO Research_Field (Field_ID,Name) VALUES ("8", "Computer Science");
INSERT INTO Research_Field (Field_ID,Name) VALUES ("9", "Biology");
INSERT INTO Research_Field (Field_ID,Name) VALUES ("10", "Medical Sciences");
INSERT INTO Research_Field (Field_ID,Name) VALUES ("11", "Education");
INSERT INTO Research_Field (Field_ID,Name) VALUES ("12", "Religion");
INSERT INTO Work_to_be_Submitted (Title,Project_ID,Summary,Submission_Date) VALUES ("Για Εργοστασίου", "3119027", "Assumenda porro explicabo culpa.", "2020-12-26");
INSERT INTO Work_to_be_Submitted (Title,Project_ID,Summary,Submission_Date) VALUES ("Magni Placeat Ex", "3119006", "These what claim fish cold according close.", "2020-06-04");
INSERT INTO Work_to_be_Submitted (Title,Project_ID,Summary,Submission_Date) VALUES ("Καταλάθος Όταν", "3119014", "Άρα διακοπή εγώ εδώ χαρτιού τύπου.", "2023-12-03");
INSERT INTO Work_to_be_Submitted (Title,Project_ID,Summary,Submission_Date) VALUES ("Perferendis Itaque", "3119019", "Arrive job poor tough. Enough participant Republican long.", "2020-06-28");
INSERT INTO Work_to_be_Submitted (Title,Project_ID,Summary,Submission_Date) VALUES ("Απαρατήρητο Λοιπόν", "3119007", "Που αν άτομο περιβάλλον επί μέχρι τοπικές.", "2023-02-13");
INSERT INTO Work_to_be_Submitted (Title,Project_ID,Summary,Submission_Date) VALUES ("Can Stuff Local", "3119004", "Ωραίο κόψεις υψηλότερη κάτι εκτός.", "2022-03-06");
INSERT INTO Work_to_be_Submitted (Title,Project_ID,Summary,Submission_Date) VALUES ("Μην Ατόμου Μπουν", "3119035", "Nam ullam similique aliquam. Nobis pariatur quidem doloribus.", "2022-09-01");
INSERT INTO Work_to_be_Submitted (Title,Project_ID,Summary,Submission_Date) VALUES ("Corporis Ut Fugit", "3119037", "Χρησιμοποίησέ δοκιμάσεις το σαν γιαυτό προγραμματιστής μπορούσες.", "2020-09-12");
INSERT INTO Work_to_be_Submitted (Title,Project_ID,Summary,Submission_Date) VALUES ("Ταξινομεί", "3119039", "Δυστυχώς γραφικά εκτελείται ανά μαγικά σας. Κάτι παίρνει τον και τοπικές.", "2021-06-26");
INSERT INTO Work_to_be_Submitted (Title,Project_ID,Summary,Submission_Date) VALUES ("Σας Που Ατόμου", "3119009", "Εργασίας άρα νέα το παραπάνω δημιουργήσεις θέματα κόψεις.", "2022-05-08");
INSERT INTO Work_to_be_Submitted (Title,Project_ID,Summary,Submission_Date) VALUES ("Ανακλύψεις", "3119030", "Γραμμή αν περισσότερη είχαμε. Συγκεντρωμένοι οι τη.", "2023-01-15");
INSERT INTO Work_to_be_Submitted (Title,Project_ID,Summary,Submission_Date) VALUES ("Mrs Tough Certain", "3119014", "Με μας προγραμματιστής μια απαρατήρητο στη.", "2022-03-07");
INSERT INTO Work_to_be_Submitted (Title,Project_ID,Summary,Submission_Date) VALUES ("Λοιπόν Κώδικα", "3119010", "Certain activity condition already letter. Agree decade sea visit thus.", "2023-05-10");
INSERT INTO Work_to_be_Submitted (Title,Project_ID,Summary,Submission_Date) VALUES ("At TV Clear Land", "3119037", "Άρθρων αποστηθίσει αυτήν χρονοδιαγράμματα ερωτήσεις.", "2020-09-19");
INSERT INTO Work_to_be_Submitted (Title,Project_ID,Summary,Submission_Date) VALUES ("Laudantium Adipisci", "3119047", "Εξαρτάται βιβλίο τους.", "2022-06-15");
INSERT INTO Work_to_be_Submitted (Title,Project_ID,Summary,Submission_Date) VALUES ("A Dinner Cover", "3119028", "Για γραφικά ένας δούλευε λες.", "2020-02-29");
INSERT INTO Work_to_be_Submitted (Title,Project_ID,Summary,Submission_Date) VALUES ("Στέλνοντάς Θα Στη", "3119037", "Itaque voluptates architecto quasi inventore voluptate.", "2020-12-20");
INSERT INTO Work_to_be_Submitted (Title,Project_ID,Summary,Submission_Date) VALUES ("Εγώ Ήδη Σχεδιαστής", "3119009", "Account turn brother role experience above over.", "2020-10-04");
INSERT INTO Work_to_be_Submitted (Title,Project_ID,Summary,Submission_Date) VALUES ("Ex Nemo Veniam", "3119024", "Θέματα πόρτες όσο ανταγωνιστής.", "2022-12-12");
INSERT INTO Work_to_be_Submitted (Title,Project_ID,Summary,Submission_Date) VALUES ("Αντιλήφθηκαν Μαγικά", "3119006", "Neque cumque odit nostrum ducimus iste. Vitae laudantium odit repudiandae.", "2020-08-05");
INSERT INTO Work_to_be_Submitted (Title,Project_ID,Summary,Submission_Date) VALUES ("Επί Μέγιστη", "3119023", "Indicate wish your weight bank medical quickly name.", "2024-03-17");
INSERT INTO Work_to_be_Submitted (Title,Project_ID,Summary,Submission_Date) VALUES ("Στη Αποκλειστικούς", "3119028", "Μάθε διάσημα γνωρίζουμε θα ωραίο. Εδώ νέων περιβάλλοντος ότι στο.", "2020-01-12");
INSERT INTO Work_to_be_Submitted (Title,Project_ID,Summary,Submission_Date) VALUES ("Μα Προσπαθήσεις", "3119042", "Μα πηγαίου επενδυτής διαπιστώνεις ίδιο τύπους που βαθμό.", "2022-10-21");
INSERT INTO Work_to_be_Submitted (Title,Project_ID,Summary,Submission_Date) VALUES ("Similique Provident", "3119010", "Various sign success perform history.", "2024-02-03");
INSERT INTO Work_to_be_Submitted (Title,Project_ID,Summary,Submission_Date) VALUES ("Move Computer Fine", "3119004", "Autem officia ducimus aut esse. Earum amet aut distinctio laboriosam.", "2021-09-14");
INSERT INTO Work_to_be_Submitted (Title,Project_ID,Summary,Submission_Date) VALUES ("Dolore Quas Facere", "3119013", "Κανείς μάθε πολύ άρα πρόσληψη διολισθήσεις πλέον έτσι.", "2022-01-14");
INSERT INTO Work_to_be_Submitted (Title,Project_ID,Summary,Submission_Date) VALUES ("Sapiente Quaerat", "3119027", "Φίλος λοιπόν αθόρυβες δημιουργήσεις αλγόριθμου.", "2021-03-27");
INSERT INTO Work_to_be_Submitted (Title,Project_ID,Summary,Submission_Date) VALUES ("Pass Four", "3119023", "Δύο εργαζόμενοι σημαντικός ξέχασε διασφαλίζεται.", "2022-08-31");
INSERT INTO Work_to_be_Submitted (Title,Project_ID,Summary,Submission_Date) VALUES ("Non Inventore", "3119006", "Πιο ίδιο μια γνωρίζουμε. Φίλος δεν ροή ένας απαραίτητο μας εσωτερικών.", "2021-08-09");
INSERT INTO Work_to_be_Submitted (Title,Project_ID,Summary,Submission_Date) VALUES ("Χρησιμοποιούνταν", "3119002", "Πλέον περισσότερες κλπ πρώτο διορθώσει πήρε. Με διευθυντές είχαμε ποια.", "2022-02-25");
INSERT INTO Work_to_be_Submitted (Title,Project_ID,Summary,Submission_Date) VALUES ("Consequatur", "3119046", "Γειτονιάς τα εκτελέσεις ως των νέο δύο.", "2021-08-26");
INSERT INTO Work_to_be_Submitted (Title,Project_ID,Summary,Submission_Date) VALUES ("Experience Remain", "3119043", "Παίρνουν εφαρμογής μέρος στις στο κι.", "2021-10-04");
INSERT INTO Work_to_be_Submitted (Title,Project_ID,Summary,Submission_Date) VALUES ("Ea Culpa Quisquam", "3119005", "Σου εκτός δυστυχής άρθρων. Σας λετπά στις υόρκη έξι.", "2020-03-03");
INSERT INTO Work_to_be_Submitted (Title,Project_ID,Summary,Submission_Date) VALUES ("Commodi Nisi", "3119021", "Ναι χειρότερα δημιουργήσεις χαρακτηριστικό εργαλείων.", "2021-11-15");
INSERT INTO Work_to_be_Submitted (Title,Project_ID,Summary,Submission_Date) VALUES ("Adipisci Labore Qui", "3119045", "Voluptatem consequatur sequi.", "2021-11-07");
INSERT INTO Work_to_be_Submitted (Title,Project_ID,Summary,Submission_Date) VALUES ("Tax Congress Home", "3119044", "Απαραίτητο δυστυχής δωροδοκηθούν συγχρόνως περισσότερες και συνάδελφος.", "2021-05-29");
INSERT INTO Work_to_be_Submitted (Title,Project_ID,Summary,Submission_Date) VALUES ("Delectus Voluptates", "3119041", "Eligendi porro ratione corporis officiis. Provident debitis esse.", "2020-06-29");
INSERT INTO Work_to_be_Submitted (Title,Project_ID,Summary,Submission_Date) VALUES ("Possimus Voluptates", "3119043", "Recusandae impedit quas suscipit error quaerat eligendi.", "2020-12-15");
INSERT INTO Work_to_be_Submitted (Title,Project_ID,Summary,Submission_Date) VALUES ("Team Yeah North", "3119003", "Συνέχεια τους παράδειγμα διακοπής κανόνα. Λαμβάνουν κόψεις με δοκιμάσεις.", "2020-10-11");
INSERT INTO Work_to_be_Submitted (Title,Project_ID,Summary,Submission_Date) VALUES ("Illo Excepturi", "3119010", "Service should computer without push even.", "2024-01-15");
INSERT INTO Work_to_be_Submitted (Title,Project_ID,Summary,Submission_Date) VALUES ("Young Much Beat May", "3119045", "Ad at expedita amet quos. Facere odit fuga magni odio modi sequi.", "2020-09-16");
INSERT INTO Work_to_be_Submitted (Title,Project_ID,Summary,Submission_Date) VALUES ("Quisquam Alias", "3119029", "Voluptatem nam cupiditate magnam dignissimos quis at.", "2021-05-30");
INSERT INTO Work_to_be_Submitted (Title,Project_ID,Summary,Submission_Date) VALUES ("Ήδη Τους Ελέγχου", "3119025", "Argue build threat trouble college outside.", "2020-11-25");
INSERT INTO Work_to_be_Submitted (Title,Project_ID,Summary,Submission_Date) VALUES ("Γνωστή Διορθώσεις", "3119021", "Συγγραφής σίγουρος τελειώσει αρέσει αν.", "2021-11-16");
INSERT INTO Work_to_be_Submitted (Title,Project_ID,Summary,Submission_Date) VALUES ("Προσπαθούν Οι Πολύ", "3119011", "Να επιδιορθώσεις διοικητικό. Στο πάρα στήλες περισσότερες προσλάμβανες.", "2021-06-10");
INSERT INTO Work_to_be_Submitted (Title,Project_ID,Summary,Submission_Date) VALUES ("Μας Απαράδεκτη", "3119001", "Θα εξοργιστικά δύο κρατάει προσεκτικά ας. Σε την πάντα υποψήφιο πιο.", "2020-08-17");
INSERT INTO Work_to_be_Submitted (Title,Project_ID,Summary,Submission_Date) VALUES ("Ατόμου Πλέον", "3119002", "Πιο μου εκτός οι εργαζόμενων πάντως συγχρόνως.", "2021-07-03");
INSERT INTO Work_to_be_Submitted (Title,Project_ID,Summary,Submission_Date) VALUES ("Χειρότερα Ύψος", "3119039", "Ναι τελειώσει εκδόσεις πως. Εξαρτάται τον εξαρτάται ελέγχου.", "2022-03-14");
INSERT INTO Work_to_be_Submitted (Title,Project_ID,Summary,Submission_Date) VALUES ("Χρησιμοποίησέ Ένας", "3119005", "Σχεδιαστής μέχρι επενδυτής να περισσότερη.", "2022-05-01");
INSERT INTO Work_to_be_Submitted (Title,Project_ID,Summary,Submission_Date) VALUES ("Others President", "3119022", "Any seven senior power agreement bit summer.", "2021-01-27");
INSERT INTO Work_to_be_Submitted (Title,Project_ID,Summary,Submission_Date) VALUES ("Ήδη Πάρα", "3119012", "Πάντως έγραψες με δωροδοκηθούν εδώ.", "2023-02-13");
INSERT INTO Work_to_be_Submitted (Title,Project_ID,Summary,Submission_Date) VALUES ("Υόρκη Έξι Μέσης Έξι", "3119039", "Δίνοντας γέλασαν άπειρα τους δωροδοκηθούν.", "2021-06-10");
INSERT INTO Work_to_be_Submitted (Title,Project_ID,Summary,Submission_Date) VALUES ("Odit Ratione", "3119020", "Αρέσει ώρα εργοστασίου όχι μέγιστη χώρου εκθέσεις.", "2024-07-21");
INSERT INTO Work_to_be_Submitted (Title,Project_ID,Summary,Submission_Date) VALUES ("Δε Ήδη Τρέξει Στη", "3119049", "Ήδη μου μια τέλειοι οι κάτι λίγο.", "2021-06-19");
INSERT INTO Work_to_be_Submitted (Title,Project_ID,Summary,Submission_Date) VALUES ("Reprehenderit Autem", "3119040", "Πάντως ευκολότερο βγήκε έλεγχος τους ναι από βουτήξουν.", "2022-12-19");
INSERT INTO Work_to_be_Submitted (Title,Project_ID,Summary,Submission_Date) VALUES ("Χρησιμοποιώντας Εγώ", "3119002", "Συνάδελφος χαρακτηριστικό ο εκτελέσει παίρνουν τύπου δε.", "2022-05-20");
INSERT INTO Work_to_be_Submitted (Title,Project_ID,Summary,Submission_Date) VALUES ("Υπηρεσία Καλύτερο", "3119022", "Γεγονός άρα του εργάστηκε σαν δύο βιαστικά.", "2021-06-13");
INSERT INTO Work_to_be_Submitted (Title,Project_ID,Summary,Submission_Date) VALUES ("Laboriosam", "3119033", "Voluptates assumenda occaecati eum porro corrupti perferendis.", "2022-11-30");
INSERT INTO Work_to_be_Submitted (Title,Project_ID,Summary,Submission_Date) VALUES ("Ημέρα Σπίτι Μέσης", "3119012", "Ποια γιαυτό εφαμοργής διευθυντές περιβάλλοντος. Μαγικά χώρου έγραψες.", "2024-08-22");
INSERT INTO Work_to_be_Submitted (Title,Project_ID,Summary,Submission_Date) VALUES ("Crime Case Tree One", "3119010", "Corporis reprehenderit quis nemo.", "2022-03-03");
INSERT INTO Work_to_be_Submitted (Title,Project_ID,Summary,Submission_Date) VALUES ("Voluptas Voluptatum", "3119010", "Neque iusto quam id maxime ut. In ad quos provident ducimus.", "2022-08-04");
INSERT INTO Work_to_be_Submitted (Title,Project_ID,Summary,Submission_Date) VALUES ("Άλγεβρα Φακέλους", "3119010", "Των πολύ υόρκη τεκμηριώνει γραφικά έχω.", "2023-02-20");
INSERT INTO Work_to_be_Submitted (Title,Project_ID,Summary,Submission_Date) VALUES ("Σημαντικό Σου Ίδιο", "3119006", "Κανόνα ωραίο διορθώσει δούλευε δημιουργήσεις στα νέων.", "2022-05-14");
INSERT INTO Work_to_be_Submitted (Title,Project_ID,Summary,Submission_Date) VALUES ("Παίρνουν Από", "3119039", "Παραδοτέου γραμμή τι στα ταξινομεί εργοστασίου δε υψηλότερη.", "2022-06-22");
INSERT INTO Work_to_be_Submitted (Title,Project_ID,Summary,Submission_Date) VALUES ("Αφήσεις Αυτός", "3119030", "Πετάξαμε συνεχώς πετούν. Δύο πάντα πρόσληψη και επιστρέφουν τρόποι.", "2023-02-14");
INSERT INTO Work_to_be_Submitted (Title,Project_ID,Summary,Submission_Date) VALUES ("Ας Πιο Σας Άρα Της", "3119037", "Vel laudantium quae beatae minus.", "2020-08-16");
INSERT INTO Work_to_be_Submitted (Title,Project_ID,Summary,Submission_Date) VALUES ("Χρονοδιαγράμματα", "3119004", "Corporis illo aliquid nam dicta velit impedit illo.", "2021-02-25");
INSERT INTO Work_to_be_Submitted (Title,Project_ID,Summary,Submission_Date) VALUES ("Συνεχώς", "3119043", "Ποια ποια πως τεκμηριώνει θα από. Στο τρόπο ευκολότερο κι κόψεις.", "2020-09-24");
INSERT INTO Work_to_be_Submitted (Title,Project_ID,Summary,Submission_Date) VALUES ("Ξέχασε Γραμμής", "3119004", "Εξοργιστικά έρθει ανά εξοργιστικά παίρνει.", "2021-04-23");
INSERT INTO Work_to_be_Submitted (Title,Project_ID,Summary,Submission_Date) VALUES ("Εκδόσεις Διάβασε", "3119033", "Vel in esse voluptas distinctio.", "2023-09-05");
INSERT INTO Work_to_be_Submitted (Title,Project_ID,Summary,Submission_Date) VALUES ("Sister Author Staff", "3119009", "Rerum deleniti iusto doloremque commodi esse dignissimos.", "2021-08-19");
INSERT INTO Work_to_be_Submitted (Title,Project_ID,Summary,Submission_Date) VALUES ("Κύκλο Συγχρόνως", "3119000", "Περιμένουν έτσι γραμμή έτσι παραγωγικής. Άρα δυστυχώς μέχρι δε.", "2023-02-01");
INSERT INTO Work_to_be_Submitted (Title,Project_ID,Summary,Submission_Date) VALUES ("Iusto Quam Fuga", "3119033", "Νόμιζες καταλάθος λετπά εφαμοργής. Χειρότερα των τύπους.", "2023-02-27");
INSERT INTO Work_to_be_Submitted (Title,Project_ID,Summary,Submission_Date) VALUES ("Voluptatibus", "3119012", "Εδώ νέο τύπου προσεκτικά.", "2024-05-05");
INSERT INTO Work_to_be_Submitted (Title,Project_ID,Summary,Submission_Date) VALUES ("Παίρνει Έχω Άρθρων", "3119018", "Ask popular price suddenly unit present.", "2022-02-03");
INSERT INTO Work_to_be_Submitted (Title,Project_ID,Summary,Submission_Date) VALUES ("Dolores Officiis", "3119030", "Δείξει ημέρα παράγοντες μετράει που σας μην έγραψες.", "2022-06-10");
INSERT INTO Work_to_be_Submitted (Title,Project_ID,Summary,Submission_Date) VALUES ("Sint Deleniti", "3119001", "Αρέσει λετπά δε γραμμή. Έχω σημεία τις τύπους.", "2020-12-25");
INSERT INTO Work_to_be_Submitted (Title,Project_ID,Summary,Submission_Date) VALUES ("Pariatur Ipsum Quas", "3119034", "Doloribus temporibus magni harum debitis ab.", "2021-07-10");
INSERT INTO Work_to_be_Submitted (Title,Project_ID,Summary,Submission_Date) VALUES ("Εργαζόμενοι Τα", "3119035", "Blanditiis facere nesciunt inventore. Eos deserunt error.", "2022-03-03");
INSERT INTO Work_to_be_Submitted (Title,Project_ID,Summary,Submission_Date) VALUES ("Γραμμής Κάτι Ημέρα", "3119030", "Πάντα κανείς συνεχώς πλέον. Δε θέμα ανακλύψεις συνεντεύξεις.", "2022-03-11");
INSERT INTO Work_to_be_Submitted (Title,Project_ID,Summary,Submission_Date) VALUES ("Ίδιο Δύο Τον Μιας", "3119033", "Κόψεις σου κι περιβάλλοντος σε. Ερώτηση επί περιμένουν θέμα ίδιο.", "2022-02-06");
INSERT INTO Work_to_be_Submitted (Title,Project_ID,Summary,Submission_Date) VALUES ("Σταματάς Των Εκτός", "3119034", "Αποφάσισε μας εδώ μέσης ένα νέο πάντως. Εκτελέσει χώρου κι γραμμές των.", "2021-12-08");
INSERT INTO Work_to_be_Submitted (Title,Project_ID,Summary,Submission_Date) VALUES ("Γραμμή Κανείς Ας", "3119029", "Maiores inventore accusantium vitae iure repellat quis.", "2020-12-29");
INSERT INTO Work_to_be_Submitted (Title,Project_ID,Summary,Submission_Date) VALUES ("Απαράδεκτη Κάτι", "3119038", "Ready television attorney recent agree. Collection major be city.", "2022-07-13");
INSERT INTO Work_to_be_Submitted (Title,Project_ID,Summary,Submission_Date) VALUES ("Out Guy Leader", "3119010", "Amet quod reprehenderit dolorum laborum. Similique aut in.", "2022-11-20");
INSERT INTO Work_to_be_Submitted (Title,Project_ID,Summary,Submission_Date) VALUES ("Aliquid Nam Dolores", "3119031", "Να το ως μια σου. Βρίσκονται συγχωνευτεί στη.", "2022-06-01");
INSERT INTO Work_to_be_Submitted (Title,Project_ID,Summary,Submission_Date) VALUES ("Sapiente Tempora", "3119025", "Κι αρχεία διάβασε εκτελείται και έτσι. Πολύ ποια σας όχι κύκλο τους τα.", "2021-04-28");
INSERT INTO Work_to_be_Submitted (Title,Project_ID,Summary,Submission_Date) VALUES ("Ullam Tenetur Dolor", "3119033", "Tv billion read dog seem sport. Serve this go before everyone specific.", "2022-01-13");
INSERT INTO Work_to_be_Submitted (Title,Project_ID,Summary,Submission_Date) VALUES ("Hold With Mrs Media", "3119014", "Ελέγχου αποδείξεις κι άτομο οι διορθώσεις με.", "2023-11-13");
INSERT INTO Work_to_be_Submitted (Title,Project_ID,Summary,Submission_Date) VALUES ("Τι Διακοπή Κι", "3119048", "Customer environmental skin poor alone according.", "2020-05-14");
INSERT INTO Work_to_be_Submitted (Title,Project_ID,Summary,Submission_Date) VALUES ("Εγώ Έχω Δεν Πάρεις", "3119002", "Αρχεία συνεντεύξεις αθόρυβες προσοχή ταξινομεί.", "2021-01-04");
INSERT INTO Work_to_be_Submitted (Title,Project_ID,Summary,Submission_Date) VALUES ("Fugit Nesciunt", "3119029", "Πήρε ζητήσεις τελειώσει. Ήδη ας παράδειγμα χρησιμοποιώντας πάντα.", "2021-03-02");
INSERT INTO Work_to_be_Submitted (Title,Project_ID,Summary,Submission_Date) VALUES ("Respond Heart After", "3119018", "Scientist study case same suffer yard performance leader.", "2021-01-28");
INSERT INTO Work_to_be_Submitted (Title,Project_ID,Summary,Submission_Date) VALUES ("Από Πως Λέει Μη Κι", "3119036", "Αποδείξεις φίλος τύπους αποθηκευτικού των εικόνες καλύτερο.", "2021-11-27");
INSERT INTO Work_to_be_Submitted (Title,Project_ID,Summary,Submission_Date) VALUES ("Eos Possimus", "3119033", "Άρα ροή κανείς θέματα. Σου εκτελέσει έξι το εξακολουθεί.", "2022-12-04");
INSERT INTO Work_to_be_Submitted (Title,Project_ID,Summary,Submission_Date) VALUES ("Odio Debitis Iure", "3119032", "Quia magni culpa. Sequi reprehenderit itaque perspiciatis.", "2021-10-31");
INSERT INTO Work_to_be_Submitted (Title,Project_ID,Summary,Submission_Date) VALUES ("Ωραίο Περιμένουν", "3119034", "Για που διακόψουμε εξακολουθεί εκτελείται.", "2021-03-04");
INSERT INTO Work_to_be_Submitted (Title,Project_ID,Summary,Submission_Date) VALUES ("Απαραίτητο Τον", "3119008", "Aspernatur reiciendis laudantium quas veniam. Fuga nulla optio illum.", "2023-06-21");
INSERT INTO Work_to_be_Submitted (Title,Project_ID,Summary,Submission_Date) VALUES ("Περίπου Ας Εργασίας", "3119024", "Est molestias aliquam eveniet dolorem ut. Culpa a id laudantium velit.", "2022-10-09");
INSERT INTO Work_to_be_Submitted (Title,Project_ID,Summary,Submission_Date) VALUES ("Doloremque Ipsa", "3119010", "Τα οι κι μη. Ορίστε αρπάζεις αγοράζοντας σας.", "2022-10-28");
INSERT INTO Work_to_be_Submitted (Title,Project_ID,Summary,Submission_Date) VALUES ("Θέλεις Μπορούσες", "3119007", "Maxime corrupti cupiditate quam. Sit aut possimus.", "2023-12-15");
INSERT INTO Work_to_be_Submitted (Title,Project_ID,Summary,Submission_Date) VALUES ("Διοικητικό Αν", "3119049", "Repellendus cumque fugiat impedit occaecati.", "2021-04-30");
INSERT INTO Work_to_be_Submitted (Title,Project_ID,Summary,Submission_Date) VALUES ("Μετράει", "3119012", "Έστειλε εκτελέσει έχω πρώτοι εδώ.", "2024-07-03");
INSERT INTO Work_to_be_Submitted (Title,Project_ID,Summary,Submission_Date) VALUES ("Εργαλείων Ειδικά Ο", "3119021", "Πολύ προσλάμβανες πρώτης επιστρέφουν οι.", "2021-08-13");
INSERT INTO Work_to_be_Submitted (Title,Project_ID,Summary,Submission_Date) VALUES ("Θα Μην Προϊόντα", "3119028", "Before science red environment.", "2020-06-06");
INSERT INTO Work_to_be_Submitted (Title,Project_ID,Summary,Submission_Date) VALUES ("Ipsum Cumque Error", "3119035", "Care blood result work. Mean toward party capital effort.", "2023-07-09");
INSERT INTO Work_to_be_Submitted (Title,Project_ID,Summary,Submission_Date) VALUES ("Μου Άτομο", "3119001", "Χρονοδιαγράμματος διοικητικό διακοπή περιβάλλοντος.", "2020-08-18");
INSERT INTO Work_to_be_Submitted (Title,Project_ID,Summary,Submission_Date) VALUES ("Fish Push Truth", "3119019", "Έτσι ωραίο μεταφραστής εκτελείται δύο προσεκτικά.", "2021-04-28");
INSERT INTO Work_to_be_Submitted (Title,Project_ID,Summary,Submission_Date) VALUES ("Ad Optio Aliquam", "3119047", "Represent factor third own help card remain.", "2023-01-28");
INSERT INTO Work_to_be_Submitted (Title,Project_ID,Summary,Submission_Date) VALUES ("Animi Animi Numquam", "3119038", "Δύο όταν πιο μέχρι τρέξει προγραμματιστής στέλνοντάς.", "2021-12-10");
INSERT INTO Work_to_be_Submitted (Title,Project_ID,Summary,Submission_Date) VALUES ("Χώρου Τύπους", "3119047", "Ullam deleniti pariatur consequuntur. Tempora quaerat ducimus aut.", "2022-08-24");
INSERT INTO Work_to_be_Submitted (Title,Project_ID,Summary,Submission_Date) VALUES ("Call Party Avoid", "3119006", "Id similique cupiditate laudantium culpa temporibus.", "2021-03-25");
INSERT INTO Work_to_be_Submitted (Title,Project_ID,Summary,Submission_Date) VALUES ("Κρατήσουν Μέχρι Επί", "3119048", "Ίδιο συγχωνευτεί αγοράζοντας έχω δυστυχής εκτελέσει ένα.", "2022-03-21");
INSERT INTO Work_to_be_Submitted (Title,Project_ID,Summary,Submission_Date) VALUES ("Role Stuff Use", "3119024", "Maxime fugiat provident. Qui libero aliquid nam commodi minima.", "2021-10-17");
INSERT INTO Work_to_be_Submitted (Title,Project_ID,Summary,Submission_Date) VALUES ("Ανταγωνιστής Όχι Οι", "3119028", "Laborum earum impedit doloremque sunt.", "2019-12-26");
INSERT INTO Work_to_be_Submitted (Title,Project_ID,Summary,Submission_Date) VALUES ("Άτομο Πετούν", "3119040", "Ως προκύπτουν δε διολισθήσεις έλεγχος ερώτηση μέγιστη ορίστε.", "2023-06-19");
INSERT INTO Work_to_be_Submitted (Title,Project_ID,Summary,Submission_Date) VALUES ("Praesentium Enim", "3119048", "Και πηγαίου μάλλον εκτός και σημαντικό έστειλε. Ανακλύψεις ένας σε για.", "2021-06-14");
INSERT INTO Work_to_be_Submitted (Title,Project_ID,Summary,Submission_Date) VALUES ("Κοιτάζοντας", "3119016", "Πρόσληψη καταλάθος και της. Μη ανταγωνιστής μάλλον ανά την όσο.", "2021-07-19");
INSERT INTO Work_to_be_Submitted (Title,Project_ID,Summary,Submission_Date) VALUES ("Σημαντικός", "3119035", "Dolore soluta temporibus blanditiis asperiores.", "2021-08-18");
INSERT INTO Work_to_be_Submitted (Title,Project_ID,Summary,Submission_Date) VALUES ("Το Συγγραφής Χάος", "3119027", "Five office they within. Move east prevent. Someone tree partner citizen.", "2022-03-10");
INSERT INTO Work_to_be_Submitted (Title,Project_ID,Summary,Submission_Date) VALUES ("Argue Know Food", "3119012", "Facilis quibusdam natus rem praesentium alias eaque.", "2023-02-23");
INSERT INTO Work_to_be_Submitted (Title,Project_ID,Summary,Submission_Date) VALUES ("Εκτός Για Και", "3119023", "Θα έχω σημεία έτσι εσωτερικών.", "2023-05-12");
INSERT INTO Work_to_be_Submitted (Title,Project_ID,Summary,Submission_Date) VALUES ("Θα Το Διαφήμιση Ας", "3119010", "Έγραψες ας χρόνου χαρτιού προγραμματιστής.", "2024-01-01");
INSERT INTO Work_to_be_Submitted (Title,Project_ID,Summary,Submission_Date) VALUES ("Stop Fine Option", "3119005", "Molestias ipsa sit esse labore laudantium eum.", "2022-04-05");
INSERT INTO Work_to_be_Submitted (Title,Project_ID,Summary,Submission_Date) VALUES ("American Forward", "3119044", "Της ανά βγήκε για βρίσκονται γραμμή φράση σε.", "2022-01-10");
INSERT INTO Work_to_be_Submitted (Title,Project_ID,Summary,Submission_Date) VALUES ("Σας Πάρεις Απόλαυσε", "3119035", "Θέμα συνέχεια βιαστικά ευκολότερο ως. Δούλευε απίστευτα πηγαίου εφαρμογή.", "2023-03-02");
INSERT INTO Work_to_be_Submitted (Title,Project_ID,Summary,Submission_Date) VALUES ("Green Article", "3119021", "Εταιρείες ο πεδία έχω. Την ερωτήσεις εφαμοργής. Να ανεπιθύμητη συνεχώς.", "2020-11-20");
INSERT INTO Work_to_be_Submitted (Title,Project_ID,Summary,Submission_Date) VALUES ("Πες Έτσι Προϊόντα", "3119000", "Hair agree wall off. Tonight lawyer coach send ahead dog sing.", "2023-06-06");
INSERT INTO Work_to_be_Submitted (Title,Project_ID,Summary,Submission_Date) VALUES ("Perferendis", "3119029", "Παραδοτέου να έχω στο. Όταν απλό συνηθίζουν μου πετάνε.", "2022-05-10");
INSERT INTO Work_to_be_Submitted (Title,Project_ID,Summary,Submission_Date) VALUES ("Έστελνε Απαράδεκτη", "3119031", "Amet atque architecto tempore occaecati eum.", "2021-08-24");
INSERT INTO Work_to_be_Submitted (Title,Project_ID,Summary,Submission_Date) VALUES ("Προσπαθήσεις", "3119007", "Μας είχαμε τους στο. Σωστά περιβάλλον έτοιμος φαινόμενο κάνεις.", "2021-09-03");
INSERT INTO Work_to_be_Submitted (Title,Project_ID,Summary,Submission_Date) VALUES ("Χάος Ναι Προσθέσει", "3119041", "Excepturi cumque ratione nulla non consequatur illum.", "2021-06-18");
INSERT INTO Work_to_be_Submitted (Title,Project_ID,Summary,Submission_Date) VALUES ("Διακόψουμε Όχι", "3119015", "Τύπους ατόμου λετπά περιμένουν αποκλειστικούς προσοχή.", "2022-11-13");
INSERT INTO Work_to_be_Submitted (Title,Project_ID,Summary,Submission_Date) VALUES ("Dolor Libero", "3119016", "Κι εκδόσεις γεγονός συγχρόνως ήδη αν στα μετρήσεις.", "2022-03-17");
INSERT INTO Work_to_be_Submitted (Title,Project_ID,Summary,Submission_Date) VALUES ("Know Particular", "3119021", "Minus soluta possimus voluptates.", "2020-08-21");
INSERT INTO Work_to_be_Submitted (Title,Project_ID,Summary,Submission_Date) VALUES ("Finally Production", "3119017", "Κοιτάζοντας γειτονιάς υψηλότερη παραδοτέου αν έτσι προσπαθούν επιδιόρθωση.", "2021-06-21");
INSERT INTO Work_to_be_Submitted (Title,Project_ID,Summary,Submission_Date) VALUES ("Ως Ώρα Σίγουρος Τις", "3119034", "Nemo magni tempore nobis eveniet fugit. Unde nisi soluta.", "2021-08-09");
INSERT INTO Work_to_be_Submitted (Title,Project_ID,Summary,Submission_Date) VALUES ("Incidunt Eius Omnis", "3119014", "Full back general sit probably. Information page good hit.", "2024-01-04");
INSERT INTO Work_to_be_Submitted (Title,Project_ID,Summary,Submission_Date) VALUES ("Quae Accusamus Quia", "3119034", "Δείξει προσπαθήσεις κρατάει από σπίτι.", "2021-06-25");
INSERT INTO Work_to_be_Submitted (Title,Project_ID,Summary,Submission_Date) VALUES ("Συγχωνευτεί Θυμάμαι", "3119020", "Μη στο ίδιο απομόνωση.", "2025-04-15");
INSERT INTO Work_to_be_Submitted (Title,Project_ID,Summary,Submission_Date) VALUES ("Yet Build Treatment", "3119018", "Quam laboriosam iure iste excepturi hic distinctio.", "2020-08-04");
INSERT INTO Work_to_be_Submitted (Title,Project_ID,Summary,Submission_Date) VALUES ("Στα Για Δίνοντας", "3119043", "Των ήδη μαγικά του διευθυντές εντολές.", "2021-09-17");
INSERT INTO Work_to_be_Submitted (Title,Project_ID,Summary,Submission_Date) VALUES ("Ευκολότερο Βάζοντας", "3119024", "Autem libero odio inventore esse velit. Laborum nihil sit sunt illo ab.", "2023-11-05");
INSERT INTO Work_to_be_Submitted (Title,Project_ID,Summary,Submission_Date) VALUES ("Διαφήμιση Την", "3119012", "Έτοιμος δυστυχώς άτομο σημαντικός.", "2024-04-13");
INSERT INTO Work_to_be_Submitted (Title,Project_ID,Summary,Submission_Date) VALUES ("Quasi Ullam Sunt Ab", "3119049", "Ίδιο χρησιμοποιούνταν έχω ποια συγχωνευτεί. Να πλέον ένας πάντως.", "2022-11-25");
INSERT INTO Work_to_be_Submitted (Title,Project_ID,Summary,Submission_Date) VALUES ("Guess Gas Quite Dog", "3119012", "Σωστά στη στο μετρήσεις μέσης τελειώσει μέχρι.", "2022-06-01");
INSERT INTO Work_to_be_Submitted (Title,Project_ID,Summary,Submission_Date) VALUES ("Αποφάσισε Πακέτων", "3119042", "Έρθει επιδιορθώσεις σου δημιουργια διαχειριστής.", "2023-02-05");
INSERT INTO Work_to_be_Submitted (Title,Project_ID,Summary,Submission_Date) VALUES ("Να Τις Μέχρι", "3119009", "Stop fill let run. His food policy campaign student.", "2022-04-19");
INSERT INTO Work_to_be_Submitted (Title,Project_ID,Summary,Submission_Date) VALUES ("Vel Quos Eius Alias", "3119016", "Δοκιμάσεις τους μαγικά ρωτάει λιγότερο.", "2020-09-12");
INSERT INTO Work_to_be_Submitted (Title,Project_ID,Summary,Submission_Date) VALUES ("Ταξινομεί Ανά", "3119032", "Απίστευτα νέων ότι παραδώσεις λιγότερο.", "2022-06-13");
INSERT INTO Work_to_be_Submitted (Title,Project_ID,Summary,Submission_Date) VALUES ("Rerum Sit Qui Non", "3119013", "Περισσότερες κόλπα κόλπα εργαζόμενοι το διακοπής.", "2022-03-15");
INSERT INTO Work_to_be_Submitted (Title,Project_ID,Summary,Submission_Date) VALUES ("Laboriosam", "3119000", "Dolore dolorum pariatur a quidem aspernatur.", "2023-11-09");
INSERT INTO Work_to_be_Submitted (Title,Project_ID,Summary,Submission_Date) VALUES ("Possible Customer", "3119048", "Action child glass friend each themselves. Action start same miss here.", "2021-01-21");
INSERT INTO Work_to_be_Submitted (Title,Project_ID,Summary,Submission_Date) VALUES ("Κόλπα Αναφορά", "3119046", "Exercitationem voluptate repellendus sunt nobis ea eligendi.", "2021-12-04");
INSERT INTO Work_to_be_Submitted (Title,Project_ID,Summary,Submission_Date) VALUES ("Ρωτάει Μαγικά", "3119003", "Καταλάθος μια τεκμηριώνει πεδία. Προσοχή μερικούς πηγαίου αγοράζοντας.", "2022-07-03");
INSERT INTO Work_to_be_Submitted (Title,Project_ID,Summary,Submission_Date) VALUES ("Τρόποι Απομόνωση", "3119019", "Αν ένα γεγονός δυστυχής. Σας πάντως πως περισσότερη.", "2020-09-01");
INSERT INTO Work_to_be_Submitted (Title,Project_ID,Summary,Submission_Date) VALUES ("Author About", "3119032", "Χρησιμοποιώντας έτσι στη απομόνωση φαινόμενο λιγότερο πλέον.", "2022-01-23");
INSERT INTO Work_to_be_Submitted (Title,Project_ID,Summary,Submission_Date) VALUES ("Σαν Συγγραφείς Πιο", "3119015", "Ανώδυνη διορθώσει σου ίδιο πακέτων πάντα μην.", "2021-06-30");
INSERT INTO Work_to_be_Submitted (Title,Project_ID,Summary,Submission_Date) VALUES ("Αν Ερωτήσεις", "3119018", "Όσο μας χαρακτηριστικό απόλαυσε. Μαγικά θυμάμαι τον έρθει σε μια.", "2021-08-22");
INSERT INTO Work_to_be_Submitted (Title,Project_ID,Summary,Submission_Date) VALUES ("Identify Action Kid", "3119013", "Dolores odio aperiam quibusdam. Voluptates enim ducimus maxime.", "2021-07-30");
INSERT INTO Work_to_be_Submitted (Title,Project_ID,Summary,Submission_Date) VALUES ("Put Enter Win", "3119040", "Τη εργαζόμενοι σημαντικός θέματα δύο. Δεν παράδειγμα ίδιο όταν σημαντικό.", "2024-05-08");
INSERT INTO Work_to_be_Submitted (Title,Project_ID,Summary,Submission_Date) VALUES ("Διορθώσεις", "3119011", "Autem laboriosam quos in explicabo. Quibusdam ex veniam voluptatem.", "2022-12-08");
INSERT INTO Work_to_be_Submitted (Title,Project_ID,Summary,Submission_Date) VALUES ("Συγκεντρωμένοι Ήδη", "3119039", "Έχω που μέσης ας στήλες μηχανής έτσι βουτήξουν.", "2022-09-23");
INSERT INTO Work_to_be_Submitted (Title,Project_ID,Summary,Submission_Date) VALUES ("Πάρα Συγκεντρωμένοι", "3119025", "In occaecati mollitia ut neque veniam laudantium.", "2021-01-11");
INSERT INTO Work_to_be_Submitted (Title,Project_ID,Summary,Submission_Date) VALUES ("Odit A Quibusdam", "3119001", "May discussion economic perform store level hotel.", "2021-09-07");
INSERT INTO Work_to_be_Submitted (Title,Project_ID,Summary,Submission_Date) VALUES ("Dignissimos Minus", "3119006", "Εφαρμογής γραμμές κρατήσουν εδώ όσο λες τύπους.", "2020-07-09");
INSERT INTO Work_to_be_Submitted (Title,Project_ID,Summary,Submission_Date) VALUES ("Amet Ratione Vero", "3119042", "Θέλεις δεν φίλος ερώτηση διορθώσει λαμβάνουν ένα.", "2024-02-08");
INSERT INTO Work_to_be_Submitted (Title,Project_ID,Summary,Submission_Date) VALUES ("Plan Bar Pressure", "3119038", "Χάος περιεχόμενα διολισθήσεις πάντα αποδείξεις την δε.", "2022-01-05");
INSERT INTO Work_to_be_Submitted (Title,Project_ID,Summary,Submission_Date) VALUES ("Παραδώσεις Φράση", "3119014", "Excepturi blanditiis est consectetur odio blanditiis iure.", "2023-06-06");
INSERT INTO Work_to_be_Submitted (Title,Project_ID,Summary,Submission_Date) VALUES ("Nesciunt Soluta", "3119035", "Κύκλο τον άπειρα εσωτερικών ότι πιο όχι μην.", "2021-02-12");
INSERT INTO Work_to_be_Submitted (Title,Project_ID,Summary,Submission_Date) VALUES ("Εκείνου", "3119046", "Απαρατήρητο διαφήμιση τέλειοι δούλευε έξι της διαφήμιση.", "2022-05-31");
INSERT INTO Work_to_be_Submitted (Title,Project_ID,Summary,Submission_Date) VALUES ("Την Πετούν Πάντως", "3119026", "Εγώ σταματάς προϊόντα ανεπιθύμητη μεταγλωτιστής ένας πάντως.", "2022-08-19");
INSERT INTO Work_to_be_Submitted (Title,Project_ID,Summary,Submission_Date) VALUES ("Βουτήξουν", "3119017", "Earum praesentium maxime odio voluptatum.", "2021-07-18");
INSERT INTO Work_to_be_Submitted (Title,Project_ID,Summary,Submission_Date) VALUES ("Χαρτιού Των Ήδη Των", "3119015", "Eaque vero voluptates voluptatum praesentium.", "2021-11-09");
INSERT INTO Work_to_be_Submitted (Title,Project_ID,Summary,Submission_Date) VALUES ("Sapiente Atque", "3119013", "Προβληματική έστειλε αποφάσισε ποσοστό δημιουργείς εγώ τα.", "2021-09-21");
INSERT INTO Work_to_be_Submitted (Title,Project_ID,Summary,Submission_Date) VALUES ("Μα Έτοιμος", "3119020", "Θα τεσσαρών λαμβάνουν πάρα γεύματος.", "2025-07-30");
INSERT INTO Work_to_be_Submitted (Title,Project_ID,Summary,Submission_Date) VALUES ("Νέων Περίπου Που", "3119047", "Maxime excepturi nulla.", "2021-05-22");
INSERT INTO Work_to_be_Submitted (Title,Project_ID,Summary,Submission_Date) VALUES ("Ο Θέμα Καλύτερο Έξι", "3119036", "Quam impedit dolores suscipit ipsa corporis.", "2021-11-20");
INSERT INTO Work_to_be_Submitted (Title,Project_ID,Summary,Submission_Date) VALUES ("Long Ground Him", "3119006", "Σκεφτείς εικόνες τα αποδείξεις σταματάς.", "2020-06-02");
INSERT INTO Work_to_be_Submitted (Title,Project_ID,Summary,Submission_Date) VALUES ("Ίδιο Παράδειγμα", "3119033", "Ab eum numquam nemo. Cupiditate magnam consequatur voluptas consectetur.", "2023-05-06");
INSERT INTO Work_to_be_Submitted (Title,Project_ID,Summary,Submission_Date) VALUES ("Μην Σου Ποια", "3119025", "Quo blanditiis facilis expedita atque.", "2021-04-14");
INSERT INTO Work_to_be_Submitted (Title,Project_ID,Summary,Submission_Date) VALUES ("Dolores Voluptatem", "3119048", "Sunt accusantium corrupti natus aperiam velit. Ad possimus in enim.", "2022-06-21");
INSERT INTO Work_to_be_Submitted (Title,Project_ID,Summary,Submission_Date) VALUES ("Dolorum Deleniti", "3119021", "Accusamus eius repellat cum sed exercitationem velit.", "2022-01-07");
INSERT INTO Work_to_be_Submitted (Title,Project_ID,Summary,Submission_Date) VALUES ("Aperiam Earum", "3119022", "Odit expedita eligendi maiores perferendis necessitatibus facilis.", "2022-10-22");
INSERT INTO Work_to_be_Submitted (Title,Project_ID,Summary,Submission_Date) VALUES ("Του Εταιρείες", "3119008", "Εντολές απομόνωση το επιστρέφουν μα απομόνωση ναι.", "2022-08-19");
INSERT INTO Work_to_be_Submitted (Title,Project_ID,Summary,Submission_Date) VALUES ("Occaecati Natus", "3119035", "Voluptas consequatur voluptatum pariatur numquam iste.", "2021-08-29");
INSERT INTO Work_to_be_Submitted (Title,Project_ID,Summary,Submission_Date) VALUES ("Yes Listen Quite", "3119030", "Power how too beautiful your speak.", "2023-04-20");
INSERT INTO Work_to_be_Submitted (Title,Project_ID,Summary,Submission_Date) VALUES ("Ποια Ροή Πιο Έξι", "3119011", "Συνηθίζουν πήρε πρόσληψη της. Δουλεύει επί χρησιμοποίησέ κανένας.", "2021-06-12");
INSERT INTO Work_to_be_Submitted (Title,Project_ID,Summary,Submission_Date) VALUES ("Πάντα Κάνε", "3119024", "Χειρότερα κρατήσουν τεκμηριώνει όσο σημαντικός συγχρόνως απαρατήρητο.", "2022-08-03");
INSERT INTO Work_to_be_Submitted (Title,Project_ID,Summary,Submission_Date) VALUES ("Numquam", "3119049", "Πιο ευκολότερο ίδιο επιχείριση εξακολουθεί σταματάς έστελνε σίγουρος.", "2021-08-25");
INSERT INTO Work_to_be_Submitted (Title,Project_ID,Summary,Submission_Date) VALUES ("Hope Reality Nature", "3119011", "Ipsa libero cupiditate fugit nesciunt.", "2022-04-29");
INSERT INTO Work_to_be_Submitted (Title,Project_ID,Summary,Submission_Date) VALUES ("Est Doloribus", "3119033", "Free agency daughter hot economic often majority.", "2022-12-09");
INSERT INTO Work_to_be_Submitted (Title,Project_ID,Summary,Submission_Date) VALUES ("Repellendus Quaerat", "3119045", "Quibusdam voluptates ratione dolorum minus incidunt. A corrupti quidem.", "2022-03-26");
INSERT INTO Work_to_be_Submitted (Title,Project_ID,Summary,Submission_Date) VALUES ("Εξαρτάται Είχαμε", "3119016", "Perferendis expedita dicta amet consectetur consequuntur id.", "2021-06-16");
INSERT INTO Work_to_be_Submitted (Title,Project_ID,Summary,Submission_Date) VALUES ("Έξι Σκεφτείς", "3119047", "Χαρτιού νόμιζες εκτελέσεις εργάστηκε μεταφραστής.", "2021-10-14");
INSERT INTO Work_to_be_Submitted (Title,Project_ID,Summary,Submission_Date) VALUES ("Ίδιο Πάντα Αν Ναι", "3119007", "Εφαμοργής όταν θα ήδη προκαλείς λαμβάνουν απόλαυσε.", "2023-04-02");
INSERT INTO Work_to_be_Submitted (Title,Project_ID,Summary,Submission_Date) VALUES ("Ίδιο Τρόπο", "3119046", "Aspernatur accusamus corrupti autem earum veniam voluptas.", "2022-07-06");
INSERT INTO Work_to_be_Submitted (Title,Project_ID,Summary,Submission_Date) VALUES ("Tenetur", "3119017", "Τι προγραμματιστής και μα υπηρεσία ανταγωνιστής έξι επεξεργασία.", "2022-01-20");
INSERT INTO Work_to_be_Submitted (Title,Project_ID,Summary,Submission_Date) VALUES ("Πετάνε Λαμβάνουν Κι", "3119023", "Άρθρων μετράει την δημιουργήσεις.", "2022-05-12");
INSERT INTO Work_to_be_Submitted (Title,Project_ID,Summary,Submission_Date) VALUES ("Tenetur Occaecati", "3119029", "Πετάνε προσοχή πάντα τι τις κανείς.", "2022-05-09");
INSERT INTO Works_On (Researcher_ID,Project_ID,Start_Date) VALUES ("3119352", "3119127", "2021-09-13");
INSERT INTO Works_On (Researcher_ID,Project_ID,Start_Date) VALUES ("3119426", "3119551", "2022-05-08");
INSERT INTO Works_On (Researcher_ID,Project_ID,Start_Date) VALUES ("3119531", "3119130", "2023-08-25");
INSERT INTO Works_On (Researcher_ID,Project_ID,Start_Date) VALUES ("3119160", "3119010", "2023-05-15");
INSERT INTO Works_On (Researcher_ID,Project_ID,Start_Date) VALUES ("3119385", "3119443", "2022-12-19");
INSERT INTO Works_On (Researcher_ID,Project_ID,Start_Date) VALUES ("3119559", "3119013", "2021-10-27");
INSERT INTO Works_On (Researcher_ID,Project_ID,Start_Date) VALUES ("3119223", "3119408", "2021-07-18");
INSERT INTO Works_On (Researcher_ID,Project_ID,Start_Date) VALUES ("3119279", "3119526", "2021-01-20");
INSERT INTO Works_On (Researcher_ID,Project_ID,Start_Date) VALUES ("3119015", "3119123", "2023-11-21");
INSERT INTO Works_On (Researcher_ID,Project_ID,Start_Date) VALUES ("3119199", "3119202", "2021-07-31");
INSERT INTO Works_On (Researcher_ID,Project_ID,Start_Date) VALUES ("3119019", "3119467", "2023-01-16");
INSERT INTO Works_On (Researcher_ID,Project_ID,Start_Date) VALUES ("3119453", "3119407", "2024-03-01");
INSERT INTO Works_On (Researcher_ID,Project_ID,Start_Date) VALUES ("3119053", "3119019", "2020-08-11");
INSERT INTO Works_On (Researcher_ID,Project_ID,Start_Date) VALUES ("3119229", "3119446", "2024-08-18");
INSERT INTO Works_On (Researcher_ID,Project_ID,Start_Date) VALUES ("3119053", "3119196", "2023-03-07");
INSERT INTO Works_On (Researcher_ID,Project_ID,Start_Date) VALUES ("3119413", "3119054", "2023-09-14");
INSERT INTO Works_On (Researcher_ID,Project_ID,Start_Date) VALUES ("3119240", "3119484", "2021-10-31");
INSERT INTO Works_On (Researcher_ID,Project_ID,Start_Date) VALUES ("3119289", "3119351", "2020-11-02");
INSERT INTO Works_On (Researcher_ID,Project_ID,Start_Date) VALUES ("3119369", "3119566", "2021-07-05");
INSERT INTO Works_On (Researcher_ID,Project_ID,Start_Date) VALUES ("3119017", "3119284", "2021-06-16");
INSERT INTO Works_On (Researcher_ID,Project_ID,Start_Date) VALUES ("3119529", "3119348", "2021-09-16");
INSERT INTO Works_On (Researcher_ID,Project_ID,Start_Date) VALUES ("3119535", "3119164", "2022-04-10");
INSERT INTO Works_On (Researcher_ID,Project_ID,Start_Date) VALUES ("3119089", "3119554", "2021-01-11");
INSERT INTO Works_On (Researcher_ID,Project_ID,Start_Date) VALUES ("3119186", "3119421", "2023-10-05");
INSERT INTO Works_On (Researcher_ID,Project_ID,Start_Date) VALUES ("3119221", "3119595", "2023-09-07");
INSERT INTO Works_On (Researcher_ID,Project_ID,Start_Date) VALUES ("3119580", "3119433", "2023-03-01");
INSERT INTO Works_On (Researcher_ID,Project_ID,Start_Date) VALUES ("3119396", "3119048", "2022-02-20");
INSERT INTO Works_On (Researcher_ID,Project_ID,Start_Date) VALUES ("3119194", "3119291", "2024-05-07");
INSERT INTO Works_On (Researcher_ID,Project_ID,Start_Date) VALUES ("3119568", "3119500", "2021-07-31");
INSERT INTO Works_On (Researcher_ID,Project_ID,Start_Date) VALUES ("3119294", "3119230", "2023-10-11");
INSERT INTO Works_On (Researcher_ID,Project_ID,Start_Date) VALUES ("3119572", "3119402", "2022-03-12");
INSERT INTO Works_On (Researcher_ID,Project_ID,Start_Date) VALUES ("3119453", "3119211", "2023-05-05");
INSERT INTO Works_On (Researcher_ID,Project_ID,Start_Date) VALUES ("3119400", "3119119", "2021-08-04");
INSERT INTO Works_On (Researcher_ID,Project_ID,Start_Date) VALUES ("3119242", "3119359", "2020-02-19");
INSERT INTO Works_On (Researcher_ID,Project_ID,Start_Date) VALUES ("3119440", "3119042", "2022-05-31");
INSERT INTO Works_On (Researcher_ID,Project_ID,Start_Date) VALUES ("3119418", "3119394", "2021-05-03");
INSERT INTO Works_On (Researcher_ID,Project_ID,Start_Date) VALUES ("3119109", "3119035", "2021-11-04");
INSERT INTO Works_On (Researcher_ID,Project_ID,Start_Date) VALUES ("3119070", "3119578", "2021-10-04");
INSERT INTO Works_On (Researcher_ID,Project_ID,Start_Date) VALUES ("3119342", "3119168", "2023-08-16");
INSERT INTO Works_On (Researcher_ID,Project_ID,Start_Date) VALUES ("3119182", "3119253", "2022-04-01");
INSERT INTO Works_On (Researcher_ID,Project_ID,Start_Date) VALUES ("3119075", "3119005", "2020-06-19");
INSERT INTO Works_On (Researcher_ID,Project_ID,Start_Date) VALUES ("3119287", "3119317", "2020-12-20");
INSERT INTO Works_On (Researcher_ID,Project_ID,Start_Date) VALUES ("3119155", "3119033", "2022-01-22");
INSERT INTO Works_On (Researcher_ID,Project_ID,Start_Date) VALUES ("3119156", "3119240", "2022-09-02");
INSERT INTO Works_On (Researcher_ID,Project_ID,Start_Date) VALUES ("3119289", "3119425", "2024-03-22");
INSERT INTO Works_On (Researcher_ID,Project_ID,Start_Date) VALUES ("3119328", "3119507", "2023-05-21");
INSERT INTO Works_On (Researcher_ID,Project_ID,Start_Date) VALUES ("3119352", "3119059", "2022-07-29");
INSERT INTO Works_On (Researcher_ID,Project_ID,Start_Date) VALUES ("3119597", "3119428", "2024-05-18");
INSERT INTO Works_On (Researcher_ID,Project_ID,Start_Date) VALUES ("3119013", "3119125", "2023-04-10");
INSERT INTO Works_On (Researcher_ID,Project_ID,Start_Date) VALUES ("3119231", "3119267", "2022-05-12");
INSERT INTO Works_On (Researcher_ID,Project_ID,Start_Date) VALUES ("3119441", "3119305", "2021-05-05");
INSERT INTO Works_On (Researcher_ID,Project_ID,Start_Date) VALUES ("3119149", "3119307", "2020-10-24");
INSERT INTO Works_On (Researcher_ID,Project_ID,Start_Date) VALUES ("3119311", "3119496", "2021-12-04");
INSERT INTO Works_On (Researcher_ID,Project_ID,Start_Date) VALUES ("3119415", "3119473", "2022-01-12");
INSERT INTO Works_On (Researcher_ID,Project_ID,Start_Date) VALUES ("3119416", "3119503", "2022-09-25");
INSERT INTO Works_On (Researcher_ID,Project_ID,Start_Date) VALUES ("3119183", "3119583", "2021-12-12");
INSERT INTO Works_On (Researcher_ID,Project_ID,Start_Date) VALUES ("3119298", "3119029", "2021-07-14");
INSERT INTO Works_On (Researcher_ID,Project_ID,Start_Date) VALUES ("3119220", "3119548", "2021-10-01");
INSERT INTO Works_On (Researcher_ID,Project_ID,Start_Date) VALUES ("3119214", "3119261", "2021-09-21");
INSERT INTO Works_On (Researcher_ID,Project_ID,Start_Date) VALUES ("3119135", "3119170", "2022-04-18");
INSERT INTO Works_On (Researcher_ID,Project_ID,Start_Date) VALUES ("3119193", "3119490", "2021-05-15");
INSERT INTO Works_On (Researcher_ID,Project_ID,Start_Date) VALUES ("3119551", "3119075", "2024-05-07");
INSERT INTO Works_On (Researcher_ID,Project_ID,Start_Date) VALUES ("3119130", "3119194", "2020-12-29");
INSERT INTO Works_On (Researcher_ID,Project_ID,Start_Date) VALUES ("3119159", "3119399", "2022-06-10");
INSERT INTO Works_On (Researcher_ID,Project_ID,Start_Date) VALUES ("3119577", "3119366", "2024-05-01");
INSERT INTO Works_On (Researcher_ID,Project_ID,Start_Date) VALUES ("3119103", "3119329", "2022-06-01");
INSERT INTO Works_On (Researcher_ID,Project_ID,Start_Date) VALUES ("3119188", "3119152", "2021-06-28");
INSERT INTO Works_On (Researcher_ID,Project_ID,Start_Date) VALUES ("3119487", "3119074", "2023-05-18");
INSERT INTO Works_On (Researcher_ID,Project_ID,Start_Date) VALUES ("3119019", "3119178", "2020-08-24");
INSERT INTO Works_On (Researcher_ID,Project_ID,Start_Date) VALUES ("3119311", "3119240", "2022-07-23");
INSERT INTO Works_On (Researcher_ID,Project_ID,Start_Date) VALUES ("3119152", "3119433", "2022-10-31");
INSERT INTO Works_On (Researcher_ID,Project_ID,Start_Date) VALUES ("3119546", "3119129", "2022-11-15");
INSERT INTO Works_On (Researcher_ID,Project_ID,Start_Date) VALUES ("3119033", "3119386", "2024-03-17");
INSERT INTO Works_On (Researcher_ID,Project_ID,Start_Date) VALUES ("3119257", "3119254", "2021-05-30");
INSERT INTO Works_On (Researcher_ID,Project_ID,Start_Date) VALUES ("3119176", "3119461", "2022-07-24");
INSERT INTO Works_On (Researcher_ID,Project_ID,Start_Date) VALUES ("3119396", "3119417", "2021-09-05");
INSERT INTO Works_On (Researcher_ID,Project_ID,Start_Date) VALUES ("3119085", "3119306", "2022-05-09");
INSERT INTO Works_On (Researcher_ID,Project_ID,Start_Date) VALUES ("3119280", "3119480", "2023-07-12");
INSERT INTO Works_On (Researcher_ID,Project_ID,Start_Date) VALUES ("3119172", "3119163", "2020-05-28");
INSERT INTO Works_On (Researcher_ID,Project_ID,Start_Date) VALUES ("3119377", "3119465", "2023-10-16");
INSERT INTO Works_On (Researcher_ID,Project_ID,Start_Date) VALUES ("3119549", "3119344", "2022-06-06");
INSERT INTO Works_On (Researcher_ID,Project_ID,Start_Date) VALUES ("3119271", "3119019", "2021-01-12");
INSERT INTO Works_On (Researcher_ID,Project_ID,Start_Date) VALUES ("3119543", "3119084", "2022-09-03");
INSERT INTO Works_On (Researcher_ID,Project_ID,Start_Date) VALUES ("3119397", "3119346", "2021-07-07");
INSERT INTO Works_On (Researcher_ID,Project_ID,Start_Date) VALUES ("3119213", "3119190", "2022-11-21");
INSERT INTO Works_On (Researcher_ID,Project_ID,Start_Date) VALUES ("3119229", "3119261", "2021-07-15");
INSERT INTO Works_On (Researcher_ID,Project_ID,Start_Date) VALUES ("3119436", "3119423", "2021-05-02");
INSERT INTO Works_On (Researcher_ID,Project_ID,Start_Date) VALUES ("3119213", "3119046", "2021-06-04");
INSERT INTO Works_On (Researcher_ID,Project_ID,Start_Date) VALUES ("3119293", "3119178", "2021-12-03");
INSERT INTO Works_On (Researcher_ID,Project_ID,Start_Date) VALUES ("3119130", "3119130", "2023-11-12");
INSERT INTO Works_On (Researcher_ID,Project_ID,Start_Date) VALUES ("3119261", "3119313", "2022-02-26");
INSERT INTO Works_On (Researcher_ID,Project_ID,Start_Date) VALUES ("3119313", "3119222", "2021-06-11");
INSERT INTO Works_On (Researcher_ID,Project_ID,Start_Date) VALUES ("3119258", "3119186", "2021-09-07");
INSERT INTO Works_On (Researcher_ID,Project_ID,Start_Date) VALUES ("3119468", "3119406", "2021-01-05");
INSERT INTO Works_On (Researcher_ID,Project_ID,Start_Date) VALUES ("3119583", "3119105", "2023-05-20");
INSERT INTO Works_On (Researcher_ID,Project_ID,Start_Date) VALUES ("3119174", "3119232", "2020-11-17");
INSERT INTO Works_On (Researcher_ID,Project_ID,Start_Date) VALUES ("3119043", "3119156", "2021-04-13");
INSERT INTO Works_On (Researcher_ID,Project_ID,Start_Date) VALUES ("3119467", "3119594", "2023-09-12");
INSERT INTO Works_On (Researcher_ID,Project_ID,Start_Date) VALUES ("3119005", "3119552", "2022-05-30");
INSERT INTO Works_On (Researcher_ID,Project_ID,Start_Date) VALUES ("3119420", "3119018", "2022-06-14");
INSERT INTO Works_On (Researcher_ID,Project_ID,Start_Date) VALUES ("3119319", "3119151", "2021-06-25");
INSERT INTO Works_On (Researcher_ID,Project_ID,Start_Date) VALUES ("3119225", "3119231", "2022-03-16");
INSERT INTO Works_On (Researcher_ID,Project_ID,Start_Date) VALUES ("3119460", "3119480", "2023-06-12");
INSERT INTO Works_On (Researcher_ID,Project_ID,Start_Date) VALUES ("3119482", "3119483", "2021-07-29");
INSERT INTO Works_On (Researcher_ID,Project_ID,Start_Date) VALUES ("3119265", "3119447", "2022-09-28");
INSERT INTO Works_On (Researcher_ID,Project_ID,Start_Date) VALUES ("3119104", "3119279", "2020-12-27");
INSERT INTO Works_On (Researcher_ID,Project_ID,Start_Date) VALUES ("3119392", "3119150", "2022-12-08");
INSERT INTO Works_On (Researcher_ID,Project_ID,Start_Date) VALUES ("3119169", "3119297", "2022-12-04");
INSERT INTO Works_On (Researcher_ID,Project_ID,Start_Date) VALUES ("3119482", "3119258", "2021-04-13");
INSERT INTO Works_On (Researcher_ID,Project_ID,Start_Date) VALUES ("3119413", "3119410", "2024-02-22");
INSERT INTO Works_On (Researcher_ID,Project_ID,Start_Date) VALUES ("3119273", "3119586", "2022-06-08");
INSERT INTO Works_On (Researcher_ID,Project_ID,Start_Date) VALUES ("3119444", "3119498", "2022-08-29");
INSERT INTO Works_On (Researcher_ID,Project_ID,Start_Date) VALUES ("3119202", "3119542", "2021-06-02");
INSERT INTO Works_On (Researcher_ID,Project_ID,Start_Date) VALUES ("3119164", "3119091", "2021-06-14");
INSERT INTO Works_On (Researcher_ID,Project_ID,Start_Date) VALUES ("3119474", "3119172", "2022-08-21");
INSERT INTO Works_On (Researcher_ID,Project_ID,Start_Date) VALUES ("3119524", "3119276", "2022-02-23");
INSERT INTO Works_On (Researcher_ID,Project_ID,Start_Date) VALUES ("3119472", "3119327", "2021-10-05");
INSERT INTO Works_On (Researcher_ID,Project_ID,Start_Date) VALUES ("3119049", "3119318", "2021-08-17");
INSERT INTO Works_On (Researcher_ID,Project_ID,Start_Date) VALUES ("3119192", "3119009", "2021-05-12");
INSERT INTO Works_On (Researcher_ID,Project_ID,Start_Date) VALUES ("3119585", "3119020", "2023-09-25");
INSERT INTO Works_On (Researcher_ID,Project_ID,Start_Date) VALUES ("3119406", "3119007", "2021-03-23");
INSERT INTO Works_On (Researcher_ID,Project_ID,Start_Date) VALUES ("3119346", "3119370", "2022-05-07");
INSERT INTO Works_On (Researcher_ID,Project_ID,Start_Date) VALUES ("3119421", "3119386", "2024-02-07");
INSERT INTO Works_On (Researcher_ID,Project_ID,Start_Date) VALUES ("3119125", "3119325", "2023-12-19");
INSERT INTO Works_On (Researcher_ID,Project_ID,Start_Date) VALUES ("3119046", "3119272", "2022-06-28");
INSERT INTO Works_On (Researcher_ID,Project_ID,Start_Date) VALUES ("3119069", "3119239", "2021-01-14");
INSERT INTO Works_On (Researcher_ID,Project_ID,Start_Date) VALUES ("3119010", "3119479", "2022-06-18");
INSERT INTO Works_On (Researcher_ID,Project_ID,Start_Date) VALUES ("3119459", "3119110", "2021-10-07");
INSERT INTO Works_On (Researcher_ID,Project_ID,Start_Date) VALUES ("3119021", "3119554", "2022-05-03");
INSERT INTO Works_On (Researcher_ID,Project_ID,Start_Date) VALUES ("3119208", "3119303", "2023-03-10");
INSERT INTO Works_On (Researcher_ID,Project_ID,Start_Date) VALUES ("3119202", "3119451", "2025-12-20");
INSERT INTO Works_On (Researcher_ID,Project_ID,Start_Date) VALUES ("3119076", "3119165", "2022-07-05");
INSERT INTO Works_On (Researcher_ID,Project_ID,Start_Date) VALUES ("3119420", "3119155", "2023-07-31");
INSERT INTO Works_On (Researcher_ID,Project_ID,Start_Date) VALUES ("3119595", "3119491", "2023-01-23");
INSERT INTO Works_On (Researcher_ID,Project_ID,Start_Date) VALUES ("3119048", "3119339", "2021-06-09");
INSERT INTO Works_On (Researcher_ID,Project_ID,Start_Date) VALUES ("3119443", "3119483", "2022-08-29");
INSERT INTO Works_On (Researcher_ID,Project_ID,Start_Date) VALUES ("3119440", "3119087", "2019-12-19");
INSERT INTO Works_On (Researcher_ID,Project_ID,Start_Date) VALUES ("3119397", "3119423", "2021-06-19");
INSERT INTO Works_On (Researcher_ID,Project_ID,Start_Date) VALUES ("3119579", "3119109", "2021-11-22");
INSERT INTO Works_On (Researcher_ID,Project_ID,Start_Date) VALUES ("3119157", "3119352", "2021-09-13");
INSERT INTO Works_On (Researcher_ID,Project_ID,Start_Date) VALUES ("3119056", "3119373", "2022-05-24");
INSERT INTO Works_On (Researcher_ID,Project_ID,Start_Date) VALUES ("3119095", "3119061", "2022-05-12");
INSERT INTO Works_On (Researcher_ID,Project_ID,Start_Date) VALUES ("3119398", "3119412", "2022-03-19");
INSERT INTO Works_On (Researcher_ID,Project_ID,Start_Date) VALUES ("3119516", "3119032", "2022-07-17");
INSERT INTO Works_On (Researcher_ID,Project_ID,Start_Date) VALUES ("3119088", "3119504", "2021-05-22");
INSERT INTO Works_On (Researcher_ID,Project_ID,Start_Date) VALUES ("3119363", "3119077", "2020-07-08");
INSERT INTO Works_On (Researcher_ID,Project_ID,Start_Date) VALUES ("3119104", "3119265", "2022-08-15");
INSERT INTO Works_On (Researcher_ID,Project_ID,Start_Date) VALUES ("3119340", "3119203", "2020-12-10");
INSERT INTO Works_On (Researcher_ID,Project_ID,Start_Date) VALUES ("3119293", "3119471", "2022-11-12");
INSERT INTO Works_On (Researcher_ID,Project_ID,Start_Date) VALUES ("3119282", "3119339", "2020-06-20");
INSERT INTO Works_On (Researcher_ID,Project_ID,Start_Date) VALUES ("3119566", "3119195", "2022-04-24");
INSERT INTO Works_On (Researcher_ID,Project_ID,Start_Date) VALUES ("3119465", "3119411", "2024-03-21");
INSERT INTO Works_On (Researcher_ID,Project_ID,Start_Date) VALUES ("3119548", "3119448", "2021-04-09");
INSERT INTO Works_On (Researcher_ID,Project_ID,Start_Date) VALUES ("3119212", "3119358", "2025-01-21");
INSERT INTO Works_On (Researcher_ID,Project_ID,Start_Date) VALUES ("3119416", "3119591", "2019-12-30");
INSERT INTO Works_On (Researcher_ID,Project_ID,Start_Date) VALUES ("3119113", "3119409", "2021-06-05");
INSERT INTO Works_On (Researcher_ID,Project_ID,Start_Date) VALUES ("3119338", "3119050", "2020-12-02");
INSERT INTO Works_On (Researcher_ID,Project_ID,Start_Date) VALUES ("3119567", "3119438", "2022-11-09");
INSERT INTO Works_On (Researcher_ID,Project_ID,Start_Date) VALUES ("3119228", "3119201", "2024-12-18");
INSERT INTO Works_On (Researcher_ID,Project_ID,Start_Date) VALUES ("3119366", "3119187", "2020-08-14");
INSERT INTO Works_On (Researcher_ID,Project_ID,Start_Date) VALUES ("3119362", "3119561", "2023-02-24");
INSERT INTO Works_On (Researcher_ID,Project_ID,Start_Date) VALUES ("3119554", "3119054", "2022-07-15");
INSERT INTO Works_On (Researcher_ID,Project_ID,Start_Date) VALUES ("3119118", "3119315", "2021-05-11");
INSERT INTO Works_On (Researcher_ID,Project_ID,Start_Date) VALUES ("3119017", "3119001", "2021-07-19");
INSERT INTO Works_On (Researcher_ID,Project_ID,Start_Date) VALUES ("3119478", "3119387", "2022-09-29");
INSERT INTO Works_On (Researcher_ID,Project_ID,Start_Date) VALUES ("3119157", "3119445", "2023-04-11");
INSERT INTO Works_On (Researcher_ID,Project_ID,Start_Date) VALUES ("3119018", "3119459", "2023-02-03");
INSERT INTO Works_On (Researcher_ID,Project_ID,Start_Date) VALUES ("3119207", "3119589", "2023-02-11");
INSERT INTO Works_On (Researcher_ID,Project_ID,Start_Date) VALUES ("3119365", "3119571", "2021-12-27");
INSERT INTO Works_On (Researcher_ID,Project_ID,Start_Date) VALUES ("3119049", "3119453", "2022-07-29");
INSERT INTO Works_On (Researcher_ID,Project_ID,Start_Date) VALUES ("3119425", "3119404", "2021-10-27");
INSERT INTO Works_On (Researcher_ID,Project_ID,Start_Date) VALUES ("3119241", "3119227", "2021-06-13");
INSERT INTO Works_On (Researcher_ID,Project_ID,Start_Date) VALUES ("3119408", "3119584", "2022-09-14");
INSERT INTO Works_On (Researcher_ID,Project_ID,Start_Date) VALUES ("3119042", "3119397", "2020-11-17");
INSERT INTO Works_On (Researcher_ID,Project_ID,Start_Date) VALUES ("3119167", "3119182", "2021-08-24");
INSERT INTO Works_On (Researcher_ID,Project_ID,Start_Date) VALUES ("3119464", "3119229", "2022-01-24");
INSERT INTO Works_On (Researcher_ID,Project_ID,Start_Date) VALUES ("3119352", "3119275", "2023-12-06");
INSERT INTO Works_On (Researcher_ID,Project_ID,Start_Date) VALUES ("3119253", "3119224", "2021-05-01");
INSERT INTO Works_On (Researcher_ID,Project_ID,Start_Date) VALUES ("3119515", "3119104", "2020-12-17");
INSERT INTO Works_On (Researcher_ID,Project_ID,Start_Date) VALUES ("3119087", "3119506", "2021-12-13");
INSERT INTO Works_On (Researcher_ID,Project_ID,Start_Date) VALUES ("3119022", "3119537", "2024-09-12");
INSERT INTO Works_On (Researcher_ID,Project_ID,Start_Date) VALUES ("3119445", "3119462", "2021-10-18");
INSERT INTO Works_On (Researcher_ID,Project_ID,Start_Date) VALUES ("3119452", "3119481", "2024-11-12");
INSERT INTO Works_On (Researcher_ID,Project_ID,Start_Date) VALUES ("3119068", "3119596", "2020-10-27");
INSERT INTO Works_On (Researcher_ID,Project_ID,Start_Date) VALUES ("3119420", "3119133", "2021-06-04");
INSERT INTO Works_On (Researcher_ID,Project_ID,Start_Date) VALUES ("3119112", "3119229", "2022-06-04");
INSERT INTO Works_On (Researcher_ID,Project_ID,Start_Date) VALUES ("3119104", "3119480", "2024-04-04");
INSERT INTO Works_On (Researcher_ID,Project_ID,Start_Date) VALUES ("3119133", "3119131", "2021-10-07");
INSERT INTO Works_On (Researcher_ID,Project_ID,Start_Date) VALUES ("3119366", "3119062", "2022-02-25");
INSERT INTO Works_On (Researcher_ID,Project_ID,Start_Date) VALUES ("3119550", "3119508", "2025-01-19");
INSERT INTO Works_On (Researcher_ID,Project_ID,Start_Date) VALUES ("3119259", "3119341", "2022-08-03");
INSERT INTO Works_On (Researcher_ID,Project_ID,Start_Date) VALUES ("3119446", "3119345", "2023-12-01");
INSERT INTO Works_On (Researcher_ID,Project_ID,Start_Date) VALUES ("3119038", "3119224", "2021-06-13");
INSERT INTO Works_On (Researcher_ID,Project_ID,Start_Date) VALUES ("3119382", "3119586", "2022-01-21");
INSERT INTO Works_On (Researcher_ID,Project_ID,Start_Date) VALUES ("3119377", "3119316", "2021-12-27");
INSERT INTO Works_On (Researcher_ID,Project_ID,Start_Date) VALUES ("3119484", "3119505", "2023-09-08");
INSERT INTO Works_On (Researcher_ID,Project_ID,Start_Date) VALUES ("3119191", "3119346", "2022-06-30");
INSERT INTO Works_On (Researcher_ID,Project_ID,Start_Date) VALUES ("3119560", "3119516", "2022-04-08");
INSERT INTO Works_On (Researcher_ID,Project_ID,Start_Date) VALUES ("3119099", "3119401", "2022-02-22");
INSERT INTO Works_On (Researcher_ID,Project_ID,Start_Date) VALUES ("3119457", "3119208", "2022-04-12");
INSERT INTO Works_On (Researcher_ID,Project_ID,Start_Date) VALUES ("3119062", "3119043", "2020-11-12");
INSERT INTO Works_On (Researcher_ID,Project_ID,Start_Date) VALUES ("3119320", "3119220", "2021-10-28");
INSERT INTO Works_On (Researcher_ID,Project_ID,Start_Date) VALUES ("3119547", "3119466", "2022-08-25");
INSERT INTO Works_On (Researcher_ID,Project_ID,Start_Date) VALUES ("3119370", "3119136", "2022-11-11");
INSERT INTO Works_On (Researcher_ID,Project_ID,Start_Date) VALUES ("3119252", "3119427", "2023-06-30");
INSERT INTO Works_On (Researcher_ID,Project_ID,Start_Date) VALUES ("3119534", "3119336", "2020-10-03");
INSERT INTO Works_On (Researcher_ID,Project_ID,Start_Date) VALUES ("3119373", "3119538", "2021-05-25");
INSERT INTO Works_On (Researcher_ID,Project_ID,Start_Date) VALUES ("3119341", "3119595", "2023-01-31");
INSERT INTO Works_On (Researcher_ID,Project_ID,Start_Date) VALUES ("3119263", "3119393", "2022-11-14");
INSERT INTO Works_On (Researcher_ID,Project_ID,Start_Date) VALUES ("3119069", "3119392", "2023-03-18");
INSERT INTO Works_On (Researcher_ID,Project_ID,Start_Date) VALUES ("3119474", "3119487", "2021-12-15");
INSERT INTO Works_On (Researcher_ID,Project_ID,Start_Date) VALUES ("3119179", "3119191", "2022-02-10");
INSERT INTO Works_On (Researcher_ID,Project_ID,Start_Date) VALUES ("3119237", "3119296", "2025-01-10");
INSERT INTO Works_On (Researcher_ID,Project_ID,Start_Date) VALUES ("3119044", "3119108", "2022-02-25");
INSERT INTO Works_On (Researcher_ID,Project_ID,Start_Date) VALUES ("3119335", "3119331", "2023-12-05");
INSERT INTO Works_On (Researcher_ID,Project_ID,Start_Date) VALUES ("3119224", "3119580", "2021-04-10");
INSERT INTO Works_On (Researcher_ID,Project_ID,Start_Date) VALUES ("3119055", "3119422", "2022-11-15");
INSERT INTO Works_On (Researcher_ID,Project_ID,Start_Date) VALUES ("3119223", "3119060", "2022-06-08");
INSERT INTO Works_On (Researcher_ID,Project_ID,Start_Date) VALUES ("3119277", "3119252", "2021-06-13");
INSERT INTO Works_On (Researcher_ID,Project_ID,Start_Date) VALUES ("3119216", "3119532", "2022-02-10");
INSERT INTO Works_On (Researcher_ID,Project_ID,Start_Date) VALUES ("3119576", "3119414", "2021-05-31");
INSERT INTO Works_On (Researcher_ID,Project_ID,Start_Date) VALUES ("3119570", "3119073", "2023-06-08");
INSERT INTO Works_On (Researcher_ID,Project_ID,Start_Date) VALUES ("3119228", "3119145", "2023-02-07");
INSERT INTO Works_On (Researcher_ID,Project_ID,Start_Date) VALUES ("3119067", "3119298", "2023-03-14");
INSERT INTO Works_On (Researcher_ID,Project_ID,Start_Date) VALUES ("3119466", "3119073", "2025-02-21");
INSERT INTO Works_On (Researcher_ID,Project_ID,Start_Date) VALUES ("3119133", "3119519", "2022-10-09");
INSERT INTO Works_On (Researcher_ID,Project_ID,Start_Date) VALUES ("3119545", "3119423", "2022-05-23");
INSERT INTO Works_On (Researcher_ID,Project_ID,Start_Date) VALUES ("3119497", "3119535", "2022-01-03");
INSERT INTO Works_On (Researcher_ID,Project_ID,Start_Date) VALUES ("3119391", "3119171", "2021-07-25");
INSERT INTO Works_On (Researcher_ID,Project_ID,Start_Date) VALUES ("3119484", "3119431", "2021-04-03");
INSERT INTO Works_On (Researcher_ID,Project_ID,Start_Date) VALUES ("3119309", "3119527", "2020-05-26");
INSERT INTO Works_On (Researcher_ID,Project_ID,Start_Date) VALUES ("3119080", "3119577", "2022-11-02");
INSERT INTO Works_On (Researcher_ID,Project_ID,Start_Date) VALUES ("3119447", "3119086", "2022-07-02");
INSERT INTO Works_On (Researcher_ID,Project_ID,Start_Date) VALUES ("3119381", "3119466", "2022-10-29");
INSERT INTO Works_On (Researcher_ID,Project_ID,Start_Date) VALUES ("3119055", "3119056", "2021-03-07");
INSERT INTO Works_On (Researcher_ID,Project_ID,Start_Date) VALUES ("3119136", "3119383", "2022-10-18");
INSERT INTO Works_On (Researcher_ID,Project_ID,Start_Date) VALUES ("3119487", "3119531", "2021-05-12");
INSERT INTO Works_On (Researcher_ID,Project_ID,Start_Date) VALUES ("3119529", "3119565", "2022-05-01");
INSERT INTO Works_On (Researcher_ID,Project_ID,Start_Date) VALUES ("3119021", "3119437", "2023-01-18");
INSERT INTO Works_On (Researcher_ID,Project_ID,Start_Date) VALUES ("3119414", "3119250", "2023-11-11");
INSERT INTO Works_On (Researcher_ID,Project_ID,Start_Date) VALUES ("3119486", "3119303", "2021-09-21");
INSERT INTO Works_On (Researcher_ID,Project_ID,Start_Date) VALUES ("3119098", "3119074", "2023-02-19");
INSERT INTO Works_On (Researcher_ID,Project_ID,Start_Date) VALUES ("3119582", "3119392", "2023-01-28");
INSERT INTO Works_On (Researcher_ID,Project_ID,Start_Date) VALUES ("3119330", "3119182", "2021-03-31");
INSERT INTO Works_On (Researcher_ID,Project_ID,Start_Date) VALUES ("3119214", "3119198", "2022-03-31");
INSERT INTO Works_On (Researcher_ID,Project_ID,Start_Date) VALUES ("3119118", "3119032", "2022-08-30");
INSERT INTO Works_On (Researcher_ID,Project_ID,Start_Date) VALUES ("3119397", "3119343", "2024-08-04");
INSERT INTO Works_On (Researcher_ID,Project_ID,Start_Date) VALUES ("3119036", "3119547", "2025-12-24");
INSERT INTO Works_On (Researcher_ID,Project_ID,Start_Date) VALUES ("3119265", "3119424", "2021-08-21");
INSERT INTO Works_On (Researcher_ID,Project_ID,Start_Date) VALUES ("3119534", "3119114", "2023-06-06");
INSERT INTO Works_On (Researcher_ID,Project_ID,Start_Date) VALUES ("3119397", "3119226", "2022-07-05");
INSERT INTO Works_On (Researcher_ID,Project_ID,Start_Date) VALUES ("3119599", "3119553", "2022-08-26");
INSERT INTO Works_On (Researcher_ID,Project_ID,Start_Date) VALUES ("3119378", "3119587", "2021-06-29");
INSERT INTO Works_On (Researcher_ID,Project_ID,Start_Date) VALUES ("3119396", "3119114", "2023-12-22");
INSERT INTO Works_On (Researcher_ID,Project_ID,Start_Date) VALUES ("3119144", "3119438", "2022-05-10");
INSERT INTO Works_On (Researcher_ID,Project_ID,Start_Date) VALUES ("3119542", "3119513", "2022-12-08");
INSERT INTO Works_On (Researcher_ID,Project_ID,Start_Date) VALUES ("3119238", "3119536", "2022-09-09");
INSERT INTO Works_On (Researcher_ID,Project_ID,Start_Date) VALUES ("3119308", "3119283", "2023-01-26");
INSERT INTO Works_On (Researcher_ID,Project_ID,Start_Date) VALUES ("3119219", "3119460", "2021-09-22");
INSERT INTO Works_On (Researcher_ID,Project_ID,Start_Date) VALUES ("3119242", "3119278", "2022-12-26");
INSERT INTO Works_On (Researcher_ID,Project_ID,Start_Date) VALUES ("3119586", "3119303", "2022-04-18");
INSERT INTO Works_On (Researcher_ID,Project_ID,Start_Date) VALUES ("3119327", "3119192", "2022-09-22");
INSERT INTO Works_On (Researcher_ID,Project_ID,Start_Date) VALUES ("3119030", "3119376", "2021-11-25");
INSERT INTO Works_On (Researcher_ID,Project_ID,Start_Date) VALUES ("3119505", "3119341", "2022-11-18");
INSERT INTO Works_On (Researcher_ID,Project_ID,Start_Date) VALUES ("3119123", "3119200", "2022-02-15");
INSERT INTO Works_On (Researcher_ID,Project_ID,Start_Date) VALUES ("3119072", "3119003", "2020-08-19");
INSERT INTO Works_On (Researcher_ID,Project_ID,Start_Date) VALUES ("3119314", "3119120", "2023-08-26");
INSERT INTO Works_On (Researcher_ID,Project_ID,Start_Date) VALUES ("3119030", "3119166", "2020-09-02");
INSERT INTO Works_On (Researcher_ID,Project_ID,Start_Date) VALUES ("3119034", "3119492", "2020-06-14");
INSERT INTO Works_On (Researcher_ID,Project_ID,Start_Date) VALUES ("3119002", "3119470", "2020-05-11");
INSERT INTO Works_On (Researcher_ID,Project_ID,Start_Date) VALUES ("3119349", "3119149", "2022-10-13");
INSERT INTO Works_On (Researcher_ID,Project_ID,Start_Date) VALUES ("3119115", "3119570", "2021-12-27");
INSERT INTO Works_On (Researcher_ID,Project_ID,Start_Date) VALUES ("3119331", "3119223", "2021-09-20");
INSERT INTO Works_On (Researcher_ID,Project_ID,Start_Date) VALUES ("3119341", "3119431", "2021-03-27");
INSERT INTO Works_On (Researcher_ID,Project_ID,Start_Date) VALUES ("3119199", "3119343", "2024-01-21");
INSERT INTO Works_On (Researcher_ID,Project_ID,Start_Date) VALUES ("3119322", "3119378", "2022-01-28");
INSERT INTO Works_On (Researcher_ID,Project_ID,Start_Date) VALUES ("3119415", "3119396", "2020-10-17");
INSERT INTO Works_On (Researcher_ID,Project_ID,Start_Date) VALUES ("3119286", "3119593", "2022-08-19");
INSERT INTO Works_On (Researcher_ID,Project_ID,Start_Date) VALUES ("3119583", "3119452", "2023-09-25");
INSERT INTO Works_On (Researcher_ID,Project_ID,Start_Date) VALUES ("3119089", "3119246", "2021-03-06");
INSERT INTO Works_On (Researcher_ID,Project_ID,Start_Date) VALUES ("3119057", "3119300", "2022-12-14");
INSERT INTO Works_On (Researcher_ID,Project_ID,Start_Date) VALUES ("3119510", "3119038", "2022-11-16");
INSERT INTO Works_On (Researcher_ID,Project_ID,Start_Date) VALUES ("3119437", "3119230", "2024-01-02");
INSERT INTO Works_On (Researcher_ID,Project_ID,Start_Date) VALUES ("3119473", "3119479", "2022-06-26");
INSERT INTO Works_On (Researcher_ID,Project_ID,Start_Date) VALUES ("3119362", "3119483", "2022-06-29");
INSERT INTO Works_On (Researcher_ID,Project_ID,Start_Date) VALUES ("3119533", "3119180", "2021-04-11");
INSERT INTO Works_On (Researcher_ID,Project_ID,Start_Date) VALUES ("3119572", "3119074", "2025-06-13");
INSERT INTO Works_On (Researcher_ID,Project_ID,Start_Date) VALUES ("3119463", "3119559", "2024-02-06");
INSERT INTO Works_On (Researcher_ID,Project_ID,Start_Date) VALUES ("3119479", "3119519", "2024-02-22");
INSERT INTO Works_On (Researcher_ID,Project_ID,Start_Date) VALUES ("3119403", "3119472", "2021-09-01");
INSERT INTO Works_On (Researcher_ID,Project_ID,Start_Date) VALUES ("3119185", "3119154", "2023-11-08");
INSERT INTO Works_On (Researcher_ID,Project_ID,Start_Date) VALUES ("3119498", "3119488", "2021-04-16");
INSERT INTO Works_On (Researcher_ID,Project_ID,Start_Date) VALUES ("3119416", "3119126", "2022-04-12");
INSERT INTO Works_On (Researcher_ID,Project_ID,Start_Date) VALUES ("3119405", "3119564", "2022-12-03");
INSERT INTO Works_On (Researcher_ID,Project_ID,Start_Date) VALUES ("3119367", "3119055", "2021-02-08");
INSERT INTO Works_On (Researcher_ID,Project_ID,Start_Date) VALUES ("3119093", "3119244", "2023-01-25");
INSERT INTO Works_On (Researcher_ID,Project_ID,Start_Date) VALUES ("3119023", "3119053", "2022-05-13");
INSERT INTO Works_On (Researcher_ID,Project_ID,Start_Date) VALUES ("3119074", "3119234", "2021-02-13");
INSERT INTO Works_On (Researcher_ID,Project_ID,Start_Date) VALUES ("3119214", "3119021", "2020-06-02");
INSERT INTO Works_On (Researcher_ID,Project_ID,Start_Date) VALUES ("3119419", "3119204", "2024-10-14");
INSERT INTO Works_On (Researcher_ID,Project_ID,Start_Date) VALUES ("3119007", "3119324", "2022-09-21");
INSERT INTO Works_On (Researcher_ID,Project_ID,Start_Date) VALUES ("3119000", "3119290", "2024-05-25");
INSERT INTO Works_On (Researcher_ID,Project_ID,Start_Date) VALUES ("3119368", "3119028", "2020-12-05");
INSERT INTO Works_On (Researcher_ID,Project_ID,Start_Date) VALUES ("3119199", "3119346", "2021-08-27");
INSERT INTO Works_On (Researcher_ID,Project_ID,Start_Date) VALUES ("3119477", "3119146", "2021-09-02");
INSERT INTO Works_On (Researcher_ID,Project_ID,Start_Date) VALUES ("3119432", "3119365", "2020-11-06");
INSERT INTO Works_On (Researcher_ID,Project_ID,Start_Date) VALUES ("3119300", "3119145", "2022-04-12");
INSERT INTO Works_On (Researcher_ID,Project_ID,Start_Date) VALUES ("3119468", "3119029", "2021-03-07");
INSERT INTO Works_On (Researcher_ID,Project_ID,Start_Date) VALUES ("3119023", "3119272", "2022-11-20");
INSERT INTO Works_On (Researcher_ID,Project_ID,Start_Date) VALUES ("3119183", "3119138", "2022-07-08");
INSERT INTO Works_On (Researcher_ID,Project_ID,Start_Date) VALUES ("3119022", "3119378", "2021-11-25");
INSERT INTO Works_On (Researcher_ID,Project_ID,Start_Date) VALUES ("3119507", "3119408", "2022-11-08");
INSERT INTO Works_On (Researcher_ID,Project_ID,Start_Date) VALUES ("3119525", "3119526", "2020-05-29");
INSERT INTO Works_On (Researcher_ID,Project_ID,Start_Date) VALUES ("3119424", "3119263", "2020-05-21");
INSERT INTO Works_On (Researcher_ID,Project_ID,Start_Date) VALUES ("3119364", "3119518", "2023-03-16");
INSERT INTO Works_On (Researcher_ID,Project_ID,Start_Date) VALUES ("3119401", "3119474", "2022-01-17");
INSERT INTO Works_On (Researcher_ID,Project_ID,Start_Date) VALUES ("3119243", "3119305", "2024-01-03");
INSERT INTO Works_On (Researcher_ID,Project_ID,Start_Date) VALUES ("3119188", "3119522", "2021-01-27");
INSERT INTO Works_On (Researcher_ID,Project_ID,Start_Date) VALUES ("3119302", "3119469", "2021-10-26");
INSERT INTO Works_On (Researcher_ID,Project_ID,Start_Date) VALUES ("3119064", "3119225", "2021-04-17");
INSERT INTO Works_On (Researcher_ID,Project_ID,Start_Date) VALUES ("3119330", "3119340", "2024-02-28");
INSERT INTO Works_On (Researcher_ID,Project_ID,Start_Date) VALUES ("3119271", "3119096", "2021-10-17");
INSERT INTO Works_On (Researcher_ID,Project_ID,Start_Date) VALUES ("3119573", "3119233", "2022-08-17");
INSERT INTO Works_On (Researcher_ID,Project_ID,Start_Date) VALUES ("3119337", "3119574", "2021-06-22");
INSERT INTO Works_On (Researcher_ID,Project_ID,Start_Date) VALUES ("3119203", "3119079", "2022-12-01");
INSERT INTO Works_On (Researcher_ID,Project_ID,Start_Date) VALUES ("3119308", "3119318", "2022-09-16");
INSERT INTO Works_On (Researcher_ID,Project_ID,Start_Date) VALUES ("3119451", "3119052", "2022-12-13");
INSERT INTO Works_On (Researcher_ID,Project_ID,Start_Date) VALUES ("3119290", "3119540", "2022-04-19");
INSERT INTO Works_On (Researcher_ID,Project_ID,Start_Date) VALUES ("3119452", "3119040", "2023-12-09");
INSERT INTO Works_On (Researcher_ID,Project_ID,Start_Date) VALUES ("3119442", "3119314", "2022-08-24");
INSERT INTO Works_On (Researcher_ID,Project_ID,Start_Date) VALUES ("3119145", "3119456", "2022-05-24");
INSERT INTO Works_On (Researcher_ID,Project_ID,Start_Date) VALUES ("3119531", "3119268", "2021-09-02");
INSERT INTO Works_On (Researcher_ID,Project_ID,Start_Date) VALUES ("3119205", "3119197", "2022-07-18");
INSERT INTO Works_On (Researcher_ID,Project_ID,Start_Date) VALUES ("3119479", "3119532", "2021-07-29");
INSERT INTO Works_On (Researcher_ID,Project_ID,Start_Date) VALUES ("3119045", "3119376", "2022-01-12");
INSERT INTO Works_On (Researcher_ID,Project_ID,Start_Date) VALUES ("3119403", "3119125", "2021-06-24");
INSERT INTO Works_On (Researcher_ID,Project_ID,Start_Date) VALUES ("3119058", "3119370", "2021-10-06");
INSERT INTO Works_On (Researcher_ID,Project_ID,Start_Date) VALUES ("3119512", "3119299", "2025-02-16");
INSERT INTO Works_On (Researcher_ID,Project_ID,Start_Date) VALUES ("3119207", "3119196", "2023-07-15");
INSERT INTO Works_On (Researcher_ID,Project_ID,Start_Date) VALUES ("3119392", "3119165", "2022-05-27");
INSERT INTO Works_On (Researcher_ID,Project_ID,Start_Date) VALUES ("3119382", "3119345", "2022-05-19");
INSERT INTO Works_On (Researcher_ID,Project_ID,Start_Date) VALUES ("3119330", "3119136", "2021-12-12");
INSERT INTO Works_On (Researcher_ID,Project_ID,Start_Date) VALUES ("3119105", "3119356", "2023-06-22");
INSERT INTO Works_On (Researcher_ID,Project_ID,Start_Date) VALUES ("3119470", "3119016", "2022-01-28");
INSERT INTO Works_On (Researcher_ID,Project_ID,Start_Date) VALUES ("3119112", "3119215", "2022-07-13");
INSERT INTO Works_On (Researcher_ID,Project_ID,Start_Date) VALUES ("3119528", "3119245", "2021-09-15");
INSERT INTO Works_On (Researcher_ID,Project_ID,Start_Date) VALUES ("3119151", "3119025", "2020-12-01");
INSERT INTO Works_On (Researcher_ID,Project_ID,Start_Date) VALUES ("3119270", "3119561", "2024-12-30");
INSERT INTO Works_On (Researcher_ID,Project_ID,Start_Date) VALUES ("3119524", "3119283", "2023-01-08");
INSERT INTO Works_On (Researcher_ID,Project_ID,Start_Date) VALUES ("3119196", "3119524", "2023-01-27");
INSERT INTO Works_On (Researcher_ID,Project_ID,Start_Date) VALUES ("3119218", "3119285", "2021-10-26");
INSERT INTO Works_On (Researcher_ID,Project_ID,Start_Date) VALUES ("3119429", "3119303", "2022-02-10");
INSERT INTO Works_On (Researcher_ID,Project_ID,Start_Date) VALUES ("3119443", "3119561", "2024-09-10");
INSERT INTO Works_On (Researcher_ID,Project_ID,Start_Date) VALUES ("3119348", "3119059", "2022-05-23");
INSERT INTO Works_On (Researcher_ID,Project_ID,Start_Date) VALUES ("3119073", "3119473", "2022-12-06");
INSERT INTO Works_On (Researcher_ID,Project_ID,Start_Date) VALUES ("3119207", "3119007", "2022-08-19");
INSERT INTO Works_On (Researcher_ID,Project_ID,Start_Date) VALUES ("3119097", "3119055", "2020-11-17");
INSERT INTO Works_On (Researcher_ID,Project_ID,Start_Date) VALUES ("3119333", "3119003", "2020-07-10");
INSERT INTO Works_On (Researcher_ID,Project_ID,Start_Date) VALUES ("3119406", "3119096", "2023-06-20");
INSERT INTO Works_On (Researcher_ID,Project_ID,Start_Date) VALUES ("3119127", "3119493", "2022-03-24");
INSERT INTO Works_On (Researcher_ID,Project_ID,Start_Date) VALUES ("3119099", "3119566", "2021-08-19");
INSERT INTO Works_On (Researcher_ID,Project_ID,Start_Date) VALUES ("3119339", "3119270", "2022-03-03");
INSERT INTO Works_On (Researcher_ID,Project_ID,Start_Date) VALUES ("3119320", "3119359", "2020-06-06");
INSERT INTO Works_On (Researcher_ID,Project_ID,Start_Date) VALUES ("3119211", "3119025", "2021-06-22");
INSERT INTO Works_On (Researcher_ID,Project_ID,Start_Date) VALUES ("3119025", "3119198", "2023-05-20");
INSERT INTO Works_On (Researcher_ID,Project_ID,Start_Date) VALUES ("3119217", "3119264", "2023-08-20");
INSERT INTO Works_On (Researcher_ID,Project_ID,Start_Date) VALUES ("3119011", "3119554", "2021-09-02");
INSERT INTO Works_On (Researcher_ID,Project_ID,Start_Date) VALUES ("3119169", "3119473", "2021-07-25");
INSERT INTO Works_On (Researcher_ID,Project_ID,Start_Date) VALUES ("3119264", "3119514", "2024-05-24");
INSERT INTO Works_On (Researcher_ID,Project_ID,Start_Date) VALUES ("3119391", "3119444", "2020-03-13");
INSERT INTO Works_On (Researcher_ID,Project_ID,Start_Date) VALUES ("3119393", "3119529", "2020-07-19");
INSERT INTO Works_On (Researcher_ID,Project_ID,Start_Date) VALUES ("3119174", "3119058", "2023-12-12");
INSERT INTO Works_On (Researcher_ID,Project_ID,Start_Date) VALUES ("3119345", "3119318", "2021-08-28");
INSERT INTO Works_On (Researcher_ID,Project_ID,Start_Date) VALUES ("3119348", "3119124", "2021-01-23");
INSERT INTO Works_On (Researcher_ID,Project_ID,Start_Date) VALUES ("3119032", "3119418", "2022-05-19");
INSERT INTO Works_On (Researcher_ID,Project_ID,Start_Date) VALUES ("3119032", "3119192", "2021-08-02");
INSERT INTO Works_On (Researcher_ID,Project_ID,Start_Date) VALUES ("3119563", "3119044", "2022-05-10");
INSERT INTO Works_On (Researcher_ID,Project_ID,Start_Date) VALUES ("3119093", "3119445", "2023-04-02");
INSERT INTO Works_On (Researcher_ID,Project_ID,Start_Date) VALUES ("3119081", "3119047", "2021-09-03");
INSERT INTO Works_On (Researcher_ID,Project_ID,Start_Date) VALUES ("3119533", "3119047", "2022-09-08");
INSERT INTO Works_On (Researcher_ID,Project_ID,Start_Date) VALUES ("3119293", "3119596", "2021-08-11");
INSERT INTO Works_On (Researcher_ID,Project_ID,Start_Date) VALUES ("3119477", "3119546", "2023-06-08");
INSERT INTO Works_On (Researcher_ID,Project_ID,Start_Date) VALUES ("3119436", "3119202", "2021-02-23");
INSERT INTO Works_On (Researcher_ID,Project_ID,Start_Date) VALUES ("3119357", "3119332", "2021-11-10");
INSERT INTO Works_On (Researcher_ID,Project_ID,Start_Date) VALUES ("3119532", "3119369", "2021-03-16");
INSERT INTO Works_On (Researcher_ID,Project_ID,Start_Date) VALUES ("3119164", "3119256", "2023-04-18");
INSERT INTO Works_On (Researcher_ID,Project_ID,Start_Date) VALUES ("3119408", "3119108", "2021-04-14");
INSERT INTO Works_On (Researcher_ID,Project_ID,Start_Date) VALUES ("3119424", "3119365", "2023-08-13");
INSERT INTO Works_On (Researcher_ID,Project_ID,Start_Date) VALUES ("3119297", "3119420", "2022-03-28");
INSERT INTO Works_On (Researcher_ID,Project_ID,Start_Date) VALUES ("3119383", "3119200", "2021-11-18");
INSERT INTO Works_On (Researcher_ID,Project_ID,Start_Date) VALUES ("3119082", "3119174", "2022-10-24");
INSERT INTO Works_On (Researcher_ID,Project_ID,Start_Date) VALUES ("3119010", "3119110", "2021-07-06");
INSERT INTO Works_On (Researcher_ID,Project_ID,Start_Date) VALUES ("3119044", "3119251", "2023-06-22");
INSERT INTO Works_On (Researcher_ID,Project_ID,Start_Date) VALUES ("3119422", "3119057", "2020-09-14");
INSERT INTO Works_On (Researcher_ID,Project_ID,Start_Date) VALUES ("3119253", "3119305", "2023-08-30");
INSERT INTO Works_On (Researcher_ID,Project_ID,Start_Date) VALUES ("3119298", "3119115", "2023-09-23");
INSERT INTO Works_On (Researcher_ID,Project_ID,Start_Date) VALUES ("3119264", "3119415", "2023-03-23");
INSERT INTO Works_On (Researcher_ID,Project_ID,Start_Date) VALUES ("3119296", "3119429", "2021-04-13");
INSERT INTO Works_On (Researcher_ID,Project_ID,Start_Date) VALUES ("3119243", "3119080", "2020-11-17");
INSERT INTO Works_On (Researcher_ID,Project_ID,Start_Date) VALUES ("3119537", "3119039", "2022-11-21");
INSERT INTO Works_On (Researcher_ID,Project_ID,Start_Date) VALUES ("3119249", "3119188", "2022-09-06");
INSERT INTO Works_On (Researcher_ID,Project_ID,Start_Date) VALUES ("3119140", "3119487", "2022-05-04");
INSERT INTO Works_On (Researcher_ID,Project_ID,Start_Date) VALUES ("3119503", "3119176", "2022-02-08");
INSERT INTO Works_On (Researcher_ID,Project_ID,Start_Date) VALUES ("3119100", "3119523", "2023-08-19");
INSERT INTO Works_On (Researcher_ID,Project_ID,Start_Date) VALUES ("3119580", "3119337", "2022-10-15");
INSERT INTO Works_On (Researcher_ID,Project_ID,Start_Date) VALUES ("3119085", "3119024", "2023-03-13");
INSERT INTO Works_On (Researcher_ID,Project_ID,Start_Date) VALUES ("3119522", "3119599", "2021-05-18");
INSERT INTO Works_On (Researcher_ID,Project_ID,Start_Date) VALUES ("3119152", "3119587", "2022-03-01");
INSERT INTO Works_On (Researcher_ID,Project_ID,Start_Date) VALUES ("3119055", "3119221", "2020-08-03");
INSERT INTO Works_On (Researcher_ID,Project_ID,Start_Date) VALUES ("3119261", "3119274", "2021-03-19");
INSERT INTO Works_On (Researcher_ID,Project_ID,Start_Date) VALUES ("3119439", "3119257", "2022-01-28");
INSERT INTO Works_On (Researcher_ID,Project_ID,Start_Date) VALUES ("3119139", "3119277", "2021-08-26");
INSERT INTO Works_On (Researcher_ID,Project_ID,Start_Date) VALUES ("3119477", "3119462", "2022-09-30");
INSERT INTO Works_On (Researcher_ID,Project_ID,Start_Date) VALUES ("3119141", "3119542", "2022-04-02");
INSERT INTO Works_On (Researcher_ID,Project_ID,Start_Date) VALUES ("3119002", "3119488", "2022-07-10");
INSERT INTO Works_On (Researcher_ID,Project_ID,Start_Date) VALUES ("3119325", "3119440", "2023-01-12");
INSERT INTO Works_On (Researcher_ID,Project_ID,Start_Date) VALUES ("3119564", "3119430", "2021-10-18");
INSERT INTO Works_On (Researcher_ID,Project_ID,Start_Date) VALUES ("3119121", "3119104", "2020-10-16");
INSERT INTO Works_On (Researcher_ID,Project_ID,Start_Date) VALUES ("3119242", "3119269", "2021-07-28");
INSERT INTO Works_On (Researcher_ID,Project_ID,Start_Date) VALUES ("3119187", "3119293", "2022-04-12");
INSERT INTO Works_On (Researcher_ID,Project_ID,Start_Date) VALUES ("3119170", "3119407", "2023-05-01");
INSERT INTO Works_On (Researcher_ID,Project_ID,Start_Date) VALUES ("3119134", "3119255", "2023-01-28");
INSERT INTO Works_On (Researcher_ID,Project_ID,Start_Date) VALUES ("3119588", "3119115", "2024-04-07");
INSERT INTO Works_On (Researcher_ID,Project_ID,Start_Date) VALUES ("3119094", "3119089", "2021-05-21");
INSERT INTO Works_On (Researcher_ID,Project_ID,Start_Date) VALUES ("3119203", "3119517", "2022-10-12");
INSERT INTO Works_On (Researcher_ID,Project_ID,Start_Date) VALUES ("3119272", "3119578", "2022-02-26");
INSERT INTO Works_On (Researcher_ID,Project_ID,Start_Date) VALUES ("3119462", "3119486", "2023-03-21");
INSERT INTO Works_On (Researcher_ID,Project_ID,Start_Date) VALUES ("3119167", "3119136", "2022-04-18");
INSERT INTO Works_On (Researcher_ID,Project_ID,Start_Date) VALUES ("3119426", "3119547", "2025-04-03");
INSERT INTO Works_On (Researcher_ID,Project_ID,Start_Date) VALUES ("3119578", "3119241", "2020-12-30");
INSERT INTO Works_On (Researcher_ID,Project_ID,Start_Date) VALUES ("3119113", "3119067", "2023-04-29");
INSERT INTO Works_On (Researcher_ID,Project_ID,Start_Date) VALUES ("3119517", "3119592", "2022-03-24");
INSERT INTO Works_On (Researcher_ID,Project_ID,Start_Date) VALUES ("3119195", "3119584", "2024-05-12");
INSERT INTO Works_On (Researcher_ID,Project_ID,Start_Date) VALUES ("3119448", "3119424", "2022-10-21");
INSERT INTO Works_On (Researcher_ID,Project_ID,Start_Date) VALUES ("3119078", "3119056", "2021-06-26");
INSERT INTO Works_On (Researcher_ID,Project_ID,Start_Date) VALUES ("3119351", "3119357", "2021-07-04");
INSERT INTO Works_On (Researcher_ID,Project_ID,Start_Date) VALUES ("3119403", "3119566", "2021-06-08");
INSERT INTO Works_On (Researcher_ID,Project_ID,Start_Date) VALUES ("3119166", "3119177", "2020-08-06");
INSERT INTO Works_On (Researcher_ID,Project_ID,Start_Date) VALUES ("3119122", "3119420", "2021-12-24");
INSERT INTO Works_On (Researcher_ID,Project_ID,Start_Date) VALUES ("3119412", "3119323", "2021-10-31");
INSERT INTO Works_On (Researcher_ID,Project_ID,Start_Date) VALUES ("3119496", "3119143", "2023-05-20");
INSERT INTO Works_On (Researcher_ID,Project_ID,Start_Date) VALUES ("3119419", "3119197", "2021-08-01");
INSERT INTO Works_On (Researcher_ID,Project_ID,Start_Date) VALUES ("3119249", "3119554", "2020-01-01");
INSERT INTO Works_On (Researcher_ID,Project_ID,Start_Date) VALUES ("3119260", "3119362", "2024-07-09");
INSERT INTO Works_On (Researcher_ID,Project_ID,Start_Date) VALUES ("3119500", "3119576", "2023-05-13");
INSERT INTO Works_On (Researcher_ID,Project_ID,Start_Date) VALUES ("3119464", "3119389", "2024-02-22");
INSERT INTO Works_On (Researcher_ID,Project_ID,Start_Date) VALUES ("3119016", "3119390", "2022-04-10");
INSERT INTO Works_On (Researcher_ID,Project_ID,Start_Date) VALUES ("3119138", "3119352", "2020-05-02");
INSERT INTO Works_On (Researcher_ID,Project_ID,Start_Date) VALUES ("3119072", "3119508", "2023-05-03");
INSERT INTO Works_On (Researcher_ID,Project_ID,Start_Date) VALUES ("3119165", "3119378", "2021-09-11");
INSERT INTO Works_On (Researcher_ID,Project_ID,Start_Date) VALUES ("3119181", "3119170", "2020-07-09");
INSERT INTO Works_On (Researcher_ID,Project_ID,Start_Date) VALUES ("3119547", "3119536", "2021-08-25");
INSERT INTO Works_On (Researcher_ID,Project_ID,Start_Date) VALUES ("3119282", "3119347", "2025-07-17");
INSERT INTO Works_On (Researcher_ID,Project_ID,Start_Date) VALUES ("3119280", "3119368", "2021-08-22");
INSERT INTO Works_On (Researcher_ID,Project_ID,Start_Date) VALUES ("3119412", "3119568", "2022-02-11");
INSERT INTO Works_On (Researcher_ID,Project_ID,Start_Date) VALUES ("3119235", "3119567", "2022-02-25");
INSERT INTO Works_On (Researcher_ID,Project_ID,Start_Date) VALUES ("3119536", "3119051", "2020-11-18");
INSERT INTO Works_On (Researcher_ID,Project_ID,Start_Date) VALUES ("3119343", "3119206", "2021-10-28");
INSERT INTO Works_On (Researcher_ID,Project_ID,Start_Date) VALUES ("3119352", "3119124", "2021-07-04");
INSERT INTO Works_On (Researcher_ID,Project_ID,Start_Date) VALUES ("3119399", "3119396", "2020-06-17");
INSERT INTO Works_On (Researcher_ID,Project_ID,Start_Date) VALUES ("3119518", "3119080", "2023-03-13");
INSERT INTO Works_On (Researcher_ID,Project_ID,Start_Date) VALUES ("3119473", "3119598", "2021-04-27");
INSERT INTO Works_On (Researcher_ID,Project_ID,Start_Date) VALUES ("3119406", "3119196", "2022-03-02");
INSERT INTO Works_On (Researcher_ID,Project_ID,Start_Date) VALUES ("3119050", "3119555", "2021-08-16");
INSERT INTO Works_On (Researcher_ID,Project_ID,Start_Date) VALUES ("3119582", "3119239", "2021-10-01");
INSERT INTO Works_On (Researcher_ID,Project_ID,Start_Date) VALUES ("3119331", "3119424", "2020-12-18");
INSERT INTO Works_On (Researcher_ID,Project_ID,Start_Date) VALUES ("3119449", "3119169", "2023-01-22");
INSERT INTO Works_On (Researcher_ID,Project_ID,Start_Date) VALUES ("3119406", "3119019", "2020-07-11");
INSERT INTO Works_On (Researcher_ID,Project_ID,Start_Date) VALUES ("3119388", "3119024", "2023-04-18");
INSERT INTO Works_On (Researcher_ID,Project_ID,Start_Date) VALUES ("3119356", "3119088", "2021-11-28");
INSERT INTO Works_On (Researcher_ID,Project_ID,Start_Date) VALUES ("3119159", "3119231", "2020-11-28");
INSERT INTO Works_On (Researcher_ID,Project_ID,Start_Date) VALUES ("3119303", "3119157", "2022-05-08");
INSERT INTO Works_On (Researcher_ID,Project_ID,Start_Date) VALUES ("3119171", "3119460", "2021-12-06");
INSERT INTO Works_On (Researcher_ID,Project_ID,Start_Date) VALUES ("3119528", "3119309", "2020-12-15");
INSERT INTO Works_On (Researcher_ID,Project_ID,Start_Date) VALUES ("3119500", "3119541", "2021-09-09");
INSERT INTO Works_On (Researcher_ID,Project_ID,Start_Date) VALUES ("3119431", "3119247", "2022-07-02");
INSERT INTO Works_On (Researcher_ID,Project_ID,Start_Date) VALUES ("3119038", "3119457", "2021-10-07");
INSERT INTO Works_On (Researcher_ID,Project_ID,Start_Date) VALUES ("3119046", "3119541", "2022-04-02");
INSERT INTO Works_On (Researcher_ID,Project_ID,Start_Date) VALUES ("3119571", "3119129", "2022-10-24");
INSERT INTO Works_On (Researcher_ID,Project_ID,Start_Date) VALUES ("3119189", "3119122", "2022-02-13");
INSERT INTO Works_On (Researcher_ID,Project_ID,Start_Date) VALUES ("3119427", "3119133", "2023-03-08");
INSERT INTO Works_On (Researcher_ID,Project_ID,Start_Date) VALUES ("3119020", "3119353", "2022-08-25");
INSERT INTO Works_On (Researcher_ID,Project_ID,Start_Date) VALUES ("3119150", "3119042", "2023-05-06");
INSERT INTO Works_On (Researcher_ID,Project_ID,Start_Date) VALUES ("3119390", "3119355", "2023-04-11");
INSERT INTO Works_On (Researcher_ID,Project_ID,Start_Date) VALUES ("3119378", "3119387", "2023-12-15");
INSERT INTO Works_On (Researcher_ID,Project_ID,Start_Date) VALUES ("3119077", "3119027", "2020-12-17");
INSERT INTO Works_On (Researcher_ID,Project_ID,Start_Date) VALUES ("3119179", "3119352", "2022-04-06");
INSERT INTO Works_On (Researcher_ID,Project_ID,Start_Date) VALUES ("3119021", "3119006", "2022-08-30");
INSERT INTO Works_On (Researcher_ID,Project_ID,Start_Date) VALUES ("3119398", "3119255", "2023-02-28");
INSERT INTO Works_On (Researcher_ID,Project_ID,Start_Date) VALUES ("3119445", "3119146", "2023-01-26");
INSERT INTO Works_On (Researcher_ID,Project_ID,Start_Date) VALUES ("3119294", "3119326", "2021-06-08");
INSERT INTO Works_On (Researcher_ID,Project_ID,Start_Date) VALUES ("3119242", "3119381", "2022-09-16");
INSERT INTO Works_On (Researcher_ID,Project_ID,Start_Date) VALUES ("3119153", "3119417", "2022-12-07");
INSERT INTO Works_On (Researcher_ID,Project_ID,Start_Date) VALUES ("3119402", "3119320", "2023-06-28");
INSERT INTO Works_On (Researcher_ID,Project_ID,Start_Date) VALUES ("3119461", "3119071", "2022-02-01");
INSERT INTO Works_On (Researcher_ID,Project_ID,Start_Date) VALUES ("3119490", "3119207", "2022-04-13");
INSERT INTO Works_On (Researcher_ID,Project_ID,Start_Date) VALUES ("3119007", "3119201", "2025-04-19");
INSERT INTO Works_On (Researcher_ID,Project_ID,Start_Date) VALUES ("3119450", "3119435", "2021-08-26");
INSERT INTO Works_On (Researcher_ID,Project_ID,Start_Date) VALUES ("3119489", "3119068", "2021-10-31");
INSERT INTO Works_On (Researcher_ID,Project_ID,Start_Date) VALUES ("3119532", "3119314", "2023-03-12");
INSERT INTO Works_On (Researcher_ID,Project_ID,Start_Date) VALUES ("3119255", "3119556", "2025-02-21");
INSERT INTO Works_On (Researcher_ID,Project_ID,Start_Date) VALUES ("3119547", "3119282", "2021-11-17");
INSERT INTO Works_On (Researcher_ID,Project_ID,Start_Date) VALUES ("3119415", "3119173", "2024-03-29");
INSERT INTO Works_On (Researcher_ID,Project_ID,Start_Date) VALUES ("3119251", "3119415", "2023-01-19");
INSERT INTO Works_On (Researcher_ID,Project_ID,Start_Date) VALUES ("3119450", "3119412", "2022-11-09");
INSERT INTO Works_On (Researcher_ID,Project_ID,Start_Date) VALUES ("3119539", "3119371", "2025-08-09");
INSERT INTO Works_On (Researcher_ID,Project_ID,Start_Date) VALUES ("3119197", "3119568", "2020-10-31");
INSERT INTO Works_On (Researcher_ID,Project_ID,Start_Date) VALUES ("3119577", "3119391", "2025-08-06");
INSERT INTO Works_On (Researcher_ID,Project_ID,Start_Date) VALUES ("3119521", "3119597", "2021-08-26");
INSERT INTO Works_On (Researcher_ID,Project_ID,Start_Date) VALUES ("3119334", "3119102", "2021-06-08");
INSERT INTO Works_On (Researcher_ID,Project_ID,Start_Date) VALUES ("3119589", "3119050", "2022-06-28");
INSERT INTO Works_On (Researcher_ID,Project_ID,Start_Date) VALUES ("3119227", "3119531", "2023-11-09");
INSERT INTO Works_On (Researcher_ID,Project_ID,Start_Date) VALUES ("3119204", "3119419", "2021-01-08");
INSERT INTO Works_On (Researcher_ID,Project_ID,Start_Date) VALUES ("3119233", "3119044", "2022-12-19");
INSERT INTO Works_On (Researcher_ID,Project_ID,Start_Date) VALUES ("3119158", "3119381", "2023-09-27");
INSERT INTO Works_On (Researcher_ID,Project_ID,Start_Date) VALUES ("3119233", "3119590", "2023-12-16");
INSERT INTO Works_On (Researcher_ID,Project_ID,Start_Date) VALUES ("3119495", "3119502", "2023-03-13");
INSERT INTO Works_On (Researcher_ID,Project_ID,Start_Date) VALUES ("3119343", "3119521", "2022-07-15");
INSERT INTO Works_On (Researcher_ID,Project_ID,Start_Date) VALUES ("3119326", "3119213", "2021-04-19");
INSERT INTO Works_On (Researcher_ID,Project_ID,Start_Date) VALUES ("3119491", "3119000", "2022-08-17");
INSERT INTO Works_On (Researcher_ID,Project_ID,Start_Date) VALUES ("3119269", "3119070", "2022-02-19");
INSERT INTO Works_On (Researcher_ID,Project_ID,Start_Date) VALUES ("3119318", "3119494", "2021-01-07");
INSERT INTO Works_On (Researcher_ID,Project_ID,Start_Date) VALUES ("3119482", "3119561", "2024-01-21");
INSERT INTO Works_On (Researcher_ID,Project_ID,Start_Date) VALUES ("3119003", "3119494", "2020-11-25");
INSERT INTO Works_On (Researcher_ID,Project_ID,Start_Date) VALUES ("3119011", "3119437", "2021-12-23");
INSERT INTO Works_On (Researcher_ID,Project_ID,Start_Date) VALUES ("3119075", "3119517", "2023-10-13");
INSERT INTO Works_On (Researcher_ID,Project_ID,Start_Date) VALUES ("3119407", "3119294", "2024-02-24");
INSERT INTO Works_On (Researcher_ID,Project_ID,Start_Date) VALUES ("3119053", "3119455", "2021-08-22");
INSERT INTO Works_On (Researcher_ID,Project_ID,Start_Date) VALUES ("3119498", "3119470", "2021-01-17");
INSERT INTO Works_On (Researcher_ID,Project_ID,Start_Date) VALUES ("3119057", "3119154", "2023-05-22");
INSERT INTO Works_On (Researcher_ID,Project_ID,Start_Date) VALUES ("3119226", "3119024", "2021-12-21");
INSERT INTO Works_On (Researcher_ID,Project_ID,Start_Date) VALUES ("3119545", "3119371", "2022-11-02");
INSERT INTO Works_On (Researcher_ID,Project_ID,Start_Date) VALUES ("3119557", "3119153", "2024-02-23");
INSERT INTO Works_On (Researcher_ID,Project_ID,Start_Date) VALUES ("3119579", "3119413", "2021-07-29");
INSERT INTO Works_On (Researcher_ID,Project_ID,Start_Date) VALUES ("3119485", "3119289", "2021-05-14");
INSERT INTO Works_On (Researcher_ID,Project_ID,Start_Date) VALUES ("3119114", "3119037", "2021-06-03");
INSERT INTO Works_On (Researcher_ID,Project_ID,Start_Date) VALUES ("3119356", "3119473", "2021-07-13");
INSERT INTO Works_On (Researcher_ID,Project_ID,Start_Date) VALUES ("3119283", "3119053", "2022-10-15");
INSERT INTO Works_On (Researcher_ID,Project_ID,Start_Date) VALUES ("3119234", "3119281", "2022-07-25");
INSERT INTO Works_On (Researcher_ID,Project_ID,Start_Date) VALUES ("3119128", "3119409", "2021-12-18");
INSERT INTO Works_On (Researcher_ID,Project_ID,Start_Date) VALUES ("3119238", "3119260", "2022-03-24");
INSERT INTO Works_On (Researcher_ID,Project_ID,Start_Date) VALUES ("3119435", "3119127", "2022-06-05");
INSERT INTO Works_On (Researcher_ID,Project_ID,Start_Date) VALUES ("3119551", "3119551", "2021-11-06");
INSERT INTO Works_On (Researcher_ID,Project_ID,Start_Date) VALUES ("3119276", "3119012", "2025-09-18");
INSERT INTO Works_On (Researcher_ID,Project_ID,Start_Date) VALUES ("3119208", "3119368", "2021-10-05");
INSERT INTO Works_On (Researcher_ID,Project_ID,Start_Date) VALUES ("3119273", "3119416", "2020-12-21");
INSERT INTO Works_On (Researcher_ID,Project_ID,Start_Date) VALUES ("3119458", "3119175", "2021-01-24");
INSERT INTO Works_On (Researcher_ID,Project_ID,Start_Date) VALUES ("3119206", "3119060", "2023-04-02");
INSERT INTO Works_On (Researcher_ID,Project_ID,Start_Date) VALUES ("3119530", "3119304", "2022-02-07");
INSERT INTO Works_On (Researcher_ID,Project_ID,Start_Date) VALUES ("3119070", "3119113", "2021-04-28");
INSERT INTO Works_On (Researcher_ID,Project_ID,Start_Date) VALUES ("3119441", "3119224", "2020-12-21");
INSERT INTO Works_On (Researcher_ID,Project_ID,Start_Date) VALUES ("3119110", "3119377", "2022-09-01");
INSERT INTO Works_On (Researcher_ID,Project_ID,Start_Date) VALUES ("3119060", "3119309", "2021-04-07");
INSERT INTO Works_On (Researcher_ID,Project_ID,Start_Date) VALUES ("3119187", "3119166", "2023-04-02");
INSERT INTO Works_On (Researcher_ID,Project_ID,Start_Date) VALUES ("3119132", "3119142", "2024-05-16");
INSERT INTO Works_On (Researcher_ID,Project_ID,Start_Date) VALUES ("3119278", "3119221", "2022-04-07");
INSERT INTO Works_On (Researcher_ID,Project_ID,Start_Date) VALUES ("3119205", "3119426", "2024-01-19");
INSERT INTO Works_On (Researcher_ID,Project_ID,Start_Date) VALUES ("3119239", "3119178", "2020-12-16");
INSERT INTO Works_On (Researcher_ID,Project_ID,Start_Date) VALUES ("3119112", "3119389", "2023-07-20");
INSERT INTO Works_On (Researcher_ID,Project_ID,Start_Date) VALUES ("3119342", "3119014", "2024-06-11");
INSERT INTO Works_On (Researcher_ID,Project_ID,Start_Date) VALUES ("3119520", "3119275", "2025-01-20");
INSERT INTO Works_On (Researcher_ID,Project_ID,Start_Date) VALUES ("3119265", "3119326", "2020-09-16");
INSERT INTO Works_On (Researcher_ID,Project_ID,Start_Date) VALUES ("3119397", "3119202", "2020-08-01");
INSERT INTO Works_On (Researcher_ID,Project_ID,Start_Date) VALUES ("3119432", "3119548", "2022-04-08");
INSERT INTO Works_On (Researcher_ID,Project_ID,Start_Date) VALUES ("3119006", "3119130", "2023-04-24");
INSERT INTO Works_On (Researcher_ID,Project_ID,Start_Date) VALUES ("3119410", "3119436", "2025-06-23");
INSERT INTO Works_On (Researcher_ID,Project_ID,Start_Date) VALUES ("3119333", "3119235", "2021-11-17");
INSERT INTO Works_On (Researcher_ID,Project_ID,Start_Date) VALUES ("3119249", "3119006", "2021-01-28");
INSERT INTO Works_On (Researcher_ID,Project_ID,Start_Date) VALUES ("3119336", "3119312", "2021-08-08");
INSERT INTO Works_On (Researcher_ID,Project_ID,Start_Date) VALUES ("3119135", "3119137", "2023-09-11");
INSERT INTO Works_On (Researcher_ID,Project_ID,Start_Date) VALUES ("3119081", "3119541", "2022-06-20");
INSERT INTO Works_On (Researcher_ID,Project_ID,Start_Date) VALUES ("3119324", "3119578", "2023-06-12");
INSERT INTO Works_On (Researcher_ID,Project_ID,Start_Date) VALUES ("3119516", "3119388", "2021-12-08");
INSERT INTO Works_On (Researcher_ID,Project_ID,Start_Date) VALUES ("3119245", "3119345", "2023-03-27");
INSERT INTO Works_On (Researcher_ID,Project_ID,Start_Date) VALUES ("3119110", "3119585", "2021-06-05");
INSERT INTO Works_On (Researcher_ID,Project_ID,Start_Date) VALUES ("3119310", "3119509", "2023-06-02");
INSERT INTO Works_On (Researcher_ID,Project_ID,Start_Date) VALUES ("3119430", "3119105", "2023-05-21");
INSERT INTO Works_On (Researcher_ID,Project_ID,Start_Date) VALUES ("3119315", "3119292", "2022-11-21");
INSERT INTO Works_On (Researcher_ID,Project_ID,Start_Date) VALUES ("3119122", "3119304", "2022-10-27");
INSERT INTO Works_On (Researcher_ID,Project_ID,Start_Date) VALUES ("3119226", "3119540", "2022-10-30");
INSERT INTO Works_On (Researcher_ID,Project_ID,Start_Date) VALUES ("3119575", "3119100", "2022-09-07");
INSERT INTO Works_On (Researcher_ID,Project_ID,Start_Date) VALUES ("3119032", "3119375", "2021-02-21");
INSERT INTO Works_On (Researcher_ID,Project_ID,Start_Date) VALUES ("3119177", "3119369", "2021-10-18");
INSERT INTO Works_On (Researcher_ID,Project_ID,Start_Date) VALUES ("3119480", "3119544", "2024-06-18");
INSERT INTO Works_On (Researcher_ID,Project_ID,Start_Date) VALUES ("3119219", "3119091", "2022-07-31");
INSERT INTO Works_On (Researcher_ID,Project_ID,Start_Date) VALUES ("3119374", "3119579", "2022-03-18");
INSERT INTO Works_On (Researcher_ID,Project_ID,Start_Date) VALUES ("3119448", "3119326", "2021-01-20");
INSERT INTO Works_On (Researcher_ID,Project_ID,Start_Date) VALUES ("3119596", "3119032", "2021-11-30");
INSERT INTO Works_On (Researcher_ID,Project_ID,Start_Date) VALUES ("3119363", "3119590", "2022-10-06");
INSERT INTO Works_On (Researcher_ID,Project_ID,Start_Date) VALUES ("3119316", "3119510", "2022-08-26");
INSERT INTO Works_On (Researcher_ID,Project_ID,Start_Date) VALUES ("3119275", "3119512", "2021-05-17");
INSERT INTO Works_On (Researcher_ID,Project_ID,Start_Date) VALUES ("3119369", "3119125", "2022-02-17");
INSERT INTO Works_On (Researcher_ID,Project_ID,Start_Date) VALUES ("3119211", "3119589", "2022-08-24");
INSERT INTO Works_On (Researcher_ID,Project_ID,Start_Date) VALUES ("3119179", "3119308", "2020-04-30");
INSERT INTO Works_On (Researcher_ID,Project_ID,Start_Date) VALUES ("3119376", "3119055", "2021-08-26");
INSERT INTO Works_On (Researcher_ID,Project_ID,Start_Date) VALUES ("3119015", "3119387", "2023-02-05");
INSERT INTO Works_On (Researcher_ID,Project_ID,Start_Date) VALUES ("3119345", "3119283", "2023-08-26");
INSERT INTO Works_On (Researcher_ID,Project_ID,Start_Date) VALUES ("3119140", "3119507", "2022-12-25");
INSERT INTO Works_On (Researcher_ID,Project_ID,Start_Date) VALUES ("3119572", "3119064", "2022-03-22");
INSERT INTO Works_On (Researcher_ID,Project_ID,Start_Date) VALUES ("3119147", "3119140", "2021-08-05");
INSERT INTO Works_On (Researcher_ID,Project_ID,Start_Date) VALUES ("3119290", "3119543", "2022-07-16");
INSERT INTO Works_On (Researcher_ID,Project_ID,Start_Date) VALUES ("3119593", "3119077", "2021-07-11");
INSERT INTO Works_On (Researcher_ID,Project_ID,Start_Date) VALUES ("3119229", "3119021", "2021-06-28");
INSERT INTO Works_On (Researcher_ID,Project_ID,Start_Date) VALUES ("3119503", "3119286", "2021-11-07");
INSERT INTO Works_On (Researcher_ID,Project_ID,Start_Date) VALUES ("3119231", "3119514", "2023-07-06");
INSERT INTO Works_On (Researcher_ID,Project_ID,Start_Date) VALUES ("3119264", "3119267", "2022-04-17");
INSERT INTO Works_On (Researcher_ID,Project_ID,Start_Date) VALUES ("3119387", "3119212", "2022-03-02");
INSERT INTO Works_On (Researcher_ID,Project_ID,Start_Date) VALUES ("3119582", "3119597", "2021-03-03");
INSERT INTO Works_On (Researcher_ID,Project_ID,Start_Date) VALUES ("3119266", "3119238", "2021-05-03");
INSERT INTO Works_On (Researcher_ID,Project_ID,Start_Date) VALUES ("3119230", "3119180", "2020-09-13");
INSERT INTO Works_On (Researcher_ID,Project_ID,Start_Date) VALUES ("3119360", "3119599", "2023-05-07");
INSERT INTO Works_On (Researcher_ID,Project_ID,Start_Date) VALUES ("3119011", "3119006", "2022-06-07");
INSERT INTO Works_On (Researcher_ID,Project_ID,Start_Date) VALUES ("3119325", "3119262", "2020-03-26");
INSERT INTO Works_On (Researcher_ID,Project_ID,Start_Date) VALUES ("3119254", "3119237", "2023-08-16");
INSERT INTO Works_On (Researcher_ID,Project_ID,Start_Date) VALUES ("3119446", "3119521", "2022-03-28");
INSERT INTO Works_On (Researcher_ID,Project_ID,Start_Date) VALUES ("3119520", "3119093", "2022-03-16");
INSERT INTO Works_On (Researcher_ID,Project_ID,Start_Date) VALUES ("3119128", "3119512", "2020-07-21");
INSERT INTO Works_On (Researcher_ID,Project_ID,Start_Date) VALUES ("3119372", "3119233", "2021-03-06");
INSERT INTO Works_On (Researcher_ID,Project_ID,Start_Date) VALUES ("3119596", "3119474", "2021-10-23");
INSERT INTO Works_On (Researcher_ID,Project_ID,Start_Date) VALUES ("3119592", "3119211", "2023-02-21");
INSERT INTO Works_On (Researcher_ID,Project_ID,Start_Date) VALUES ("3119273", "3119521", "2021-11-25");
INSERT INTO Works_On (Researcher_ID,Project_ID,Start_Date) VALUES ("3119390", "3119271", "2021-02-04");
INSERT INTO Works_On (Researcher_ID,Project_ID,Start_Date) VALUES ("3119197", "3119323", "2020-07-09");
INSERT INTO Works_On (Researcher_ID,Project_ID,Start_Date) VALUES ("3119438", "3119213", "2020-12-03");
INSERT INTO Works_On (Researcher_ID,Project_ID,Start_Date) VALUES ("3119552", "3119285", "2020-12-28");
INSERT INTO Works_On (Researcher_ID,Project_ID,Start_Date) VALUES ("3119040", "3119533", "2022-08-17");
INSERT INTO Works_On (Researcher_ID,Project_ID,Start_Date) VALUES ("3119409", "3119005", "2021-09-01");
INSERT INTO Works_On (Researcher_ID,Project_ID,Start_Date) VALUES ("3119504", "3119533", "2023-08-19");
INSERT INTO Works_On (Researcher_ID,Project_ID,Start_Date) VALUES ("3119246", "3119349", "2022-01-07");
INSERT INTO Works_On (Researcher_ID,Project_ID,Start_Date) VALUES ("3119376", "3119591", "2021-11-07");
INSERT INTO Works_On (Researcher_ID,Project_ID,Start_Date) VALUES ("3119021", "3119188", "2022-06-27");
INSERT INTO Works_On (Researcher_ID,Project_ID,Start_Date) VALUES ("3119016", "3119015", "2022-09-27");
INSERT INTO Works_On (Researcher_ID,Project_ID,Start_Date) VALUES ("3119541", "3119165", "2023-02-15");
INSERT INTO Works_On (Researcher_ID,Project_ID,Start_Date) VALUES ("3119033", "3119120", "2024-01-29");
INSERT INTO Works_On (Researcher_ID,Project_ID,Start_Date) VALUES ("3119019", "3119471", "2021-11-04");
INSERT INTO Works_On (Researcher_ID,Project_ID,Start_Date) VALUES ("3119483", "3119216", "2020-02-02");
INSERT INTO Works_On (Researcher_ID,Project_ID,Start_Date) VALUES ("3119133", "3119549", "2025-10-14");
INSERT INTO Works_On (Researcher_ID,Project_ID,Start_Date) VALUES ("3119516", "3119315", "2022-07-21");
INSERT INTO Works_On (Researcher_ID,Project_ID,Start_Date) VALUES ("3119367", "3119503", "2022-11-14");
INSERT INTO Works_On (Researcher_ID,Project_ID,Start_Date) VALUES ("3119597", "3119214", "2024-04-10");
INSERT INTO Works_On (Researcher_ID,Project_ID,Start_Date) VALUES ("3119081", "3119266", "2022-05-15");
INSERT INTO Works_On (Researcher_ID,Project_ID,Start_Date) VALUES ("3119063", "3119248", "2023-03-20");
INSERT INTO Works_On (Researcher_ID,Project_ID,Start_Date) VALUES ("3119139", "3119092", "2021-11-03");
INSERT INTO Works_On (Researcher_ID,Project_ID,Start_Date) VALUES ("3119029", "3119221", "2021-02-24");
INSERT INTO Works_On (Researcher_ID,Project_ID,Start_Date) VALUES ("3119431", "3119515", "2020-07-15");
INSERT INTO Works_On (Researcher_ID,Project_ID,Start_Date) VALUES ("3119431", "3119316", "2022-01-15");
INSERT INTO Works_On (Researcher_ID,Project_ID,Start_Date) VALUES ("3119187", "3119525", "2024-10-05");
INSERT INTO Works_On (Researcher_ID,Project_ID,Start_Date) VALUES ("3119150", "3119090", "2022-01-31");
INSERT INTO Works_On (Researcher_ID,Project_ID,Start_Date) VALUES ("3119066", "3119183", "2023-06-12");
INSERT INTO Works_On (Researcher_ID,Project_ID,Start_Date) VALUES ("3119283", "3119576", "2020-10-30");
INSERT INTO Works_On (Researcher_ID,Project_ID,Start_Date) VALUES ("3119160", "3119040", "2021-03-30");
INSERT INTO Works_On (Researcher_ID,Project_ID,Start_Date) VALUES ("3119157", "3119244", "2023-10-21");
INSERT INTO Works_On (Researcher_ID,Project_ID,Start_Date) VALUES ("3119436", "3119022", "2021-03-01");
INSERT INTO Works_On (Researcher_ID,Project_ID,Start_Date) VALUES ("3119282", "3119222", "2021-05-01");
INSERT INTO Works_On (Researcher_ID,Project_ID,Start_Date) VALUES ("3119587", "3119509", "2022-03-14");
INSERT INTO Works_On (Researcher_ID,Project_ID,Start_Date) VALUES ("3119061", "3119151", "2021-10-29");
INSERT INTO Works_On (Researcher_ID,Project_ID,Start_Date) VALUES ("3119165", "3119537", "2023-12-31");
INSERT INTO Works_On (Researcher_ID,Project_ID,Start_Date) VALUES ("3119541", "3119560", "2022-07-10");
INSERT INTO Works_On (Researcher_ID,Project_ID,Start_Date) VALUES ("3119213", "3119227", "2021-09-03");
INSERT INTO Works_On (Researcher_ID,Project_ID,Start_Date) VALUES ("3119110", "3119160", "2021-11-25");
INSERT INTO Works_On (Researcher_ID,Project_ID,Start_Date) VALUES ("3119024", "3119203", "2021-11-20");
INSERT INTO Works_On (Researcher_ID,Project_ID,Start_Date) VALUES ("3119151", "3119589", "2022-12-11");
INSERT INTO Works_On (Researcher_ID,Project_ID,Start_Date) VALUES ("3119362", "3119061", "2022-09-22");
INSERT INTO Works_On (Researcher_ID,Project_ID,Start_Date) VALUES ("3119526", "3119023", "2023-11-26");
INSERT INTO Works_On (Researcher_ID,Project_ID,Start_Date) VALUES ("3119216", "3119519", "2022-08-25");
INSERT INTO Works_On (Researcher_ID,Project_ID,Start_Date) VALUES ("3119299", "3119135", "2020-12-29");
INSERT INTO Works_On (Researcher_ID,Project_ID,Start_Date) VALUES ("3119079", "3119157", "2023-06-15");
INSERT INTO Works_On (Researcher_ID,Project_ID,Start_Date) VALUES ("3119036", "3119075", "2023-01-02");
INSERT INTO Works_On (Researcher_ID,Project_ID,Start_Date) VALUES ("3119081", "3119053", "2022-04-27");
INSERT INTO Works_On (Researcher_ID,Project_ID,Start_Date) VALUES ("3119397", "3119072", "2022-01-14");
INSERT INTO Works_On (Researcher_ID,Project_ID,Start_Date) VALUES ("3119097", "3119503", "2022-07-19");
INSERT INTO Works_On (Researcher_ID,Project_ID,Start_Date) VALUES ("3119297", "3119441", "2025-01-19");
INSERT INTO Works_On (Researcher_ID,Project_ID,Start_Date) VALUES ("3119039", "3119094", "2022-02-10");
INSERT INTO Works_On (Researcher_ID,Project_ID,Start_Date) VALUES ("3119199", "3119371", "2022-10-03");
INSERT INTO Works_On (Researcher_ID,Project_ID,Start_Date) VALUES ("3119315", "3119142", "2023-02-16");
INSERT INTO Works_On (Researcher_ID,Project_ID,Start_Date) VALUES ("3119132", "3119292", "2022-12-18");
INSERT INTO Works_On (Researcher_ID,Project_ID,Start_Date) VALUES ("3119008", "3119486", "2023-07-02");
INSERT INTO Works_On (Researcher_ID,Project_ID,Start_Date) VALUES ("3119230", "3119272", "2022-01-07");
INSERT INTO Works_On (Researcher_ID,Project_ID,Start_Date) VALUES ("3119508", "3119381", "2022-11-30");
INSERT INTO Works_On (Researcher_ID,Project_ID,Start_Date) VALUES ("3119026", "3119454", "2021-04-20");
INSERT INTO Works_On (Researcher_ID,Project_ID,Start_Date) VALUES ("3119350", "3119275", "2024-09-15");
INSERT INTO Works_On (Researcher_ID,Project_ID,Start_Date) VALUES ("3119422", "3119207", "2023-09-11");
INSERT INTO Works_On (Researcher_ID,Project_ID,Start_Date) VALUES ("3119454", "3119377", "2021-09-06");
INSERT INTO Works_On (Researcher_ID,Project_ID,Start_Date) VALUES ("3119569", "3119302", "2021-11-02");
INSERT INTO Works_On (Researcher_ID,Project_ID,Start_Date) VALUES ("3119279", "3119092", "2023-03-01");
INSERT INTO Works_On (Researcher_ID,Project_ID,Start_Date) VALUES ("3119504", "3119566", "2021-10-25");
INSERT INTO Works_On (Researcher_ID,Project_ID,Start_Date) VALUES ("3119562", "3119363", "2023-07-31");
INSERT INTO Works_On (Researcher_ID,Project_ID,Start_Date) VALUES ("3119466", "3119124", "2021-09-09");
INSERT INTO Works_On (Researcher_ID,Project_ID,Start_Date) VALUES ("3119393", "3119241", "2020-11-16");
INSERT INTO Works_On (Researcher_ID,Project_ID,Start_Date) VALUES ("3119195", "3119251", "2022-01-09");
INSERT INTO Works_On (Researcher_ID,Project_ID,Start_Date) VALUES ("3119243", "3119457", "2021-12-25");
INSERT INTO Works_On (Researcher_ID,Project_ID,Start_Date) VALUES ("3119274", "3119262", "2020-08-02");
INSERT INTO Works_On (Researcher_ID,Project_ID,Start_Date) VALUES ("3119191", "3119423", "2021-11-18");
INSERT INTO Works_On (Researcher_ID,Project_ID,Start_Date) VALUES ("3119013", "3119566", "2022-01-12");
INSERT INTO Works_On (Researcher_ID,Project_ID,Start_Date) VALUES ("3119355", "3119292", "2022-05-17");
INSERT INTO Works_On (Researcher_ID,Project_ID,Start_Date) VALUES ("3119064", "3119432", "2022-09-29");
INSERT INTO Works_On (Researcher_ID,Project_ID,Start_Date) VALUES ("3119023", "3119180", "2021-05-04");
INSERT INTO Works_On (Researcher_ID,Project_ID,Start_Date) VALUES ("3119002", "3119560", "2023-04-07");
INSERT INTO Works_On (Researcher_ID,Project_ID,Start_Date) VALUES ("3119362", "3119008", "2023-04-13");
INSERT INTO Works_On (Researcher_ID,Project_ID,Start_Date) VALUES ("3119280", "3119279", "2023-06-25");
INSERT INTO Works_On (Researcher_ID,Project_ID,Start_Date) VALUES ("3119478", "3119123", "2021-09-11");
INSERT INTO Works_On (Researcher_ID,Project_ID,Start_Date) VALUES ("3119327", "3119049", "2020-11-18");
INSERT INTO Works_On (Researcher_ID,Project_ID,Start_Date) VALUES ("3119096", "3119086", "2023-04-13");
INSERT INTO Works_On (Researcher_ID,Project_ID,Start_Date) VALUES ("3119565", "3119048", "2021-03-11");
INSERT INTO Works_On (Researcher_ID,Project_ID,Start_Date) VALUES ("3119312", "3119310", "2022-07-21");
INSERT INTO Works_On (Researcher_ID,Project_ID,Start_Date) VALUES ("3119316", "3119197", "2021-01-08");
INSERT INTO Works_On (Researcher_ID,Project_ID,Start_Date) VALUES ("3119306", "3119398", "2021-03-26");
INSERT INTO Works_On (Researcher_ID,Project_ID,Start_Date) VALUES ("3119230", "3119550", "2023-10-13");
INSERT INTO Works_On (Researcher_ID,Project_ID,Start_Date) VALUES ("3119143", "3119249", "2022-06-06");
INSERT INTO Works_On (Researcher_ID,Project_ID,Start_Date) VALUES ("3119322", "3119537", "2022-05-06");
INSERT INTO Works_On (Researcher_ID,Project_ID,Start_Date) VALUES ("3119438", "3119465", "2021-11-21");
INSERT INTO Works_On (Researcher_ID,Project_ID,Start_Date) VALUES ("3119047", "3119222", "2021-12-18");
INSERT INTO Works_On (Researcher_ID,Project_ID,Start_Date) VALUES ("3119001", "3119225", "2022-06-30");
INSERT INTO Works_On (Researcher_ID,Project_ID,Start_Date) VALUES ("3119457", "3119144", "2023-09-10");
INSERT INTO Works_On (Researcher_ID,Project_ID,Start_Date) VALUES ("3119518", "3119287", "2022-09-08");
INSERT INTO Works_On (Researcher_ID,Project_ID,Start_Date) VALUES ("3119402", "3119563", "2020-06-06");
INSERT INTO Works_On (Researcher_ID,Project_ID,Start_Date) VALUES ("3119037", "3119214", "2025-03-31");
INSERT INTO Works_On (Researcher_ID,Project_ID,Start_Date) VALUES ("3119012", "3119053", "2022-04-12");
INSERT INTO Works_On (Researcher_ID,Project_ID,Start_Date) VALUES ("3119047", "3119199", "2023-07-16");
INSERT INTO Works_On (Researcher_ID,Project_ID,Start_Date) VALUES ("3119578", "3119454", "2021-08-31");
INSERT INTO Works_On (Researcher_ID,Project_ID,Start_Date) VALUES ("3119506", "3119147", "2023-07-21");
INSERT INTO Works_On (Researcher_ID,Project_ID,Start_Date) VALUES ("3119014", "3119001", "2021-04-30");
INSERT INTO Works_On (Researcher_ID,Project_ID,Start_Date) VALUES ("3119128", "3119017", "2021-08-02");
INSERT INTO Works_On (Researcher_ID,Project_ID,Start_Date) VALUES ("3119306", "3119354", "2021-10-14");
INSERT INTO Works_On (Researcher_ID,Project_ID,Start_Date) VALUES ("3119221", "3119431", "2021-09-21");
INSERT INTO Works_On (Researcher_ID,Project_ID,Start_Date) VALUES ("3119360", "3119232", "2023-07-23");
INSERT INTO Works_On (Researcher_ID,Project_ID,Start_Date) VALUES ("3119553", "3119258", "2020-04-21");
INSERT INTO Works_On (Researcher_ID,Project_ID,Start_Date) VALUES ("3119065", "3119562", "2021-03-13");
INSERT INTO Works_On (Researcher_ID,Project_ID,Start_Date) VALUES ("3119283", "3119550", "2022-10-23");
INSERT INTO Works_On (Researcher_ID,Project_ID,Start_Date) VALUES ("3119061", "3119253", "2022-04-01");
INSERT INTO Works_On (Researcher_ID,Project_ID,Start_Date) VALUES ("3119529", "3119142", "2022-07-07");
INSERT INTO Works_On (Researcher_ID,Project_ID,Start_Date) VALUES ("3119490", "3119405", "2023-06-28");
INSERT INTO Works_On (Researcher_ID,Project_ID,Start_Date) VALUES ("3119395", "3119398", "2021-01-15");
INSERT INTO Works_On (Researcher_ID,Project_ID,Start_Date) VALUES ("3119291", "3119458", "2022-05-30");
INSERT INTO Works_On (Researcher_ID,Project_ID,Start_Date) VALUES ("3119318", "3119430", "2020-10-25");
INSERT INTO Works_On (Researcher_ID,Project_ID,Start_Date) VALUES ("3119129", "3119362", "2024-05-31");
INSERT INTO Works_On (Researcher_ID,Project_ID,Start_Date) VALUES ("3119598", "3119166", "2020-12-01");
INSERT INTO Works_On (Researcher_ID,Project_ID,Start_Date) VALUES ("3119507", "3119034", "2021-05-07");
INSERT INTO Works_On (Researcher_ID,Project_ID,Start_Date) VALUES ("3119013", "3119472", "2021-09-01");
INSERT INTO Works_On (Researcher_ID,Project_ID,Start_Date) VALUES ("3119040", "3119401", "2021-12-27");
INSERT INTO Works_On (Researcher_ID,Project_ID,Start_Date) VALUES ("3119348", "3119093", "2022-09-21");
INSERT INTO Works_On (Researcher_ID,Project_ID,Start_Date) VALUES ("3119287", "3119321", "2023-07-06");
INSERT INTO Works_On (Researcher_ID,Project_ID,Start_Date) VALUES ("3119411", "3119167", "2021-03-06");
INSERT INTO Works_On (Researcher_ID,Project_ID,Start_Date) VALUES ("3119045", "3119525", "2025-01-31");
INSERT INTO Works_On (Researcher_ID,Project_ID,Start_Date) VALUES ("3119589", "3119270", "2024-11-16");
INSERT INTO Works_On (Researcher_ID,Project_ID,Start_Date) VALUES ("3119372", "3119342", "2021-09-15");
INSERT INTO Works_On (Researcher_ID,Project_ID,Start_Date) VALUES ("3119199", "3119226", "2022-08-30");
INSERT INTO Works_On (Researcher_ID,Project_ID,Start_Date) VALUES ("3119088", "3119242", "2021-05-12");
INSERT INTO Works_On (Researcher_ID,Project_ID,Start_Date) VALUES ("3119326", "3119247", "2023-02-28");
INSERT INTO Works_On (Researcher_ID,Project_ID,Start_Date) VALUES ("3119247", "3119596", "2023-06-13");
INSERT INTO Works_On (Researcher_ID,Project_ID,Start_Date) VALUES ("3119175", "3119546", "2023-01-15");
INSERT INTO Works_On (Researcher_ID,Project_ID,Start_Date) VALUES ("3119020", "3119351", "2019-12-02");
INSERT INTO Works_On (Researcher_ID,Project_ID,Start_Date) VALUES ("3119266", "3119369", "2021-09-03");
INSERT INTO Works_On (Researcher_ID,Project_ID,Start_Date) VALUES ("3119304", "3119087", "2020-07-01");
INSERT INTO Works_On (Researcher_ID,Project_ID,Start_Date) VALUES ("3119041", "3119301", "2021-02-22");
INSERT INTO Works_On (Researcher_ID,Project_ID,Start_Date) VALUES ("3119349", "3119273", "2022-07-23");
INSERT INTO Works_On (Researcher_ID,Project_ID,Start_Date) VALUES ("3119375", "3119141", "2022-08-19");
INSERT INTO Works_On (Researcher_ID,Project_ID,Start_Date) VALUES ("3119028", "3119423", "2021-06-21");
INSERT INTO Works_On (Researcher_ID,Project_ID,Start_Date) VALUES ("3119276", "3119083", "2023-01-06");
INSERT INTO Works_On (Researcher_ID,Project_ID,Start_Date) VALUES ("3119547", "3119349", "2022-04-01");
INSERT INTO Works_On (Researcher_ID,Project_ID,Start_Date) VALUES ("3119268", "3119421", "2023-10-06");
INSERT INTO Works_On (Researcher_ID,Project_ID,Start_Date) VALUES ("3119107", "3119250", "2023-05-08");
INSERT INTO Works_On (Researcher_ID,Project_ID,Start_Date) VALUES ("3119388", "3119543", "2024-04-24");
INSERT INTO Works_On (Researcher_ID,Project_ID,Start_Date) VALUES ("3119040", "3119472", "2020-03-25");
INSERT INTO Works_On (Researcher_ID,Project_ID,Start_Date) VALUES ("3119502", "3119325", "2021-07-19");
INSERT INTO Works_On (Researcher_ID,Project_ID,Start_Date) VALUES ("3119106", "3119111", "2022-10-21");
INSERT INTO Works_On (Researcher_ID,Project_ID,Start_Date) VALUES ("3119102", "3119003", "2022-01-27");
INSERT INTO Works_On (Researcher_ID,Project_ID,Start_Date) VALUES ("3119521", "3119544", "2023-07-24");
INSERT INTO Works_On (Researcher_ID,Project_ID,Start_Date) VALUES ("3119072", "3119393", "2020-08-03");
INSERT INTO Works_On (Researcher_ID,Project_ID,Start_Date) VALUES ("3119320", "3119095", "2023-02-25");
INSERT INTO Works_On (Researcher_ID,Project_ID,Start_Date) VALUES ("3119232", "3119218", "2020-04-02");
INSERT INTO Works_On (Researcher_ID,Project_ID,Start_Date) VALUES ("3119519", "3119361", "2021-04-01");
INSERT INTO Works_On (Researcher_ID,Project_ID,Start_Date) VALUES ("3119508", "3119278", "2021-03-16");
INSERT INTO Works_On (Researcher_ID,Project_ID,Start_Date) VALUES ("3119441", "3119287", "2023-05-05");
INSERT INTO Works_On (Researcher_ID,Project_ID,Start_Date) VALUES ("3119450", "3119354", "2022-05-18");
INSERT INTO Works_On (Researcher_ID,Project_ID,Start_Date) VALUES ("3119381", "3119536", "2020-07-31");
INSERT INTO Works_On (Researcher_ID,Project_ID,Start_Date) VALUES ("3119455", "3119496", "2020-02-12");
INSERT INTO Works_On (Researcher_ID,Project_ID,Start_Date) VALUES ("3119138", "3119189", "2022-06-19");
INSERT INTO Works_On (Researcher_ID,Project_ID,Start_Date) VALUES ("3119251", "3119514", "2022-12-01");
INSERT INTO Works_On (Researcher_ID,Project_ID,Start_Date) VALUES ("3119107", "3119098", "2023-11-02");
INSERT INTO Works_On (Researcher_ID,Project_ID,Start_Date) VALUES ("3119246", "3119536", "2021-01-06");
INSERT INTO Works_On (Researcher_ID,Project_ID,Start_Date) VALUES ("3119347", "3119160", "2020-09-19");
INSERT INTO Works_On (Researcher_ID,Project_ID,Start_Date) VALUES ("3119564", "3119494", "2021-02-05");
INSERT INTO Works_On (Researcher_ID,Project_ID,Start_Date) VALUES ("3119113", "3119299", "2024-09-23");
INSERT INTO Works_On (Researcher_ID,Project_ID,Start_Date) VALUES ("3119335", "3119355", "2022-03-24");
INSERT INTO Works_On (Researcher_ID,Project_ID,Start_Date) VALUES ("3119293", "3119467", "2022-06-24");
INSERT INTO Works_On (Researcher_ID,Project_ID,Start_Date) VALUES ("3119086", "3119528", "2022-03-31");
INSERT INTO Works_On (Researcher_ID,Project_ID,Start_Date) VALUES ("3119305", "3119131", "2022-11-02");
INSERT INTO Works_On (Researcher_ID,Project_ID,Start_Date) VALUES ("3119158", "3119269", "2020-12-23");
INSERT INTO Works_On (Researcher_ID,Project_ID,Start_Date) VALUES ("3119202", "3119101", "2022-12-19");
INSERT INTO Works_On (Researcher_ID,Project_ID,Start_Date) VALUES ("3119172", "3119476", "2022-01-03");
INSERT INTO Works_On (Researcher_ID,Project_ID,Start_Date) VALUES ("3119256", "3119259", "2020-03-20");
INSERT INTO Works_On (Researcher_ID,Project_ID,Start_Date) VALUES ("3119388", "3119540", "2023-11-17");
INSERT INTO Works_On (Researcher_ID,Project_ID,Start_Date) VALUES ("3119126", "3119004", "2021-11-08");
INSERT INTO Works_On (Researcher_ID,Project_ID,Start_Date) VALUES ("3119076", "3119560", "2023-11-23");
INSERT INTO Works_On (Researcher_ID,Project_ID,Start_Date) VALUES ("3119193", "3119046", "2021-08-17");
INSERT INTO Works_On (Researcher_ID,Project_ID,Start_Date) VALUES ("3119372", "3119526", "2021-08-14");
INSERT INTO Works_On (Researcher_ID,Project_ID,Start_Date) VALUES ("3119063", "3119452", "2023-05-14");
INSERT INTO Works_On (Researcher_ID,Project_ID,Start_Date) VALUES ("3119026", "3119529", "2023-11-14");
INSERT INTO Works_On (Researcher_ID,Project_ID,Start_Date) VALUES ("3119592", "3119045", "2021-11-24");
INSERT INTO Works_On (Researcher_ID,Project_ID,Start_Date) VALUES ("3119423", "3119198", "2022-10-21");
INSERT INTO Works_On (Researcher_ID,Project_ID,Start_Date) VALUES ("3119088", "3119098", "2023-09-10");
INSERT INTO Works_On (Researcher_ID,Project_ID,Start_Date) VALUES ("3119493", "3119208", "2021-12-17");
INSERT INTO Works_On (Researcher_ID,Project_ID,Start_Date) VALUES ("3119539", "3119423", "2022-06-11");
INSERT INTO Works_On (Researcher_ID,Project_ID,Start_Date) VALUES ("3119351", "3119379", "2022-09-14");
INSERT INTO Works_On (Researcher_ID,Project_ID,Start_Date) VALUES ("3119278", "3119422", "2024-05-28");
INSERT INTO Works_On (Researcher_ID,Project_ID,Start_Date) VALUES ("3119086", "3119410", "2022-03-09");
INSERT INTO Works_On (Researcher_ID,Project_ID,Start_Date) VALUES ("3119502", "3119236", "2023-04-19");
INSERT INTO Works_On (Researcher_ID,Project_ID,Start_Date) VALUES ("3119134", "3119435", "2022-10-23");
INSERT INTO Works_On (Researcher_ID,Project_ID,Start_Date) VALUES ("3119201", "3119489", "2020-05-17");
INSERT INTO Works_On (Researcher_ID,Project_ID,Start_Date) VALUES ("3119559", "3119570", "2021-05-28");
INSERT INTO Works_On (Researcher_ID,Project_ID,Start_Date) VALUES ("3119584", "3119439", "2021-04-22");
INSERT INTO Works_On (Researcher_ID,Project_ID,Start_Date) VALUES ("3119424", "3119344", "2021-02-07");
INSERT INTO Works_On (Researcher_ID,Project_ID,Start_Date) VALUES ("3119217", "3119187", "2020-04-22");
INSERT INTO Works_On (Researcher_ID,Project_ID,Start_Date) VALUES ("3119210", "3119163", "2021-01-22");
INSERT INTO Works_On (Researcher_ID,Project_ID,Start_Date) VALUES ("3119114", "3119460", "2021-11-03");
INSERT INTO Works_On (Researcher_ID,Project_ID,Start_Date) VALUES ("3119437", "3119447", "2022-10-02");
INSERT INTO Works_On (Researcher_ID,Project_ID,Start_Date) VALUES ("3119306", "3119435", "2024-04-23");
INSERT INTO Works_On (Researcher_ID,Project_ID,Start_Date) VALUES ("3119538", "3119501", "2023-02-01");
INSERT INTO Works_On (Researcher_ID,Project_ID,Start_Date) VALUES ("3119243", "3119287", "2022-03-13");
INSERT INTO Works_On (Researcher_ID,Project_ID,Start_Date) VALUES ("3119203", "3119209", "2020-09-13");
INSERT INTO Works_On (Researcher_ID,Project_ID,Start_Date) VALUES ("3119386", "3119381", "2023-08-02");
INSERT INTO Works_On (Researcher_ID,Project_ID,Start_Date) VALUES ("3119591", "3119176", "2024-02-10");
INSERT INTO Works_On (Researcher_ID,Project_ID,Start_Date) VALUES ("3119073", "3119088", "2023-06-25");
INSERT INTO Works_On (Researcher_ID,Project_ID,Start_Date) VALUES ("3119104", "3119434", "2023-04-22");
INSERT INTO Works_On (Researcher_ID,Project_ID,Start_Date) VALUES ("3119060", "3119545", "2022-05-19");
INSERT INTO Works_On (Researcher_ID,Project_ID,Start_Date) VALUES ("3119565", "3119336", "2020-05-20");
INSERT INTO Works_On (Researcher_ID,Project_ID,Start_Date) VALUES ("3119414", "3119504", "2021-04-05");
INSERT INTO Works_On (Researcher_ID,Project_ID,Start_Date) VALUES ("3119230", "3119576", "2021-05-03");
INSERT INTO Works_On (Researcher_ID,Project_ID,Start_Date) VALUES ("3119518", "3119224", "2021-07-23");
INSERT INTO Works_On (Researcher_ID,Project_ID,Start_Date) VALUES ("3119178", "3119274", "2021-05-10");
INSERT INTO Works_On (Researcher_ID,Project_ID,Start_Date) VALUES ("3119078", "3119422", "2022-06-19");
INSERT INTO Works_On (Researcher_ID,Project_ID,Start_Date) VALUES ("3119534", "3119417", "2024-06-29");
INSERT INTO Works_On (Researcher_ID,Project_ID,Start_Date) VALUES ("3119163", "3119335", "2023-02-06");
INSERT INTO Works_On (Researcher_ID,Project_ID,Start_Date) VALUES ("3119151", "3119096", "2021-09-28");
INSERT INTO Works_On (Researcher_ID,Project_ID,Start_Date) VALUES ("3119436", "3119072", "2022-05-29");
INSERT INTO Works_On (Researcher_ID,Project_ID,Start_Date) VALUES ("3119407", "3119518", "2021-10-25");
INSERT INTO Works_On (Researcher_ID,Project_ID,Start_Date) VALUES ("3119273", "3119206", "2021-09-30");
INSERT INTO Works_On (Researcher_ID,Project_ID,Start_Date) VALUES ("3119239", "3119467", "2022-09-07");
INSERT INTO Works_On (Researcher_ID,Project_ID,Start_Date) VALUES ("3119439", "3119476", "2022-01-31");
INSERT INTO Works_On (Researcher_ID,Project_ID,Start_Date) VALUES ("3119291", "3119557", "2023-08-10");
INSERT INTO Works_On (Researcher_ID,Project_ID,Start_Date) VALUES ("3119515", "3119482", "2021-11-22");
INSERT INTO Works_On (Researcher_ID,Project_ID,Start_Date) VALUES ("3119041", "3119134", "2025-05-01");
INSERT INTO Works_On (Researcher_ID,Project_ID,Start_Date) VALUES ("3119519", "3119091", "2023-10-10");
INSERT INTO Works_On (Researcher_ID,Project_ID,Start_Date) VALUES ("3119329", "3119463", "2023-09-07");
INSERT INTO Works_On (Researcher_ID,Project_ID,Start_Date) VALUES ("3119164", "3119460", "2022-01-10");
INSERT INTO Works_On (Researcher_ID,Project_ID,Start_Date) VALUES ("3119226", "3119306", "2021-11-04");
INSERT INTO Works_On (Researcher_ID,Project_ID,Start_Date) VALUES ("3119135", "3119144", "2023-06-05");
INSERT INTO Works_On (Researcher_ID,Project_ID,Start_Date) VALUES ("3119326", "3119316", "2022-03-13");
INSERT INTO Works_On (Researcher_ID,Project_ID,Start_Date) VALUES ("3119466", "3119338", "2021-08-01");
INSERT INTO Works_On (Researcher_ID,Project_ID,Start_Date) VALUES ("3119000", "3119248", "2022-04-04");
INSERT INTO Works_On (Researcher_ID,Project_ID,Start_Date) VALUES ("3119494", "3119499", "2021-11-20");
INSERT INTO Works_On (Researcher_ID,Project_ID,Start_Date) VALUES ("3119364", "3119112", "2022-05-06");
INSERT INTO Works_On (Researcher_ID,Project_ID,Start_Date) VALUES ("3119295", "3119109", "2022-05-15");
INSERT INTO Works_On (Researcher_ID,Project_ID,Start_Date) VALUES ("3119594", "3119558", "2023-11-02");
INSERT INTO Works_On (Researcher_ID,Project_ID,Start_Date) VALUES ("3119158", "3119220", "2020-05-06");
INSERT INTO Works_On (Researcher_ID,Project_ID,Start_Date) VALUES ("3119320", "3119381", "2022-06-26");
INSERT INTO Works_On (Researcher_ID,Project_ID,Start_Date) VALUES ("3119467", "3119159", "2024-02-11");
INSERT INTO Works_On (Researcher_ID,Project_ID,Start_Date) VALUES ("3119527", "3119049", "2021-02-23");
INSERT INTO Works_On (Researcher_ID,Project_ID,Start_Date) VALUES ("3119574", "3119091", "2024-02-11");
INSERT INTO Works_On (Researcher_ID,Project_ID,Start_Date) VALUES ("3119248", "3119191", "2022-10-06");
INSERT INTO Works_On (Researcher_ID,Project_ID,Start_Date) VALUES ("3119352", "3119073", "2023-08-04");
INSERT INTO Works_On (Researcher_ID,Project_ID,Start_Date) VALUES ("3119455", "3119179", "2021-06-19");
INSERT INTO Works_On (Researcher_ID,Project_ID,Start_Date) VALUES ("3119428", "3119490", "2020-12-13");
INSERT INTO Works_On (Researcher_ID,Project_ID,Start_Date) VALUES ("3119354", "3119316", "2021-03-29");
INSERT INTO Works_On (Researcher_ID,Project_ID,Start_Date) VALUES ("3119098", "3119064", "2021-08-09");
INSERT INTO Works_On (Researcher_ID,Project_ID,Start_Date) VALUES ("3119262", "3119573", "2021-09-05");
INSERT INTO Works_On (Researcher_ID,Project_ID,Start_Date) VALUES ("3119342", "3119296", "2024-10-21");
INSERT INTO Works_On (Researcher_ID,Project_ID,Start_Date) VALUES ("3119157", "3119191", "2021-02-16");
INSERT INTO Works_On (Researcher_ID,Project_ID,Start_Date) VALUES ("3119091", "3119018", "2022-09-12");
INSERT INTO Works_On (Researcher_ID,Project_ID,Start_Date) VALUES ("3119088", "3119210", "2023-12-31");
INSERT INTO Works_On (Researcher_ID,Project_ID,Start_Date) VALUES ("3119112", "3119138", "2022-03-09");
INSERT INTO Works_On (Researcher_ID,Project_ID,Start_Date) VALUES ("3119331", "3119230", "2023-10-05");
INSERT INTO Works_On (Researcher_ID,Project_ID,Start_Date) VALUES ("3119089", "3119437", "2020-10-22");
INSERT INTO Works_On (Researcher_ID,Project_ID,Start_Date) VALUES ("3119184", "3119011", "2020-12-18");
INSERT INTO Works_On (Researcher_ID,Project_ID,Start_Date) VALUES ("3119513", "3119063", "2022-02-14");
INSERT INTO Works_On (Researcher_ID,Project_ID,Start_Date) VALUES ("3119027", "3119022", "2023-01-18");
INSERT INTO Works_On (Researcher_ID,Project_ID,Start_Date) VALUES ("3119395", "3119255", "2024-03-13");
INSERT INTO Works_On (Researcher_ID,Project_ID,Start_Date) VALUES ("3119215", "3119012", "2026-03-14");
INSERT INTO Works_On (Researcher_ID,Project_ID,Start_Date) VALUES ("3119357", "3119499", "2020-07-08");
INSERT INTO Works_On (Researcher_ID,Project_ID,Start_Date) VALUES ("3119482", "3119322", "2023-09-13");
INSERT INTO Works_On (Researcher_ID,Project_ID,Start_Date) VALUES ("3119333", "3119393", "2021-04-19");
INSERT INTO Works_On (Researcher_ID,Project_ID,Start_Date) VALUES ("3119586", "3119449", "2022-07-19");
INSERT INTO Works_On (Researcher_ID,Project_ID,Start_Date) VALUES ("3119492", "3119069", "2022-05-22");
INSERT INTO Works_On (Researcher_ID,Project_ID,Start_Date) VALUES ("3119209", "3119204", "2021-06-15");
INSERT INTO Works_On (Researcher_ID,Project_ID,Start_Date) VALUES ("3119271", "3119196", "2023-04-17");
INSERT INTO Works_On (Researcher_ID,Project_ID,Start_Date) VALUES ("3119487", "3119141", "2022-09-23");
INSERT INTO Works_On (Researcher_ID,Project_ID,Start_Date) VALUES ("3119521", "3119392", "2022-09-19");
INSERT INTO Works_On (Researcher_ID,Project_ID,Start_Date) VALUES ("3119046", "3119576", "2020-07-22");
INSERT INTO Works_On (Researcher_ID,Project_ID,Start_Date) VALUES ("3119504", "3119350", "2023-05-12");
INSERT INTO Works_On (Researcher_ID,Project_ID,Start_Date) VALUES ("3119200", "3119278", "2022-07-25");
INSERT INTO Works_On (Researcher_ID,Project_ID,Start_Date) VALUES ("3119553", "3119322", "2023-06-21");
INSERT INTO Works_On (Researcher_ID,Project_ID,Start_Date) VALUES ("3119379", "3119311", "2023-01-13");
INSERT INTO Works_On (Researcher_ID,Project_ID,Start_Date) VALUES ("3119321", "3119031", "2023-02-16");
INSERT INTO Works_On (Researcher_ID,Project_ID,Start_Date) VALUES ("3119459", "3119598", "2021-03-10");
INSERT INTO Works_On (Researcher_ID,Project_ID,Start_Date) VALUES ("3119204", "3119188", "2022-04-04");
INSERT INTO Works_On (Researcher_ID,Project_ID,Start_Date) VALUES ("3119550", "3119393", "2022-01-09");
INSERT INTO Works_On (Researcher_ID,Project_ID,Start_Date) VALUES ("3119179", "3119439", "2020-09-09");
INSERT INTO Works_On (Researcher_ID,Project_ID,Start_Date) VALUES ("3119027", "3119423", "2021-08-23");
INSERT INTO Works_On (Researcher_ID,Project_ID,Start_Date) VALUES ("3119114", "3119256", "2022-06-29");
INSERT INTO Works_On (Researcher_ID,Project_ID,Start_Date) VALUES ("3119148", "3119079", "2022-06-24");
INSERT INTO Works_On (Researcher_ID,Project_ID,Start_Date) VALUES ("3119362", "3119258", "2020-11-12");
INSERT INTO Works_On (Researcher_ID,Project_ID,Start_Date) VALUES ("3119321", "3119167", "2020-09-26");
INSERT INTO Works_On (Researcher_ID,Project_ID,Start_Date) VALUES ("3119218", "3119225", "2022-10-15");
INSERT INTO Works_On (Researcher_ID,Project_ID,Start_Date) VALUES ("3119211", "3119096", "2020-12-22");
INSERT INTO Works_On (Researcher_ID,Project_ID,Start_Date) VALUES ("3119476", "3119451", "2022-05-12");
INSERT INTO Evaluation (Researcher_ID,Project_ID,Evaluation_Date,Evaluation_Grade) VALUES ("3119392", "3119144", "2023-08-08", "8");
INSERT INTO Evaluation (Researcher_ID,Project_ID,Evaluation_Date,Evaluation_Grade) VALUES ("3119324", "3119034", "2021-06-25", "9");
INSERT INTO Evaluation (Researcher_ID,Project_ID,Evaluation_Date,Evaluation_Grade) VALUES ("3119296", "3119054", "2023-05-21", "5");
INSERT INTO Evaluation (Researcher_ID,Project_ID,Evaluation_Date,Evaluation_Grade) VALUES ("3119470", "3119005", "2022-01-28", "5");
INSERT INTO Evaluation (Researcher_ID,Project_ID,Evaluation_Date,Evaluation_Grade) VALUES ("3119193", "3119043", "2020-03-31", "8");
INSERT INTO Evaluation (Researcher_ID,Project_ID,Evaluation_Date,Evaluation_Grade) VALUES ("3119495", "3119018", "2020-09-18", "4");
INSERT INTO Evaluation (Researcher_ID,Project_ID,Evaluation_Date,Evaluation_Grade) VALUES ("3119523", "3119103", "2021-11-29", "8");
INSERT INTO Evaluation (Researcher_ID,Project_ID,Evaluation_Date,Evaluation_Grade) VALUES ("3119055", "3119155", "2023-08-26", "10");
INSERT INTO Evaluation (Researcher_ID,Project_ID,Evaluation_Date,Evaluation_Grade) VALUES ("3119292", "3119103", "2023-01-11", "4");
INSERT INTO Evaluation (Researcher_ID,Project_ID,Evaluation_Date,Evaluation_Grade) VALUES ("3119358", "3119159", "2021-12-28", "3");
INSERT INTO Evaluation (Researcher_ID,Project_ID,Evaluation_Date,Evaluation_Grade) VALUES ("3119200", "3119034", "2021-12-03", "7");
INSERT INTO Evaluation (Researcher_ID,Project_ID,Evaluation_Date,Evaluation_Grade) VALUES ("3119422", "3119095", "2021-10-06", "5");
INSERT INTO Evaluation (Researcher_ID,Project_ID,Evaluation_Date,Evaluation_Grade) VALUES ("3119151", "3119120", "2023-04-19", "2");
INSERT INTO Evaluation (Researcher_ID,Project_ID,Evaluation_Date,Evaluation_Grade) VALUES ("3119267", "3119106", "2021-09-24", "8");
INSERT INTO Evaluation (Researcher_ID,Project_ID,Evaluation_Date,Evaluation_Grade) VALUES ("3119377", "3119087", "2020-09-17", "3");
INSERT INTO Evaluation (Researcher_ID,Project_ID,Evaluation_Date,Evaluation_Grade) VALUES ("3119296", "3119136", "2022-06-13", "5");
INSERT INTO Evaluation (Researcher_ID,Project_ID,Evaluation_Date,Evaluation_Grade) VALUES ("3119036", "3119160", "2020-10-02", "6");
INSERT INTO Evaluation (Researcher_ID,Project_ID,Evaluation_Date,Evaluation_Grade) VALUES ("3119526", "3119112", "2021-11-12", "6");
INSERT INTO Evaluation (Researcher_ID,Project_ID,Evaluation_Date,Evaluation_Grade) VALUES ("3119030", "3119021", "2021-05-25", "8");
INSERT INTO Evaluation (Researcher_ID,Project_ID,Evaluation_Date,Evaluation_Grade) VALUES ("3119332", "3119154", "2022-09-11", "7");
INSERT INTO Evaluation (Researcher_ID,Project_ID,Evaluation_Date,Evaluation_Grade) VALUES ("3119412", "3119196", "2024-05-15", "10");
INSERT INTO Evaluation (Researcher_ID,Project_ID,Evaluation_Date,Evaluation_Grade) VALUES ("3119403", "3119100", "2021-01-20", "10");
INSERT INTO Evaluation (Researcher_ID,Project_ID,Evaluation_Date,Evaluation_Grade) VALUES ("3119073", "3119090", "2024-04-20", "6");
INSERT INTO Evaluation (Researcher_ID,Project_ID,Evaluation_Date,Evaluation_Grade) VALUES ("3119237", "3119055", "2020-09-03", "6");
INSERT INTO Evaluation (Researcher_ID,Project_ID,Evaluation_Date,Evaluation_Grade) VALUES ("3119453", "3119143", "2024-10-08", "9");
INSERT INTO Evaluation (Researcher_ID,Project_ID,Evaluation_Date,Evaluation_Grade) VALUES ("3119471", "3119076", "2022-05-03", "7");
INSERT INTO Evaluation (Researcher_ID,Project_ID,Evaluation_Date,Evaluation_Grade) VALUES ("3119140", "3119040", "2023-02-10", "9");
INSERT INTO Evaluation (Researcher_ID,Project_ID,Evaluation_Date,Evaluation_Grade) VALUES ("3119519", "3119006", "2020-07-05", "8");
INSERT INTO Evaluation (Researcher_ID,Project_ID,Evaluation_Date,Evaluation_Grade) VALUES ("3119010", "3119109", "2021-11-03", "7");
INSERT INTO Evaluation (Researcher_ID,Project_ID,Evaluation_Date,Evaluation_Grade) VALUES ("3119105", "3119102", "2022-12-23", "7");
INSERT INTO Evaluation (Researcher_ID,Project_ID,Evaluation_Date,Evaluation_Grade) VALUES ("3119199", "3119068", "2022-05-24", "8");
INSERT INTO Evaluation (Researcher_ID,Project_ID,Evaluation_Date,Evaluation_Grade) VALUES ("3119144", "3119096", "2022-05-03", "10");
INSERT INTO Evaluation (Researcher_ID,Project_ID,Evaluation_Date,Evaluation_Grade) VALUES ("3119432", "3119078", "2024-06-09", "4");
INSERT INTO Evaluation (Researcher_ID,Project_ID,Evaluation_Date,Evaluation_Grade) VALUES ("3119216", "3119024", "2022-01-10", "9");
INSERT INTO Evaluation (Researcher_ID,Project_ID,Evaluation_Date,Evaluation_Grade) VALUES ("3119250", "3119170", "2022-10-07", "6");
INSERT INTO Evaluation (Researcher_ID,Project_ID,Evaluation_Date,Evaluation_Grade) VALUES ("3119304", "3119193", "2021-09-23", "10");
INSERT INTO Evaluation (Researcher_ID,Project_ID,Evaluation_Date,Evaluation_Grade) VALUES ("3119206", "3119053", "2021-07-11", "9");
INSERT INTO Evaluation (Researcher_ID,Project_ID,Evaluation_Date,Evaluation_Grade) VALUES ("3119050", "3119150", "2024-03-12", "6");
INSERT INTO Evaluation (Researcher_ID,Project_ID,Evaluation_Date,Evaluation_Grade) VALUES ("3119273", "3119057", "2023-07-28", "7");
INSERT INTO Evaluation (Researcher_ID,Project_ID,Evaluation_Date,Evaluation_Grade) VALUES ("3119282", "3119066", "2023-04-05", "4");
INSERT INTO Evaluation (Researcher_ID,Project_ID,Evaluation_Date,Evaluation_Grade) VALUES ("3119311", "3119030", "2023-05-10", "7");
INSERT INTO Evaluation (Researcher_ID,Project_ID,Evaluation_Date,Evaluation_Grade) VALUES ("3119287", "3119089", "2020-10-06", "2");
INSERT INTO Evaluation (Researcher_ID,Project_ID,Evaluation_Date,Evaluation_Grade) VALUES ("3119483", "3119049", "2020-12-12", "5");
INSERT INTO Evaluation (Researcher_ID,Project_ID,Evaluation_Date,Evaluation_Grade) VALUES ("3119354", "3119128", "2022-01-30", "7");
INSERT INTO Evaluation (Researcher_ID,Project_ID,Evaluation_Date,Evaluation_Grade) VALUES ("3119086", "3119166", "2020-08-30", "1");
INSERT INTO Evaluation (Researcher_ID,Project_ID,Evaluation_Date,Evaluation_Grade) VALUES ("3119033", "3119071", "2022-08-31", "5");
INSERT INTO Evaluation (Researcher_ID,Project_ID,Evaluation_Date,Evaluation_Grade) VALUES ("3119128", "3119018", "2022-05-07", "6");
INSERT INTO Evaluation (Researcher_ID,Project_ID,Evaluation_Date,Evaluation_Grade) VALUES ("3119026", "3119036", "2023-05-17", "3");
INSERT INTO Evaluation (Researcher_ID,Project_ID,Evaluation_Date,Evaluation_Grade) VALUES ("3119110", "3119072", "2022-08-15", "9");
INSERT INTO Evaluation (Researcher_ID,Project_ID,Evaluation_Date,Evaluation_Grade) VALUES ("3119198", "3119150", "2024-06-30", "7");
INSERT INTO Evaluation (Researcher_ID,Project_ID,Evaluation_Date,Evaluation_Grade) VALUES ("3119142", "3119135", "2022-02-07", "10");
INSERT INTO Evaluation (Researcher_ID,Project_ID,Evaluation_Date,Evaluation_Grade) VALUES ("3119121", "3119033", "2023-01-10", "10");
INSERT INTO Evaluation (Researcher_ID,Project_ID,Evaluation_Date,Evaluation_Grade) VALUES ("3119417", "3119090", "2021-08-13", "9");
INSERT INTO Evaluation (Researcher_ID,Project_ID,Evaluation_Date,Evaluation_Grade) VALUES ("3119553", "3119149", "2021-09-23", "10");
INSERT INTO Evaluation (Researcher_ID,Project_ID,Evaluation_Date,Evaluation_Grade) VALUES ("3119328", "3119107", "2022-11-24", "8");
INSERT INTO Evaluation (Researcher_ID,Project_ID,Evaluation_Date,Evaluation_Grade) VALUES ("3119046", "3119070", "2022-04-13", "5");
INSERT INTO Evaluation (Researcher_ID,Project_ID,Evaluation_Date,Evaluation_Grade) VALUES ("3119216", "3119061", "2021-03-17", "5");
INSERT INTO Evaluation (Researcher_ID,Project_ID,Evaluation_Date,Evaluation_Grade) VALUES ("3119501", "3119040", "2021-12-18", "5");
INSERT INTO Evaluation (Researcher_ID,Project_ID,Evaluation_Date,Evaluation_Grade) VALUES ("3119581", "3119033", "2022-08-23", "7");
INSERT INTO Evaluation (Researcher_ID,Project_ID,Evaluation_Date,Evaluation_Grade) VALUES ("3119533", "3119075", "2024-05-04", "7");
INSERT INTO Evaluation (Researcher_ID,Project_ID,Evaluation_Date,Evaluation_Grade) VALUES ("3119165", "3119063", "2023-02-12", "1");
INSERT INTO Evaluation (Researcher_ID,Project_ID,Evaluation_Date,Evaluation_Grade) VALUES ("3119182", "3119111", "2023-04-12", "7");
INSERT INTO Evaluation (Researcher_ID,Project_ID,Evaluation_Date,Evaluation_Grade) VALUES ("3119433", "3119067", "2020-05-02", "1");
INSERT INTO Evaluation (Researcher_ID,Project_ID,Evaluation_Date,Evaluation_Grade) VALUES ("3119228", "3119110", "2020-11-01", "6");
INSERT INTO Evaluation (Researcher_ID,Project_ID,Evaluation_Date,Evaluation_Grade) VALUES ("3119068", "3119104", "2020-12-16", "10");
INSERT INTO Evaluation (Researcher_ID,Project_ID,Evaluation_Date,Evaluation_Grade) VALUES ("3119301", "3119192", "2020-09-28", "9");
INSERT INTO Evaluation (Researcher_ID,Project_ID,Evaluation_Date,Evaluation_Grade) VALUES ("3119594", "3119098", "2022-08-24", "5");
INSERT INTO Evaluation (Researcher_ID,Project_ID,Evaluation_Date,Evaluation_Grade) VALUES ("3119360", "3119180", "2021-02-04", "8");
INSERT INTO Evaluation (Researcher_ID,Project_ID,Evaluation_Date,Evaluation_Grade) VALUES ("3119312", "3119003", "2020-08-27", "5");
INSERT INTO Evaluation (Researcher_ID,Project_ID,Evaluation_Date,Evaluation_Grade) VALUES ("3119471", "3119056", "2021-05-23", "3");
INSERT INTO Evaluation (Researcher_ID,Project_ID,Evaluation_Date,Evaluation_Grade) VALUES ("3119364", "3119164", "2022-08-29", "9");
INSERT INTO Evaluation (Researcher_ID,Project_ID,Evaluation_Date,Evaluation_Grade) VALUES ("3119410", "3119158", "2021-12-15", "10");
INSERT INTO Evaluation (Researcher_ID,Project_ID,Evaluation_Date,Evaluation_Grade) VALUES ("3119022", "3119119", "2020-09-09", "9");
INSERT INTO Evaluation (Researcher_ID,Project_ID,Evaluation_Date,Evaluation_Grade) VALUES ("3119380", "3119118", "2021-10-24", "7");
INSERT INTO Evaluation (Researcher_ID,Project_ID,Evaluation_Date,Evaluation_Grade) VALUES ("3119011", "3119151", "2022-02-13", "8");
INSERT INTO Evaluation (Researcher_ID,Project_ID,Evaluation_Date,Evaluation_Grade) VALUES ("3119290", "3119189", "2022-06-21", "8");
INSERT INTO Evaluation (Researcher_ID,Project_ID,Evaluation_Date,Evaluation_Grade) VALUES ("3119542", "3119189", "2022-05-07", "5");
INSERT INTO Evaluation (Researcher_ID,Project_ID,Evaluation_Date,Evaluation_Grade) VALUES ("3119482", "3119198", "2023-08-28", "9");
INSERT INTO Evaluation (Researcher_ID,Project_ID,Evaluation_Date,Evaluation_Grade) VALUES ("3119340", "3119024", "2021-09-14", "9");
INSERT INTO Evaluation (Researcher_ID,Project_ID,Evaluation_Date,Evaluation_Grade) VALUES ("3119108", "3119062", "2022-05-22", "7");
INSERT INTO Evaluation (Researcher_ID,Project_ID,Evaluation_Date,Evaluation_Grade) VALUES ("3119241", "3119162", "2021-12-08", "6");
INSERT INTO Evaluation (Researcher_ID,Project_ID,Evaluation_Date,Evaluation_Grade) VALUES ("3119013", "3119093", "2023-05-27", "6");
INSERT INTO Evaluation (Researcher_ID,Project_ID,Evaluation_Date,Evaluation_Grade) VALUES ("3119495", "3119094", "2021-04-30", "10");
INSERT INTO Evaluation (Researcher_ID,Project_ID,Evaluation_Date,Evaluation_Grade) VALUES ("3119147", "3119096", "2021-04-06", "8");
INSERT INTO Evaluation (Researcher_ID,Project_ID,Evaluation_Date,Evaluation_Grade) VALUES ("3119453", "3119055", "2020-12-13", "4");
INSERT INTO Evaluation (Researcher_ID,Project_ID,Evaluation_Date,Evaluation_Grade) VALUES ("3119392", "3119049", "2021-03-13", "9");
INSERT INTO Evaluation (Researcher_ID,Project_ID,Evaluation_Date,Evaluation_Grade) VALUES ("3119395", "3119155", "2023-10-02", "10");
INSERT INTO Evaluation (Researcher_ID,Project_ID,Evaluation_Date,Evaluation_Grade) VALUES ("3119167", "3119121", "2020-11-25", "6");
INSERT INTO Evaluation (Researcher_ID,Project_ID,Evaluation_Date,Evaluation_Grade) VALUES ("3119383", "3119094", "2021-07-10", "4");
INSERT INTO Evaluation (Researcher_ID,Project_ID,Evaluation_Date,Evaluation_Grade) VALUES ("3119326", "3119122", "2022-05-03", "7");
INSERT INTO Evaluation (Researcher_ID,Project_ID,Evaluation_Date,Evaluation_Grade) VALUES ("3119410", "3119064", "2020-09-17", "9");
INSERT INTO Evaluation (Researcher_ID,Project_ID,Evaluation_Date,Evaluation_Grade) VALUES ("3119477", "3119061", "2022-04-18", "2");
INSERT INTO Evaluation (Researcher_ID,Project_ID,Evaluation_Date,Evaluation_Grade) VALUES ("3119174", "3119030", "2022-04-12", "10");
INSERT INTO Evaluation (Researcher_ID,Project_ID,Evaluation_Date,Evaluation_Grade) VALUES ("3119555", "3119185", "2022-09-16", "3");
INSERT INTO Evaluation (Researcher_ID,Project_ID,Evaluation_Date,Evaluation_Grade) VALUES ("3119510", "3119008", "2021-05-13", "4");
INSERT INTO Evaluation (Researcher_ID,Project_ID,Evaluation_Date,Evaluation_Grade) VALUES ("3119352", "3119058", "2024-02-14", "2");
INSERT INTO Evaluation (Researcher_ID,Project_ID,Evaluation_Date,Evaluation_Grade) VALUES ("3119127", "3119187", "2020-10-25", "7");
INSERT INTO Evaluation (Researcher_ID,Project_ID,Evaluation_Date,Evaluation_Grade) VALUES ("3119487", "3119111", "2021-05-30", "8");
INSERT INTO Evaluation (Researcher_ID,Project_ID,Evaluation_Date,Evaluation_Grade) VALUES ("3119352", "3119158", "2021-10-21", "6");
INSERT INTO Evaluation (Researcher_ID,Project_ID,Evaluation_Date,Evaluation_Grade) VALUES ("3119191", "3119141", "2022-12-02", "7");
INSERT INTO Evaluation (Researcher_ID,Project_ID,Evaluation_Date,Evaluation_Grade) VALUES ("3119063", "3119053", "2021-09-03", "3");
INSERT INTO Evaluation (Researcher_ID,Project_ID,Evaluation_Date,Evaluation_Grade) VALUES ("3119569", "3119036", "2022-04-05", "5");
INSERT INTO Evaluation (Researcher_ID,Project_ID,Evaluation_Date,Evaluation_Grade) VALUES ("3119139", "3119032", "2021-12-26", "7");
INSERT INTO Evaluation (Researcher_ID,Project_ID,Evaluation_Date,Evaluation_Grade) VALUES ("3119056", "3119187", "2020-08-06", "10");
INSERT INTO Evaluation (Researcher_ID,Project_ID,Evaluation_Date,Evaluation_Grade) VALUES ("3119128", "3119000", "2023-07-05", "10");
INSERT INTO Evaluation (Researcher_ID,Project_ID,Evaluation_Date,Evaluation_Grade) VALUES ("3119101", "3119198", "2021-01-04", "5");
INSERT INTO Evaluation (Researcher_ID,Project_ID,Evaluation_Date,Evaluation_Grade) VALUES ("3119267", "3119158", "2022-06-02", "4");
INSERT INTO Evaluation (Researcher_ID,Project_ID,Evaluation_Date,Evaluation_Grade) VALUES ("3119051", "3119011", "2022-12-31", "3");
INSERT INTO Evaluation (Researcher_ID,Project_ID,Evaluation_Date,Evaluation_Grade) VALUES ("3119384", "3119108", "2020-06-04", "4");
INSERT INTO Evaluation (Researcher_ID,Project_ID,Evaluation_Date,Evaluation_Grade) VALUES ("3119062", "3119053", "2021-08-16", "6");
INSERT INTO Evaluation (Researcher_ID,Project_ID,Evaluation_Date,Evaluation_Grade) VALUES ("3119516", "3119115", "2024-09-18", "6");
INSERT INTO Evaluation (Researcher_ID,Project_ID,Evaluation_Date,Evaluation_Grade) VALUES ("3119422", "3119018", "2020-12-12", "8");
INSERT INTO Evaluation (Researcher_ID,Project_ID,Evaluation_Date,Evaluation_Grade) VALUES ("3119340", "3119011", "2021-01-20", "9");
INSERT INTO Evaluation (Researcher_ID,Project_ID,Evaluation_Date,Evaluation_Grade) VALUES ("3119542", "3119186", "2021-11-23", "5");
INSERT INTO Evaluation (Researcher_ID,Project_ID,Evaluation_Date,Evaluation_Grade) VALUES ("3119275", "3119171", "2023-07-02", "6");
INSERT INTO Evaluation (Researcher_ID,Project_ID,Evaluation_Date,Evaluation_Grade) VALUES ("3119044", "3119004", "2021-05-19", "6");
INSERT INTO Evaluation (Researcher_ID,Project_ID,Evaluation_Date,Evaluation_Grade) VALUES ("3119021", "3119044", "2022-07-08", "7");
INSERT INTO Evaluation (Researcher_ID,Project_ID,Evaluation_Date,Evaluation_Grade) VALUES ("3119522", "3119134", "2024-05-06", "1");
INSERT INTO Evaluation (Researcher_ID,Project_ID,Evaluation_Date,Evaluation_Grade) VALUES ("3119218", "3119119", "2021-07-17", "4");
INSERT INTO Evaluation (Researcher_ID,Project_ID,Evaluation_Date,Evaluation_Grade) VALUES ("3119387", "3119192", "2022-02-04", "2");
INSERT INTO Evaluation (Researcher_ID,Project_ID,Evaluation_Date,Evaluation_Grade) VALUES ("3119379", "3119022", "2021-10-14", "1");
INSERT INTO Evaluation (Researcher_ID,Project_ID,Evaluation_Date,Evaluation_Grade) VALUES ("3119195", "3119081", "2023-11-15", "4");
INSERT INTO Evaluation (Researcher_ID,Project_ID,Evaluation_Date,Evaluation_Grade) VALUES ("3119560", "3119137", "2022-06-14", "8");
INSERT INTO Evaluation (Researcher_ID,Project_ID,Evaluation_Date,Evaluation_Grade) VALUES ("3119170", "3119130", "2021-07-16", "9");
INSERT INTO Evaluation (Researcher_ID,Project_ID,Evaluation_Date,Evaluation_Grade) VALUES ("3119340", "3119017", "2022-05-07", "2");
INSERT INTO Evaluation (Researcher_ID,Project_ID,Evaluation_Date,Evaluation_Grade) VALUES ("3119107", "3119090", "2022-06-28", "2");
INSERT INTO Evaluation (Researcher_ID,Project_ID,Evaluation_Date,Evaluation_Grade) VALUES ("3119176", "3119094", "2020-02-02", "1");
INSERT INTO Evaluation (Researcher_ID,Project_ID,Evaluation_Date,Evaluation_Grade) VALUES ("3119103", "3119137", "2023-06-02", "7");
INSERT INTO Evaluation (Researcher_ID,Project_ID,Evaluation_Date,Evaluation_Grade) VALUES ("3119303", "3119184", "2022-12-25", "5");
INSERT INTO Evaluation (Researcher_ID,Project_ID,Evaluation_Date,Evaluation_Grade) VALUES ("3119055", "3119055", "2022-02-08", "7");
INSERT INTO Evaluation (Researcher_ID,Project_ID,Evaluation_Date,Evaluation_Grade) VALUES ("3119458", "3119078", "2023-10-23", "10");
INSERT INTO Evaluation (Researcher_ID,Project_ID,Evaluation_Date,Evaluation_Grade) VALUES ("3119496", "3119160", "2021-05-18", "7");
INSERT INTO Evaluation (Researcher_ID,Project_ID,Evaluation_Date,Evaluation_Grade) VALUES ("3119348", "3119018", "2020-10-26", "7");
INSERT INTO Evaluation (Researcher_ID,Project_ID,Evaluation_Date,Evaluation_Grade) VALUES ("3119374", "3119058", "2025-05-21", "1");
INSERT INTO Evaluation (Researcher_ID,Project_ID,Evaluation_Date,Evaluation_Grade) VALUES ("3119327", "3119046", "2021-04-14", "10");
INSERT INTO Evaluation (Researcher_ID,Project_ID,Evaluation_Date,Evaluation_Grade) VALUES ("3119224", "3119076", "2022-02-27", "3");
INSERT INTO Evaluation (Researcher_ID,Project_ID,Evaluation_Date,Evaluation_Grade) VALUES ("3119561", "3119194", "2020-09-22", "9");
INSERT INTO Evaluation (Researcher_ID,Project_ID,Evaluation_Date,Evaluation_Grade) VALUES ("3119478", "3119194", "2020-04-25", "5");
INSERT INTO Evaluation (Researcher_ID,Project_ID,Evaluation_Date,Evaluation_Grade) VALUES ("3119151", "3119167", "2021-12-01", "4");
INSERT INTO Evaluation (Researcher_ID,Project_ID,Evaluation_Date,Evaluation_Grade) VALUES ("3119320", "3119014", "2024-07-27", "4");
INSERT INTO Evaluation (Researcher_ID,Project_ID,Evaluation_Date,Evaluation_Grade) VALUES ("3119352", "3119066", "2022-06-09", "4");
INSERT INTO Evaluation (Researcher_ID,Project_ID,Evaluation_Date,Evaluation_Grade) VALUES ("3119424", "3119040", "2023-01-24", "9");
INSERT INTO Evaluation (Researcher_ID,Project_ID,Evaluation_Date,Evaluation_Grade) VALUES ("3119094", "3119144", "2023-11-06", "5");
INSERT INTO Evaluation (Researcher_ID,Project_ID,Evaluation_Date,Evaluation_Grade) VALUES ("3119346", "3119147", "2022-12-27", "3");
INSERT INTO Evaluation (Researcher_ID,Project_ID,Evaluation_Date,Evaluation_Grade) VALUES ("3119258", "3119178", "2020-12-09", "7");
INSERT INTO Evaluation (Researcher_ID,Project_ID,Evaluation_Date,Evaluation_Grade) VALUES ("3119307", "3119008", "2023-09-07", "5");
INSERT INTO Evaluation (Researcher_ID,Project_ID,Evaluation_Date,Evaluation_Grade) VALUES ("3119592", "3119075", "2022-10-02", "1");
INSERT INTO Evaluation (Researcher_ID,Project_ID,Evaluation_Date,Evaluation_Grade) VALUES ("3119446", "3119104", "2021-08-20", "5");
INSERT INTO Evaluation (Researcher_ID,Project_ID,Evaluation_Date,Evaluation_Grade) VALUES ("3119519", "3119169", "2023-10-10", "7");
INSERT INTO Evaluation (Researcher_ID,Project_ID,Evaluation_Date,Evaluation_Grade) VALUES ("3119072", "3119115", "2022-07-22", "7");
INSERT INTO Evaluation (Researcher_ID,Project_ID,Evaluation_Date,Evaluation_Grade) VALUES ("3119101", "3119194", "2020-12-11", "6");
INSERT INTO Evaluation (Researcher_ID,Project_ID,Evaluation_Date,Evaluation_Grade) VALUES ("3119549", "3119001", "2021-04-27", "3");
INSERT INTO Evaluation (Researcher_ID,Project_ID,Evaluation_Date,Evaluation_Grade) VALUES ("3119499", "3119059", "2022-06-09", "8");
INSERT INTO Evaluation (Researcher_ID,Project_ID,Evaluation_Date,Evaluation_Grade) VALUES ("3119214", "3119039", "2021-12-20", "7");
INSERT INTO Evaluation (Researcher_ID,Project_ID,Evaluation_Date,Evaluation_Grade) VALUES ("3119231", "3119038", "2023-05-01", "7");
INSERT INTO Evaluation (Researcher_ID,Project_ID,Evaluation_Date,Evaluation_Grade) VALUES ("3119302", "3119090", "2022-11-29", "8");
INSERT INTO Evaluation (Researcher_ID,Project_ID,Evaluation_Date,Evaluation_Grade) VALUES ("3119029", "3119032", "2021-12-22", "9");
INSERT INTO Evaluation (Researcher_ID,Project_ID,Evaluation_Date,Evaluation_Grade) VALUES ("3119283", "3119046", "2021-12-21", "9");
INSERT INTO Evaluation (Researcher_ID,Project_ID,Evaluation_Date,Evaluation_Grade) VALUES ("3119235", "3119173", "2022-06-30", "1");
INSERT INTO Evaluation (Researcher_ID,Project_ID,Evaluation_Date,Evaluation_Grade) VALUES ("3119513", "3119117", "2020-12-05", "6");
INSERT INTO Evaluation (Researcher_ID,Project_ID,Evaluation_Date,Evaluation_Grade) VALUES ("3119561", "3119181", "2022-09-29", "10");
INSERT INTO Evaluation (Researcher_ID,Project_ID,Evaluation_Date,Evaluation_Grade) VALUES ("3119416", "3119077", "2020-10-01", "4");
INSERT INTO Evaluation (Researcher_ID,Project_ID,Evaluation_Date,Evaluation_Grade) VALUES ("3119265", "3119029", "2021-06-09", "6");
INSERT INTO Evaluation (Researcher_ID,Project_ID,Evaluation_Date,Evaluation_Grade) VALUES ("3119147", "3119076", "2022-02-25", "9");
INSERT INTO Evaluation (Researcher_ID,Project_ID,Evaluation_Date,Evaluation_Grade) VALUES ("3119304", "3119059", "2021-09-13", "3");
INSERT INTO Evaluation (Researcher_ID,Project_ID,Evaluation_Date,Evaluation_Grade) VALUES ("3119571", "3119192", "2022-05-22", "2");
INSERT INTO Evaluation (Researcher_ID,Project_ID,Evaluation_Date,Evaluation_Grade) VALUES ("3119529", "3119068", "2021-03-30", "7");
INSERT INTO Evaluation (Researcher_ID,Project_ID,Evaluation_Date,Evaluation_Grade) VALUES ("3119509", "3119081", "2023-05-28", "3");
INSERT INTO Evaluation (Researcher_ID,Project_ID,Evaluation_Date,Evaluation_Grade) VALUES ("3119474", "3119132", "2021-11-04", "10");
INSERT INTO Evaluation (Researcher_ID,Project_ID,Evaluation_Date,Evaluation_Grade) VALUES ("3119196", "3119053", "2021-12-26", "6");
INSERT INTO Evaluation (Researcher_ID,Project_ID,Evaluation_Date,Evaluation_Grade) VALUES ("3119353", "3119090", "2022-06-24", "5");
INSERT INTO Evaluation (Researcher_ID,Project_ID,Evaluation_Date,Evaluation_Grade) VALUES ("3119573", "3119186", "2021-07-06", "8");
INSERT INTO Evaluation (Researcher_ID,Project_ID,Evaluation_Date,Evaluation_Grade) VALUES ("3119357", "3119138", "2023-11-23", "7");
INSERT INTO Evaluation (Researcher_ID,Project_ID,Evaluation_Date,Evaluation_Grade) VALUES ("3119182", "3119131", "2022-05-27", "10");
INSERT INTO Evaluation (Researcher_ID,Project_ID,Evaluation_Date,Evaluation_Grade) VALUES ("3119136", "3119169", "2024-03-31", "1");
INSERT INTO Evaluation (Researcher_ID,Project_ID,Evaluation_Date,Evaluation_Grade) VALUES ("3119408", "3119123", "2023-01-11", "9");
INSERT INTO Evaluation (Researcher_ID,Project_ID,Evaluation_Date,Evaluation_Grade) VALUES ("3119247", "3119140", "2021-08-14", "7");
INSERT INTO Evaluation (Researcher_ID,Project_ID,Evaluation_Date,Evaluation_Grade) VALUES ("3119324", "3119120", "2025-01-29", "5");
INSERT INTO Evaluation (Researcher_ID,Project_ID,Evaluation_Date,Evaluation_Grade) VALUES ("3119484", "3119063", "2022-10-10", "9");
INSERT INTO Evaluation (Researcher_ID,Project_ID,Evaluation_Date,Evaluation_Grade) VALUES ("3119389", "3119134", "2023-01-11", "1");
INSERT INTO Evaluation (Researcher_ID,Project_ID,Evaluation_Date,Evaluation_Grade) VALUES ("3119518", "3119090", "2021-10-14", "10");
INSERT INTO Evaluation (Researcher_ID,Project_ID,Evaluation_Date,Evaluation_Grade) VALUES ("3119186", "3119019", "2021-03-28", "8");
INSERT INTO Evaluation (Researcher_ID,Project_ID,Evaluation_Date,Evaluation_Grade) VALUES ("3119522", "3119004", "2022-04-21", "8");
INSERT INTO Evaluation (Researcher_ID,Project_ID,Evaluation_Date,Evaluation_Grade) VALUES ("3119393", "3119119", "2020-07-25", "8");
INSERT INTO Evaluation (Researcher_ID,Project_ID,Evaluation_Date,Evaluation_Grade) VALUES ("3119375", "3119098", "2023-11-30", "3");
INSERT INTO Evaluation (Researcher_ID,Project_ID,Evaluation_Date,Evaluation_Grade) VALUES ("3119125", "3119111", "2023-05-23", "8");
INSERT INTO Evaluation (Researcher_ID,Project_ID,Evaluation_Date,Evaluation_Grade) VALUES ("3119187", "3119098", "2023-04-10", "1");
INSERT INTO Evaluation (Researcher_ID,Project_ID,Evaluation_Date,Evaluation_Grade) VALUES ("3119005", "3119164", "2022-03-23", "3");
INSERT INTO Evaluation (Researcher_ID,Project_ID,Evaluation_Date,Evaluation_Grade) VALUES ("3119389", "3119173", "2025-03-06", "3");
INSERT INTO Evaluation (Researcher_ID,Project_ID,Evaluation_Date,Evaluation_Grade) VALUES ("3119411", "3119059", "2022-07-12", "9");
INSERT INTO Evaluation (Researcher_ID,Project_ID,Evaluation_Date,Evaluation_Grade) VALUES ("3119499", "3119101", "2021-08-21", "2");
INSERT INTO Evaluation (Researcher_ID,Project_ID,Evaluation_Date,Evaluation_Grade) VALUES ("3119453", "3119072", "2022-06-25", "8");
INSERT INTO Evaluation (Researcher_ID,Project_ID,Evaluation_Date,Evaluation_Grade) VALUES ("3119037", "3119117", "2024-04-30", "10");
INSERT INTO Evaluation (Researcher_ID,Project_ID,Evaluation_Date,Evaluation_Grade) VALUES ("3119439", "3119064", "2020-06-29", "9");
INSERT INTO Evaluation (Researcher_ID,Project_ID,Evaluation_Date,Evaluation_Grade) VALUES ("3119076", "3119151", "2020-08-03", "2");
INSERT INTO Evaluation (Researcher_ID,Project_ID,Evaluation_Date,Evaluation_Grade) VALUES ("3119411", "3119188", "2022-10-08", "8");
INSERT INTO Evaluation (Researcher_ID,Project_ID,Evaluation_Date,Evaluation_Grade) VALUES ("3119422", "3119091", "2021-11-20", "7");
INSERT INTO Evaluation (Researcher_ID,Project_ID,Evaluation_Date,Evaluation_Grade) VALUES ("3119341", "3119133", "2022-03-16", "1");
INSERT INTO Evaluation (Researcher_ID,Project_ID,Evaluation_Date,Evaluation_Grade) VALUES ("3119270", "3119059", "2022-07-23", "5");
INSERT INTO Evaluation (Researcher_ID,Project_ID,Evaluation_Date,Evaluation_Grade) VALUES ("3119069", "3119141", "2023-12-13", "8");
INSERT INTO Org_Phone (Organization_ID,Phone_Number) VALUES ("3119000", "2350747145");
INSERT INTO Org_Phone (Organization_ID,Phone_Number) VALUES ("3119001", "2718756044");
INSERT INTO Org_Phone (Organization_ID,Phone_Number) VALUES ("3119002", "2465466602");
INSERT INTO Org_Phone (Organization_ID,Phone_Number) VALUES ("3119003", "2210200189");
INSERT INTO Org_Phone (Organization_ID,Phone_Number) VALUES ("3119004", "2518185213");
INSERT INTO Org_Phone (Organization_ID,Phone_Number) VALUES ("3119005", "2658668541");
INSERT INTO Org_Phone (Organization_ID,Phone_Number) VALUES ("3119006", "2538863519");
INSERT INTO Org_Phone (Organization_ID,Phone_Number) VALUES ("3119007", "2349417184");
INSERT INTO Org_Phone (Organization_ID,Phone_Number) VALUES ("3119008", "2117146645");
INSERT INTO Org_Phone (Organization_ID,Phone_Number) VALUES ("3119009", "2467400901");
INSERT INTO Org_Phone (Organization_ID,Phone_Number) VALUES ("3119010", "2406893525");
INSERT INTO Org_Phone (Organization_ID,Phone_Number) VALUES ("3119011", "2272536199");
INSERT INTO Org_Phone (Organization_ID,Phone_Number) VALUES ("3119012", "2306875985");
INSERT INTO Org_Phone (Organization_ID,Phone_Number) VALUES ("3119013", "2515081585");
INSERT INTO Org_Phone (Organization_ID,Phone_Number) VALUES ("3119014", "2419212962");
INSERT INTO Org_Phone (Organization_ID,Phone_Number) VALUES ("3119015", "2573632700");
INSERT INTO Org_Phone (Organization_ID,Phone_Number) VALUES ("3119016", "2481947979");
INSERT INTO Org_Phone (Organization_ID,Phone_Number) VALUES ("3119017", "2767757133");
INSERT INTO Org_Phone (Organization_ID,Phone_Number) VALUES ("3119018", "2599349563");
INSERT INTO Org_Phone (Organization_ID,Phone_Number) VALUES ("3119019", "2522691499");
INSERT INTO Org_Phone (Organization_ID,Phone_Number) VALUES ("3119020", "2737724534");
INSERT INTO Org_Phone (Organization_ID,Phone_Number) VALUES ("3119021", "2654215998");
INSERT INTO Org_Phone (Organization_ID,Phone_Number) VALUES ("3119022", "2711486327");
INSERT INTO Org_Phone (Organization_ID,Phone_Number) VALUES ("3119023", "2187645119");
INSERT INTO Org_Phone (Organization_ID,Phone_Number) VALUES ("3119024", "2544466946");
INSERT INTO Org_Phone (Organization_ID,Phone_Number) VALUES ("3119025", "2249043376");
INSERT INTO Org_Phone (Organization_ID,Phone_Number) VALUES ("3119026", "2254060071");
INSERT INTO Org_Phone (Organization_ID,Phone_Number) VALUES ("3119027", "2417814266");
INSERT INTO Org_Phone (Organization_ID,Phone_Number) VALUES ("3119028", "2615309449");
INSERT INTO Org_Phone (Organization_ID,Phone_Number) VALUES ("3119029", "2764596971");
INSERT INTO Org_Phone (Organization_ID,Phone_Number) VALUES ("3119030", "2663518741");
INSERT INTO Org_Phone (Organization_ID,Phone_Number) VALUES ("3119031", "2668685828");
INSERT INTO Org_Phone (Organization_ID,Phone_Number) VALUES ("3119032", "2204004590");
INSERT INTO Org_Phone (Organization_ID,Phone_Number) VALUES ("3119033", "2249410657");
INSERT INTO Org_Phone (Organization_ID,Phone_Number) VALUES ("3119034", "2335097129");
INSERT INTO Org_Phone (Organization_ID,Phone_Number) VALUES ("3119035", "2201632861");
INSERT INTO Org_Phone (Organization_ID,Phone_Number) VALUES ("3119036", "2713169561");
INSERT INTO Org_Phone (Organization_ID,Phone_Number) VALUES ("3119037", "2303134537");
INSERT INTO Org_Phone (Organization_ID,Phone_Number) VALUES ("3119038", "2671868906");
INSERT INTO Org_Phone (Organization_ID,Phone_Number) VALUES ("3119039", "2331046218");
INSERT INTO Org_Phone (Organization_ID,Phone_Number) VALUES ("3119040", "2430013585");
INSERT INTO Org_Phone (Organization_ID,Phone_Number) VALUES ("3119041", "2596435159");
INSERT INTO Org_Phone (Organization_ID,Phone_Number) VALUES ("3119042", "2299300439");
INSERT INTO Org_Phone (Organization_ID,Phone_Number) VALUES ("3119043", "2266152646");
INSERT INTO Org_Phone (Organization_ID,Phone_Number) VALUES ("3119044", "2301434786");
INSERT INTO Org_Phone (Organization_ID,Phone_Number) VALUES ("3119045", "2142000630");
INSERT INTO Org_Phone (Organization_ID,Phone_Number) VALUES ("3119046", "2798505987");
INSERT INTO Org_Phone (Organization_ID,Phone_Number) VALUES ("3119047", "2183649833");
INSERT INTO Org_Phone (Organization_ID,Phone_Number) VALUES ("3119048", "2634220129");
INSERT INTO Org_Phone (Organization_ID,Phone_Number) VALUES ("3119049", "2493780903");
INSERT INTO Org_Phone (Organization_ID,Phone_Number) VALUES ("3119017", "2693897159");
INSERT INTO Org_Phone (Organization_ID,Phone_Number) VALUES ("3119015", "2297212693");
INSERT INTO Org_Phone (Organization_ID,Phone_Number) VALUES ("3119039", "2433271315");
INSERT INTO Org_Phone (Organization_ID,Phone_Number) VALUES ("3119016", "2484812317");
INSERT INTO Org_Phone (Organization_ID,Phone_Number) VALUES ("3119003", "2566043847");
INSERT INTO Org_Phone (Organization_ID,Phone_Number) VALUES ("3119016", "2497458497");
INSERT INTO Org_Phone (Organization_ID,Phone_Number) VALUES ("3119009", "2400754457");
INSERT INTO Org_Phone (Organization_ID,Phone_Number) VALUES ("3119029", "2349352867");
INSERT INTO Org_Phone (Organization_ID,Phone_Number) VALUES ("3119002", "2537795675");
INSERT INTO Org_Phone (Organization_ID,Phone_Number) VALUES ("3119027", "2449222599");
INSERT INTO Org_Phone (Organization_ID,Phone_Number) VALUES ("3119049", "2735902097");
INSERT INTO Org_Phone (Organization_ID,Phone_Number) VALUES ("3119003", "2215862883");
INSERT INTO Org_Phone (Organization_ID,Phone_Number) VALUES ("3119037", "2314029764");
INSERT INTO Org_Phone (Organization_ID,Phone_Number) VALUES ("3119047", "2275404641");
INSERT INTO Org_Phone (Organization_ID,Phone_Number) VALUES ("3119018", "2468672705");
INSERT INTO Org_Phone (Organization_ID,Phone_Number) VALUES ("3119003", "2553211517");
INSERT INTO Org_Phone (Organization_ID,Phone_Number) VALUES ("3119015", "2123404565");
INSERT INTO Org_Phone (Organization_ID,Phone_Number) VALUES ("3119000", "2567479659");
INSERT INTO Org_Phone (Organization_ID,Phone_Number) VALUES ("3119003", "2285683792");
INSERT INTO Org_Phone (Organization_ID,Phone_Number) VALUES ("3119012", "2234670664");
INSERT INTO Org_Phone (Organization_ID,Phone_Number) VALUES ("3119000", "2488773534");
INSERT INTO Org_Phone (Organization_ID,Phone_Number) VALUES ("3119013", "2774118012");
INSERT INTO Org_Phone (Organization_ID,Phone_Number) VALUES ("3119026", "2161738798");
INSERT INTO Org_Phone (Organization_ID,Phone_Number) VALUES ("3119039", "2558636930");
INSERT INTO Org_Phone (Organization_ID,Phone_Number) VALUES ("3119004", "2387030620");
INSERT INTO Org_Phone (Organization_ID,Phone_Number) VALUES ("3119041", "2234106099");
INSERT INTO Org_Phone (Organization_ID,Phone_Number) VALUES ("3119020", "2728380272");
INSERT INTO Org_Phone (Organization_ID,Phone_Number) VALUES ("3119001", "2247706358");
INSERT INTO Org_Phone (Organization_ID,Phone_Number) VALUES ("3119043", "2241171127");
INSERT INTO Org_Phone (Organization_ID,Phone_Number) VALUES ("3119023", "2238204545");
INSERT INTO Org_Phone (Organization_ID,Phone_Number) VALUES ("3119010", "2414845817");
INSERT INTO Org_Phone (Organization_ID,Phone_Number) VALUES ("3119019", "2442231514");
INSERT INTO Org_Phone (Organization_ID,Phone_Number) VALUES ("3119042", "2625361118");
INSERT INTO Org_Phone (Organization_ID,Phone_Number) VALUES ("3119042", "2181837878");
INSERT INTO Org_Phone (Organization_ID,Phone_Number) VALUES ("3119041", "2780790274");
INSERT INTO Org_Phone (Organization_ID,Phone_Number) VALUES ("3119023", "2722330894");
INSERT INTO Org_Phone (Organization_ID,Phone_Number) VALUES ("3119000", "2502131730");
INSERT INTO Org_Phone (Organization_ID,Phone_Number) VALUES ("3119021", "2594745236");
INSERT INTO Org_Phone (Organization_ID,Phone_Number) VALUES ("3119020", "2517387010");
INSERT INTO Org_Phone (Organization_ID,Phone_Number) VALUES ("3119032", "2328709131");
INSERT INTO Org_Phone (Organization_ID,Phone_Number) VALUES ("3119004", "2266676246");
INSERT INTO Org_Phone (Organization_ID,Phone_Number) VALUES ("3119014", "2392317734");
INSERT INTO Org_Phone (Organization_ID,Phone_Number) VALUES ("3119024", "2282727714");
INSERT INTO Org_Phone (Organization_ID,Phone_Number) VALUES ("3119019", "2788819812");
INSERT INTO Org_Phone (Organization_ID,Phone_Number) VALUES ("3119022", "2660745613");
INSERT INTO Org_Phone (Organization_ID,Phone_Number) VALUES ("3119016", "2379706159");
INSERT INTO Org_Phone (Organization_ID,Phone_Number) VALUES ("3119026", "2697576411");
INSERT INTO Org_Phone (Organization_ID,Phone_Number) VALUES ("3119004", "2705745361");
INSERT INTO Org_Phone (Organization_ID,Phone_Number) VALUES ("3119025", "2782808471");
INSERT INTO Org_Phone (Organization_ID,Phone_Number) VALUES ("3119022", "2136261285");
INSERT INTO Org_Phone (Organization_ID,Phone_Number) VALUES ("3119010", "2373330268");
INSERT INTO Org_Phone (Organization_ID,Phone_Number) VALUES ("3119025", "2186185570");
INSERT INTO Org_Phone (Organization_ID,Phone_Number) VALUES ("3119031", "2268098164");
INSERT INTO Org_Phone (Organization_ID,Phone_Number) VALUES ("3119008", "2500727407");
INSERT INTO Org_Phone (Organization_ID,Phone_Number) VALUES ("3119008", "2399474631");
INSERT INTO Org_Phone (Organization_ID,Phone_Number) VALUES ("3119024", "2514500080");
INSERT INTO Org_Phone (Organization_ID,Phone_Number) VALUES ("3119033", "2552270817");
INSERT INTO Org_Phone (Organization_ID,Phone_Number) VALUES ("3119034", "2676992332");
INSERT INTO Org_Phone (Organization_ID,Phone_Number) VALUES ("3119017", "2587405702");
INSERT INTO Org_Phone (Organization_ID,Phone_Number) VALUES ("3119043", "2403179326");
INSERT INTO Org_Phone (Organization_ID,Phone_Number) VALUES ("3119029", "2139066720");
INSERT INTO Org_Phone (Organization_ID,Phone_Number) VALUES ("3119012", "2210462485");
INSERT INTO Org_Phone (Organization_ID,Phone_Number) VALUES ("3119046", "2343477614");
INSERT INTO Org_Phone (Organization_ID,Phone_Number) VALUES ("3119029", "2698587642");
INSERT INTO Org_Phone (Organization_ID,Phone_Number) VALUES ("3119004", "2559876428");
INSERT INTO Org_Phone (Organization_ID,Phone_Number) VALUES ("3119020", "2370995812");
INSERT INTO Org_Phone (Organization_ID,Phone_Number) VALUES ("3119023", "2672752020");
INSERT INTO Org_Phone (Organization_ID,Phone_Number) VALUES ("3119044", "2662220255");
INSERT INTO Org_Phone (Organization_ID,Phone_Number) VALUES ("3119043", "2642760269");
INSERT INTO Org_Phone (Organization_ID,Phone_Number) VALUES ("3119024", "2157772628");
INSERT INTO Org_Phone (Organization_ID,Phone_Number) VALUES ("3119046", "2584182044");
INSERT INTO Org_Phone (Organization_ID,Phone_Number) VALUES ("3119028", "2312858057");
INSERT INTO Org_Phone (Organization_ID,Phone_Number) VALUES ("3119013", "2298056689");
INSERT INTO Org_Phone (Organization_ID,Phone_Number) VALUES ("3119046", "2386921802");
INSERT INTO Org_Phone (Organization_ID,Phone_Number) VALUES ("3119020", "2677981387");
INSERT INTO Org_Phone (Organization_ID,Phone_Number) VALUES ("3119047", "2256567824");
INSERT INTO Org_Phone (Organization_ID,Phone_Number) VALUES ("3119049", "2354680842");
INSERT INTO Org_Phone (Organization_ID,Phone_Number) VALUES ("3119028", "2720287835");
INSERT INTO Org_Phone (Organization_ID,Phone_Number) VALUES ("3119037", "2569248942");
INSERT INTO Org_Phone (Organization_ID,Phone_Number) VALUES ("3119031", "2568188191");
INSERT INTO Org_Phone (Organization_ID,Phone_Number) VALUES ("3119045", "2498833063");
INSERT INTO Org_Phone (Organization_ID,Phone_Number) VALUES ("3119030", "2544072740");
INSERT INTO Org_Phone (Organization_ID,Phone_Number) VALUES ("3119034", "2163039914");
INSERT INTO Org_Phone (Organization_ID,Phone_Number) VALUES ("3119045", "2798001478");
INSERT INTO Org_Phone (Organization_ID,Phone_Number) VALUES ("3119011", "2429082787");
INSERT INTO Org_Phone (Organization_ID,Phone_Number) VALUES ("3119045", "2440819816");
INSERT INTO Org_Phone (Organization_ID,Phone_Number) VALUES ("3119008", "2798383711");
INSERT INTO Org_Phone (Organization_ID,Phone_Number) VALUES ("3119039", "2574502986");
INSERT INTO Org_Phone (Organization_ID,Phone_Number) VALUES ("3119042", "2627128629");
INSERT INTO Org_Phone (Organization_ID,Phone_Number) VALUES ("3119010", "2464824918");
INSERT INTO Org_Phone (Organization_ID,Phone_Number) VALUES ("3119025", "2256054411");
INSERT INTO Org_Phone (Organization_ID,Phone_Number) VALUES ("3119037", "2292628370");
INSERT INTO Org_Phone (Organization_ID,Phone_Number) VALUES ("3119010", "2120437951");
INSERT INTO Org_Phone (Organization_ID,Phone_Number) VALUES ("3119012", "2252463654");
INSERT INTO Org_Phone (Organization_ID,Phone_Number) VALUES ("3119028", "2277059031");
INSERT INTO Org_Phone (Organization_ID,Phone_Number) VALUES ("3119006", "2738297952");
INSERT INTO Org_Phone (Organization_ID,Phone_Number) VALUES ("3119022", "2546544914");
INSERT INTO Org_Phone (Organization_ID,Phone_Number) VALUES ("3119040", "2408149629");
INSERT INTO Org_Phone (Organization_ID,Phone_Number) VALUES ("3119041", "2140454045");
INSERT INTO Org_Phone (Organization_ID,Phone_Number) VALUES ("3119009", "2529263098");
INSERT INTO Org_Phone (Organization_ID,Phone_Number) VALUES ("3119006", "2412946837");
INSERT INTO Org_Phone (Organization_ID,Phone_Number) VALUES ("3119031", "2689813845");
INSERT INTO Org_Phone (Organization_ID,Phone_Number) VALUES ("3119048", "2670703383");
INSERT INTO Org_Phone (Organization_ID,Phone_Number) VALUES ("3119031", "2616261190");
INSERT INTO Org_Phone (Organization_ID,Phone_Number) VALUES ("3119015", "2290941788");
INSERT INTO Org_Phone (Organization_ID,Phone_Number) VALUES ("3119011", "2137742092");
INSERT INTO Org_Phone (Organization_ID,Phone_Number) VALUES ("3119026", "2694602506");
INSERT INTO Org_Phone (Organization_ID,Phone_Number) VALUES ("3119043", "2305154560");
INSERT INTO Org_Phone (Organization_ID,Phone_Number) VALUES ("3119028", "2421098244");
INSERT INTO Org_Phone (Organization_ID,Phone_Number) VALUES ("3119007", "2743000989");
INSERT INTO Org_Phone (Organization_ID,Phone_Number) VALUES ("3119005", "2292082677");
INSERT INTO Org_Phone (Organization_ID,Phone_Number) VALUES ("3119049", "2206902472");
INSERT INTO Org_Phone (Organization_ID,Phone_Number) VALUES ("3119024", "2170485643");
INSERT INTO Org_Phone (Organization_ID,Phone_Number) VALUES ("3119035", "2272345708");
INSERT INTO Org_Phone (Organization_ID,Phone_Number) VALUES ("3119003", "2171161675");
INSERT INTO Org_Phone (Organization_ID,Phone_Number) VALUES ("3119029", "2521527269");
INSERT INTO Org_Phone (Organization_ID,Phone_Number) VALUES ("3119046", "2793118076");
INSERT INTO Org_Phone (Organization_ID,Phone_Number) VALUES ("3119014", "2742686071");
INSERT INTO Org_Phone (Organization_ID,Phone_Number) VALUES ("3119013", "2389968690");
INSERT INTO Org_Phone (Organization_ID,Phone_Number) VALUES ("3119027", "2397512059");
INSERT INTO Org_Phone (Organization_ID,Phone_Number) VALUES ("3119002", "2378253626");
INSERT INTO Org_Phone (Organization_ID,Phone_Number) VALUES ("3119037", "2255435337");
INSERT INTO Org_Phone (Organization_ID,Phone_Number) VALUES ("3119034", "2670263237");
INSERT INTO Org_Phone (Organization_ID,Phone_Number) VALUES ("3119037", "2703990050");
INSERT INTO Org_Phone (Organization_ID,Phone_Number) VALUES ("3119025", "2468004838");
INSERT INTO Org_Phone (Organization_ID,Phone_Number) VALUES ("3119007", "2665809240");
INSERT INTO Org_Phone (Organization_ID,Phone_Number) VALUES ("3119049", "2497430485");
INSERT INTO Org_Phone (Organization_ID,Phone_Number) VALUES ("3119026", "2674431597");
INSERT INTO Org_Phone (Organization_ID,Phone_Number) VALUES ("3119004", "2774476623");
INSERT INTO Org_Phone (Organization_ID,Phone_Number) VALUES ("3119043", "2443601180");
INSERT INTO Org_Phone (Organization_ID,Phone_Number) VALUES ("3119022", "2648137649");
INSERT INTO Org_Phone (Organization_ID,Phone_Number) VALUES ("3119029", "2518275670");
INSERT INTO Org_Phone (Organization_ID,Phone_Number) VALUES ("3119038", "2441632684");
INSERT INTO Org_Phone (Organization_ID,Phone_Number) VALUES ("3119016", "2185035276");
INSERT INTO Org_Phone (Organization_ID,Phone_Number) VALUES ("3119036", "2278067559");
INSERT INTO Org_Phone (Organization_ID,Phone_Number) VALUES ("3119036", "2461580761");
INSERT INTO Org_Phone (Organization_ID,Phone_Number) VALUES ("3119033", "2798346212");
INSERT INTO Org_Phone (Organization_ID,Phone_Number) VALUES ("3119010", "2329789628");
INSERT INTO Org_Phone (Organization_ID,Phone_Number) VALUES ("3119019", "2742466451");
INSERT INTO Org_Phone (Organization_ID,Phone_Number) VALUES ("3119039", "2229204609");
INSERT INTO Org_Phone (Organization_ID,Phone_Number) VALUES ("3119045", "2432823872");
INSERT INTO Org_Phone (Organization_ID,Phone_Number) VALUES ("3119010", "2593016200");
INSERT INTO Org_Phone (Organization_ID,Phone_Number) VALUES ("3119009", "2325993832");
INSERT INTO Org_Phone (Organization_ID,Phone_Number) VALUES ("3119021", "2368979030");
INSERT INTO Org_Phone (Organization_ID,Phone_Number) VALUES ("3119048", "2353484613");
INSERT INTO Org_Phone (Organization_ID,Phone_Number) VALUES ("3119032", "2608621340");
INSERT INTO Org_Phone (Organization_ID,Phone_Number) VALUES ("3119043", "2523060972");
INSERT INTO Org_Phone (Organization_ID,Phone_Number) VALUES ("3119024", "2352287082");
INSERT INTO Org_Phone (Organization_ID,Phone_Number) VALUES ("3119043", "2632989521");
INSERT INTO Org_Phone (Organization_ID,Phone_Number) VALUES ("3119031", "2430205215");
INSERT INTO Org_Phone (Organization_ID,Phone_Number) VALUES ("3119034", "2778961877");
INSERT INTO Org_Phone (Organization_ID,Phone_Number) VALUES ("3119003", "2447403812");
INSERT INTO Org_Phone (Organization_ID,Phone_Number) VALUES ("3119032", "2398820800");
INSERT INTO Org_Phone (Organization_ID,Phone_Number) VALUES ("3119028", "2110973619");
INSERT INTO Org_Phone (Organization_ID,Phone_Number) VALUES ("3119010", "2590127889");
INSERT INTO Org_Phone (Organization_ID,Phone_Number) VALUES ("3119021", "2165155123");
INSERT INTO Org_Phone (Organization_ID,Phone_Number) VALUES ("3119046", "2513717355");
INSERT INTO Org_Phone (Organization_ID,Phone_Number) VALUES ("3119030", "2278921774");
INSERT INTO Org_Phone (Organization_ID,Phone_Number) VALUES ("3119029", "2641823092");
INSERT INTO Org_Phone (Organization_ID,Phone_Number) VALUES ("3119023", "2133438977");
INSERT INTO Org_Phone (Organization_ID,Phone_Number) VALUES ("3119007", "2426257019");
INSERT INTO Org_Phone (Organization_ID,Phone_Number) VALUES ("3119030", "2635317237");
INSERT INTO Org_Phone (Organization_ID,Phone_Number) VALUES ("3119034", "2587132843");
INSERT INTO Org_Phone (Organization_ID,Phone_Number) VALUES ("3119017", "2251174511");
INSERT INTO Org_Phone (Organization_ID,Phone_Number) VALUES ("3119048", "2439461811");
INSERT INTO Org_Phone (Organization_ID,Phone_Number) VALUES ("3119030", "2175757833");
INSERT INTO Org_Phone (Organization_ID,Phone_Number) VALUES ("3119015", "2540710734");
INSERT INTO Org_Phone (Organization_ID,Phone_Number) VALUES ("3119047", "2798298137");
INSERT INTO Org_Phone (Organization_ID,Phone_Number) VALUES ("3119035", "2548974441");
INSERT INTO Org_Phone (Organization_ID,Phone_Number) VALUES ("3119039", "2257887426");
INSERT INTO Org_Phone (Organization_ID,Phone_Number) VALUES ("3119000", "2793262944");
INSERT INTO Org_Phone (Organization_ID,Phone_Number) VALUES ("3119027", "2222720263");
INSERT INTO Org_Phone (Organization_ID,Phone_Number) VALUES ("3119040", "2143744090");
INSERT INTO Org_Phone (Organization_ID,Phone_Number) VALUES ("3119002", "2137123917");
INSERT INTO Org_Phone (Organization_ID,Phone_Number) VALUES ("3119030", "2486252134");
INSERT INTO Org_Phone (Organization_ID,Phone_Number) VALUES ("3119027", "2498740673");
INSERT INTO Org_Phone (Organization_ID,Phone_Number) VALUES ("3119009", "2375278583");
INSERT INTO Org_Phone (Organization_ID,Phone_Number) VALUES ("3119002", "2376399717");
INSERT INTO Org_Phone (Organization_ID,Phone_Number) VALUES ("3119046", "2202779216");
INSERT INTO Org_Phone (Organization_ID,Phone_Number) VALUES ("3119037", "2774651334");
INSERT INTO Org_Phone (Organization_ID,Phone_Number) VALUES ("3119026", "2356595915");
INSERT INTO Org_Phone (Organization_ID,Phone_Number) VALUES ("3119029", "2163134010");
INSERT INTO Org_Phone (Organization_ID,Phone_Number) VALUES ("3119031", "2708723405");
INSERT INTO Org_Phone (Organization_ID,Phone_Number) VALUES ("3119006", "2792254040");
INSERT INTO Org_Phone (Organization_ID,Phone_Number) VALUES ("3119013", "2199742346");
INSERT INTO Org_Phone (Organization_ID,Phone_Number) VALUES ("3119027", "2245045615");
INSERT INTO Org_Phone (Organization_ID,Phone_Number) VALUES ("3119028", "2435799393");
INSERT INTO Org_Phone (Organization_ID,Phone_Number) VALUES ("3119002", "2719033081");
INSERT INTO Org_Phone (Organization_ID,Phone_Number) VALUES ("3119025", "2553828888");
INSERT INTO Org_Phone (Organization_ID,Phone_Number) VALUES ("3119003", "2708992239");
INSERT INTO Org_Phone (Organization_ID,Phone_Number) VALUES ("3119029", "2183110728");
INSERT INTO Org_Phone (Organization_ID,Phone_Number) VALUES ("3119042", "2327767163");
INSERT INTO Org_Phone (Organization_ID,Phone_Number) VALUES ("3119005", "2569065051");
INSERT INTO Org_Phone (Organization_ID,Phone_Number) VALUES ("3119048", "2774997136");
INSERT INTO Org_Phone (Organization_ID,Phone_Number) VALUES ("3119033", "2301026938");
INSERT INTO Org_Phone (Organization_ID,Phone_Number) VALUES ("3119009", "2412707892");
INSERT INTO Org_Phone (Organization_ID,Phone_Number) VALUES ("3119015", "2199195380");
INSERT INTO Org_Phone (Organization_ID,Phone_Number) VALUES ("3119016", "2690424706");
INSERT INTO Org_Phone (Organization_ID,Phone_Number) VALUES ("3119007", "2182420001");
INSERT INTO Org_Phone (Organization_ID,Phone_Number) VALUES ("3119024", "2540898213");
INSERT INTO Org_Phone (Organization_ID,Phone_Number) VALUES ("3119024", "2200883334");
INSERT INTO Org_Phone (Organization_ID,Phone_Number) VALUES ("3119037", "2268165616");
INSERT INTO Org_Phone (Organization_ID,Phone_Number) VALUES ("3119043", "2560527329");
INSERT INTO Org_Phone (Organization_ID,Phone_Number) VALUES ("3119004", "2313597552");
INSERT INTO Org_Phone (Organization_ID,Phone_Number) VALUES ("3119043", "2134799101");
INSERT INTO Org_Phone (Organization_ID,Phone_Number) VALUES ("3119001", "2513126349");
INSERT INTO Org_Phone (Organization_ID,Phone_Number) VALUES ("3119026", "2122602879");
INSERT INTO Org_Phone (Organization_ID,Phone_Number) VALUES ("3119001", "2625696733");
INSERT INTO Org_Phone (Organization_ID,Phone_Number) VALUES ("3119049", "2185113899");
INSERT INTO Org_Phone (Organization_ID,Phone_Number) VALUES ("3119001", "2565562299");
INSERT INTO Org_Phone (Organization_ID,Phone_Number) VALUES ("3119005", "2666938845");
INSERT INTO Org_Phone (Organization_ID,Phone_Number) VALUES ("3119002", "2566305313");
INSERT INTO Org_Phone (Organization_ID,Phone_Number) VALUES ("3119000", "2551500338");
INSERT INTO Org_Phone (Organization_ID,Phone_Number) VALUES ("3119003", "2761929040");
INSERT INTO Org_Phone (Organization_ID,Phone_Number) VALUES ("3119016", "2791962148");
INSERT INTO Org_Phone (Organization_ID,Phone_Number) VALUES ("3119033", "2162762550");
INSERT INTO Org_Phone (Organization_ID,Phone_Number) VALUES ("3119007", "2289703520");
INSERT INTO Org_Phone (Organization_ID,Phone_Number) VALUES ("3119014", "2610592936");
INSERT INTO Org_Phone (Organization_ID,Phone_Number) VALUES ("3119020", "2709481108");
INSERT INTO Org_Phone (Organization_ID,Phone_Number) VALUES ("3119034", "2277904000");
INSERT INTO Org_Phone (Organization_ID,Phone_Number) VALUES ("3119033", "2708123273");
INSERT INTO Org_Phone (Organization_ID,Phone_Number) VALUES ("3119016", "2729096639");
INSERT INTO Org_Phone (Organization_ID,Phone_Number) VALUES ("3119005", "2117409780");
INSERT INTO Org_Phone (Organization_ID,Phone_Number) VALUES ("3119000", "2506208576");
INSERT INTO Org_Phone (Organization_ID,Phone_Number) VALUES ("3119046", "2155017532");
INSERT INTO Org_Phone (Organization_ID,Phone_Number) VALUES ("3119033", "2628233579");
INSERT INTO Org_Phone (Organization_ID,Phone_Number) VALUES ("3119043", "2768726104");
INSERT INTO Org_Phone (Organization_ID,Phone_Number) VALUES ("3119010", "2632862950");
INSERT INTO Org_Phone (Organization_ID,Phone_Number) VALUES ("3119045", "2493339409");
INSERT INTO Org_Phone (Organization_ID,Phone_Number) VALUES ("3119010", "2612339716");
INSERT INTO Org_Phone (Organization_ID,Phone_Number) VALUES ("3119004", "2290822269");
INSERT INTO Org_Phone (Organization_ID,Phone_Number) VALUES ("3119040", "2578698270");
INSERT INTO Org_Phone (Organization_ID,Phone_Number) VALUES ("3119044", "2326018001");
INSERT INTO Org_Phone (Organization_ID,Phone_Number) VALUES ("3119014", "2686979610");
INSERT INTO Org_Phone (Organization_ID,Phone_Number) VALUES ("3119027", "2748541054");
INSERT INTO Org_Phone (Organization_ID,Phone_Number) VALUES ("3119049", "2332147059");
INSERT INTO Org_Phone (Organization_ID,Phone_Number) VALUES ("3119019", "2732267978");
INSERT INTO Org_Phone (Organization_ID,Phone_Number) VALUES ("3119022", "2587652799");
INSERT INTO Org_Phone (Organization_ID,Phone_Number) VALUES ("3119013", "2262607113");
INSERT INTO Org_Phone (Organization_ID,Phone_Number) VALUES ("3119009", "2617222393");
INSERT INTO Org_Phone (Organization_ID,Phone_Number) VALUES ("3119039", "2368467348");
INSERT INTO Org_Phone (Organization_ID,Phone_Number) VALUES ("3119014", "2210228355");
INSERT INTO Org_Phone (Organization_ID,Phone_Number) VALUES ("3119047", "2539186800");
INSERT INTO Org_Phone (Organization_ID,Phone_Number) VALUES ("3119048", "2611378127");
INSERT INTO Org_Phone (Organization_ID,Phone_Number) VALUES ("3119034", "2384531868");
INSERT INTO Org_Phone (Organization_ID,Phone_Number) VALUES ("3119014", "2467881667");
INSERT INTO Org_Phone (Organization_ID,Phone_Number) VALUES ("3119039", "2678133392");
INSERT INTO Org_Phone (Organization_ID,Phone_Number) VALUES ("3119043", "2169534459");
INSERT INTO Org_Phone (Organization_ID,Phone_Number) VALUES ("3119013", "2382301375");
INSERT INTO Org_Phone (Organization_ID,Phone_Number) VALUES ("3119010", "2503804103");
INSERT INTO Org_Phone (Organization_ID,Phone_Number) VALUES ("3119043", "2178363324");
INSERT INTO Org_Phone (Organization_ID,Phone_Number) VALUES ("3119009", "2421670145");
INSERT INTO Org_Phone (Organization_ID,Phone_Number) VALUES ("3119008", "2418873324");
INSERT INTO Org_Phone (Organization_ID,Phone_Number) VALUES ("3119047", "2622963023");
INSERT INTO Org_Phone (Organization_ID,Phone_Number) VALUES ("3119043", "2724157449");
INSERT INTO Org_Phone (Organization_ID,Phone_Number) VALUES ("3119004", "2479578713");
INSERT INTO Org_Phone (Organization_ID,Phone_Number) VALUES ("3119038", "2565625537");
INSERT INTO Org_Phone (Organization_ID,Phone_Number) VALUES ("3119005", "2396435887");
INSERT INTO Org_Phone (Organization_ID,Phone_Number) VALUES ("3119000", "2555605543");
INSERT INTO Org_Phone (Organization_ID,Phone_Number) VALUES ("3119008", "2154298452");
INSERT INTO Org_Phone (Organization_ID,Phone_Number) VALUES ("3119025", "2731076830");
INSERT INTO Org_Phone (Organization_ID,Phone_Number) VALUES ("3119028", "2300029715");
INSERT INTO Org_Phone (Organization_ID,Phone_Number) VALUES ("3119008", "2389335781");
INSERT INTO Org_Phone (Organization_ID,Phone_Number) VALUES ("3119021", "2755096604");
INSERT INTO Org_Phone (Organization_ID,Phone_Number) VALUES ("3119019", "2331473917");
INSERT INTO Org_Phone (Organization_ID,Phone_Number) VALUES ("3119027", "2709749499");
INSERT INTO Org_Phone (Organization_ID,Phone_Number) VALUES ("3119029", "2774619548");
INSERT INTO Org_Phone (Organization_ID,Phone_Number) VALUES ("3119004", "2198976058");
INSERT INTO Org_Phone (Organization_ID,Phone_Number) VALUES ("3119039", "2491554015");
INSERT INTO Org_Phone (Organization_ID,Phone_Number) VALUES ("3119003", "2145118377");
INSERT INTO Org_Phone (Organization_ID,Phone_Number) VALUES ("3119023", "2289457637");
INSERT INTO Org_Phone (Organization_ID,Phone_Number) VALUES ("3119024", "2526168020");
INSERT INTO Org_Phone (Organization_ID,Phone_Number) VALUES ("3119018", "2418943743");
INSERT INTO Org_Phone (Organization_ID,Phone_Number) VALUES ("3119025", "2487714465");
INSERT INTO Org_Phone (Organization_ID,Phone_Number) VALUES ("3119036", "2292495349");
INSERT INTO Org_Phone (Organization_ID,Phone_Number) VALUES ("3119024", "2446706265");
INSERT INTO Org_Phone (Organization_ID,Phone_Number) VALUES ("3119020", "2572284185");
INSERT INTO Org_Phone (Organization_ID,Phone_Number) VALUES ("3119004", "2492351678");
INSERT INTO Org_Phone (Organization_ID,Phone_Number) VALUES ("3119019", "2585371759");
INSERT INTO Org_Phone (Organization_ID,Phone_Number) VALUES ("3119002", "2386282603");
INSERT INTO Org_Phone (Organization_ID,Phone_Number) VALUES ("3119049", "2190560313");
INSERT INTO Org_Phone (Organization_ID,Phone_Number) VALUES ("3119045", "2313535773");
INSERT INTO Org_Phone (Organization_ID,Phone_Number) VALUES ("3119003", "2349889103");
INSERT INTO Org_Phone (Organization_ID,Phone_Number) VALUES ("3119017", "2535520131");
INSERT INTO Org_Phone (Organization_ID,Phone_Number) VALUES ("3119028", "2459157245");
INSERT INTO Org_Phone (Organization_ID,Phone_Number) VALUES ("3119012", "2250664557");
INSERT INTO Org_Phone (Organization_ID,Phone_Number) VALUES ("3119038", "2327113727");
INSERT INTO Org_Phone (Organization_ID,Phone_Number) VALUES ("3119014", "2706848506");
INSERT INTO Org_Phone (Organization_ID,Phone_Number) VALUES ("3119040", "2710367935");
INSERT INTO Org_Phone (Organization_ID,Phone_Number) VALUES ("3119045", "2602967372");
INSERT INTO Org_Phone (Organization_ID,Phone_Number) VALUES ("3119030", "2520150548");
INSERT INTO Org_Phone (Organization_ID,Phone_Number) VALUES ("3119039", "2266456680");
INSERT INTO Org_Phone (Organization_ID,Phone_Number) VALUES ("3119017", "2539342635");
INSERT INTO Org_Phone (Organization_ID,Phone_Number) VALUES ("3119013", "2584644829");
INSERT INTO Org_Phone (Organization_ID,Phone_Number) VALUES ("3119049", "2696488323");
INSERT INTO Org_Phone (Organization_ID,Phone_Number) VALUES ("3119027", "2241940563");
INSERT INTO Org_Phone (Organization_ID,Phone_Number) VALUES ("3119000", "2243531010");
INSERT INTO Org_Phone (Organization_ID,Phone_Number) VALUES ("3119005", "2792695993");
INSERT INTO Org_Phone (Organization_ID,Phone_Number) VALUES ("3119007", "2391596436");
INSERT INTO Org_Phone (Organization_ID,Phone_Number) VALUES ("3119047", "2749902469");
INSERT INTO Org_Phone (Organization_ID,Phone_Number) VALUES ("3119034", "2196085020");
INSERT INTO Org_Phone (Organization_ID,Phone_Number) VALUES ("3119007", "2265031268");
INSERT INTO Org_Phone (Organization_ID,Phone_Number) VALUES ("3119029", "2736094365");
INSERT INTO Org_Phone (Organization_ID,Phone_Number) VALUES ("3119043", "2128310910");
INSERT INTO Org_Phone (Organization_ID,Phone_Number) VALUES ("3119018", "2297433793");
INSERT INTO Org_Phone (Organization_ID,Phone_Number) VALUES ("3119007", "2144042045");
INSERT INTO Org_Phone (Organization_ID,Phone_Number) VALUES ("3119020", "2359134068");
INSERT INTO Org_Phone (Organization_ID,Phone_Number) VALUES ("3119029", "2273619114");
INSERT INTO Org_Phone (Organization_ID,Phone_Number) VALUES ("3119000", "2462364343");
INSERT INTO Org_Phone (Organization_ID,Phone_Number) VALUES ("3119010", "2557925672");
INSERT INTO Org_Phone (Organization_ID,Phone_Number) VALUES ("3119023", "2372603039");
INSERT INTO Org_Phone (Organization_ID,Phone_Number) VALUES ("3119039", "2728731113");
INSERT INTO Org_Phone (Organization_ID,Phone_Number) VALUES ("3119037", "2113868232");
INSERT INTO Org_Phone (Organization_ID,Phone_Number) VALUES ("3119041", "2221102295");
INSERT INTO Org_Phone (Organization_ID,Phone_Number) VALUES ("3119009", "2114969643");
INSERT INTO Org_Phone (Organization_ID,Phone_Number) VALUES ("3119026", "2158561130");
INSERT INTO Org_Phone (Organization_ID,Phone_Number) VALUES ("3119034", "2335327197");
INSERT INTO Org_Phone (Organization_ID,Phone_Number) VALUES ("3119014", "2791118207");
INSERT INTO Org_Phone (Organization_ID,Phone_Number) VALUES ("3119016", "2197782024");
INSERT INTO Org_Phone (Organization_ID,Phone_Number) VALUES ("3119035", "2191221827");
INSERT INTO Org_Phone (Organization_ID,Phone_Number) VALUES ("3119004", "2752556169");
INSERT INTO Org_Phone (Organization_ID,Phone_Number) VALUES ("3119031", "2477838976");
INSERT INTO Org_Phone (Organization_ID,Phone_Number) VALUES ("3119002", "2389261639");
INSERT INTO Org_Phone (Organization_ID,Phone_Number) VALUES ("3119019", "2217782823");
INSERT INTO Org_Phone (Organization_ID,Phone_Number) VALUES ("3119047", "2503790478");
INSERT INTO Org_Phone (Organization_ID,Phone_Number) VALUES ("3119004", "2715254501");
INSERT INTO Org_Phone (Organization_ID,Phone_Number) VALUES ("3119036", "2644299595");
INSERT INTO Org_Phone (Organization_ID,Phone_Number) VALUES ("3119029", "2367483284");
INSERT INTO Org_Phone (Organization_ID,Phone_Number) VALUES ("3119029", "2319813899");
INSERT INTO Org_Phone (Organization_ID,Phone_Number) VALUES ("3119013", "2184523720");
INSERT INTO Org_Phone (Organization_ID,Phone_Number) VALUES ("3119018", "2523666920");
INSERT INTO Org_Phone (Organization_ID,Phone_Number) VALUES ("3119044", "2415932066");
INSERT INTO Org_Phone (Organization_ID,Phone_Number) VALUES ("3119008", "2473209170");
INSERT INTO Org_Phone (Organization_ID,Phone_Number) VALUES ("3119015", "2500559470");
INSERT INTO Org_Phone (Organization_ID,Phone_Number) VALUES ("3119011", "2137819881");
INSERT INTO Org_Phone (Organization_ID,Phone_Number) VALUES ("3119011", "2245422669");
INSERT INTO Org_Phone (Organization_ID,Phone_Number) VALUES ("3119016", "2483339227");
INSERT INTO Org_Phone (Organization_ID,Phone_Number) VALUES ("3119019", "2355917203");
INSERT INTO Org_Phone (Organization_ID,Phone_Number) VALUES ("3119048", "2142429670");
INSERT INTO Org_Phone (Organization_ID,Phone_Number) VALUES ("3119032", "2541568923");
INSERT INTO Org_Phone (Organization_ID,Phone_Number) VALUES ("3119007", "2383008997");
INSERT INTO Org_Phone (Organization_ID,Phone_Number) VALUES ("3119038", "2238410243");
INSERT INTO Org_Phone (Organization_ID,Phone_Number) VALUES ("3119049", "2738843239");
INSERT INTO Org_Phone (Organization_ID,Phone_Number) VALUES ("3119041", "2339534921");
INSERT INTO Org_Phone (Organization_ID,Phone_Number) VALUES ("3119009", "2507652179");
INSERT INTO Org_Phone (Organization_ID,Phone_Number) VALUES ("3119018", "2592829181");
INSERT INTO Org_Phone (Organization_ID,Phone_Number) VALUES ("3119019", "2391136146");
INSERT INTO Org_Phone (Organization_ID,Phone_Number) VALUES ("3119026", "2379635046");
INSERT INTO Org_Phone (Organization_ID,Phone_Number) VALUES ("3119049", "2776923706");
INSERT INTO Org_Phone (Organization_ID,Phone_Number) VALUES ("3119003", "2192503937");
INSERT INTO Refers_To (Field_ID,Project_ID) VALUES ("8", "3119000");
INSERT INTO Refers_To (Field_ID,Project_ID) VALUES ("5", "3119001");
INSERT INTO Refers_To (Field_ID,Project_ID) VALUES ("12", "3119002");
INSERT INTO Refers_To (Field_ID,Project_ID) VALUES ("8", "3119003");
INSERT INTO Refers_To (Field_ID,Project_ID) VALUES ("8", "3119004");
INSERT INTO Refers_To (Field_ID,Project_ID) VALUES ("5", "3119005");
INSERT INTO Refers_To (Field_ID,Project_ID) VALUES ("2", "3119006");
INSERT INTO Refers_To (Field_ID,Project_ID) VALUES ("9", "3119007");
INSERT INTO Refers_To (Field_ID,Project_ID) VALUES ("6", "3119008");
INSERT INTO Refers_To (Field_ID,Project_ID) VALUES ("6", "3119009");
INSERT INTO Refers_To (Field_ID,Project_ID) VALUES ("8", "3119010");
INSERT INTO Refers_To (Field_ID,Project_ID) VALUES ("10", "3119011");
INSERT INTO Refers_To (Field_ID,Project_ID) VALUES ("11", "3119012");
INSERT INTO Refers_To (Field_ID,Project_ID) VALUES ("1", "3119013");
INSERT INTO Refers_To (Field_ID,Project_ID) VALUES ("7", "3119014");
INSERT INTO Refers_To (Field_ID,Project_ID) VALUES ("9", "3119015");
INSERT INTO Refers_To (Field_ID,Project_ID) VALUES ("11", "3119016");
INSERT INTO Refers_To (Field_ID,Project_ID) VALUES ("2", "3119017");
INSERT INTO Refers_To (Field_ID,Project_ID) VALUES ("8", "3119018");
INSERT INTO Refers_To (Field_ID,Project_ID) VALUES ("11", "3119019");
INSERT INTO Refers_To (Field_ID,Project_ID) VALUES ("3", "3119020");
INSERT INTO Refers_To (Field_ID,Project_ID) VALUES ("10", "3119021");
INSERT INTO Refers_To (Field_ID,Project_ID) VALUES ("8", "3119022");
INSERT INTO Refers_To (Field_ID,Project_ID) VALUES ("3", "3119023");
INSERT INTO Refers_To (Field_ID,Project_ID) VALUES ("6", "3119024");
INSERT INTO Refers_To (Field_ID,Project_ID) VALUES ("10", "3119025");
INSERT INTO Refers_To (Field_ID,Project_ID) VALUES ("8", "3119026");
INSERT INTO Refers_To (Field_ID,Project_ID) VALUES ("10", "3119027");
INSERT INTO Refers_To (Field_ID,Project_ID) VALUES ("1", "3119028");
INSERT INTO Refers_To (Field_ID,Project_ID) VALUES ("3", "3119029");
INSERT INTO Refers_To (Field_ID,Project_ID) VALUES ("6", "3119030");
INSERT INTO Refers_To (Field_ID,Project_ID) VALUES ("8", "3119031");
INSERT INTO Refers_To (Field_ID,Project_ID) VALUES ("12", "3119032");
INSERT INTO Refers_To (Field_ID,Project_ID) VALUES ("12", "3119033");
INSERT INTO Refers_To (Field_ID,Project_ID) VALUES ("3", "3119034");
INSERT INTO Refers_To (Field_ID,Project_ID) VALUES ("5", "3119035");
INSERT INTO Refers_To (Field_ID,Project_ID) VALUES ("7", "3119036");
INSERT INTO Refers_To (Field_ID,Project_ID) VALUES ("1", "3119037");
INSERT INTO Refers_To (Field_ID,Project_ID) VALUES ("8", "3119038");
INSERT INTO Refers_To (Field_ID,Project_ID) VALUES ("3", "3119039");
INSERT INTO Refers_To (Field_ID,Project_ID) VALUES ("8", "3119040");
INSERT INTO Refers_To (Field_ID,Project_ID) VALUES ("3", "3119041");
INSERT INTO Refers_To (Field_ID,Project_ID) VALUES ("3", "3119042");
INSERT INTO Refers_To (Field_ID,Project_ID) VALUES ("4", "3119043");
INSERT INTO Refers_To (Field_ID,Project_ID) VALUES ("1", "3119044");
INSERT INTO Refers_To (Field_ID,Project_ID) VALUES ("9", "3119045");
INSERT INTO Refers_To (Field_ID,Project_ID) VALUES ("1", "3119046");
INSERT INTO Refers_To (Field_ID,Project_ID) VALUES ("5", "3119047");
INSERT INTO Refers_To (Field_ID,Project_ID) VALUES ("7", "3119048");
INSERT INTO Refers_To (Field_ID,Project_ID) VALUES ("8", "3119049");
INSERT INTO Refers_To (Field_ID,Project_ID) VALUES ("5", "3119050");
INSERT INTO Refers_To (Field_ID,Project_ID) VALUES ("2", "3119051");
INSERT INTO Refers_To (Field_ID,Project_ID) VALUES ("11", "3119052");
INSERT INTO Refers_To (Field_ID,Project_ID) VALUES ("9", "3119053");
INSERT INTO Refers_To (Field_ID,Project_ID) VALUES ("3", "3119054");
INSERT INTO Refers_To (Field_ID,Project_ID) VALUES ("12", "3119055");
INSERT INTO Refers_To (Field_ID,Project_ID) VALUES ("9", "3119056");
INSERT INTO Refers_To (Field_ID,Project_ID) VALUES ("8", "3119057");
INSERT INTO Refers_To (Field_ID,Project_ID) VALUES ("11", "3119058");
INSERT INTO Refers_To (Field_ID,Project_ID) VALUES ("10", "3119059");
INSERT INTO Refers_To (Field_ID,Project_ID) VALUES ("8", "3119060");
INSERT INTO Refers_To (Field_ID,Project_ID) VALUES ("4", "3119061");
INSERT INTO Refers_To (Field_ID,Project_ID) VALUES ("7", "3119062");
INSERT INTO Refers_To (Field_ID,Project_ID) VALUES ("9", "3119063");
INSERT INTO Refers_To (Field_ID,Project_ID) VALUES ("4", "3119064");
INSERT INTO Refers_To (Field_ID,Project_ID) VALUES ("1", "3119065");
INSERT INTO Refers_To (Field_ID,Project_ID) VALUES ("7", "3119066");
INSERT INTO Refers_To (Field_ID,Project_ID) VALUES ("6", "3119067");
INSERT INTO Refers_To (Field_ID,Project_ID) VALUES ("4", "3119068");
INSERT INTO Refers_To (Field_ID,Project_ID) VALUES ("3", "3119069");
INSERT INTO Refers_To (Field_ID,Project_ID) VALUES ("4", "3119070");
INSERT INTO Refers_To (Field_ID,Project_ID) VALUES ("5", "3119071");
INSERT INTO Refers_To (Field_ID,Project_ID) VALUES ("11", "3119072");
INSERT INTO Refers_To (Field_ID,Project_ID) VALUES ("2", "3119073");
INSERT INTO Refers_To (Field_ID,Project_ID) VALUES ("1", "3119074");
INSERT INTO Refers_To (Field_ID,Project_ID) VALUES ("7", "3119075");
INSERT INTO Refers_To (Field_ID,Project_ID) VALUES ("6", "3119076");
INSERT INTO Refers_To (Field_ID,Project_ID) VALUES ("4", "3119077");
INSERT INTO Refers_To (Field_ID,Project_ID) VALUES ("2", "3119078");
INSERT INTO Refers_To (Field_ID,Project_ID) VALUES ("4", "3119079");
INSERT INTO Refers_To (Field_ID,Project_ID) VALUES ("9", "3119080");
INSERT INTO Refers_To (Field_ID,Project_ID) VALUES ("9", "3119081");
INSERT INTO Refers_To (Field_ID,Project_ID) VALUES ("2", "3119082");
INSERT INTO Refers_To (Field_ID,Project_ID) VALUES ("4", "3119083");
INSERT INTO Refers_To (Field_ID,Project_ID) VALUES ("10", "3119084");
INSERT INTO Refers_To (Field_ID,Project_ID) VALUES ("6", "3119085");
INSERT INTO Refers_To (Field_ID,Project_ID) VALUES ("6", "3119086");
INSERT INTO Refers_To (Field_ID,Project_ID) VALUES ("7", "3119087");
INSERT INTO Refers_To (Field_ID,Project_ID) VALUES ("9", "3119088");
INSERT INTO Refers_To (Field_ID,Project_ID) VALUES ("8", "3119089");
INSERT INTO Refers_To (Field_ID,Project_ID) VALUES ("2", "3119090");
INSERT INTO Refers_To (Field_ID,Project_ID) VALUES ("11", "3119091");
INSERT INTO Refers_To (Field_ID,Project_ID) VALUES ("4", "3119092");
INSERT INTO Refers_To (Field_ID,Project_ID) VALUES ("4", "3119093");
INSERT INTO Refers_To (Field_ID,Project_ID) VALUES ("8", "3119094");
INSERT INTO Refers_To (Field_ID,Project_ID) VALUES ("6", "3119095");
INSERT INTO Refers_To (Field_ID,Project_ID) VALUES ("2", "3119096");
INSERT INTO Refers_To (Field_ID,Project_ID) VALUES ("8", "3119097");
INSERT INTO Refers_To (Field_ID,Project_ID) VALUES ("4", "3119098");
INSERT INTO Refers_To (Field_ID,Project_ID) VALUES ("11", "3119099");
INSERT INTO Refers_To (Field_ID,Project_ID) VALUES ("4", "3119100");
INSERT INTO Refers_To (Field_ID,Project_ID) VALUES ("3", "3119101");
INSERT INTO Refers_To (Field_ID,Project_ID) VALUES ("2", "3119102");
INSERT INTO Refers_To (Field_ID,Project_ID) VALUES ("8", "3119103");
INSERT INTO Refers_To (Field_ID,Project_ID) VALUES ("2", "3119104");
INSERT INTO Refers_To (Field_ID,Project_ID) VALUES ("8", "3119105");
INSERT INTO Refers_To (Field_ID,Project_ID) VALUES ("8", "3119106");
INSERT INTO Refers_To (Field_ID,Project_ID) VALUES ("11", "3119107");
INSERT INTO Refers_To (Field_ID,Project_ID) VALUES ("8", "3119108");
INSERT INTO Refers_To (Field_ID,Project_ID) VALUES ("5", "3119109");
INSERT INTO Refers_To (Field_ID,Project_ID) VALUES ("8", "3119110");
INSERT INTO Refers_To (Field_ID,Project_ID) VALUES ("5", "3119111");
INSERT INTO Refers_To (Field_ID,Project_ID) VALUES ("8", "3119112");
INSERT INTO Refers_To (Field_ID,Project_ID) VALUES ("5", "3119113");
INSERT INTO Refers_To (Field_ID,Project_ID) VALUES ("3", "3119114");
INSERT INTO Refers_To (Field_ID,Project_ID) VALUES ("4", "3119115");
INSERT INTO Refers_To (Field_ID,Project_ID) VALUES ("8", "3119116");
INSERT INTO Refers_To (Field_ID,Project_ID) VALUES ("12", "3119117");
INSERT INTO Refers_To (Field_ID,Project_ID) VALUES ("5", "3119118");
INSERT INTO Refers_To (Field_ID,Project_ID) VALUES ("3", "3119119");
INSERT INTO Refers_To (Field_ID,Project_ID) VALUES ("4", "3119120");
INSERT INTO Refers_To (Field_ID,Project_ID) VALUES ("1", "3119121");
INSERT INTO Refers_To (Field_ID,Project_ID) VALUES ("9", "3119122");
INSERT INTO Refers_To (Field_ID,Project_ID) VALUES ("6", "3119123");
INSERT INTO Refers_To (Field_ID,Project_ID) VALUES ("9", "3119124");
INSERT INTO Refers_To (Field_ID,Project_ID) VALUES ("8", "3119125");
INSERT INTO Refers_To (Field_ID,Project_ID) VALUES ("11", "3119126");
INSERT INTO Refers_To (Field_ID,Project_ID) VALUES ("8", "3119127");
INSERT INTO Refers_To (Field_ID,Project_ID) VALUES ("3", "3119128");
INSERT INTO Refers_To (Field_ID,Project_ID) VALUES ("4", "3119129");
INSERT INTO Refers_To (Field_ID,Project_ID) VALUES ("9", "3119130");
INSERT INTO Refers_To (Field_ID,Project_ID) VALUES ("2", "3119131");
INSERT INTO Refers_To (Field_ID,Project_ID) VALUES ("9", "3119132");
INSERT INTO Refers_To (Field_ID,Project_ID) VALUES ("4", "3119133");
INSERT INTO Refers_To (Field_ID,Project_ID) VALUES ("4", "3119134");
INSERT INTO Refers_To (Field_ID,Project_ID) VALUES ("10", "3119135");
INSERT INTO Refers_To (Field_ID,Project_ID) VALUES ("6", "3119136");
INSERT INTO Refers_To (Field_ID,Project_ID) VALUES ("5", "3119137");
INSERT INTO Refers_To (Field_ID,Project_ID) VALUES ("11", "3119138");
INSERT INTO Refers_To (Field_ID,Project_ID) VALUES ("7", "3119139");
INSERT INTO Refers_To (Field_ID,Project_ID) VALUES ("4", "3119140");
INSERT INTO Refers_To (Field_ID,Project_ID) VALUES ("4", "3119141");
INSERT INTO Refers_To (Field_ID,Project_ID) VALUES ("1", "3119142");
INSERT INTO Refers_To (Field_ID,Project_ID) VALUES ("3", "3119143");
INSERT INTO Refers_To (Field_ID,Project_ID) VALUES ("10", "3119144");
INSERT INTO Refers_To (Field_ID,Project_ID) VALUES ("6", "3119145");
INSERT INTO Refers_To (Field_ID,Project_ID) VALUES ("8", "3119146");
INSERT INTO Refers_To (Field_ID,Project_ID) VALUES ("5", "3119147");
INSERT INTO Refers_To (Field_ID,Project_ID) VALUES ("12", "3119148");
INSERT INTO Refers_To (Field_ID,Project_ID) VALUES ("6", "3119149");
INSERT INTO Refers_To (Field_ID,Project_ID) VALUES ("7", "3119150");
INSERT INTO Refers_To (Field_ID,Project_ID) VALUES ("1", "3119151");
INSERT INTO Refers_To (Field_ID,Project_ID) VALUES ("9", "3119152");
INSERT INTO Refers_To (Field_ID,Project_ID) VALUES ("6", "3119153");
INSERT INTO Refers_To (Field_ID,Project_ID) VALUES ("6", "3119154");
INSERT INTO Refers_To (Field_ID,Project_ID) VALUES ("1", "3119155");
INSERT INTO Refers_To (Field_ID,Project_ID) VALUES ("8", "3119156");
INSERT INTO Refers_To (Field_ID,Project_ID) VALUES ("6", "3119157");
INSERT INTO Refers_To (Field_ID,Project_ID) VALUES ("11", "3119158");
INSERT INTO Refers_To (Field_ID,Project_ID) VALUES ("8", "3119159");
INSERT INTO Refers_To (Field_ID,Project_ID) VALUES ("6", "3119160");
INSERT INTO Refers_To (Field_ID,Project_ID) VALUES ("3", "3119161");
INSERT INTO Refers_To (Field_ID,Project_ID) VALUES ("7", "3119162");
INSERT INTO Refers_To (Field_ID,Project_ID) VALUES ("1", "3119163");
INSERT INTO Refers_To (Field_ID,Project_ID) VALUES ("10", "3119164");
INSERT INTO Refers_To (Field_ID,Project_ID) VALUES ("1", "3119165");
INSERT INTO Refers_To (Field_ID,Project_ID) VALUES ("9", "3119166");
INSERT INTO Refers_To (Field_ID,Project_ID) VALUES ("9", "3119167");
INSERT INTO Refers_To (Field_ID,Project_ID) VALUES ("2", "3119168");
INSERT INTO Refers_To (Field_ID,Project_ID) VALUES ("10", "3119169");
INSERT INTO Refers_To (Field_ID,Project_ID) VALUES ("6", "3119170");
INSERT INTO Refers_To (Field_ID,Project_ID) VALUES ("5", "3119171");
INSERT INTO Refers_To (Field_ID,Project_ID) VALUES ("5", "3119172");
INSERT INTO Refers_To (Field_ID,Project_ID) VALUES ("4", "3119173");
INSERT INTO Refers_To (Field_ID,Project_ID) VALUES ("5", "3119174");
INSERT INTO Refers_To (Field_ID,Project_ID) VALUES ("5", "3119175");
INSERT INTO Refers_To (Field_ID,Project_ID) VALUES ("5", "3119176");
INSERT INTO Refers_To (Field_ID,Project_ID) VALUES ("1", "3119177");
INSERT INTO Refers_To (Field_ID,Project_ID) VALUES ("10", "3119178");
INSERT INTO Refers_To (Field_ID,Project_ID) VALUES ("11", "3119179");
INSERT INTO Refers_To (Field_ID,Project_ID) VALUES ("9", "3119180");
INSERT INTO Refers_To (Field_ID,Project_ID) VALUES ("6", "3119181");
INSERT INTO Refers_To (Field_ID,Project_ID) VALUES ("5", "3119182");
INSERT INTO Refers_To (Field_ID,Project_ID) VALUES ("8", "3119183");
INSERT INTO Refers_To (Field_ID,Project_ID) VALUES ("7", "3119184");
INSERT INTO Refers_To (Field_ID,Project_ID) VALUES ("2", "3119185");
INSERT INTO Refers_To (Field_ID,Project_ID) VALUES ("6", "3119186");
INSERT INTO Refers_To (Field_ID,Project_ID) VALUES ("9", "3119187");
INSERT INTO Refers_To (Field_ID,Project_ID) VALUES ("5", "3119188");
INSERT INTO Refers_To (Field_ID,Project_ID) VALUES ("8", "3119189");
INSERT INTO Refers_To (Field_ID,Project_ID) VALUES ("9", "3119190");
INSERT INTO Refers_To (Field_ID,Project_ID) VALUES ("3", "3119191");
INSERT INTO Refers_To (Field_ID,Project_ID) VALUES ("3", "3119192");
INSERT INTO Refers_To (Field_ID,Project_ID) VALUES ("5", "3119193");
INSERT INTO Refers_To (Field_ID,Project_ID) VALUES ("3", "3119194");
INSERT INTO Refers_To (Field_ID,Project_ID) VALUES ("7", "3119195");
INSERT INTO Refers_To (Field_ID,Project_ID) VALUES ("2", "3119196");
INSERT INTO Refers_To (Field_ID,Project_ID) VALUES ("4", "3119197");
INSERT INTO Refers_To (Field_ID,Project_ID) VALUES ("11", "3119198");
INSERT INTO Refers_To (Field_ID,Project_ID) VALUES ("2", "3119199");
INSERT INTO Refers_To (Field_ID,Project_ID) VALUES ("3", "3119000");
INSERT INTO Refers_To (Field_ID,Project_ID) VALUES ("6", "3119001");
INSERT INTO Refers_To (Field_ID,Project_ID) VALUES ("8", "3119002");
INSERT INTO Refers_To (Field_ID,Project_ID) VALUES ("9", "3119003");
INSERT INTO Refers_To (Field_ID,Project_ID) VALUES ("7", "3119004");
INSERT INTO Refers_To (Field_ID,Project_ID) VALUES ("1", "3119005");
INSERT INTO Refers_To (Field_ID,Project_ID) VALUES ("6", "3119006");
INSERT INTO Refers_To (Field_ID,Project_ID) VALUES ("10", "3119007");
INSERT INTO Refers_To (Field_ID,Project_ID) VALUES ("2", "3119008");
INSERT INTO Refers_To (Field_ID,Project_ID) VALUES ("4", "3119009");
INSERT INTO Refers_To (Field_ID,Project_ID) VALUES ("9", "3119010");
INSERT INTO Refers_To (Field_ID,Project_ID) VALUES ("2", "3119011");
INSERT INTO Refers_To (Field_ID,Project_ID) VALUES ("5", "3119012");
INSERT INTO Refers_To (Field_ID,Project_ID) VALUES ("2", "3119013");
INSERT INTO Refers_To (Field_ID,Project_ID) VALUES ("6", "3119014");
INSERT INTO Refers_To (Field_ID,Project_ID) VALUES ("7", "3119015");
INSERT INTO Refers_To (Field_ID,Project_ID) VALUES ("8", "3119016");
INSERT INTO Refers_To (Field_ID,Project_ID) VALUES ("9", "3119017");
INSERT INTO Refers_To (Field_ID,Project_ID) VALUES ("5", "3119018");
INSERT INTO Refers_To (Field_ID,Project_ID) VALUES ("8", "3119019");
INSERT INTO Refers_To (Field_ID,Project_ID) VALUES ("2", "3119020");
INSERT INTO Refers_To (Field_ID,Project_ID) VALUES ("2", "3119021");
INSERT INTO Refers_To (Field_ID,Project_ID) VALUES ("12", "3119022");
INSERT INTO Refers_To (Field_ID,Project_ID) VALUES ("5", "3119024");
INSERT INTO Refers_To (Field_ID,Project_ID) VALUES ("4", "3119025");
INSERT INTO Refers_To (Field_ID,Project_ID) VALUES ("9", "3119026");
INSERT INTO Refers_To (Field_ID,Project_ID) VALUES ("3", "3119027");
INSERT INTO Refers_To (Field_ID,Project_ID) VALUES ("10", "3119028");
INSERT INTO Refers_To (Field_ID,Project_ID) VALUES ("12", "3119029");
INSERT INTO Refers_To (Field_ID,Project_ID) VALUES ("9", "3119030");
INSERT INTO Refers_To (Field_ID,Project_ID) VALUES ("12", "3119031");
INSERT INTO Refers_To (Field_ID,Project_ID) VALUES ("9", "3119033");
INSERT INTO Refers_To (Field_ID,Project_ID) VALUES ("1", "3119034");
INSERT INTO Refers_To (Field_ID,Project_ID) VALUES ("11", "3119035");
INSERT INTO Refers_To (Field_ID,Project_ID) VALUES ("5", "3119036");
INSERT INTO Refers_To (Field_ID,Project_ID) VALUES ("11", "3119037");
INSERT INTO Refers_To (Field_ID,Project_ID) VALUES ("12", "3119038");
INSERT INTO Refers_To (Field_ID,Project_ID) VALUES ("5", "3119039");
INSERT INTO Refers_To (Field_ID,Project_ID) VALUES ("2", "3119040");
INSERT INTO Refers_To (Field_ID,Project_ID) VALUES ("10", "3119041");
INSERT INTO Refers_To (Field_ID,Project_ID) VALUES ("11", "3119042");
INSERT INTO Refers_To (Field_ID,Project_ID) VALUES ("1", "3119043");
INSERT INTO Refers_To (Field_ID,Project_ID) VALUES ("7", "3119044");
INSERT INTO Refers_To (Field_ID,Project_ID) VALUES ("6", "3119045");
INSERT INTO Refers_To (Field_ID,Project_ID) VALUES ("7", "3119046");
INSERT INTO Refers_To (Field_ID,Project_ID) VALUES ("6", "3119047");
INSERT INTO Refers_To (Field_ID,Project_ID) VALUES ("9", "3119048");
INSERT INTO Refers_To (Field_ID,Project_ID) VALUES ("1", "3119049");
INSERT INTO Refers_To (Field_ID,Project_ID) VALUES ("7", "3119050");
INSERT INTO Refers_To (Field_ID,Project_ID) VALUES ("8", "3119051");
INSERT INTO Refers_To (Field_ID,Project_ID) VALUES ("8", "3119052");
INSERT INTO Refers_To (Field_ID,Project_ID) VALUES ("10", "3119053");
INSERT INTO Refers_To (Field_ID,Project_ID) VALUES ("2", "3119054");
INSERT INTO Refers_To (Field_ID,Project_ID) VALUES ("7", "3119055");
INSERT INTO Refers_To (Field_ID,Project_ID) VALUES ("3", "3119057");
INSERT INTO Refers_To (Field_ID,Project_ID) VALUES ("8", "3119058");
INSERT INTO Refers_To (Field_ID,Project_ID) VALUES ("6", "3119059");
INSERT INTO Refers_To (Field_ID,Project_ID) VALUES ("6", "3119060");
INSERT INTO Refers_To (Field_ID,Project_ID) VALUES ("7", "3119061");
INSERT INTO Refers_To (Field_ID,Project_ID) VALUES ("3", "3119062");
INSERT INTO Refers_To (Field_ID,Project_ID) VALUES ("4", "3119063");
INSERT INTO Refers_To (Field_ID,Project_ID) VALUES ("12", "3119064");
INSERT INTO Refers_To (Field_ID,Project_ID) VALUES ("5", "3119065");
INSERT INTO Refers_To (Field_ID,Project_ID) VALUES ("10", "3119066");
INSERT INTO Refers_To (Field_ID,Project_ID) VALUES ("4", "3119067");
INSERT INTO Refers_To (Field_ID,Project_ID) VALUES ("9", "3119068");
INSERT INTO Refers_To (Field_ID,Project_ID) VALUES ("7", "3119069");
INSERT INTO Refers_To (Field_ID,Project_ID) VALUES ("9", "3119070");
INSERT INTO Refers_To (Field_ID,Project_ID) VALUES ("2", "3119072");
INSERT INTO Refers_To (Field_ID,Project_ID) VALUES ("3", "3119073");
INSERT INTO Refers_To (Field_ID,Project_ID) VALUES ("7", "3119074");
INSERT INTO Refers_To (Field_ID,Project_ID) VALUES ("1", "3119075");
INSERT INTO Refers_To (Field_ID,Project_ID) VALUES ("7", "3119077");
INSERT INTO Refers_To (Field_ID,Project_ID) VALUES ("3", "3119078");
INSERT INTO Refers_To (Field_ID,Project_ID) VALUES ("10", "3119079");
INSERT INTO Refers_To (Field_ID,Project_ID) VALUES ("11", "3119080");
INSERT INTO Refers_To (Field_ID,Project_ID) VALUES ("8", "3119081");
INSERT INTO Refers_To (Field_ID,Project_ID) VALUES ("8", "3119082");
INSERT INTO Refers_To (Field_ID,Project_ID) VALUES ("10", "3119083");
INSERT INTO Refers_To (Field_ID,Project_ID) VALUES ("2", "3119084");
INSERT INTO Refers_To (Field_ID,Project_ID) VALUES ("2", "3119085");
INSERT INTO Refers_To (Field_ID,Project_ID) VALUES ("3", "3119086");
INSERT INTO Refers_To (Field_ID,Project_ID) VALUES ("12", "3119087");
INSERT INTO Refers_To (Field_ID,Project_ID) VALUES ("3", "3119088");
INSERT INTO Refers_To (Field_ID,Project_ID) VALUES ("12", "3119089");
INSERT INTO Refers_To (Field_ID,Project_ID) VALUES ("9", "3119090");
INSERT INTO Refers_To (Field_ID,Project_ID) VALUES ("7", "3119091");
INSERT INTO Refers_To (Field_ID,Project_ID) VALUES ("6", "3119092");
INSERT INTO Refers_To (Field_ID,Project_ID) VALUES ("7", "3119093");
INSERT INTO Refers_To (Field_ID,Project_ID) VALUES ("2", "3119094");
INSERT INTO Refers_To (Field_ID,Project_ID) VALUES ("2", "3119095");
INSERT INTO Refers_To (Field_ID,Project_ID) VALUES ("3", "3119096");
INSERT INTO Refers_To (Field_ID,Project_ID) VALUES ("6", "3119097");
INSERT INTO Refers_To (Field_ID,Project_ID) VALUES ("3", "3119098");
INSERT INTO Refers_To (Field_ID,Project_ID) VALUES ("10", "3119099");
INSERT INTO Refers_To (Field_ID,Project_ID) VALUES ("11", "3119100");
INSERT INTO Refers_To (Field_ID,Project_ID) VALUES ("5", "3119101");
INSERT INTO Refers_To (Field_ID,Project_ID) VALUES ("10", "3119102");
INSERT INTO Refers_To (Field_ID,Project_ID) VALUES ("2", "3119103");
INSERT INTO Refers_To (Field_ID,Project_ID) VALUES ("7", "3119104");
INSERT INTO Refers_To (Field_ID,Project_ID) VALUES ("6", "3119105");
INSERT INTO Refers_To (Field_ID,Project_ID) VALUES ("11", "3119106");
INSERT INTO Refers_To (Field_ID,Project_ID) VALUES ("6", "3119107");
INSERT INTO Refers_To (Field_ID,Project_ID) VALUES ("1", "3119108");
INSERT INTO Refers_To (Field_ID,Project_ID) VALUES ("10", "3119109");
INSERT INTO Refers_To (Field_ID,Project_ID) VALUES ("7", "3119110");
INSERT INTO Refers_To (Field_ID,Project_ID) VALUES ("10", "3119111");
INSERT INTO Refers_To (Field_ID,Project_ID) VALUES ("5", "3119112");
INSERT INTO Refers_To (Field_ID,Project_ID) VALUES ("10", "3119113");
INSERT INTO Refers_To (Field_ID,Project_ID) VALUES ("6", "3119114");
INSERT INTO Refers_To (Field_ID,Project_ID) VALUES ("1", "3119115");
INSERT INTO Refers_To (Field_ID,Project_ID) VALUES ("6", "3119116");
INSERT INTO Refers_To (Field_ID,Project_ID) VALUES ("6", "3119117");
INSERT INTO Refers_To (Field_ID,Project_ID) VALUES ("10", "3119118");
INSERT INTO Refers_To (Field_ID,Project_ID) VALUES ("10", "3119119");
INSERT INTO Refers_To (Field_ID,Project_ID) VALUES ("7", "3119120");
INSERT INTO Refers_To (Field_ID,Project_ID) VALUES ("7", "3119121");
INSERT INTO Refers_To (Field_ID,Project_ID) VALUES ("7", "3119122");
INSERT INTO Refers_To (Field_ID,Project_ID) VALUES ("9", "3119123");
INSERT INTO Refers_To (Field_ID,Project_ID) VALUES ("6", "3119124");
INSERT INTO Refers_To (Field_ID,Project_ID) VALUES ("1", "3119125");
INSERT INTO Refers_To (Field_ID,Project_ID) VALUES ("2", "3119126");
INSERT INTO Refers_To (Field_ID,Project_ID) VALUES ("1", "3119127");
INSERT INTO Refers_To (Field_ID,Project_ID) VALUES ("5", "3119129");
INSERT INTO Refers_To (Field_ID,Project_ID) VALUES ("1", "3119130");
INSERT INTO Refers_To (Field_ID,Project_ID) VALUES ("10", "3119131");
INSERT INTO Refers_To (Field_ID,Project_ID) VALUES ("6", "3119132");
INSERT INTO Refers_To (Field_ID,Project_ID) VALUES ("8", "3119133");
INSERT INTO Refers_To (Field_ID,Project_ID) VALUES ("12", "3119134");
INSERT INTO Refers_To (Field_ID,Project_ID) VALUES ("3", "3119135");
INSERT INTO Refers_To (Field_ID,Project_ID) VALUES ("7", "3119136");
INSERT INTO Refers_To (Field_ID,Project_ID) VALUES ("1", "3119137");
INSERT INTO Refers_To (Field_ID,Project_ID) VALUES ("7", "3119138");
INSERT INTO Refers_To (Field_ID,Project_ID) VALUES ("8", "3119139");
INSERT INTO Refers_To (Field_ID,Project_ID) VALUES ("10", "3119140");
INSERT INTO Refers_To (Field_ID,Project_ID) VALUES ("5", "3119141");
INSERT INTO Refers_To (Field_ID,Project_ID) VALUES ("12", "3119142");
INSERT INTO Refers_To (Field_ID,Project_ID) VALUES ("8", "3119143");
INSERT INTO Refers_To (Field_ID,Project_ID) VALUES ("12", "3119144");
INSERT INTO Refers_To (Field_ID,Project_ID) VALUES ("1", "3119147");
INSERT INTO Refers_To (Field_ID,Project_ID) VALUES ("5", "3119148");
INSERT INTO Refers_To (Field_ID,Project_ID) VALUES ("12", "3119149");
INSERT INTO Refers_To (Field_ID,Project_ID) VALUES ("12", "3119150");
INSERT INTO Refers_To (Field_ID,Project_ID) VALUES ("3", "3119151");
INSERT INTO Refers_To (Field_ID,Project_ID) VALUES ("10", "3119152");
INSERT INTO Refers_To (Field_ID,Project_ID) VALUES ("3", "3119153");
INSERT INTO Refers_To (Field_ID,Project_ID) VALUES ("3", "3119154");
INSERT INTO Refers_To (Field_ID,Project_ID) VALUES ("7", "3119155");
INSERT INTO Refers_To (Field_ID,Project_ID) VALUES ("6", "3119156");
INSERT INTO Refers_To (Field_ID,Project_ID) VALUES ("12", "3119157");
INSERT INTO Refers_To (Field_ID,Project_ID) VALUES ("4", "3119158");
INSERT INTO Refers_To (Field_ID,Project_ID) VALUES ("7", "3119159");
INSERT INTO Refers_To (Field_ID,Project_ID) VALUES ("11", "3119160");
INSERT INTO Refers_To (Field_ID,Project_ID) VALUES ("7", "3119161");
INSERT INTO Refers_To (Field_ID,Project_ID) VALUES ("9", "3119162");
INSERT INTO Refers_To (Field_ID,Project_ID) VALUES ("9", "3119163");
INSERT INTO Refers_To (Field_ID,Project_ID) VALUES ("3", "3119164");
INSERT INTO Refers_To (Field_ID,Project_ID) VALUES ("2", "3119165");
INSERT INTO Refers_To (Field_ID,Project_ID) VALUES ("2", "3119166");
INSERT INTO Refers_To (Field_ID,Project_ID) VALUES ("8", "3119167");
INSERT INTO Refers_To (Field_ID,Project_ID) VALUES ("9", "3119168");
INSERT INTO Refers_To (Field_ID,Project_ID) VALUES ("5", "3119169");
INSERT INTO Refers_To (Field_ID,Project_ID) VALUES ("7", "3119170");
INSERT INTO Refers_To (Field_ID,Project_ID) VALUES ("1", "3119171");
INSERT INTO Refers_To (Field_ID,Project_ID) VALUES ("11", "3119172");
INSERT INTO Refers_To (Field_ID,Project_ID) VALUES ("6", "3119173");
INSERT INTO Refers_To (Field_ID,Project_ID) VALUES ("8", "3119174");
INSERT INTO Refers_To (Field_ID,Project_ID) VALUES ("7", "3119175");
INSERT INTO Refers_To (Field_ID,Project_ID) VALUES ("6", "3119177");
INSERT INTO Refers_To (Field_ID,Project_ID) VALUES ("9", "3119179");
INSERT INTO Refers_To (Field_ID,Project_ID) VALUES ("11", "3119180");
INSERT INTO Refers_To (Field_ID,Project_ID) VALUES ("3", "3119181");
INSERT INTO Refers_To (Field_ID,Project_ID) VALUES ("7", "3119182");
INSERT INTO Refers_To (Field_ID,Project_ID) VALUES ("9", "3119183");
INSERT INTO Refers_To (Field_ID,Project_ID) VALUES ("3", "3119184");
INSERT INTO Refers_To (Field_ID,Project_ID) VALUES ("6", "3119185");
INSERT INTO Refers_To (Field_ID,Project_ID) VALUES ("2", "3119186");
INSERT INTO Refers_To (Field_ID,Project_ID) VALUES ("10", "3119187");
INSERT INTO Refers_To (Field_ID,Project_ID) VALUES ("10", "3119188");
INSERT INTO Refers_To (Field_ID,Project_ID) VALUES ("6", "3119189");
INSERT INTO Refers_To (Field_ID,Project_ID) VALUES ("5", "3119190");
INSERT INTO Refers_To (Field_ID,Project_ID) VALUES ("10", "3119192");
INSERT INTO Refers_To (Field_ID,Project_ID) VALUES ("10", "3119193");
INSERT INTO Refers_To (Field_ID,Project_ID) VALUES ("7", "3119194");
INSERT INTO Refers_To (Field_ID,Project_ID) VALUES ("2", "3119195");
INSERT INTO Refers_To (Field_ID,Project_ID) VALUES ("9", "3119197");
INSERT INTO Refers_To (Field_ID,Project_ID) VALUES ("5", "3119198");
INSERT INTO Refers_To (Field_ID,Project_ID) VALUES ("10", "3119199");
INSERT INTO Refers_To (Field_ID,Project_ID) VALUES ("12", "3119000");
INSERT INTO Refers_To (Field_ID,Project_ID) VALUES ("4", "3119001");
INSERT INTO Refers_To (Field_ID,Project_ID) VALUES ("7", "3119002");
INSERT INTO Refers_To (Field_ID,Project_ID) VALUES ("7", "3119003");
INSERT INTO Refers_To (Field_ID,Project_ID) VALUES ("10", "3119004");
INSERT INTO Refers_To (Field_ID,Project_ID) VALUES ("9", "3119005");
INSERT INTO Refers_To (Field_ID,Project_ID) VALUES ("5", "3119006");
INSERT INTO Refers_To (Field_ID,Project_ID) VALUES ("12", "3119007");
INSERT INTO Refers_To (Field_ID,Project_ID) VALUES ("8", "3119008");
INSERT INTO Refers_To (Field_ID,Project_ID) VALUES ("4", "3119010");
INSERT INTO Refers_To (Field_ID,Project_ID) VALUES ("9", "3119011");
INSERT INTO Refers_To (Field_ID,Project_ID) VALUES ("12", "3119012");
INSERT INTO Refers_To (Field_ID,Project_ID) VALUES ("12", "3119013");
INSERT INTO Refers_To (Field_ID,Project_ID) VALUES ("1", "3119014");
INSERT INTO Refers_To (Field_ID,Project_ID) VALUES ("12", "3119015");
INSERT INTO Refers_To (Field_ID,Project_ID) VALUES ("1", "3119018");
INSERT INTO Refers_To (Field_ID,Project_ID) VALUES ("6", "3119019");
INSERT INTO Refers_To (Field_ID,Project_ID) VALUES ("6", "3119020");
INSERT INTO Refers_To (Field_ID,Project_ID) VALUES ("5", "3119021");
INSERT INTO Refers_To (Field_ID,Project_ID) VALUES ("6", "3119023");
INSERT INTO Refers_To (Field_ID,Project_ID) VALUES ("12", "3119024");
INSERT INTO Refers_To (Field_ID,Project_ID) VALUES ("2", "3119025");
INSERT INTO Refers_To (Field_ID,Project_ID) VALUES ("6", "3119027");
INSERT INTO Refers_To (Field_ID,Project_ID) VALUES ("1", "3119029");
INSERT INTO Refers_To (Field_ID,Project_ID) VALUES ("2", "3119030");
INSERT INTO Refers_To (Field_ID,Project_ID) VALUES ("5", "3119031");
INSERT INTO Refers_To (Field_ID,Project_ID) VALUES ("8", "3119036");
INSERT INTO Refers_To (Field_ID,Project_ID) VALUES ("8", "3119037");
INSERT INTO Refers_To (Field_ID,Project_ID) VALUES ("2", "3119038");
INSERT INTO Refers_To (Field_ID,Project_ID) VALUES ("6", "3119039");
INSERT INTO Refers_To (Field_ID,Project_ID) VALUES ("2", "3119041");
INSERT INTO Refers_To (Field_ID,Project_ID) VALUES ("2", "3119042");
INSERT INTO Refers_To (Field_ID,Project_ID) VALUES ("6", "3119044");
INSERT INTO Refers_To (Field_ID,Project_ID) VALUES ("2", "3119045");
INSERT INTO Refers_To (Field_ID,Project_ID) VALUES ("4", "3119046");
INSERT INTO Refers_To (Field_ID,Project_ID) VALUES ("12", "3119047");
INSERT INTO Refers_To (Field_ID,Project_ID) VALUES ("2", "3119048");
INSERT INTO Refers_To (Field_ID,Project_ID) VALUES ("2", "3119049");
INSERT INTO Refers_To (Field_ID,Project_ID) VALUES ("8", "3119050");
INSERT INTO Refers_To (Field_ID,Project_ID) VALUES ("4", "3119051");
INSERT INTO Refers_To (Field_ID,Project_ID) VALUES ("4", "3119052");
INSERT INTO Refers_To (Field_ID,Project_ID) VALUES ("3", "3119053");
INSERT INTO Refers_To (Field_ID,Project_ID) VALUES ("10", "3119055");
INSERT INTO Refers_To (Field_ID,Project_ID) VALUES ("4", "3119056");
INSERT INTO Refers_To (Field_ID,Project_ID) VALUES ("5", "3119057");
INSERT INTO Refers_To (Field_ID,Project_ID) VALUES ("5", "3119058");
INSERT INTO Refers_To (Field_ID,Project_ID) VALUES ("8", "3119059");
INSERT INTO Refers_To (Field_ID,Project_ID) VALUES ("10", "3119061");
INSERT INTO Refers_To (Field_ID,Project_ID) VALUES ("11", "3119062");
INSERT INTO Refers_To (Field_ID,Project_ID) VALUES ("11", "3119063");
INSERT INTO Refers_To (Field_ID,Project_ID) VALUES ("6", "3119064");
INSERT INTO Refers_To (Field_ID,Project_ID) VALUES ("8", "3119065");
INSERT INTO Refers_To (Field_ID,Project_ID) VALUES ("3", "3119066");
INSERT INTO Refers_To (Field_ID,Project_ID) VALUES ("2", "3119067");
INSERT INTO Refers_To (Field_ID,Project_ID) VALUES ("6", "3119068");
INSERT INTO Refers_To (Field_ID,Project_ID) VALUES ("4", "3119069");
INSERT INTO Refers_To (Field_ID,Project_ID) VALUES ("3", "3119070");
INSERT INTO Refers_To (Field_ID,Project_ID) VALUES ("10", "3119071");
INSERT INTO Refers_To (Field_ID,Project_ID) VALUES ("4", "3119072");
INSERT INTO Refers_To (Field_ID,Project_ID) VALUES ("11", "3119073");
INSERT INTO Refers_To (Field_ID,Project_ID) VALUES ("9", "3119074");
INSERT INTO Refers_To (Field_ID,Project_ID) VALUES ("11", "3119075");
INSERT INTO Refers_To (Field_ID,Project_ID) VALUES ("3", "3119076");
INSERT INTO Refers_To (Field_ID,Project_ID) VALUES ("11", "3119077");
INSERT INTO Refers_To (Field_ID,Project_ID) VALUES ("5", "3119078");
INSERT INTO Refers_To (Field_ID,Project_ID) VALUES ("2", "3119079");
INSERT INTO Refers_To (Field_ID,Project_ID) VALUES ("7", "3119082");
INSERT INTO Refers_To (Field_ID,Project_ID) VALUES ("8", "3119083");
INSERT INTO Refers_To (Field_ID,Project_ID) VALUES ("3", "3119084");
INSERT INTO Refers_To (Field_ID,Project_ID) VALUES ("7", "3119085");
INSERT INTO Refers_To (Field_ID,Project_ID) VALUES ("10", "3119086");
INSERT INTO Refers_To (Field_ID,Project_ID) VALUES ("11", "3119087");
INSERT INTO Refers_To (Field_ID,Project_ID) VALUES ("4", "3119088");
INSERT INTO Refers_To (Field_ID,Project_ID) VALUES ("1", "3119089");
INSERT INTO Refers_To (Field_ID,Project_ID) VALUES ("6", "3119090");
INSERT INTO Refers_To (Field_ID,Project_ID) VALUES ("8", "3119091");
INSERT INTO Refers_To (Field_ID,Project_ID) VALUES ("8", "3119092");
INSERT INTO Refers_To (Field_ID,Project_ID) VALUES ("6", "3119093");
INSERT INTO Refers_To (Field_ID,Project_ID) VALUES ("4", "3119094");
INSERT INTO Refers_To (Field_ID,Project_ID) VALUES ("12", "3119095");
INSERT INTO Refers_To (Field_ID,Project_ID) VALUES ("6", "3119096");
INSERT INTO Refers_To (Field_ID,Project_ID) VALUES ("9", "3119098");
INSERT INTO Refers_To (Field_ID,Project_ID) VALUES ("4", "3119099");
INSERT INTO Refers_To (Field_ID,Project_ID) VALUES ("5", "3119100");
INSERT INTO Refers_To (Field_ID,Project_ID) VALUES ("1", "3119101");
INSERT INTO Refers_To (Field_ID,Project_ID) VALUES ("9", "3119102");
INSERT INTO Refers_To (Field_ID,Project_ID) VALUES ("11", "3119103");
INSERT INTO Refers_To (Field_ID,Project_ID) VALUES ("6", "3119104");
INSERT INTO Refers_To (Field_ID,Project_ID) VALUES ("7", "3119105");
INSERT INTO Refers_To (Field_ID,Project_ID) VALUES ("5", "3119106");
INSERT INTO Refers_To (Field_ID,Project_ID) VALUES ("8", "3119107");
INSERT INTO Refers_To (Field_ID,Project_ID) VALUES ("2", "3119108");
INSERT INTO Refers_To (Field_ID,Project_ID) VALUES ("1", "3119109");
INSERT INTO Refers_To (Field_ID,Project_ID) VALUES ("6", "3119111");
INSERT INTO Refers_To (Field_ID,Project_ID) VALUES ("12", "3119112");
INSERT INTO Refers_To (Field_ID,Project_ID) VALUES ("3", "3119113");
INSERT INTO Refers_To (Field_ID,Project_ID) VALUES ("8", "3119114");
INSERT INTO Refers_To (Field_ID,Project_ID) VALUES ("3", "3119115");
INSERT INTO Refers_To (Field_ID,Project_ID) VALUES ("5", "3119116");
INSERT INTO Refers_To (Field_ID,Project_ID) VALUES ("5", "3119117");
INSERT INTO Refers_To (Field_ID,Project_ID) VALUES ("2", "3119118");
INSERT INTO Refers_To (Field_ID,Project_ID) VALUES ("1", "3119119");
INSERT INTO Refers_To (Field_ID,Project_ID) VALUES ("9", "3119121");
INSERT INTO Refers_To (Field_ID,Project_ID) VALUES ("5", "3119122");
INSERT INTO Refers_To (Field_ID,Project_ID) VALUES ("7", "3119123");
INSERT INTO Refers_To (Field_ID,Project_ID) VALUES ("7", "3119124");
INSERT INTO Refers_To (Field_ID,Project_ID) VALUES ("7", "3119125");
INSERT INTO Refers_To (Field_ID,Project_ID) VALUES ("1", "3119126");
INSERT INTO Refers_To (Field_ID,Project_ID) VALUES ("10", "3119127");
INSERT INTO Refers_To (Field_ID,Project_ID) VALUES ("5", "3119128");
INSERT INTO Refers_To (Field_ID,Project_ID) VALUES ("2", "3119129");
INSERT INTO Refers_To (Field_ID,Project_ID) VALUES ("7", "3119130");
INSERT INTO Refers_To (Field_ID,Project_ID) VALUES ("12", "3119131");
INSERT INTO Refers_To (Field_ID,Project_ID) VALUES ("8", "3119132");
INSERT INTO Refers_To (Field_ID,Project_ID) VALUES ("9", "3119133");
INSERT INTO Refers_To (Field_ID,Project_ID) VALUES ("1", "3119134");
INSERT INTO Refers_To (Field_ID,Project_ID) VALUES ("8", "3119135");
INSERT INTO Refers_To (Field_ID,Project_ID) VALUES ("10", "3119137");
INSERT INTO Refers_To (Field_ID,Project_ID) VALUES ("8", "3119138");
INSERT INTO Refers_To (Field_ID,Project_ID) VALUES ("1", "3119140");
INSERT INTO Refers_To (Field_ID,Project_ID) VALUES ("11", "3119142");
INSERT INTO Refers_To (Field_ID,Project_ID) VALUES ("9", "3119144");
INSERT INTO Refers_To (Field_ID,Project_ID) VALUES ("8", "3119145");
INSERT INTO Refers_To (Field_ID,Project_ID) VALUES ("8", "3119147");
INSERT INTO Refers_To (Field_ID,Project_ID) VALUES ("9", "3119149");
INSERT INTO Refers_To (Field_ID,Project_ID) VALUES ("2", "3119150");
INSERT INTO Refers_To (Field_ID,Project_ID) VALUES ("8", "3119151");
INSERT INTO Refers_To (Field_ID,Project_ID) VALUES ("3", "3119152");
INSERT INTO Refers_To (Field_ID,Project_ID) VALUES ("9", "3119153");
INSERT INTO Refers_To (Field_ID,Project_ID) VALUES ("5", "3119154");
INSERT INTO Refers_To (Field_ID,Project_ID) VALUES ("11", "3119155");
INSERT INTO Refers_To (Field_ID,Project_ID) VALUES ("9", "3119156");
INSERT INTO Refers_To (Field_ID,Project_ID) VALUES ("3", "3119157");
INSERT INTO Refers_To (Field_ID,Project_ID) VALUES ("8", "3119158");
INSERT INTO Refers_To (Field_ID,Project_ID) VALUES ("2", "3119159");
INSERT INTO Refers_To (Field_ID,Project_ID) VALUES ("7", "3119160");
INSERT INTO Refers_To (Field_ID,Project_ID) VALUES ("2", "3119161");
INSERT INTO Refers_To (Field_ID,Project_ID) VALUES ("11", "3119162");
INSERT INTO Refers_To (Field_ID,Project_ID) VALUES ("8", "3119163");
INSERT INTO Refers_To (Field_ID,Project_ID) VALUES ("9", "3119164");
INSERT INTO Refers_To (Field_ID,Project_ID) VALUES ("6", "3119165");
INSERT INTO Refers_To (Field_ID,Project_ID) VALUES ("10", "3119167");
INSERT INTO Refers_To (Field_ID,Project_ID) VALUES ("3", "3119168");
INSERT INTO Refers_To (Field_ID,Project_ID) VALUES ("4", "3119169");
INSERT INTO Refers_To (Field_ID,Project_ID) VALUES ("1", "3119170");
INSERT INTO Refers_To (Field_ID,Project_ID) VALUES ("10", "3119172");
INSERT INTO Refers_To (Field_ID,Project_ID) VALUES ("3", "3119173");
INSERT INTO Refers_To (Field_ID,Project_ID) VALUES ("12", "3119174");
INSERT INTO Refers_To (Field_ID,Project_ID) VALUES ("8", "3119176");
INSERT INTO Refers_To (Field_ID,Project_ID) VALUES ("9", "3119177");
INSERT INTO Refers_To (Field_ID,Project_ID) VALUES ("2", "3119178");
INSERT INTO Refers_To (Field_ID,Project_ID) VALUES ("6", "3119180");
INSERT INTO Refers_To (Field_ID,Project_ID) VALUES ("10", "3119181");
INSERT INTO Refers_To (Field_ID,Project_ID) VALUES ("11", "3119182");
INSERT INTO Refers_To (Field_ID,Project_ID) VALUES ("12", "3119183");
INSERT INTO Refers_To (Field_ID,Project_ID) VALUES ("10", "3119185");
INSERT INTO Refers_To (Field_ID,Project_ID) VALUES ("8", "3119186");
INSERT INTO Refers_To (Field_ID,Project_ID) VALUES ("6", "3119187");
INSERT INTO Refers_To (Field_ID,Project_ID) VALUES ("6", "3119188");
INSERT INTO Refers_To (Field_ID,Project_ID) VALUES ("9", "3119191");
INSERT INTO Refers_To (Field_ID,Project_ID) VALUES ("8", "3119193");
INSERT INTO Refers_To (Field_ID,Project_ID) VALUES ("1", "3119194");
INSERT INTO Refers_To (Field_ID,Project_ID) VALUES ("10", "3119196");
INSERT INTO Refers_To (Field_ID,Project_ID) VALUES ("8", "3119197");
INSERT INTO Refers_To (Field_ID,Project_ID) VALUES ("6", "3119198");
INSERT INTO Refers_To (Field_ID,Project_ID) VALUES ("4", "3119199");
INSERT INTO Refers_To (Field_ID,Project_ID) VALUES ("5", "3119000");
INSERT INTO Refers_To (Field_ID,Project_ID) VALUES ("8", "3119001");
INSERT INTO Refers_To (Field_ID,Project_ID) VALUES ("10", "3119002");
INSERT INTO Refers_To (Field_ID,Project_ID) VALUES ("1", "3119003");
INSERT INTO Refers_To (Field_ID,Project_ID) VALUES ("1", "3119006");
INSERT INTO Refers_To (Field_ID,Project_ID) VALUES ("1", "3119007");
INSERT INTO Refers_To (Field_ID,Project_ID) VALUES ("5", "3119008");
INSERT INTO Refers_To (Field_ID,Project_ID) VALUES ("10", "3119009");
INSERT INTO Refers_To (Field_ID,Project_ID) VALUES ("1", "3119010");
INSERT INTO Refers_To (Field_ID,Project_ID) VALUES ("8", "3119011");
INSERT INTO Refers_To (Field_ID,Project_ID) VALUES ("8", "3119012");
INSERT INTO Refers_To (Field_ID,Project_ID) VALUES ("11", "3119014");
INSERT INTO Refers_To (Field_ID,Project_ID) VALUES ("2", "3119015");
INSERT INTO Refers_To (Field_ID,Project_ID) VALUES ("12", "3119016");
INSERT INTO Refers_To (Field_ID,Project_ID) VALUES ("12", "3119017");
INSERT INTO Refers_To (Field_ID,Project_ID) VALUES ("10", "3119018");
INSERT INTO Refers_To (Field_ID,Project_ID) VALUES ("1", "3119021");
INSERT INTO Refers_To (Field_ID,Project_ID) VALUES ("5", "3119022");
INSERT INTO Refers_To (Field_ID,Project_ID) VALUES ("10", "3119023");
INSERT INTO Refers_To (Field_ID,Project_ID) VALUES ("7", "3119026");
INSERT INTO Refers_To (Field_ID,Project_ID) VALUES ("9", "3119027");
INSERT INTO Refers_To (Field_ID,Project_ID) VALUES ("7", "3119028");
INSERT INTO Refers_To (Field_ID,Project_ID) VALUES ("3", "3119030");
INSERT INTO Refers_To (Field_ID,Project_ID) VALUES ("6", "3119031");
INSERT INTO Refers_To (Field_ID,Project_ID) VALUES ("6", "3119032");
INSERT INTO Refers_To (Field_ID,Project_ID) VALUES ("6", "3119033");
INSERT INTO Refers_To (Field_ID,Project_ID) VALUES ("6", "3119035");
INSERT INTO Refers_To (Field_ID,Project_ID) VALUES ("2", "3119036");
INSERT INTO Refers_To (Field_ID,Project_ID) VALUES ("10", "3119037");
INSERT INTO Refers_To (Field_ID,Project_ID) VALUES ("11", "3119038");
INSERT INTO Refers_To (Field_ID,Project_ID) VALUES ("1", "3119039");
INSERT INTO Refers_To (Field_ID,Project_ID) VALUES ("12", "3119040");
INSERT INTO Refers_To (Field_ID,Project_ID) VALUES ("12", "3119042");
INSERT INTO Refers_To (Field_ID,Project_ID) VALUES ("9", "3119043");
INSERT INTO Refers_To (Field_ID,Project_ID) VALUES ("12", "3119044");
INSERT INTO Refers_To (Field_ID,Project_ID) VALUES ("3", "3119046");
INSERT INTO Refers_To (Field_ID,Project_ID) VALUES ("11", "3119047");
INSERT INTO Refers_To (Field_ID,Project_ID) VALUES ("12", "3119049");
INSERT INTO Refers_To (Field_ID,Project_ID) VALUES ("9", "3119050");
INSERT INTO Refers_To (Field_ID,Project_ID) VALUES ("10", "3119051");
INSERT INTO Refers_To (Field_ID,Project_ID) VALUES ("6", "3119052");
INSERT INTO Refers_To (Field_ID,Project_ID) VALUES ("6", "3119053");
INSERT INTO Refers_To (Field_ID,Project_ID) VALUES ("4", "3119054");
INSERT INTO Refers_To (Field_ID,Project_ID) VALUES ("1", "3119055");
INSERT INTO Refers_To (Field_ID,Project_ID) VALUES ("6", "3119056");
INSERT INTO Refers_To (Field_ID,Project_ID) VALUES ("2", "3119057");
INSERT INTO Refers_To (Field_ID,Project_ID) VALUES ("12", "3119059");
INSERT INTO Refers_To (Field_ID,Project_ID) VALUES ("11", "3119060");
INSERT INTO Refers_To (Field_ID,Project_ID) VALUES ("7", "3119063");
INSERT INTO Refers_To (Field_ID,Project_ID) VALUES ("3", "3119065");
INSERT INTO Refers_To (Field_ID,Project_ID) VALUES ("11", "3119066");
INSERT INTO Refers_To (Field_ID,Project_ID) VALUES ("12", "3119068");
INSERT INTO Refers_To (Field_ID,Project_ID) VALUES ("12", "3119069");
INSERT INTO Refers_To (Field_ID,Project_ID) VALUES ("12", "3119070");
INSERT INTO Refers_To (Field_ID,Project_ID) VALUES ("2", "3119071");
INSERT INTO Refers_To (Field_ID,Project_ID) VALUES ("7", "3119072");
INSERT INTO Refers_To (Field_ID,Project_ID) VALUES ("6", "3119073");
INSERT INTO Refers_To (Field_ID,Project_ID) VALUES ("3", "3119075");
INSERT INTO Refers_To (Field_ID,Project_ID) VALUES ("2", "3119076");
INSERT INTO Refers_To (Field_ID,Project_ID) VALUES ("12", "3119077");
INSERT INTO Refers_To (Field_ID,Project_ID) VALUES ("5", "3119079");
INSERT INTO Refers_To (Field_ID,Project_ID) VALUES ("5", "3119081");
INSERT INTO Refers_To (Field_ID,Project_ID) VALUES ("1", "3119082");
INSERT INTO Refers_To (Field_ID,Project_ID) VALUES ("4", "3119085");
INSERT INTO Refers_To (Field_ID,Project_ID) VALUES ("8", "3119087");
INSERT INTO Refers_To (Field_ID,Project_ID) VALUES ("3", "3119090");
INSERT INTO Refers_To (Field_ID,Project_ID) VALUES ("3", "3119092");
INSERT INTO Refers_To (Field_ID,Project_ID) VALUES ("5", "3119093");
INSERT INTO Refers_To (Field_ID,Project_ID) VALUES ("10", "3119094");
INSERT INTO Refers_To (Field_ID,Project_ID) VALUES ("5", "3119095");
INSERT INTO Refers_To (Field_ID,Project_ID) VALUES ("7", "3119097");
INSERT INTO Refers_To (Field_ID,Project_ID) VALUES ("8", "3119098");
INSERT INTO Refers_To (Field_ID,Project_ID) VALUES ("11", "3119101");
INSERT INTO Refers_To (Field_ID,Project_ID) VALUES ("4", "3119102");
INSERT INTO Refers_To (Field_ID,Project_ID) VALUES ("9", "3119103");
INSERT INTO Refers_To (Field_ID,Project_ID) VALUES ("4", "3119104");
INSERT INTO Refers_To (Field_ID,Project_ID) VALUES ("9", "3119105");
INSERT INTO Refers_To (Field_ID,Project_ID) VALUES ("3", "3119106");
INSERT INTO Refers_To (Field_ID,Project_ID) VALUES ("1", "3119107");
INSERT INTO Refers_To (Field_ID,Project_ID) VALUES ("3", "3119110");
INSERT INTO Refers_To (Field_ID,Project_ID) VALUES ("4", "3119112");
INSERT INTO Refers_To (Field_ID,Project_ID) VALUES ("1", "3119113");
INSERT INTO Refers_To (Field_ID,Project_ID) VALUES ("7", "3119114");
INSERT INTO Refers_To (Field_ID,Project_ID) VALUES ("2", "3119115");
INSERT INTO Refers_To (Field_ID,Project_ID) VALUES ("4", "3119118");
INSERT INTO Refers_To (Field_ID,Project_ID) VALUES ("12", "3119119");
INSERT INTO Refers_To (Field_ID,Project_ID) VALUES ("6", "3119120");
INSERT INTO Refers_To (Field_ID,Project_ID) VALUES ("2", "3119121");
INSERT INTO Refers_To (Field_ID,Project_ID) VALUES ("1", "3119122");
INSERT INTO Refers_To (Field_ID,Project_ID) VALUES ("10", "3119123");
INSERT INTO Refers_To (Field_ID,Project_ID) VALUES ("3", "3119124");
INSERT INTO Refers_To (Field_ID,Project_ID) VALUES ("5", "3119126");
INSERT INTO Refers_To (Field_ID,Project_ID) VALUES ("9", "3119127");
INSERT INTO Refers_To (Field_ID,Project_ID) VALUES ("8", "3119129");
INSERT INTO Refers_To (Field_ID,Project_ID) VALUES ("5", "3119131");
INSERT INTO Refers_To (Field_ID,Project_ID) VALUES ("11", "3119132");
INSERT INTO Refers_To (Field_ID,Project_ID) VALUES ("5", "3119136");
INSERT INTO Refers_To (Field_ID,Project_ID) VALUES ("10", "3119138");
INSERT INTO Refers_To (Field_ID,Project_ID) VALUES ("4", "3119139");
INSERT INTO Refers_To (Field_ID,Project_ID) VALUES ("3", "3119140");
INSERT INTO Refers_To (Field_ID,Project_ID) VALUES ("3", "3119141");
INSERT INTO Refers_To (Field_ID,Project_ID) VALUES ("8", "3119142");
INSERT INTO Refers_To (Field_ID,Project_ID) VALUES ("2", "3119143");
INSERT INTO Refers_To (Field_ID,Project_ID) VALUES ("5", "3119144");
INSERT INTO Refers_To (Field_ID,Project_ID) VALUES ("10", "3119145");
INSERT INTO Refers_To (Field_ID,Project_ID) VALUES ("3", "3119146");
INSERT INTO Refers_To (Field_ID,Project_ID) VALUES ("11", "3119147");
INSERT INTO Refers_To (Field_ID,Project_ID) VALUES ("6", "3119148");
INSERT INTO Refers_To (Field_ID,Project_ID) VALUES ("7", "3119149");
INSERT INTO Refers_To (Field_ID,Project_ID) VALUES ("3", "3119150");
INSERT INTO Refers_To (Field_ID,Project_ID) VALUES ("11", "3119151");
INSERT INTO Refers_To (Field_ID,Project_ID) VALUES ("1", "3119152");
INSERT INTO Refers_To (Field_ID,Project_ID) VALUES ("2", "3119154");
INSERT INTO Refers_To (Field_ID,Project_ID) VALUES ("2", "3119155");
INSERT INTO Refers_To (Field_ID,Project_ID) VALUES ("5", "3119156");
INSERT INTO Refers_To (Field_ID,Project_ID) VALUES ("8", "3119157");
INSERT INTO Refers_To (Field_ID,Project_ID) VALUES ("9", "3119159");
INSERT INTO Refers_To (Field_ID,Project_ID) VALUES ("4", "3119160");
INSERT INTO Refers_To (Field_ID,Project_ID) VALUES ("1", "3119162");
INSERT INTO Refers_To (Field_ID,Project_ID) VALUES ("11", "3119164");
INSERT INTO Refers_To (Field_ID,Project_ID) VALUES ("4", "3119165");
INSERT INTO Refers_To (Field_ID,Project_ID) VALUES ("4", "3119167");
INSERT INTO Refers_To (Field_ID,Project_ID) VALUES ("7", "3119169");
INSERT INTO Refers_To (Field_ID,Project_ID) VALUES ("4", "3119170");
INSERT INTO Refers_To (Field_ID,Project_ID) VALUES ("8", "3119171");
INSERT INTO Refers_To (Field_ID,Project_ID) VALUES ("4", "3119172");
INSERT INTO Refers_To (Field_ID,Project_ID) VALUES ("9", "3119173");
INSERT INTO Refers_To (Field_ID,Project_ID) VALUES ("6", "3119175");
INSERT INTO Refers_To (Field_ID,Project_ID) VALUES ("9", "3119176");
INSERT INTO Refers_To (Field_ID,Project_ID) VALUES ("11", "3119177");
INSERT INTO Refers_To (Field_ID,Project_ID) VALUES ("7", "3119178");
INSERT INTO Refers_To (Field_ID,Project_ID) VALUES ("1", "3119179");
INSERT INTO Refers_To (Field_ID,Project_ID) VALUES ("8", "3119181");
INSERT INTO Refers_To (Field_ID,Project_ID) VALUES ("12", "3119182");
INSERT INTO Refers_To (Field_ID,Project_ID) VALUES ("7", "3119185");
INSERT INTO Refers_To (Field_ID,Project_ID) VALUES ("7", "3119187");
INSERT INTO Refers_To (Field_ID,Project_ID) VALUES ("8", "3119188");
INSERT INTO Refers_To (Field_ID,Project_ID) VALUES ("2", "3119189");
INSERT INTO Refers_To (Field_ID,Project_ID) VALUES ("4", "3119190");
INSERT INTO Refers_To (Field_ID,Project_ID) VALUES ("9", "3119192");
INSERT INTO Refers_To (Field_ID,Project_ID) VALUES ("4", "3119193");
INSERT INTO Refers_To (Field_ID,Project_ID) VALUES ("12", "3119194");
INSERT INTO Refers_To (Field_ID,Project_ID) VALUES ("10", "3119195");
INSERT INTO Refers_To (Field_ID,Project_ID) VALUES ("4", "3119196");
INSERT INTO Refers_To (Field_ID,Project_ID) VALUES ("3", "3119197");
INSERT INTO Refers_To (Field_ID,Project_ID) VALUES ("12", "3119198");
INSERT INTO Refers_To (Field_ID,Project_ID) VALUES ("12", "3119199");






CREATE VIEW projects_per_field AS
SELECT Project.Project_ID,
       Project.Name AS `Project_Name`,
       Research_Field.Field_ID,
       Research_Field.Name as `Field_Name`
FROM Project INNER JOIN Refers_To ON Project.Project_ID=Refers_To.Project_ID
INNER JOIN Research_Field on Refers_To.Field_ID=Research_Field.Field_ID
ORDER BY Field_ID;

CREATE VIEW projects_per_researcher AS
SELECT Researcher.Researcher_ID,
	     CONCAT(Researcher.Name, ' ', Researcher.Surname) AS `Full_Name`,
       Project.Project_ID,
       Project.Name AS `Project_Name`
FROM Researcher INNER JOIN Works_On ON Researcher.Researcher_ID=Works_On.Researcher_ID
INNER JOIN Project on Works_On.Project_ID=Project.Project_ID
ORDER BY Researcher.Researcher_ID;