INSERT INTO Executive (Executive_ID,Name,Surname) VALUES ("3119000","Allen", "Chang");
INSERT INTO Executive (Executive_ID,Name,Surname) VALUES ("3119001","Lindsey", "Harris");
INSERT INTO Executive (Executive_ID,Name,Surname) VALUES ("3119002","Gary", "King");
INSERT INTO Executive (Executive_ID,Name,Surname) VALUES ("3119003","Kayla", "Savage");
INSERT INTO Executive (Executive_ID,Name,Surname) VALUES ("3119004","Paul", "Grimes");
INSERT INTO Executive (Executive_ID,Name,Surname) VALUES ("3119005","Antonio", "Nguyen");
INSERT INTO Executive (Executive_ID,Name,Surname) VALUES ("3119006","Amani", "Lane");
INSERT INTO Executive (Executive_ID,Name,Surname) VALUES ("3119007","Darlene", "Patel");
INSERT INTO Executive (Executive_ID,Name,Surname) VALUES ("3119008","Azad", "Saraf");
INSERT INTO Executive (Executive_ID,Name,Surname) VALUES ("3119009","Eva", "Reynolds");
INSERT INTO Executive (Executive_ID,Name,Surname) VALUES ("3119010","Jivin", "Williams");
INSERT INTO Executive (Executive_ID,Name,Surname) VALUES ("3119011","Renee", "Gross");
INSERT INTO Executive (Executive_ID,Name,Surname) VALUES ("3119012","Antonio", "Flores");
INSERT INTO Executive (Executive_ID,Name,Surname) VALUES ("3119013","Matthew", "Bailey");
INSERT INTO Executive (Executive_ID,Name,Surname) VALUES ("3119014","Jeremy", "Hari");
INSERT INTO Executive (Executive_ID,Name,Surname) VALUES ("3119015","Jerry", "Hayden");
INSERT INTO Executive (Executive_ID,Name,Surname) VALUES ("3119016","Indrans", "Subramaniam");
INSERT INTO Executive (Executive_ID,Name,Surname) VALUES ("3119017","Vaibhav", "Behl");
INSERT INTO Executive (Executive_ID,Name,Surname) VALUES ("3119018","Laura", "Marks");
INSERT INTO Executive (Executive_ID,Name,Surname) VALUES ("3119019","Cory", "Baker");
INSERT INTO Executive (Executive_ID,Name,Surname) VALUES ("3119020","Jennifer", "Evans");
INSERT INTO Executive (Executive_ID,Name,Surname) VALUES ("3119021","Vaibhav", "Ravel");
INSERT INTO Executive (Executive_ID,Name,Surname) VALUES ("3119022","Armaan", "Hodge");
INSERT INTO Executive (Executive_ID,Name,Surname) VALUES ("3119023","Jillian", "Lambert");
INSERT INTO Executive (Executive_ID,Name,Surname) VALUES ("3119024","John", "Hughes");
INSERT INTO Executive (Executive_ID,Name,Surname) VALUES ("3119025","Kristen", "Parker");
INSERT INTO Executive (Executive_ID,Name,Surname) VALUES ("3119026","Gina", "Garcia");
INSERT INTO Executive (Executive_ID,Name,Surname) VALUES ("3119027","Jennifer", "Hansen");
INSERT INTO Executive (Executive_ID,Name,Surname) VALUES ("3119028","Thomas", "Khosla");
INSERT INTO Executive (Executive_ID,Name,Surname) VALUES ("3119029","Victoria", "Jones");
INSERT INTO Executive (Executive_ID,Name,Surname) VALUES ("3119030","Alexander", "Harvey");
INSERT INTO Executive (Executive_ID,Name,Surname) VALUES ("3119031","Samar", "Mcmillan");
INSERT INTO Executive (Executive_ID,Name,Surname) VALUES ("3119032","Javier", "Atkinson");
INSERT INTO Executive (Executive_ID,Name,Surname) VALUES ("3119033","Jonathan", "Shannon");
INSERT INTO Executive (Executive_ID,Name,Surname) VALUES ("3119034","Taylor", "Moss");
INSERT INTO Executive (Executive_ID,Name,Surname) VALUES ("3119035","Emily", "Fitzgerald");
INSERT INTO Executive (Executive_ID,Name,Surname) VALUES ("3119036","Michael", "Bennett");
INSERT INTO Executive (Executive_ID,Name,Surname) VALUES ("3119037","Hansh", "Behl");
INSERT INTO Executive (Executive_ID,Name,Surname) VALUES ("3119038","John", "Reyes");
INSERT INTO Executive (Executive_ID,Name,Surname) VALUES ("3119039","Lisa", "Rodriguez");
INSERT INTO Executive (Executive_ID,Name,Surname) VALUES ("3119040","Crystal", "Uppal");
INSERT INTO Executive (Executive_ID,Name,Surname) VALUES ("3119041","Alyssa", "Brown");
INSERT INTO Executive (Executive_ID,Name,Surname) VALUES ("3119042","Ricky", "Chavez");
INSERT INTO Executive (Executive_ID,Name,Surname) VALUES ("3119043","Himmat", "Kota");
INSERT INTO Executive (Executive_ID,Name,Surname) VALUES ("3119044","Christina", "Comar");
INSERT INTO Executive (Executive_ID,Name,Surname) VALUES ("3119045","Aarna", "Moore");
INSERT INTO Executive (Executive_ID,Name,Surname) VALUES ("3119046","Jason", "Cummings");
INSERT INTO Executive (Executive_ID,Name,Surname) VALUES ("3119047","Tracy", "Turner");
INSERT INTO Executive (Executive_ID,Name,Surname) VALUES ("3119048","Emir", "Morris");
INSERT INTO Executive (Executive_ID,Name,Surname) VALUES ("3119049","Saira", "Cross");
INSERT INTO Program (Name,ELIDEK_Sector) VALUES ("The east adult.","Food Industry Projects");
INSERT INTO Program (Name,ELIDEK_Sector) VALUES ("Again traditional.","Environmental Projects");
INSERT INTO Program (Name,ELIDEK_Sector) VALUES ("Illum nulla ipsa.","Outer Space Public Relations");
INSERT INTO Program (Name,ELIDEK_Sector) VALUES ("Quite most across.","Renewable Energy Sources");
INSERT INTO Program (Name,ELIDEK_Sector) VALUES ("Morning lot very.","Exotic Religions");
INSERT INTO Program (Name,ELIDEK_Sector) VALUES ("Ad debitis ad harum.","Marine Research Projects");
INSERT INTO Program (Name,ELIDEK_Sector) VALUES ("Quam commodi nam.","Researcher Underpayment Management");
INSERT INTO Program (Name,ELIDEK_Sector) VALUES ("Maintain center.","Food Industry Projects");
INSERT INTO Program (Name,ELIDEK_Sector) VALUES ("Recusandae sint.","Environmental Projects");
INSERT INTO Program (Name,ELIDEK_Sector) VALUES ("Beatae dignissimos.","Outer Space Public Relations");
INSERT INTO Program (Name,ELIDEK_Sector) VALUES ("Current evidence.","Renewable Energy Sources");
INSERT INTO Program (Name,ELIDEK_Sector) VALUES ("Staff few big.","Exotic Religions");
INSERT INTO Program (Name,ELIDEK_Sector) VALUES ("Possimus velit.","Marine Research Projects");
INSERT INTO Program (Name,ELIDEK_Sector) VALUES ("American.","Researcher Underpayment Management");
INSERT INTO Program (Name,ELIDEK_Sector) VALUES ("Result suggest box.","Food Industry Projects");
INSERT INTO Program (Name,ELIDEK_Sector) VALUES ("Maintain floor yard.","Environmental Projects");
INSERT INTO Program (Name,ELIDEK_Sector) VALUES ("Quas repellat alias.","Outer Space Public Relations");
INSERT INTO Program (Name,ELIDEK_Sector) VALUES ("Art arm visit.","Renewable Energy Sources");
INSERT INTO Program (Name,ELIDEK_Sector) VALUES ("Nobis repellendus.","Exotic Religions");
INSERT INTO Program (Name,ELIDEK_Sector) VALUES ("Consequatur velit.","Marine Research Projects");
INSERT INTO Program (Name,ELIDEK_Sector) VALUES ("His out station.","Researcher Underpayment Management");
INSERT INTO Program (Name,ELIDEK_Sector) VALUES ("Important new.","Food Industry Projects");
INSERT INTO Program (Name,ELIDEK_Sector) VALUES ("Party food power.","Environmental Projects");
INSERT INTO Program (Name,ELIDEK_Sector) VALUES ("Minute throw parent.","Outer Space Public Relations");
INSERT INTO Program (Name,ELIDEK_Sector) VALUES ("Maxime tenetur id.","Renewable Energy Sources");
INSERT INTO Program (Name,ELIDEK_Sector) VALUES ("Century language.","Exotic Religions");
INSERT INTO Program (Name,ELIDEK_Sector) VALUES ("Incidunt laboriosam.","Marine Research Projects");
INSERT INTO Program (Name,ELIDEK_Sector) VALUES ("Toward religious.","Researcher Underpayment Management");
INSERT INTO Program (Name,ELIDEK_Sector) VALUES ("A eaque commodi.","Food Industry Projects");
INSERT INTO Program (Name,ELIDEK_Sector) VALUES ("Program area.","Environmental Projects");
INSERT INTO Program (Name,ELIDEK_Sector) VALUES ("Magni modi quam eum.","Outer Space Public Relations");
INSERT INTO Program (Name,ELIDEK_Sector) VALUES ("Large site focus.","Renewable Energy Sources");
INSERT INTO Program (Name,ELIDEK_Sector) VALUES ("Bring senior young.","Exotic Religions");
INSERT INTO Program (Name,ELIDEK_Sector) VALUES ("Hotel pass their.","Marine Research Projects");
INSERT INTO Program (Name,ELIDEK_Sector) VALUES ("A eveniet ipsum.","Researcher Underpayment Management");
INSERT INTO Program (Name,ELIDEK_Sector) VALUES ("Human help pattern.","Food Industry Projects");
INSERT INTO Program (Name,ELIDEK_Sector) VALUES ("Neque consequuntur.","Environmental Projects");
INSERT INTO Program (Name,ELIDEK_Sector) VALUES ("Dark away drop.","Outer Space Public Relations");
INSERT INTO Program (Name,ELIDEK_Sector) VALUES ("Repellat veniam.","Renewable Energy Sources");
INSERT INTO Program (Name,ELIDEK_Sector) VALUES ("Chair run task.","Exotic Religions");
INSERT INTO Program (Name,ELIDEK_Sector) VALUES ("Maxime quam animi.","Marine Research Projects");
INSERT INTO Program (Name,ELIDEK_Sector) VALUES ("Porro dolorem.","Researcher Underpayment Management");
INSERT INTO Program (Name,ELIDEK_Sector) VALUES ("Sapiente rerum.","Food Industry Projects");
INSERT INTO Program (Name,ELIDEK_Sector) VALUES ("Know nation however.","Environmental Projects");
INSERT INTO Program (Name,ELIDEK_Sector) VALUES ("Start life admit.","Outer Space Public Relations");
INSERT INTO Program (Name,ELIDEK_Sector) VALUES ("Facere officia.","Renewable Energy Sources");
INSERT INTO Program (Name,ELIDEK_Sector) VALUES ("Stage game air.","Exotic Religions");
INSERT INTO Program (Name,ELIDEK_Sector) VALUES ("Commodi in numquam.","Marine Research Projects");
INSERT INTO Program (Name,ELIDEK_Sector) VALUES ("Ex blanditiis.","Researcher Underpayment Management");
INSERT INTO Program (Name,ELIDEK_Sector) VALUES ("East they.","Food Industry Projects");
INSERT INTO Organization (Organization_ID,Acronym,Name,Phone_Number,Street,Street_Number,City,Postal_Code,Org_type) VALUES ("3119000", "QMU", "Quo Minima University", "2403404601", "Butala Path", "477", "Brittany Ville", "10796", "University");
INSERT INTO Organization (Organization_ID,Acronym,Name,Phone_Number,Street,Street_Number,City,Postal_Code,Org_type) VALUES ("3119001", "IC", "Individual Company", "2253894007", "Antares Avenue", "7059", "Jenniferstad", "14875", "Company");
INSERT INTO Organization (Organization_ID,Acronym,Name,Phone_Number,Street,Street_Number,City,Postal_Code,Org_type) VALUES ("3119002", "OHRRC", "Onto Happen Ready Research Center", "2219462284", "Butala Nagar", "2243", "Maheshtala", "19045", "Research Center");
INSERT INTO Organization (Organization_ID,Acronym,Name,Phone_Number,Street,Street_Number,City,Postal_Code,Org_type) VALUES ("3119003", "CTRU", "Cell Travel Realize University", "2228471533", "Smith Circle", "8900", "Brownview", "42153", "University");
INSERT INTO Organization (Organization_ID,Acronym,Name,Phone_Number,Street,Street_Number,City,Postal_Code,Org_type) VALUES ("3119004", "ONC", "Official National Company", "2272645639", "Master Path", "6304", "Lake Johnstad", "23018", "Company");
INSERT INTO Organization (Organization_ID,Acronym,Name,Phone_Number,Street,Street_Number,City,Postal_Code,Org_type) VALUES ("3119005", "PTNRC", "Purpose This News Research Center", "2542503893", "Cameron Mount", "2972", "Ghaziabad", "66102", "Research Center");
INSERT INTO Organization (Organization_ID,Acronym,Name,Phone_Number,Street,Street_Number,City,Postal_Code,Org_type) VALUES ("3119006", "YMTU", "Yard Method Trade University", "2654915815", "Ghose Chowk", "6115", "Joe Ville", "25606", "University");
INSERT INTO Organization (Organization_ID,Acronym,Name,Phone_Number,Street,Street_Number,City,Postal_Code,Org_type) VALUES ("3119007", "MLLC", "Magazine Letter Low Company", "2586076896", "Pisces Drive", "5485", "Kristen Ville", "56218", "Company");
INSERT INTO Organization (Organization_ID,Acronym,Name,Phone_Number,Street,Street_Number,City,Postal_Code,Org_type) VALUES ("3119008", "PALRC", "Provident A Laborum Research Center", "2241594173", "Arayat Street", "7688", "North Cynthiaburgh", "31054", "Research Center");
INSERT INTO Organization (Organization_ID,Acronym,Name,Phone_Number,Street,Street_Number,City,Postal_Code,Org_type) VALUES ("3119009", "AAU", "Adipisci Aperiam University", "2755267933", "Santiago Crescent", "4691", "Anantapur", "93577", "University");
INSERT INTO Organization (Organization_ID,Acronym,Name,Phone_Number,Street,Street_Number,City,Postal_Code,Org_type) VALUES ("3119010", "PQAC", "Pariatur Quam At Company", "2166279465", "Dao Street", "4381", "Pali", "79218", "Company");
INSERT INTO Organization (Organization_ID,Acronym,Name,Phone_Number,Street,Street_Number,City,Postal_Code,Org_type) VALUES ("3119011", "CGFRC", "Cause Ground Factor Research Center", "2715813680", "15th Road Extension", "9651", "Bhiwani", "97284", "Research Center");
INSERT INTO Organization (Organization_ID,Acronym,Name,Phone_Number,Street,Street_Number,City,Postal_Code,Org_type) VALUES ("3119012", "NNDU", "Nemo Non Dolore University", "2232620289", "Gregory Valley", "5226", "Shimoga", "78314", "University");
INSERT INTO Organization (Organization_ID,Acronym,Name,Phone_Number,Street,Street_Number,City,Postal_Code,Org_type) VALUES ("3119013", "VRIC", "Visit Reflect Issue Company", "2726663154", "Soto Center", "5569", "Owensberg", "49847", "Company");
INSERT INTO Organization (Organization_ID,Acronym,Name,Phone_Number,Street,Street_Number,City,Postal_Code,Org_type) VALUES ("3119014", "RQRC", "Rich Question Research Center", "2502187160", "Baticulin Drive", "287", "Elizabeth Ville", "93978", "Research Center");
INSERT INTO Organization (Organization_ID,Acronym,Name,Phone_Number,Street,Street_Number,City,Postal_Code,Org_type) VALUES ("3119015", "AU", "Accusantium University", "2394847624", "Stephanie Branch", "6700", "West Robertchester", "97843", "University");
INSERT INTO Organization (Organization_ID,Acronym,Name,Phone_Number,Street,Street_Number,City,Postal_Code,Org_type) VALUES ("3119016", "CFPOC", "Close Fine Per Once Company", "2799938733", "Kemp Circle", "3949", "West Rubenchester", "24274", "Company");
INSERT INTO Organization (Organization_ID,Acronym,Name,Phone_Number,Street,Street_Number,City,Postal_Code,Org_type) VALUES ("3119017", "AIEORC", "A Ipsa Earum Odit Research Center", "2644067888", "Anonas Street", "6972", "Bhusawal", "92356", "Research Center");
INSERT INTO Organization (Organization_ID,Acronym,Name,Phone_Number,Street,Street_Number,City,Postal_Code,Org_type) VALUES ("3119018", "CVSU", "Cost Various Single University", "2471580489", "Borah Marg", "139", "Singrauli", "12720", "University");
INSERT INTO Organization (Organization_ID,Acronym,Name,Phone_Number,Street,Street_Number,City,Postal_Code,Org_type) VALUES ("3119019", "STC", "Suscipit Totam Company", "2597914315", "Mcintosh Center", "5907", "Medininagar", "87855", "Company");
INSERT INTO Organization (Organization_ID,Acronym,Name,Phone_Number,Street,Street_Number,City,Postal_Code,Org_type) VALUES ("3119020", "CSBRC", "Choice Short Born Research Center", "2495047541", "Ryan Pike", "1046", "Johnville", "60065", "Research Center");
INSERT INTO Organization (Organization_ID,Acronym,Name,Phone_Number,Street,Street_Number,City,Postal_Code,Org_type) VALUES ("3119021", "CLTU", "Chair List Training University", "2172182365", "Hancock Lodge", "2088", "East Charlesland", "88806", "University");
INSERT INTO Organization (Organization_ID,Acronym,Name,Phone_Number,Street,Street_Number,City,Postal_Code,Org_type) VALUES ("3119022", "COC", "Condition Open Company", "2307290789", "Arayat Drive", "374", "East Katie", "57291", "Company");
INSERT INTO Organization (Organization_ID,Acronym,Name,Phone_Number,Street,Street_Number,City,Postal_Code,Org_type) VALUES ("3119023", "CMMRC", "Culpa Maiores Modi Research Center", "2268697990", "Michele Flats", "3474", "East Ericport", "59688", "Research Center");
INSERT INTO Organization (Organization_ID,Acronym,Name,Phone_Number,Street,Street_Number,City,Postal_Code,Org_type) VALUES ("3119024", "IIU", "Ipsam Inventore University", "2648634496", "Citrine Drive", "9734", "Donaldberg", "88903", "University");
INSERT INTO Organization (Organization_ID,Acronym,Name,Phone_Number,Street,Street_Number,City,Postal_Code,Org_type) VALUES ("3119025", "UCPC", "Until Challenge Put Company", "2459895453", "Alexander Islands", "4604", "Motihari", "11025", "Company");
INSERT INTO Organization (Organization_ID,Acronym,Name,Phone_Number,Street,Street_Number,City,Postal_Code,Org_type) VALUES ("3119026", "SQRC", "Soluta Quisquam Research Center", "2290126688", "Bhattacharyya Zila", "3538", "Hindupur", "56815", "Research Center");
INSERT INTO Organization (Organization_ID,Acronym,Name,Phone_Number,Street,Street_Number,City,Postal_Code,Org_type) VALUES ("3119027", "AAU", "Accusantium Aperiam University", "2428463313", "Nathaniel Ports", "5045", "Emily Ville", "34567", "University");
INSERT INTO Organization (Organization_ID,Acronym,Name,Phone_Number,Street,Street_Number,City,Postal_Code,Org_type) VALUES ("3119028", "WINC", "Way Idea North Company", "2496841164", "Bedi Path", "2099", "New Elizabeth", "61670", "Company");
INSERT INTO Organization (Organization_ID,Acronym,Name,Phone_Number,Street,Street_Number,City,Postal_Code,Org_type) VALUES ("3119029", "IDIRC", "In Ducimus Illo Research Center", "2755553012", "Clements Brooks", "3125", "Dehri", "11901", "Research Center");
INSERT INTO Organization (Organization_ID,Acronym,Name,Phone_Number,Street,Street_Number,City,Postal_Code,Org_type) VALUES ("3119030", "FSNU", "Focus Strategy Near University", "2693982838", "Rhonda Gateway", "3355", "North Tanyabury", "79993", "University");
INSERT INTO Organization (Organization_ID,Acronym,Name,Phone_Number,Street,Street_Number,City,Postal_Code,Org_type) VALUES ("3119031", "MHC", "Mention Health Company", "2632082222", "Moses Hollow", "6263", "Jamesview", "45826", "Company");
INSERT INTO Organization (Organization_ID,Acronym,Name,Phone_Number,Street,Street_Number,City,Postal_Code,Org_type) VALUES ("3119032", "DQRC", "Distinctio Quod Research Center", "2342312163", "Barad Street", "1221", "Dindigul", "48368", "Research Center");
INSERT INTO Organization (Organization_ID,Acronym,Name,Phone_Number,Street,Street_Number,City,Postal_Code,Org_type) VALUES ("3119033", "APU", "Animi Pariatur University", "2362606441", "Kuruvilla Zila", "4480", "Bruceport", "19428", "University");
INSERT INTO Organization (Organization_ID,Acronym,Name,Phone_Number,Street,Street_Number,City,Postal_Code,Org_type) VALUES ("3119034", "IAC", "Indeed Although Company", "2278090036", "Evan Ramp", "2729", "Paulside", "26215", "Company");
INSERT INTO Organization (Organization_ID,Acronym,Name,Phone_Number,Street,Street_Number,City,Postal_Code,Org_type) VALUES ("3119035", "PRC", "Praesentium Research Center", "2455112444", "Bakawan Street", "7776", "Jamnagar", "74691", "Research Center");
INSERT INTO Organization (Organization_ID,Acronym,Name,Phone_Number,Street,Street_Number,City,Postal_Code,Org_type) VALUES ("3119036", "FIU", "Fire Industry University", "2418694262", "55th Street", "9357", "East Steveberg", "96171", "University");
INSERT INTO Organization (Organization_ID,Acronym,Name,Phone_Number,Street,Street_Number,City,Postal_Code,Org_type) VALUES ("3119037", "AKFWC", "Arm Know Feel Way Company", "2310837110", "Abbott Rue", "1530", "Lake Alexis", "83678", "Company");
INSERT INTO Organization (Organization_ID,Acronym,Name,Phone_Number,Street,Street_Number,City,Postal_Code,Org_type) VALUES ("3119038", "CDRC", "Corrupti Dicta Research Center", "2115666888", "Henderson Port", "7465", "Francofurt", "50275", "Research Center");
INSERT INTO Organization (Organization_ID,Acronym,Name,Phone_Number,Street,Street_Number,City,Postal_Code,Org_type) VALUES ("3119039", "RU", "Reprehenderit University", "2647074740", "Mccoy Lane", "2548", "Ahmednagar", "69258", "University");
INSERT INTO Organization (Organization_ID,Acronym,Name,Phone_Number,Street,Street_Number,City,Postal_Code,Org_type) VALUES ("3119040", "LSC", "Labore Similique Company", "2660025791", "Kulkarni Road", "7941", "Pali", "20896", "Company");
INSERT INTO Organization (Organization_ID,Acronym,Name,Phone_Number,Street,Street_Number,City,Postal_Code,Org_type) VALUES ("3119041", "MURC", "Molestiae Ullam Research Center", "2450082636", "Mitchell Shoal", "3519", "Bhubaneswar", "80886", "Research Center");
INSERT INTO Organization (Organization_ID,Acronym,Name,Phone_Number,Street,Street_Number,City,Postal_Code,Org_type) VALUES ("3119042", "CNU", "Cell Nation University", "2371697682", "Hansen Skyway", "2713", "South Pamelaland", "61854", "University");
INSERT INTO Organization (Organization_ID,Acronym,Name,Phone_Number,Street,Street_Number,City,Postal_Code,Org_type) VALUES ("3119043", "DRUC", "Develop Region Upon Company", "2443884462", "Lisa Falls", "9467", "Evanville", "89890", "Company");
INSERT INTO Organization (Organization_ID,Acronym,Name,Phone_Number,Street,Street_Number,City,Postal_Code,Org_type) VALUES ("3119044", "RRC", "Reiciendis Research Center", "2366278959", "Jasper Street", "8480", "Nicole Ville", "37233", "Research Center");
INSERT INTO Organization (Organization_ID,Acronym,Name,Phone_Number,Street,Street_Number,City,Postal_Code,Org_type) VALUES ("3119045", "STPU", "Shake Tend Produce University", "2290655803", "Kapadia Marg", "573", "South Natalie", "64033", "University");
INSERT INTO Organization (Organization_ID,Acronym,Name,Phone_Number,Street,Street_Number,City,Postal_Code,Org_type) VALUES ("3119046", "PSSC", "Pay Society State Company", "2531687233", "Robert Shores", "1114", "Daniel Ville", "81202", "Company");
INSERT INTO Organization (Organization_ID,Acronym,Name,Phone_Number,Street,Street_Number,City,Postal_Code,Org_type) VALUES ("3119047", "LRC", "Laudantium Research Center", "2571828659", "Walker Terrace", "8328", "New Maryfurt", "15115", "Research Center");
INSERT INTO Organization (Organization_ID,Acronym,Name,Phone_Number,Street,Street_Number,City,Postal_Code,Org_type) VALUES ("3119048", "UAU", "Until Available University", "2574793052", "Michael Ports", "4217", "Michelleburgh", "63768", "University");
INSERT INTO Organization (Organization_ID,Acronym,Name,Phone_Number,Street,Street_Number,City,Postal_Code,Org_type) VALUES ("3119049", "QAC", "Quaerat Assumenda Company", "2226454218", "Washington Light", "5722", "New Sandra", "80317", "Company");
INSERT INTO Project (Project_ID,Name,Summary,Project_Funds,Start_Date,End_Date,Executive_ID,Program_Name,Organization_ID) VALUES ("3119000", "Perspiciatis Hic", "Them gun participant customer important treatment pull.", "964105", "2019-12-06", "2023-01-07", "3119035", "The east adult.", "3119012");
INSERT INTO Project (Project_ID,Name,Summary,Project_Funds,Start_Date,End_Date,Executive_ID,Program_Name,Organization_ID) VALUES ("3119001", "Recusandae", "Myself and indeed future discuss along low power. Voice hand heart show.", "837997", "2021-07-14", "2023-11-26", "3119003", "Chair run task.", "3119009");
INSERT INTO Project (Project_ID,Name,Summary,Project_Funds,Start_Date,End_Date,Executive_ID,Program_Name,Organization_ID) VALUES ("3119002", "Activity Take", "Nam modi rerum consequatur esse. Voluptates porro quae et.", "286355", "2021-04-10", "2024-09-20", "3119043", "Incidunt laboriosam.", "3119045");
INSERT INTO Project (Project_ID,Name,Summary,Project_Funds,Start_Date,End_Date,Executive_ID,Program_Name,Organization_ID) VALUES ("3119003", "Enim At In Autem", "Ducimus possimus sint minus quis.", "883084", "2022-01-11", "2024-10-03", "3119021", "Current evidence.", "3119041");
INSERT INTO Project (Project_ID,Name,Summary,Project_Funds,Start_Date,End_Date,Executive_ID,Program_Name,Organization_ID) VALUES ("3119004", "Rem Et Iusto Sit", "Fish school focus. Sign out some white.", "828272", "2021-07-15", "2024-11-18", "3119016", "Century language.", "3119012");
INSERT INTO Project (Project_ID,Name,Summary,Project_Funds,Start_Date,End_Date,Executive_ID,Program_Name,Organization_ID) VALUES ("3119005", "Paper Hand Wife", "Edge above star left participant government.", "240724", "2021-07-22", "2024-06-07", "3119013", "East they.", "3119026");
INSERT INTO Project (Project_ID,Name,Summary,Project_Funds,Start_Date,End_Date,Executive_ID,Program_Name,Organization_ID) VALUES ("3119006", "Optio Magni", "Dog find coach identify. Tough strong have ever town politics.", "766610", "2021-07-10", "2025-01-28", "3119033", "Minute throw parent.", "3119018");
INSERT INTO Project (Project_ID,Name,Summary,Project_Funds,Start_Date,End_Date,Executive_ID,Program_Name,Organization_ID) VALUES ("3119007", "Tempora Similique", "Pm prepare early whatever difficult ask drug.", "281710", "2020-05-27", "2023-04-06", "3119003", "Program area.", "3119021");
INSERT INTO Project (Project_ID,Name,Summary,Project_Funds,Start_Date,End_Date,Executive_ID,Program_Name,Organization_ID) VALUES ("3119008", "Laborum In", "Sunt iusto porro mollitia consequatur eum. Distinctio distinctio ab.", "341482", "2021-08-03", "2023-05-20", "3119024", "Staff few big.", "3119012");
INSERT INTO Project (Project_ID,Name,Summary,Project_Funds,Start_Date,End_Date,Executive_ID,Program_Name,Organization_ID) VALUES ("3119009", "Write Nice Safe Sea", "Praesentium aut optio repellat molestiae.", "295877", "2022-01-02", "2025-12-10", "3119041", "Important new.", "3119046");
INSERT INTO Project (Project_ID,Name,Summary,Project_Funds,Start_Date,End_Date,Executive_ID,Program_Name,Organization_ID) VALUES ("3119010", "Image Account", "Error iure esse mollitia cum provident.", "898349", "2022-02-18", "2025-08-16", "3119035", "Dark away drop.", "3119036");
INSERT INTO Project (Project_ID,Name,Summary,Project_Funds,Start_Date,End_Date,Executive_ID,Program_Name,Organization_ID) VALUES ("3119011", "Laboriosam", "Rem exercitationem amet explicabo. Expedita cumque doloribus soluta.", "989549", "2020-09-11", "2022-10-12", "3119011", "A eveniet ipsum.", "3119035");
INSERT INTO Project (Project_ID,Name,Summary,Project_Funds,Start_Date,End_Date,Executive_ID,Program_Name,Organization_ID) VALUES ("3119012", "Own Authority Cell", "Without human because price. Reduce force space many.", "418572", "2020-05-16", "2023-09-07", "3119047", "Know nation however.", "3119040");
INSERT INTO Project (Project_ID,Name,Summary,Project_Funds,Start_Date,End_Date,Executive_ID,Program_Name,Organization_ID) VALUES ("3119013", "Its Hundred List", "Magnam ipsam libero quasi dolorum repellendus.", "853842", "2020-06-28", "2024-02-15", "3119006", "A eaque commodi.", "3119028");
INSERT INTO Project (Project_ID,Name,Summary,Project_Funds,Start_Date,End_Date,Executive_ID,Program_Name,Organization_ID) VALUES ("3119014", "Rem Harum Culpa", "Molestiae dignissimos aut officia harum repudiandae.", "175502", "2020-06-25", "2024-03-15", "3119003", "Morning lot very.", "3119044");
INSERT INTO Project (Project_ID,Name,Summary,Project_Funds,Start_Date,End_Date,Executive_ID,Program_Name,Organization_ID) VALUES ("3119015", "Facilis Repellendus", "Inventore non hic architecto. Quibusdam cum alias qui.", "420058", "2020-04-12", "2023-06-27", "3119022", "Toward religious.", "3119007");
INSERT INTO Project (Project_ID,Name,Summary,Project_Funds,Start_Date,End_Date,Executive_ID,Program_Name,Organization_ID) VALUES ("3119016", "Eye Those Knowledge", "Toward clear away one whose speech. Thing page area will.", "501053", "2021-02-16", "2023-05-06", "3119010", "Stage game air.", "3119022");
INSERT INTO Project (Project_ID,Name,Summary,Project_Funds,Start_Date,End_Date,Executive_ID,Program_Name,Organization_ID) VALUES ("3119017", "Usually For All", "Iure temporibus inventore enim ipsa rerum.", "372079", "2022-05-04", "2024-07-12", "3119004", "Ex blanditiis.", "3119035");
INSERT INTO Project (Project_ID,Name,Summary,Project_Funds,Start_Date,End_Date,Executive_ID,Program_Name,Organization_ID) VALUES ("3119018", "Itaque Omnis", "Enim ut illo quibusdam quod fuga aspernatur.", "406451", "2022-02-17", "2024-01-17", "3119037", "Neque consequuntur.", "3119032");
INSERT INTO Project (Project_ID,Name,Summary,Project_Funds,Start_Date,End_Date,Executive_ID,Program_Name,Organization_ID) VALUES ("3119019", "Corporis Iure Cum", "Nulla quia doloremque nobis sequi. Quis laborum optio magni.", "350250", "2020-04-22", "2022-08-30", "3119008", "Art arm visit.", "3119025");
INSERT INTO Project (Project_ID,Name,Summary,Project_Funds,Start_Date,End_Date,Executive_ID,Program_Name,Organization_ID) VALUES ("3119020", "Libero Quam Vero", "Ipsam dolorem quae iure. Aspernatur aperiam officiis pariatur earum.", "520179", "2020-12-20", "2023-11-01", "3119027", "Quas repellat alias.", "3119009");
INSERT INTO Project (Project_ID,Name,Summary,Project_Funds,Start_Date,End_Date,Executive_ID,Program_Name,Organization_ID) VALUES ("3119021", "Recently Financial", "Voluptas quod aliquam id impedit.", "834902", "2021-12-06", "2024-09-25", "3119038", "Repellat veniam.", "3119040");
INSERT INTO Project (Project_ID,Name,Summary,Project_Funds,Start_Date,End_Date,Executive_ID,Program_Name,Organization_ID) VALUES ("3119022", "Eos Alias Maxime", "Feel enough wear much hear fine fill. Tend trial end control.", "194744", "2021-11-14", "2023-06-14", "3119000", "His out station.", "3119031");
INSERT INTO Project (Project_ID,Name,Summary,Project_Funds,Start_Date,End_Date,Executive_ID,Program_Name,Organization_ID) VALUES ("3119023", "Libero Blanditiis", "Quidem amet ullam deleniti. Minus nam accusamus et.", "460571", "2021-08-09", "2022-09-01", "3119041", "Human help pattern.", "3119035");
INSERT INTO Project (Project_ID,Name,Summary,Project_Funds,Start_Date,End_Date,Executive_ID,Program_Name,Organization_ID) VALUES ("3119024", "Conference Good", "Laudantium ullam illo iusto blanditiis quibusdam. Qui veniam quaerat.", "464419", "2020-11-18", "2022-05-29", "3119033", "Party food power.", "3119037");
INSERT INTO Project (Project_ID,Name,Summary,Project_Funds,Start_Date,End_Date,Executive_ID,Program_Name,Organization_ID) VALUES ("3119025", "Newspaper Student", "Likely serve must customer business. Commercial return current.", "797716", "2020-11-20", "2022-01-16", "3119018", "Magni modi quam eum.", "3119008");
INSERT INTO Project (Project_ID,Name,Summary,Project_Funds,Start_Date,End_Date,Executive_ID,Program_Name,Organization_ID) VALUES ("3119026", "Low Office Policy", "Corrupti vero molestiae minima magni nobis.", "918220", "2019-12-30", "2023-07-14", "3119040", "Quam commodi nam.", "3119038");
INSERT INTO Project (Project_ID,Name,Summary,Project_Funds,Start_Date,End_Date,Executive_ID,Program_Name,Organization_ID) VALUES ("3119027", "Our Drug Change", "College important senior argue deal event.", "138310", "2021-07-26", "2022-11-14", "3119003", "Illum nulla ipsa.", "3119021");
INSERT INTO Project (Project_ID,Name,Summary,Project_Funds,Start_Date,End_Date,Executive_ID,Program_Name,Organization_ID) VALUES ("3119028", "Picture Consider", "Say win guy big big. Practice garden religious drop.", "700539", "2021-05-18", "2023-02-04", "3119037", "Porro dolorem.", "3119045");
INSERT INTO Project (Project_ID,Name,Summary,Project_Funds,Start_Date,End_Date,Executive_ID,Program_Name,Organization_ID) VALUES ("3119029", "Control Often Focus", "Number political talk nation collection.", "680469", "2021-12-17", "2024-01-26", "3119006", "Hotel pass their.", "3119035");
INSERT INTO Project (Project_ID,Name,Summary,Project_Funds,Start_Date,End_Date,Executive_ID,Program_Name,Organization_ID) VALUES ("3119030", "Quam Laudantium Ad", "Repellat aperiam sed. Sit omnis reiciendis excepturi.", "909489", "2022-05-11", "2023-12-07", "3119039", "Nobis repellendus.", "3119036");
INSERT INTO Project (Project_ID,Name,Summary,Project_Funds,Start_Date,End_Date,Executive_ID,Program_Name,Organization_ID) VALUES ("3119031", "Remain Dog Always", "Participant exactly she sense. Manager ready yes television.", "776116", "2021-01-01", "2024-08-22", "3119002", "Recusandae sint.", "3119010");
INSERT INTO Project (Project_ID,Name,Summary,Project_Funds,Start_Date,End_Date,Executive_ID,Program_Name,Organization_ID) VALUES ("3119032", "Allow Very Compare", "Lose enjoy each leader still. Exactly election to themselves.", "187324", "2022-04-03", "2023-04-13", "3119048", "Maxime quam animi.", "3119027");
INSERT INTO Project (Project_ID,Name,Summary,Project_Funds,Start_Date,End_Date,Executive_ID,Program_Name,Organization_ID) VALUES ("3119033", "Wait Side Live", "Quae rem voluptates officiis corporis nostrum tempora.", "415077", "2019-12-08", "2023-06-06", "3119011", "American.", "3119013");
INSERT INTO Project (Project_ID,Name,Summary,Project_Funds,Start_Date,End_Date,Executive_ID,Program_Name,Organization_ID) VALUES ("3119034", "Placeat Excepturi", "Learn really home local cause do somebody.", "576282", "2020-02-18", "2024-02-01", "3119035", "Maxime tenetur id.", "3119003");
INSERT INTO Project (Project_ID,Name,Summary,Project_Funds,Start_Date,End_Date,Executive_ID,Program_Name,Organization_ID) VALUES ("3119035", "Conference Reveal", "Temporibus neque inventore soluta architecto.", "945685", "2020-12-26", "2024-12-06", "3119049", "Consequatur velit.", "3119027");
INSERT INTO Project (Project_ID,Name,Summary,Project_Funds,Start_Date,End_Date,Executive_ID,Program_Name,Organization_ID) VALUES ("3119036", "Veritatis Deleniti", "During land each. Which always eight hundred.", "115588", "2020-06-28", "2023-10-27", "3119006", "Commodi in numquam.", "3119018");
INSERT INTO Project (Project_ID,Name,Summary,Project_Funds,Start_Date,End_Date,Executive_ID,Program_Name,Organization_ID) VALUES ("3119037", "Dolores", "Open organization state factor.", "207113", "2021-12-13", "2023-08-13", "3119026", "Maintain floor yard.", "3119024");
INSERT INTO Project (Project_ID,Name,Summary,Project_Funds,Start_Date,End_Date,Executive_ID,Program_Name,Organization_ID) VALUES ("3119038", "Numquam Quibusdam", "Provide ahead house wind beautiful health remember.", "634468", "2021-09-01", "2024-02-02", "3119041", "Beatae dignissimos.", "3119003");
INSERT INTO Project (Project_ID,Name,Summary,Project_Funds,Start_Date,End_Date,Executive_ID,Program_Name,Organization_ID) VALUES ("3119039", "Art Theory Drive", "Agent paper foreign history under place. Record within network.", "767654", "2022-01-27", "2025-10-09", "3119006", "Result suggest box.", "3119006");
INSERT INTO Project (Project_ID,Name,Summary,Project_Funds,Start_Date,End_Date,Executive_ID,Program_Name,Organization_ID) VALUES ("3119040", "Style Simply", "Praesentium fuga veritatis quae tempore.", "735658", "2022-01-12", "2024-05-09", "3119015", "Quite most across.", "3119026");
INSERT INTO Project (Project_ID,Name,Summary,Project_Funds,Start_Date,End_Date,Executive_ID,Program_Name,Organization_ID) VALUES ("3119041", "Open Environmental", "In soluta inventore dolorem quaerat sequi commodi ab.", "309235", "2021-02-12", "2024-12-29", "3119047", "Start life admit.", "3119033");
INSERT INTO Project (Project_ID,Name,Summary,Project_Funds,Start_Date,End_Date,Executive_ID,Program_Name,Organization_ID) VALUES ("3119042", "Forward Middle Full", "Tonight protect she side which majority face.", "162422", "2022-01-03", "2024-11-04", "3119023", "Maintain center.", "3119030");
INSERT INTO Project (Project_ID,Name,Summary,Project_Funds,Start_Date,End_Date,Executive_ID,Program_Name,Organization_ID) VALUES ("3119043", "Certain Concern", "Lawyer mouth push sign. State lose question say manage resource.", "266280", "2019-12-10", "2020-12-18", "3119044", "Ad debitis ad harum.", "3119036");
INSERT INTO Project (Project_ID,Name,Summary,Project_Funds,Start_Date,End_Date,Executive_ID,Program_Name,Organization_ID) VALUES ("3119044", "Game International", "Perform little even movement.", "410712", "2022-02-19", "2023-08-21", "3119029", "Bring senior young.", "3119008");
INSERT INTO Project (Project_ID,Name,Summary,Project_Funds,Start_Date,End_Date,Executive_ID,Program_Name,Organization_ID) VALUES ("3119045", "Pariatur Sit", "Maiores incidunt laboriosam nemo pariatur adipisci.", "634217", "2020-05-16", "2022-03-28", "3119035", "Large site focus.", "3119038");
INSERT INTO Project (Project_ID,Name,Summary,Project_Funds,Start_Date,End_Date,Executive_ID,Program_Name,Organization_ID) VALUES ("3119046", "Cupiditate Adipisci", "Letter bad case during his. Suggest wind discover fire this car himself.", "522043", "2021-05-22", "2024-09-16", "3119043", "Again traditional.", "3119002");
INSERT INTO Project (Project_ID,Name,Summary,Project_Funds,Start_Date,End_Date,Executive_ID,Program_Name,Organization_ID) VALUES ("3119047", "Have Old Truth", "Illo suscipit officia reprehenderit veritatis et.", "160924", "2020-02-19", "2023-06-30", "3119020", "Facere officia.", "3119010");
INSERT INTO Project (Project_ID,Name,Summary,Project_Funds,Start_Date,End_Date,Executive_ID,Program_Name,Organization_ID) VALUES ("3119048", "Spring Action Raise", "Their site plant stop. Amount black week painting add sometimes assume.", "642542", "2020-02-23", "2021-03-26", "3119006", "Sapiente rerum.", "3119013");
INSERT INTO Project (Project_ID,Name,Summary,Project_Funds,Start_Date,End_Date,Executive_ID,Program_Name,Organization_ID) VALUES ("3119049", "Cum Veritatis Illo", "Media eat company day subject. Possible meeting laugh.", "362910", "2021-11-07", "2024-10-10", "3119032", "Possimus velit.", "3119004");
