INSERT INTO Executive (Executive_ID,Name,Surname) VALUES ("3119000","Δανάη", "Γιακαμόζη");
INSERT INTO Executive (Executive_ID,Name,Surname) VALUES ("3119001","Λύσανδρος", "Παντίσκα");
INSERT INTO Executive (Executive_ID,Name,Surname) VALUES ("3119002","Ryan", "Παλιεράκη");
INSERT INTO Executive (Executive_ID,Name,Surname) VALUES ("3119003","Βαρδής", "Cook");
INSERT INTO Executive (Executive_ID,Name,Surname) VALUES ("3119004","Brittney", "Κίσσας");
INSERT INTO Executive (Executive_ID,Name,Surname) VALUES ("3119005","Παναγία", "Owens");
INSERT INTO Executive (Executive_ID,Name,Surname) VALUES ("3119006","Κωνσταντίνα", "Παπαπανός");
INSERT INTO Executive (Executive_ID,Name,Surname) VALUES ("3119007","Daniel", "Κορδατζής");
INSERT INTO Executive (Executive_ID,Name,Surname) VALUES ("3119008","Ζαχαρίας", "Σταυρίδου");
INSERT INTO Executive (Executive_ID,Name,Surname) VALUES ("3119009","Gina", "Adams");
INSERT INTO Executive (Executive_ID,Name,Surname) VALUES ("3119010","Margaret", "Durham");
INSERT INTO Executive (Executive_ID,Name,Surname) VALUES ("3119011","Taylor", "Καραμσαλής");
INSERT INTO Executive (Executive_ID,Name,Surname) VALUES ("3119012","Αγαθή", "Robertson");
INSERT INTO Executive (Executive_ID,Name,Surname) VALUES ("3119013","Κλεάνθης", "Walker");
INSERT INTO Executive (Executive_ID,Name,Surname) VALUES ("3119014","Κλυταιμνήστρα", "Wagner");
INSERT INTO Executive (Executive_ID,Name,Surname) VALUES ("3119015","Συμέλα", "Hernandez");
INSERT INTO Executive (Executive_ID,Name,Surname) VALUES ("3119016","Ειρήνη", "Δόσης");
INSERT INTO Executive (Executive_ID,Name,Surname) VALUES ("3119017","Ιάκωβος", "Hill");
INSERT INTO Executive (Executive_ID,Name,Surname) VALUES ("3119018","Sarah", "Χρονοπούλου");
INSERT INTO Executive (Executive_ID,Name,Surname) VALUES ("3119019","Matthew", "Hodge");
INSERT INTO Executive (Executive_ID,Name,Surname) VALUES ("3119020","Carrie", "Κοντός");
INSERT INTO Executive (Executive_ID,Name,Surname) VALUES ("3119021","Tony", "Σμιτ");
INSERT INTO Executive (Executive_ID,Name,Surname) VALUES ("3119022","Brittney", "Τρεντσίου");
INSERT INTO Executive (Executive_ID,Name,Surname) VALUES ("3119023","Μαύρος", "Johnson");
INSERT INTO Executive (Executive_ID,Name,Surname) VALUES ("3119024","Βαλάντω", "Παντζαρτζίδης");
INSERT INTO Executive (Executive_ID,Name,Surname) VALUES ("3119025","Μαυρούδης", "Κιοσές");
INSERT INTO Executive (Executive_ID,Name,Surname) VALUES ("3119026","Θεμιστοκλής", "Αποστολακάκης");
INSERT INTO Executive (Executive_ID,Name,Surname) VALUES ("3119027","Νίκανδρος", "Κατσαντώνης");
INSERT INTO Executive (Executive_ID,Name,Surname) VALUES ("3119028","Θεοδώρα", "Μουσελίμης");
INSERT INTO Executive (Executive_ID,Name,Surname) VALUES ("3119029","Russell", "Ευκαρπίδης");
INSERT INTO Executive (Executive_ID,Name,Surname) VALUES ("3119030","Dana", "Γρηγορίου");
INSERT INTO Executive (Executive_ID,Name,Surname) VALUES ("3119031","Jerry", "Κωστάκης");
INSERT INTO Executive (Executive_ID,Name,Surname) VALUES ("3119032","Βαλέριος", "Silva");
INSERT INTO Executive (Executive_ID,Name,Surname) VALUES ("3119033","Travis", "Κίτσου");
INSERT INTO Executive (Executive_ID,Name,Surname) VALUES ("3119034","Δικαία", "Hill");
INSERT INTO Executive (Executive_ID,Name,Surname) VALUES ("3119035","Λουλουδένια", "Simmons");
INSERT INTO Executive (Executive_ID,Name,Surname) VALUES ("3119036","Samantha", "Anderson");
INSERT INTO Executive (Executive_ID,Name,Surname) VALUES ("3119037","Lisa", "Moore");
INSERT INTO Executive (Executive_ID,Name,Surname) VALUES ("3119038","Θουκυδίδης", "Θωμόπουλος");
INSERT INTO Executive (Executive_ID,Name,Surname) VALUES ("3119039","Δικαία", "Robinson");
INSERT INTO Executive (Executive_ID,Name,Surname) VALUES ("3119040","Θεοδούλη", "Πέτση");
INSERT INTO Executive (Executive_ID,Name,Surname) VALUES ("3119041","Bradley", "Μαστρογιάννης");
INSERT INTO Executive (Executive_ID,Name,Surname) VALUES ("3119042","Brandon", "Γρηγοροπούλου");
INSERT INTO Executive (Executive_ID,Name,Surname) VALUES ("3119043","Χρυσαφένια", "Serrano");
INSERT INTO Executive (Executive_ID,Name,Surname) VALUES ("3119044","Ισαβέλλα", "Rodriguez");
INSERT INTO Executive (Executive_ID,Name,Surname) VALUES ("3119045","Ευθυμία", "King");
INSERT INTO Executive (Executive_ID,Name,Surname) VALUES ("3119046","Ευρυδίκη", "Jackson");
INSERT INTO Executive (Executive_ID,Name,Surname) VALUES ("3119047","Παγώνα", "Βαρθαλίτη");
INSERT INTO Executive (Executive_ID,Name,Surname) VALUES ("3119048","William", "Κουκουθάκη");
INSERT INTO Executive (Executive_ID,Name,Surname) VALUES ("3119049","Ελισσαίος", "Miller");
INSERT INTO Executive (Executive_ID,Name,Surname) VALUES ("3119050","Φρύνη", "Marquez");
INSERT INTO Executive (Executive_ID,Name,Surname) VALUES ("3119051","Michael", "Γαβριδάκης");
INSERT INTO Executive (Executive_ID,Name,Surname) VALUES ("3119052","Νεόκλεια", "Bowen");
INSERT INTO Executive (Executive_ID,Name,Surname) VALUES ("3119053","Παντούλα", "Boone");
INSERT INTO Executive (Executive_ID,Name,Surname) VALUES ("3119054","Stephen", "Ταξίδου");
INSERT INTO Executive (Executive_ID,Name,Surname) VALUES ("3119055","Διαλεκτή", "Παπανικολάου");
INSERT INTO Executive (Executive_ID,Name,Surname) VALUES ("3119056","Lauren", "Κατσαβός");
INSERT INTO Executive (Executive_ID,Name,Surname) VALUES ("3119057","Πολυχρόνιος", "Παπανικολάου");
INSERT INTO Executive (Executive_ID,Name,Surname) VALUES ("3119058","Dakota", "Παπουτσοπούλου");
INSERT INTO Executive (Executive_ID,Name,Surname) VALUES ("3119059","Nicholas", "Garrett");
INSERT INTO Executive (Executive_ID,Name,Surname) VALUES ("3119060","Βαρθολομαίος", "Παπαδοπούλου");
INSERT INTO Executive (Executive_ID,Name,Surname) VALUES ("3119061","Ζαχαρένια", "Παλαιολόγος");
INSERT INTO Executive (Executive_ID,Name,Surname) VALUES ("3119062","Καλομοίρα", "Price");
INSERT INTO Executive (Executive_ID,Name,Surname) VALUES ("3119063","Levi", "Αρσενάκη");
INSERT INTO Executive (Executive_ID,Name,Surname) VALUES ("3119064","Αμφιθέα", "Todd");
INSERT INTO Executive (Executive_ID,Name,Surname) VALUES ("3119065","Christopher", "Stone");
INSERT INTO Executive (Executive_ID,Name,Surname) VALUES ("3119066","Jerry", "Caldwell");
INSERT INTO Executive (Executive_ID,Name,Surname) VALUES ("3119067","Λουλουδένια", "Ρέππα");
INSERT INTO Executive (Executive_ID,Name,Surname) VALUES ("3119068","Λασκαρίνα", "Κουκουλιάντας");
INSERT INTO Executive (Executive_ID,Name,Surname) VALUES ("3119069","Robert", "Vang");
INSERT INTO Executive (Executive_ID,Name,Surname) VALUES ("3119070","Brandon", "Σόφρα");
INSERT INTO Executive (Executive_ID,Name,Surname) VALUES ("3119071","Megan", "Moran");
INSERT INTO Executive (Executive_ID,Name,Surname) VALUES ("3119072","Λεώνη", "Potter");
INSERT INTO Executive (Executive_ID,Name,Surname) VALUES ("3119073","Samantha", "Κουτουζίδου");
INSERT INTO Executive (Executive_ID,Name,Surname) VALUES ("3119074","Ζαφείριος", "Τζιρατούδη");
INSERT INTO Executive (Executive_ID,Name,Surname) VALUES ("3119075","Dennis", "Χιωτίδου");
INSERT INTO Executive (Executive_ID,Name,Surname) VALUES ("3119076","Ευθυμία", "Sutton");
INSERT INTO Executive (Executive_ID,Name,Surname) VALUES ("3119077","Teresa", "Lewis");
INSERT INTO Executive (Executive_ID,Name,Surname) VALUES ("3119078","Χαρίκλεια", "Θεοδωροπούλου");
INSERT INTO Executive (Executive_ID,Name,Surname) VALUES ("3119079","John", "Κορωνίδου");
INSERT INTO Executive (Executive_ID,Name,Surname) VALUES ("3119080","Katherine", "Μηλιάκη");
INSERT INTO Executive (Executive_ID,Name,Surname) VALUES ("3119081","Ορέστης", "Zhang");
INSERT INTO Executive (Executive_ID,Name,Surname) VALUES ("3119082","Υάκινθος", "Butler");
INSERT INTO Executive (Executive_ID,Name,Surname) VALUES ("3119083","Sheila", "Martinez");
INSERT INTO Executive (Executive_ID,Name,Surname) VALUES ("3119084","Βαρδής", "Λαουρδέκης");
INSERT INTO Executive (Executive_ID,Name,Surname) VALUES ("3119085","Βενιζέλος", "Μεξή");
INSERT INTO Executive (Executive_ID,Name,Surname) VALUES ("3119086","Andrew", "Μεταξάς");
INSERT INTO Executive (Executive_ID,Name,Surname) VALUES ("3119087","Διαμαντής", "Taylor");
INSERT INTO Executive (Executive_ID,Name,Surname) VALUES ("3119088","Θέτις", "Δημτσούδη");
INSERT INTO Executive (Executive_ID,Name,Surname) VALUES ("3119089","Dale", "Middleton");
INSERT INTO Executive (Executive_ID,Name,Surname) VALUES ("3119090","Melissa", "Κυριακούλη");
INSERT INTO Executive (Executive_ID,Name,Surname) VALUES ("3119091","Πουλχερία", "Mendoza");
INSERT INTO Executive (Executive_ID,Name,Surname) VALUES ("3119092","Ιορδάνης", "Hansen");
INSERT INTO Executive (Executive_ID,Name,Surname) VALUES ("3119093","Ματθίλδη", "Ζιάκας");
INSERT INTO Executive (Executive_ID,Name,Surname) VALUES ("3119094","Αυξέντιος", "Σηκωτίδου");
INSERT INTO Executive (Executive_ID,Name,Surname) VALUES ("3119095","Πηγή", "Κετεσίδου");
INSERT INTO Executive (Executive_ID,Name,Surname) VALUES ("3119096","Κυριάκος", "Τάχας");
INSERT INTO Executive (Executive_ID,Name,Surname) VALUES ("3119097","Γαρυφαλλιά", "Μπερμπατιώτης");
INSERT INTO Executive (Executive_ID,Name,Surname) VALUES ("3119098","Χαραλαμπία", "Jacobs");
INSERT INTO Executive (Executive_ID,Name,Surname) VALUES ("3119099","Αφροδίτη", "Κωτσίδης");
INSERT INTO Executive (Executive_ID,Name,Surname) VALUES ("3119100","Βαρδής", "Powell");
INSERT INTO Executive (Executive_ID,Name,Surname) VALUES ("3119101","Αμαλία", "Γεροκώστα");
INSERT INTO Executive (Executive_ID,Name,Surname) VALUES ("3119102","Patrick", "Lee");
INSERT INTO Executive (Executive_ID,Name,Surname) VALUES ("3119103","Μάρθα", "Rogers");
INSERT INTO Executive (Executive_ID,Name,Surname) VALUES ("3119104","Edward", "Διαμαντής");
INSERT INTO Executive (Executive_ID,Name,Surname) VALUES ("3119105","Kevin", "Cordova");
INSERT INTO Executive (Executive_ID,Name,Surname) VALUES ("3119106","John", "Weber");
INSERT INTO Executive (Executive_ID,Name,Surname) VALUES ("3119107","Claudia", "Jones");
INSERT INTO Executive (Executive_ID,Name,Surname) VALUES ("3119108","Χαραλαμπία", "Δαμήλου");
INSERT INTO Executive (Executive_ID,Name,Surname) VALUES ("3119109","Φωτεινή", "Reyes");
INSERT INTO Executive (Executive_ID,Name,Surname) VALUES ("3119110","Σαράντης", "Μπούσιος");
INSERT INTO Executive (Executive_ID,Name,Surname) VALUES ("3119111","Jeffrey", "Bradley");
INSERT INTO Executive (Executive_ID,Name,Surname) VALUES ("3119112","Θωμαίς", "Πουλημένος");
INSERT INTO Executive (Executive_ID,Name,Surname) VALUES ("3119113","Καλλίνικη", "Φυτιλή");
INSERT INTO Executive (Executive_ID,Name,Surname) VALUES ("3119114","Charles", "Brown");
INSERT INTO Executive (Executive_ID,Name,Surname) VALUES ("3119115","Melissa", "Hall");
INSERT INTO Executive (Executive_ID,Name,Surname) VALUES ("3119116","Alex", "Chambers");
INSERT INTO Executive (Executive_ID,Name,Surname) VALUES ("3119117","Στέφανος", "Hill");
INSERT INTO Executive (Executive_ID,Name,Surname) VALUES ("3119118","Michael", "Gutierrez");
INSERT INTO Executive (Executive_ID,Name,Surname) VALUES ("3119119","Melanie", "Turner");
INSERT INTO Executive (Executive_ID,Name,Surname) VALUES ("3119120","Σταμάτιος", "Johnson");
INSERT INTO Executive (Executive_ID,Name,Surname) VALUES ("3119121","Στυλιανός", "Γιαννόπουλος");
INSERT INTO Executive (Executive_ID,Name,Surname) VALUES ("3119122","Autumn", "Καλέμη");
INSERT INTO Executive (Executive_ID,Name,Surname) VALUES ("3119123","Christian", "Δημτσούδη");
INSERT INTO Executive (Executive_ID,Name,Surname) VALUES ("3119124","Αφροδίτη", "Perez");
INSERT INTO Executive (Executive_ID,Name,Surname) VALUES ("3119125","Paul", "Navarro");
INSERT INTO Executive (Executive_ID,Name,Surname) VALUES ("3119126","Πέτρος", "Tran");
INSERT INTO Executive (Executive_ID,Name,Surname) VALUES ("3119127","Ορέστης", "York");
INSERT INTO Executive (Executive_ID,Name,Surname) VALUES ("3119128","Γιολάντα", "Πιτερός");
INSERT INTO Executive (Executive_ID,Name,Surname) VALUES ("3119129","Άννα", "Μπαλάσκας");
INSERT INTO Executive (Executive_ID,Name,Surname) VALUES ("3119130","Jamie", "Τσούρα");
INSERT INTO Executive (Executive_ID,Name,Surname) VALUES ("3119131","Σέργιος", "Φιδάνη");
INSERT INTO Executive (Executive_ID,Name,Surname) VALUES ("3119132","Heather", "Howard");
INSERT INTO Executive (Executive_ID,Name,Surname) VALUES ("3119133","Christopher", "Τσικρίκα");
INSERT INTO Executive (Executive_ID,Name,Surname) VALUES ("3119134","David", "Green");
INSERT INTO Executive (Executive_ID,Name,Surname) VALUES ("3119135","Ανδρομάχη", "Σαμακίδης");
INSERT INTO Executive (Executive_ID,Name,Surname) VALUES ("3119136","Βαλέριος", "Salas");
INSERT INTO Executive (Executive_ID,Name,Surname) VALUES ("3119137","Ashley", "Πορίχης");
INSERT INTO Executive (Executive_ID,Name,Surname) VALUES ("3119138","Melissa", "Κώττας");
INSERT INTO Executive (Executive_ID,Name,Surname) VALUES ("3119139","Kelsey", "Ασουχίδου");
INSERT INTO Executive (Executive_ID,Name,Surname) VALUES ("3119140","Ιωνάς", "Davis");
INSERT INTO Executive (Executive_ID,Name,Surname) VALUES ("3119141","Τηλέμαχος", "Πέτσας");
INSERT INTO Executive (Executive_ID,Name,Surname) VALUES ("3119142","Daniel", "Ρουσιανός");
INSERT INTO Executive (Executive_ID,Name,Surname) VALUES ("3119143","Πηγή", "Τσόλκας");
INSERT INTO Executive (Executive_ID,Name,Surname) VALUES ("3119144","Ασκληπιός", "Γαβριδάκης");
INSERT INTO Executive (Executive_ID,Name,Surname) VALUES ("3119145","Christine", "Ριζούλης");
INSERT INTO Executive (Executive_ID,Name,Surname) VALUES ("3119146","Jessica", "Σαμανίδης");
INSERT INTO Executive (Executive_ID,Name,Surname) VALUES ("3119147","Πολυχρόνιος", "Νάσσου");
INSERT INTO Executive (Executive_ID,Name,Surname) VALUES ("3119148","Φρειδερίκος", "Κωνσταντινίδου");
INSERT INTO Executive (Executive_ID,Name,Surname) VALUES ("3119149","Jon", "Ψυλλάκης");
INSERT INTO Executive (Executive_ID,Name,Surname) VALUES ("3119150","Αριστείδης", "Ramirez");
INSERT INTO Executive (Executive_ID,Name,Surname) VALUES ("3119151","Trevor", "Φωκαδελής");
INSERT INTO Executive (Executive_ID,Name,Surname) VALUES ("3119152","Matthew", "Price");
INSERT INTO Executive (Executive_ID,Name,Surname) VALUES ("3119153","Βλασία", "Terry");
INSERT INTO Executive (Executive_ID,Name,Surname) VALUES ("3119154","Απόλλων", "Oconnell");
INSERT INTO Executive (Executive_ID,Name,Surname) VALUES ("3119155","Βύρων", "Βελεντζάς");
INSERT INTO Executive (Executive_ID,Name,Surname) VALUES ("3119156","Nancy", "Σκορδάκης");
INSERT INTO Executive (Executive_ID,Name,Surname) VALUES ("3119157","Χρυσοβαλάντου", "Συλλίγαρδος");
INSERT INTO Executive (Executive_ID,Name,Surname) VALUES ("3119158","Ερωφίλη", "Σκούμπρου");
INSERT INTO Executive (Executive_ID,Name,Surname) VALUES ("3119159","Ορέστης", "Moran");
INSERT INTO Executive (Executive_ID,Name,Surname) VALUES ("3119160","Νικολέτα", "Παπαγιάννης");
INSERT INTO Executive (Executive_ID,Name,Surname) VALUES ("3119161","Ροδιά", "Ζαχαριουδάκη");
INSERT INTO Executive (Executive_ID,Name,Surname) VALUES ("3119162","Pamela", "Phillips");
INSERT INTO Executive (Executive_ID,Name,Surname) VALUES ("3119163","Αύγουστος", "Warren");
INSERT INTO Executive (Executive_ID,Name,Surname) VALUES ("3119164","Kelly", "Καρακάξης");
INSERT INTO Executive (Executive_ID,Name,Surname) VALUES ("3119165","Πασχαλιά", "Martinez");
INSERT INTO Executive (Executive_ID,Name,Surname) VALUES ("3119166","Tyler", "Τάντου");
INSERT INTO Executive (Executive_ID,Name,Surname) VALUES ("3119167","Αριστοφάνης", "Ναούμ");
INSERT INTO Executive (Executive_ID,Name,Surname) VALUES ("3119168","Yvette", "Λουπασάκης");
INSERT INTO Executive (Executive_ID,Name,Surname) VALUES ("3119169","Chelsea", "Κασούτσας");
INSERT INTO Executive (Executive_ID,Name,Surname) VALUES ("3119170","Jeffrey", "Moss");
INSERT INTO Executive (Executive_ID,Name,Surname) VALUES ("3119171","Megan", "Curtis");
INSERT INTO Executive (Executive_ID,Name,Surname) VALUES ("3119172","Jesse", "Χριστογιάννη");
INSERT INTO Executive (Executive_ID,Name,Surname) VALUES ("3119173","Carol", "Αναστασόπουλος");
INSERT INTO Executive (Executive_ID,Name,Surname) VALUES ("3119174","Crystal", "Parker");
INSERT INTO Executive (Executive_ID,Name,Surname) VALUES ("3119175","Angela", "Gonzalez");
INSERT INTO Executive (Executive_ID,Name,Surname) VALUES ("3119176","Danielle", "Συνοδινού");
INSERT INTO Executive (Executive_ID,Name,Surname) VALUES ("3119177","Robert", "Barber");
INSERT INTO Executive (Executive_ID,Name,Surname) VALUES ("3119178","Monica", "Νικολοπούλου");
INSERT INTO Executive (Executive_ID,Name,Surname) VALUES ("3119179","Γεσθημανή", "Τσιάρας");
INSERT INTO Executive (Executive_ID,Name,Surname) VALUES ("3119180","Γαληνός", "Pugh");
INSERT INTO Executive (Executive_ID,Name,Surname) VALUES ("3119181","Νεόφυτος", "Ατσαλάκη");
INSERT INTO Executive (Executive_ID,Name,Surname) VALUES ("3119182","Αβραάμ", "Cook");
INSERT INTO Executive (Executive_ID,Name,Surname) VALUES ("3119183","Ανθή", "Αντωνόπουλος");
INSERT INTO Executive (Executive_ID,Name,Surname) VALUES ("3119184","Χαρίτος", "Williams");
INSERT INTO Executive (Executive_ID,Name,Surname) VALUES ("3119185","Πανωραία", "Μαρκαντωνάκη");
INSERT INTO Executive (Executive_ID,Name,Surname) VALUES ("3119186","Michelle", "Jones");
INSERT INTO Executive (Executive_ID,Name,Surname) VALUES ("3119187","Mary", "Λιτίνας");
INSERT INTO Executive (Executive_ID,Name,Surname) VALUES ("3119188","Kathleen", "Ζιάρα");
INSERT INTO Executive (Executive_ID,Name,Surname) VALUES ("3119189","Ευστρατία", "Gilbert");
INSERT INTO Executive (Executive_ID,Name,Surname) VALUES ("3119190","Σοφία", "Becker");
INSERT INTO Executive (Executive_ID,Name,Surname) VALUES ("3119191","Kyle", "Davis");
INSERT INTO Executive (Executive_ID,Name,Surname) VALUES ("3119192","Ταξιαρχία", "Γάτος");
INSERT INTO Executive (Executive_ID,Name,Surname) VALUES ("3119193","Joseph", "Phillips");
INSERT INTO Executive (Executive_ID,Name,Surname) VALUES ("3119194","Αρχέλαος", "Πάντος");
INSERT INTO Executive (Executive_ID,Name,Surname) VALUES ("3119195","Πηγή", "Moore");
INSERT INTO Executive (Executive_ID,Name,Surname) VALUES ("3119196","Λέων", "Χορόζη");
INSERT INTO Executive (Executive_ID,Name,Surname) VALUES ("3119197","Βασίλης", "Καλδή");
INSERT INTO Executive (Executive_ID,Name,Surname) VALUES ("3119198","Robert", "Ντόκος");
INSERT INTO Executive (Executive_ID,Name,Surname) VALUES ("3119199","Veronica", "Cooper");
INSERT INTO Program (Program_ID,Name,ELIDEK_Sector) VALUES ("3119000","Κόψεις.","Food Industry Projects");
INSERT INTO Program (Program_ID,Name,ELIDEK_Sector) VALUES ("3119001","Διασφαλίζεται.","Environmental Projects");
INSERT INTO Program (Program_ID,Name,ELIDEK_Sector) VALUES ("3119002","Voluptate aliquam.","Outer Space Public Relations");
INSERT INTO Program (Program_ID,Name,ELIDEK_Sector) VALUES ("3119003","Ipsum incidunt rem.","Renewable Energy Sources");
INSERT INTO Program (Program_ID,Name,ELIDEK_Sector) VALUES ("3119004","Stay big eight nice.","Exotic Religions");
INSERT INTO Program (Program_ID,Name,ELIDEK_Sector) VALUES ("3119005","Cum omnis.","Marine Research Projects");
INSERT INTO Program (Program_ID,Name,ELIDEK_Sector) VALUES ("3119006","Quia libero.","Researcher Underpayment Management");
INSERT INTO Program (Program_ID,Name,ELIDEK_Sector) VALUES ("3119007","Άπειρα εργοστασίου.","Food Industry Projects");
INSERT INTO Program (Program_ID,Name,ELIDEK_Sector) VALUES ("3119008","Velit adipisci.","Environmental Projects");
INSERT INTO Program (Program_ID,Name,ELIDEK_Sector) VALUES ("3119009","Εργαλείων εργάστηκε.","Outer Space Public Relations");
INSERT INTO Program (Program_ID,Name,ELIDEK_Sector) VALUES ("3119010","Αποστηθίσει σπίτι.","Renewable Energy Sources");
INSERT INTO Program (Program_ID,Name,ELIDEK_Sector) VALUES ("3119011","Εφαρμογή αρέσει.","Exotic Religions");
INSERT INTO Program (Program_ID,Name,ELIDEK_Sector) VALUES ("3119012","Χειρότερα θέματα.","Marine Research Projects");
INSERT INTO Program (Program_ID,Name,ELIDEK_Sector) VALUES ("3119013","Amet voluptatum.","Researcher Underpayment Management");
INSERT INTO Program (Program_ID,Name,ELIDEK_Sector) VALUES ("3119014","Quis magni sit.","Food Industry Projects");
INSERT INTO Program (Program_ID,Name,ELIDEK_Sector) VALUES ("3119015","Sed repellat illo.","Environmental Projects");
INSERT INTO Program (Program_ID,Name,ELIDEK_Sector) VALUES ("3119016","Νέο σκεφτείς πιο.","Outer Space Public Relations");
INSERT INTO Program (Program_ID,Name,ELIDEK_Sector) VALUES ("3119017","Incidunt tenetur.","Renewable Energy Sources");
INSERT INTO Program (Program_ID,Name,ELIDEK_Sector) VALUES ("3119018","Σημαντικός άτομο.","Exotic Religions");
INSERT INTO Program (Program_ID,Name,ELIDEK_Sector) VALUES ("3119019","Almost able you.","Marine Research Projects");
INSERT INTO Program (Program_ID,Name,ELIDEK_Sector) VALUES ("3119020","Ας πετάξαμε.","Researcher Underpayment Management");
INSERT INTO Program (Program_ID,Name,ELIDEK_Sector) VALUES ("3119021","Modi asperiores.","Food Industry Projects");
INSERT INTO Program (Program_ID,Name,ELIDEK_Sector) VALUES ("3119022","Id omnis veritatis.","Environmental Projects");
INSERT INTO Program (Program_ID,Name,ELIDEK_Sector) VALUES ("3119023","Σημαντικός εκδόσεις.","Outer Space Public Relations");
INSERT INTO Program (Program_ID,Name,ELIDEK_Sector) VALUES ("3119024","Πρώτο μετράει.","Renewable Energy Sources");
INSERT INTO Program (Program_ID,Name,ELIDEK_Sector) VALUES ("3119025","Fugit placeat.","Exotic Religions");
INSERT INTO Program (Program_ID,Name,ELIDEK_Sector) VALUES ("3119026","Rem numquam itaque.","Marine Research Projects");
INSERT INTO Program (Program_ID,Name,ELIDEK_Sector) VALUES ("3119027","Βάζοντας ερώτηση.","Researcher Underpayment Management");
INSERT INTO Program (Program_ID,Name,ELIDEK_Sector) VALUES ("3119028","Βασανίζουν όχι.","Food Industry Projects");
INSERT INTO Program (Program_ID,Name,ELIDEK_Sector) VALUES ("3119029","Εδώ οι εφαρμογής.","Environmental Projects");
INSERT INTO Program (Program_ID,Name,ELIDEK_Sector) VALUES ("3119030","Ήδη εδώ συγγραφής.","Outer Space Public Relations");
INSERT INTO Program (Program_ID,Name,ELIDEK_Sector) VALUES ("3119031","Γραμμή γραμμής όταν.","Renewable Energy Sources");
INSERT INTO Program (Program_ID,Name,ELIDEK_Sector) VALUES ("3119032","Εφαρμογής δεν.","Exotic Religions");
INSERT INTO Program (Program_ID,Name,ELIDEK_Sector) VALUES ("3119033","Management hold.","Marine Research Projects");
INSERT INTO Program (Program_ID,Name,ELIDEK_Sector) VALUES ("3119034","Month federal.","Researcher Underpayment Management");
INSERT INTO Program (Program_ID,Name,ELIDEK_Sector) VALUES ("3119035","Στέλνοντάς.","Food Industry Projects");
INSERT INTO Program (Program_ID,Name,ELIDEK_Sector) VALUES ("3119036","Optio aspernatur.","Environmental Projects");
INSERT INTO Program (Program_ID,Name,ELIDEK_Sector) VALUES ("3119037","Εξοργιστικά έτσι.","Outer Space Public Relations");
INSERT INTO Program (Program_ID,Name,ELIDEK_Sector) VALUES ("3119038","Quasi dicta quasi.","Renewable Energy Sources");
INSERT INTO Program (Program_ID,Name,ELIDEK_Sector) VALUES ("3119039","Father these his.","Exotic Religions");
INSERT INTO Program (Program_ID,Name,ELIDEK_Sector) VALUES ("3119040","Ρουτίνα ερωτήσεις.","Marine Research Projects");
INSERT INTO Program (Program_ID,Name,ELIDEK_Sector) VALUES ("3119041","Πετάξαμε γραμμές.","Researcher Underpayment Management");
INSERT INTO Program (Program_ID,Name,ELIDEK_Sector) VALUES ("3119042","Illum amet deleniti.","Food Industry Projects");
INSERT INTO Program (Program_ID,Name,ELIDEK_Sector) VALUES ("3119043","Id vero ad.","Environmental Projects");
INSERT INTO Program (Program_ID,Name,ELIDEK_Sector) VALUES ("3119044","Κι στη διαχειριστής.","Outer Space Public Relations");
INSERT INTO Program (Program_ID,Name,ELIDEK_Sector) VALUES ("3119045","Εκτελέσει διορθώσει.","Renewable Energy Sources");
INSERT INTO Program (Program_ID,Name,ELIDEK_Sector) VALUES ("3119046","Necessitatibus.","Exotic Religions");
INSERT INTO Program (Program_ID,Name,ELIDEK_Sector) VALUES ("3119047","Τελειώσει γέλασαν.","Marine Research Projects");
INSERT INTO Program (Program_ID,Name,ELIDEK_Sector) VALUES ("3119048","Του.","Researcher Underpayment Management");
INSERT INTO Program (Program_ID,Name,ELIDEK_Sector) VALUES ("3119049","Continue poor.","Food Industry Projects");
INSERT INTO Program (Program_ID,Name,ELIDEK_Sector) VALUES ("3119050","Society include.","Environmental Projects");
INSERT INTO Program (Program_ID,Name,ELIDEK_Sector) VALUES ("3119051","Quos quisquam.","Outer Space Public Relations");
INSERT INTO Program (Program_ID,Name,ELIDEK_Sector) VALUES ("3119052","Temporibus illo.","Renewable Energy Sources");
INSERT INTO Program (Program_ID,Name,ELIDEK_Sector) VALUES ("3119053","Έγραψες κι.","Exotic Religions");
INSERT INTO Program (Program_ID,Name,ELIDEK_Sector) VALUES ("3119054","Congress decade.","Marine Research Projects");
INSERT INTO Program (Program_ID,Name,ELIDEK_Sector) VALUES ("3119055","Some record player.","Researcher Underpayment Management");
INSERT INTO Program (Program_ID,Name,ELIDEK_Sector) VALUES ("3119056","Omnis labore itaque.","Food Industry Projects");
INSERT INTO Program (Program_ID,Name,ELIDEK_Sector) VALUES ("3119057","Magni quo repellat.","Environmental Projects");
INSERT INTO Program (Program_ID,Name,ELIDEK_Sector) VALUES ("3119058","Ποια ότι λοιπόν.","Outer Space Public Relations");
INSERT INTO Program (Program_ID,Name,ELIDEK_Sector) VALUES ("3119059","Velit nihil sequi.","Renewable Energy Sources");
INSERT INTO Program (Program_ID,Name,ELIDEK_Sector) VALUES ("3119060","Ήδη μαγικά γέλασαν.","Exotic Religions");
INSERT INTO Program (Program_ID,Name,ELIDEK_Sector) VALUES ("3119061","Ένα αποστηθίσει.","Marine Research Projects");
INSERT INTO Program (Program_ID,Name,ELIDEK_Sector) VALUES ("3119062","Culpa perspiciatis.","Researcher Underpayment Management");
INSERT INTO Program (Program_ID,Name,ELIDEK_Sector) VALUES ("3119063","Eveniet aut minus.","Food Industry Projects");
INSERT INTO Program (Program_ID,Name,ELIDEK_Sector) VALUES ("3119064","Involve key car.","Environmental Projects");
INSERT INTO Program (Program_ID,Name,ELIDEK_Sector) VALUES ("3119065","Maiores quasi ipsam.","Outer Space Public Relations");
INSERT INTO Program (Program_ID,Name,ELIDEK_Sector) VALUES ("3119066","Reprehenderit animi.","Renewable Energy Sources");
INSERT INTO Program (Program_ID,Name,ELIDEK_Sector) VALUES ("3119067","Ευκολότερο ατόμου.","Exotic Religions");
INSERT INTO Program (Program_ID,Name,ELIDEK_Sector) VALUES ("3119068","Συγγραφής δεν ένα.","Marine Research Projects");
INSERT INTO Program (Program_ID,Name,ELIDEK_Sector) VALUES ("3119069","Όσο κόψεις τη όχι.","Researcher Underpayment Management");
INSERT INTO Program (Program_ID,Name,ELIDEK_Sector) VALUES ("3119070","Provident laborum.","Food Industry Projects");
INSERT INTO Program (Program_ID,Name,ELIDEK_Sector) VALUES ("3119071","Τεσσαρών καταλάθος.","Environmental Projects");
INSERT INTO Program (Program_ID,Name,ELIDEK_Sector) VALUES ("3119072","Πεδία δωροδοκηθούν.","Outer Space Public Relations");
INSERT INTO Program (Program_ID,Name,ELIDEK_Sector) VALUES ("3119073","Ροή ερώτηση μέγιστη.","Renewable Energy Sources");
INSERT INTO Program (Program_ID,Name,ELIDEK_Sector) VALUES ("3119074","Σου γραμμής.","Exotic Religions");
INSERT INTO Program (Program_ID,Name,ELIDEK_Sector) VALUES ("3119075","Μας δεν όταν.","Marine Research Projects");
INSERT INTO Program (Program_ID,Name,ELIDEK_Sector) VALUES ("3119076","Δυστυχής τους.","Researcher Underpayment Management");
INSERT INTO Program (Program_ID,Name,ELIDEK_Sector) VALUES ("3119077","Sunt expedita.","Food Industry Projects");
INSERT INTO Program (Program_ID,Name,ELIDEK_Sector) VALUES ("3119078","Ειδικά εφαρμογή τα.","Environmental Projects");
INSERT INTO Program (Program_ID,Name,ELIDEK_Sector) VALUES ("3119079","Δυστυχής αυτήν.","Outer Space Public Relations");
INSERT INTO Program (Program_ID,Name,ELIDEK_Sector) VALUES ("3119080","Dignissimos vitae.","Renewable Energy Sources");
INSERT INTO Program (Program_ID,Name,ELIDEK_Sector) VALUES ("3119081","Quam sapiente cum.","Exotic Religions");
INSERT INTO Program (Program_ID,Name,ELIDEK_Sector) VALUES ("3119082","Προγραμματιστές πιο.","Marine Research Projects");
INSERT INTO Program (Program_ID,Name,ELIDEK_Sector) VALUES ("3119083","Ζητήσεις πρώτης.","Researcher Underpayment Management");
INSERT INTO Program (Program_ID,Name,ELIDEK_Sector) VALUES ("3119084","Χρησιμοποίησέ τα.","Food Industry Projects");
INSERT INTO Program (Program_ID,Name,ELIDEK_Sector) VALUES ("3119085","Choose go once type.","Environmental Projects");
INSERT INTO Program (Program_ID,Name,ELIDEK_Sector) VALUES ("3119086","Inside different.","Outer Space Public Relations");
INSERT INTO Program (Program_ID,Name,ELIDEK_Sector) VALUES ("3119087","Πρόσληψη εκτός.","Renewable Energy Sources");
INSERT INTO Program (Program_ID,Name,ELIDEK_Sector) VALUES ("3119088","Arrive prove amount.","Exotic Religions");
INSERT INTO Program (Program_ID,Name,ELIDEK_Sector) VALUES ("3119089","Ελέγχου τύπου.","Marine Research Projects");
INSERT INTO Program (Program_ID,Name,ELIDEK_Sector) VALUES ("3119090","Λες τύπου ακούσει.","Researcher Underpayment Management");
INSERT INTO Program (Program_ID,Name,ELIDEK_Sector) VALUES ("3119091","For play check foot.","Food Industry Projects");
INSERT INTO Program (Program_ID,Name,ELIDEK_Sector) VALUES ("3119092","Nihil ipsa iure.","Environmental Projects");
INSERT INTO Program (Program_ID,Name,ELIDEK_Sector) VALUES ("3119093","Στα ταξινομεί τι.","Outer Space Public Relations");
INSERT INTO Program (Program_ID,Name,ELIDEK_Sector) VALUES ("3119094","Πλέον έρθει.","Renewable Energy Sources");
INSERT INTO Program (Program_ID,Name,ELIDEK_Sector) VALUES ("3119095","Similique.","Exotic Religions");
INSERT INTO Program (Program_ID,Name,ELIDEK_Sector) VALUES ("3119096","Rerum ipsam.","Marine Research Projects");
INSERT INTO Program (Program_ID,Name,ELIDEK_Sector) VALUES ("3119097","Αναφέρονται μάθε.","Researcher Underpayment Management");
INSERT INTO Program (Program_ID,Name,ELIDEK_Sector) VALUES ("3119098","Άρθρων ένας με.","Food Industry Projects");
INSERT INTO Program (Program_ID,Name,ELIDEK_Sector) VALUES ("3119099","Veritatis vero.","Environmental Projects");
INSERT INTO Program (Program_ID,Name,ELIDEK_Sector) VALUES ("3119100","Near his push yet.","Outer Space Public Relations");
INSERT INTO Program (Program_ID,Name,ELIDEK_Sector) VALUES ("3119101","Εκθέσεις τρόπο.","Renewable Energy Sources");
INSERT INTO Program (Program_ID,Name,ELIDEK_Sector) VALUES ("3119102","Εδώ έτσι.","Exotic Religions");
INSERT INTO Program (Program_ID,Name,ELIDEK_Sector) VALUES ("3119103","Cumque maxime quas.","Marine Research Projects");
INSERT INTO Program (Program_ID,Name,ELIDEK_Sector) VALUES ("3119104","Performance book.","Researcher Underpayment Management");
INSERT INTO Program (Program_ID,Name,ELIDEK_Sector) VALUES ("3119105","Γραμμές ανακλύψεις.","Food Industry Projects");
INSERT INTO Program (Program_ID,Name,ELIDEK_Sector) VALUES ("3119106","Voluptatum nihil.","Environmental Projects");
INSERT INTO Program (Program_ID,Name,ELIDEK_Sector) VALUES ("3119107","Distinctio velit.","Outer Space Public Relations");
INSERT INTO Program (Program_ID,Name,ELIDEK_Sector) VALUES ("3119108","Τα εκτελείται αυτός.","Renewable Energy Sources");
INSERT INTO Program (Program_ID,Name,ELIDEK_Sector) VALUES ("3119109","Ipsam illo iusto.","Exotic Religions");
INSERT INTO Program (Program_ID,Name,ELIDEK_Sector) VALUES ("3119110","Εικόνες.","Marine Research Projects");
INSERT INTO Program (Program_ID,Name,ELIDEK_Sector) VALUES ("3119111","Γραμμής δεδομένων.","Researcher Underpayment Management");
INSERT INTO Program (Program_ID,Name,ELIDEK_Sector) VALUES ("3119112","Establish positive.","Food Industry Projects");
INSERT INTO Program (Program_ID,Name,ELIDEK_Sector) VALUES ("3119113","Bill explain across.","Environmental Projects");
INSERT INTO Program (Program_ID,Name,ELIDEK_Sector) VALUES ("3119114","Ναι υποψήφιο.","Outer Space Public Relations");
INSERT INTO Program (Program_ID,Name,ELIDEK_Sector) VALUES ("3119115","Reality catch.","Renewable Energy Sources");
INSERT INTO Program (Program_ID,Name,ELIDEK_Sector) VALUES ("3119116","Mollitia facilis.","Exotic Religions");
INSERT INTO Program (Program_ID,Name,ELIDEK_Sector) VALUES ("3119117","Soluta labore rem.","Marine Research Projects");
INSERT INTO Program (Program_ID,Name,ELIDEK_Sector) VALUES ("3119118","Χάος δύο αρέσει.","Researcher Underpayment Management");
INSERT INTO Program (Program_ID,Name,ELIDEK_Sector) VALUES ("3119119","Sequi ea alias est.","Food Industry Projects");
INSERT INTO Program (Program_ID,Name,ELIDEK_Sector) VALUES ("3119120","Αθόρυβες μέσης κάτι.","Environmental Projects");
INSERT INTO Program (Program_ID,Name,ELIDEK_Sector) VALUES ("3119121","Voluptate beatae id.","Outer Space Public Relations");
INSERT INTO Program (Program_ID,Name,ELIDEK_Sector) VALUES ("3119122","Fugiat aliquam at.","Renewable Energy Sources");
INSERT INTO Program (Program_ID,Name,ELIDEK_Sector) VALUES ("3119123","Τι στήλες δεν.","Exotic Religions");
INSERT INTO Program (Program_ID,Name,ELIDEK_Sector) VALUES ("3119124","Deserunt fuga totam.","Marine Research Projects");
INSERT INTO Program (Program_ID,Name,ELIDEK_Sector) VALUES ("3119125","Source response per.","Researcher Underpayment Management");
INSERT INTO Program (Program_ID,Name,ELIDEK_Sector) VALUES ("3119126","Θα νέου γράψει.","Food Industry Projects");
INSERT INTO Program (Program_ID,Name,ELIDEK_Sector) VALUES ("3119127","Αφήσεις βρίσκονται.","Environmental Projects");
INSERT INTO Program (Program_ID,Name,ELIDEK_Sector) VALUES ("3119128","Ποια παίξουν πάντα.","Outer Space Public Relations");
INSERT INTO Program (Program_ID,Name,ELIDEK_Sector) VALUES ("3119129","Offer market pretty.","Renewable Energy Sources");
INSERT INTO Program (Program_ID,Name,ELIDEK_Sector) VALUES ("3119130","PM training Mrs.","Exotic Religions");
INSERT INTO Program (Program_ID,Name,ELIDEK_Sector) VALUES ("3119131","Similique quo.","Marine Research Projects");
INSERT INTO Program (Program_ID,Name,ELIDEK_Sector) VALUES ("3119132","Look himself.","Researcher Underpayment Management");
INSERT INTO Program (Program_ID,Name,ELIDEK_Sector) VALUES ("3119133","Άλγεβρα εκδόσεις κι.","Food Industry Projects");
INSERT INTO Program (Program_ID,Name,ELIDEK_Sector) VALUES ("3119134","Technology check.","Environmental Projects");
INSERT INTO Program (Program_ID,Name,ELIDEK_Sector) VALUES ("3119135","Περισσότερες.","Outer Space Public Relations");
INSERT INTO Program (Program_ID,Name,ELIDEK_Sector) VALUES ("3119136","Which long husband.","Renewable Energy Sources");
INSERT INTO Program (Program_ID,Name,ELIDEK_Sector) VALUES ("3119137","Εργαζόμενοι.","Exotic Religions");
INSERT INTO Program (Program_ID,Name,ELIDEK_Sector) VALUES ("3119138","Στη στη τοπικές.","Marine Research Projects");
INSERT INTO Program (Program_ID,Name,ELIDEK_Sector) VALUES ("3119139","Με τα άπειρα άρα.","Researcher Underpayment Management");
INSERT INTO Program (Program_ID,Name,ELIDEK_Sector) VALUES ("3119140","Three friend above.","Food Industry Projects");
INSERT INTO Program (Program_ID,Name,ELIDEK_Sector) VALUES ("3119141","Minima repellendus.","Environmental Projects");
INSERT INTO Program (Program_ID,Name,ELIDEK_Sector) VALUES ("3119142","Σχεδιαστής μάλλον.","Outer Space Public Relations");
INSERT INTO Program (Program_ID,Name,ELIDEK_Sector) VALUES ("3119143","Λες πάντα από ωραίο.","Renewable Energy Sources");
INSERT INTO Program (Program_ID,Name,ELIDEK_Sector) VALUES ("3119144","Minus repellendus.","Exotic Religions");
INSERT INTO Program (Program_ID,Name,ELIDEK_Sector) VALUES ("3119145","Προβληματική.","Marine Research Projects");
INSERT INTO Program (Program_ID,Name,ELIDEK_Sector) VALUES ("3119146","Ένας αναγκάζονται.","Researcher Underpayment Management");
INSERT INTO Program (Program_ID,Name,ELIDEK_Sector) VALUES ("3119147","Est eius optio modi.","Food Industry Projects");
INSERT INTO Program (Program_ID,Name,ELIDEK_Sector) VALUES ("3119148","Γιαυτό πλέον.","Environmental Projects");
INSERT INTO Program (Program_ID,Name,ELIDEK_Sector) VALUES ("3119149","Corrupti optio.","Outer Space Public Relations");
INSERT INTO Program (Program_ID,Name,ELIDEK_Sector) VALUES ("3119150","Power a lead writer.","Renewable Energy Sources");
INSERT INTO Program (Program_ID,Name,ELIDEK_Sector) VALUES ("3119151","Χρησιμοποιώντας κλπ.","Exotic Religions");
INSERT INTO Program (Program_ID,Name,ELIDEK_Sector) VALUES ("3119152","Doloribus deleniti.","Marine Research Projects");
INSERT INTO Program (Program_ID,Name,ELIDEK_Sector) VALUES ("3119153","At similique a.","Researcher Underpayment Management");
INSERT INTO Program (Program_ID,Name,ELIDEK_Sector) VALUES ("3119154","Θέματα στις ανά δε.","Food Industry Projects");
INSERT INTO Program (Program_ID,Name,ELIDEK_Sector) VALUES ("3119155","Μπουν γραμμή μια.","Environmental Projects");
INSERT INTO Program (Program_ID,Name,ELIDEK_Sector) VALUES ("3119156","Δύο δύο εταιρείες.","Outer Space Public Relations");
INSERT INTO Program (Program_ID,Name,ELIDEK_Sector) VALUES ("3119157","Σημεία έξι στα.","Renewable Energy Sources");
INSERT INTO Program (Program_ID,Name,ELIDEK_Sector) VALUES ("3119158","Συγγραφής.","Exotic Religions");
INSERT INTO Program (Program_ID,Name,ELIDEK_Sector) VALUES ("3119159","Του πιο έχω μετράει.","Marine Research Projects");
INSERT INTO Program (Program_ID,Name,ELIDEK_Sector) VALUES ("3119160","Εκείνου διακόψουμε.","Researcher Underpayment Management");
INSERT INTO Program (Program_ID,Name,ELIDEK_Sector) VALUES ("3119161","Δούλευε παραδώσεις.","Food Industry Projects");
INSERT INTO Program (Program_ID,Name,ELIDEK_Sector) VALUES ("3119162","Molestiae aut porro.","Environmental Projects");
INSERT INTO Program (Program_ID,Name,ELIDEK_Sector) VALUES ("3119163","Accusamus explicabo.","Outer Space Public Relations");
INSERT INTO Program (Program_ID,Name,ELIDEK_Sector) VALUES ("3119164","Επί ας κόψεις.","Renewable Energy Sources");
INSERT INTO Program (Program_ID,Name,ELIDEK_Sector) VALUES ("3119165","Όσο ήδη διοικητικό.","Exotic Religions");
INSERT INTO Program (Program_ID,Name,ELIDEK_Sector) VALUES ("3119166","Προσθέσει από.","Marine Research Projects");
INSERT INTO Program (Program_ID,Name,ELIDEK_Sector) VALUES ("3119167","Little field idea.","Researcher Underpayment Management");
INSERT INTO Program (Program_ID,Name,ELIDEK_Sector) VALUES ("3119168","Earum inventore.","Food Industry Projects");
INSERT INTO Program (Program_ID,Name,ELIDEK_Sector) VALUES ("3119169","Των εργασίας τύπους.","Environmental Projects");
INSERT INTO Program (Program_ID,Name,ELIDEK_Sector) VALUES ("3119170","Aperiam quos quo.","Outer Space Public Relations");
INSERT INTO Program (Program_ID,Name,ELIDEK_Sector) VALUES ("3119171","Τις ρωτήσει χάος.","Renewable Energy Sources");
INSERT INTO Program (Program_ID,Name,ELIDEK_Sector) VALUES ("3119172","Enim suscipit dolor.","Exotic Religions");
INSERT INTO Program (Program_ID,Name,ELIDEK_Sector) VALUES ("3119173","Esse maiores.","Marine Research Projects");
INSERT INTO Program (Program_ID,Name,ELIDEK_Sector) VALUES ("3119174","Παραπάνω.","Researcher Underpayment Management");
INSERT INTO Program (Program_ID,Name,ELIDEK_Sector) VALUES ("3119175","Dolore fugiat odio.","Food Industry Projects");
INSERT INTO Program (Program_ID,Name,ELIDEK_Sector) VALUES ("3119176","Δεν επιδιορθώσεις.","Environmental Projects");
INSERT INTO Program (Program_ID,Name,ELIDEK_Sector) VALUES ("3119177","Voluptatem qui.","Outer Space Public Relations");
INSERT INTO Program (Program_ID,Name,ELIDEK_Sector) VALUES ("3119178","All land page.","Renewable Energy Sources");
INSERT INTO Program (Program_ID,Name,ELIDEK_Sector) VALUES ("3119179","Over late travel.","Exotic Religions");
INSERT INTO Program (Program_ID,Name,ELIDEK_Sector) VALUES ("3119180","Εξοργιστικά.","Marine Research Projects");
INSERT INTO Program (Program_ID,Name,ELIDEK_Sector) VALUES ("3119181","Χειρότερα μέσης.","Researcher Underpayment Management");
INSERT INTO Program (Program_ID,Name,ELIDEK_Sector) VALUES ("3119182","Non eligendi quod.","Food Industry Projects");
INSERT INTO Program (Program_ID,Name,ELIDEK_Sector) VALUES ("3119183","Sunt voluptatem.","Environmental Projects");
INSERT INTO Program (Program_ID,Name,ELIDEK_Sector) VALUES ("3119184","Non itaque suscipit.","Outer Space Public Relations");
INSERT INTO Program (Program_ID,Name,ELIDEK_Sector) VALUES ("3119185","Μη ταξινομεί.","Renewable Energy Sources");
INSERT INTO Program (Program_ID,Name,ELIDEK_Sector) VALUES ("3119186","Velit recusandae.","Exotic Religions");
INSERT INTO Program (Program_ID,Name,ELIDEK_Sector) VALUES ("3119187","Consequuntur.","Marine Research Projects");
INSERT INTO Program (Program_ID,Name,ELIDEK_Sector) VALUES ("3119188","Εξοργιστικά πάρεις.","Researcher Underpayment Management");
INSERT INTO Program (Program_ID,Name,ELIDEK_Sector) VALUES ("3119189","Βιβλίο από.","Food Industry Projects");
INSERT INTO Program (Program_ID,Name,ELIDEK_Sector) VALUES ("3119190","Fugiat voluptatibus.","Environmental Projects");
INSERT INTO Program (Program_ID,Name,ELIDEK_Sector) VALUES ("3119191","Sint nam asperiores.","Outer Space Public Relations");
INSERT INTO Program (Program_ID,Name,ELIDEK_Sector) VALUES ("3119192","Στο χρειάζονται το.","Renewable Energy Sources");
INSERT INTO Program (Program_ID,Name,ELIDEK_Sector) VALUES ("3119193","Ναι συνηθίζουν ναι.","Exotic Religions");
INSERT INTO Program (Program_ID,Name,ELIDEK_Sector) VALUES ("3119194","Deserunt porro.","Marine Research Projects");
INSERT INTO Program (Program_ID,Name,ELIDEK_Sector) VALUES ("3119195","Εγώ δυστυχής τη.","Researcher Underpayment Management");
INSERT INTO Program (Program_ID,Name,ELIDEK_Sector) VALUES ("3119196","Voluptatem ratione.","Food Industry Projects");
INSERT INTO Program (Program_ID,Name,ELIDEK_Sector) VALUES ("3119197","Έχω εκτός απόλαυσε.","Environmental Projects");
INSERT INTO Program (Program_ID,Name,ELIDEK_Sector) VALUES ("3119198","Μαγικά των.","Outer Space Public Relations");
INSERT INTO Program (Program_ID,Name,ELIDEK_Sector) VALUES ("3119199","Των ευκολότερο πολύ.","Renewable Energy Sources");
INSERT INTO Organization (Organization_ID,Acronym,Name,Street,Street_Number,City,Postal_Code,Org_type) VALUES ("3119000", "ΡΤΕU", "Ροή Τα Εκείνου University", "Hill Green", "2389", "Ρέθυμνο", "11068", "University");
INSERT INTO Organization (Organization_ID,Acronym,Name,Street,Street_Number,City,Postal_Code,Org_type) VALUES ("3119001", "ΑΑΠC", "Ανώδυνη Ας Πάρεις Company", "Brandon Motorway", "5107", "East Heather", "57708", "Company");
INSERT INTO Organization (Organization_ID,Acronym,Name,Street,Street_Number,City,Postal_Code,Org_type) VALUES ("3119002", "DCRC", "Deleniti Culpa Research Center", "Αγίου Κυρίλλου", "5052", "Ερμούπολη", "76469", "Research Center");
INSERT INTO Organization (Organization_ID,Acronym,Name,Street,Street_Number,City,Postal_Code,Org_type) VALUES ("3119003", "DBU", "Decide Bring University", "Jones Plaza", "268", "Πολύγυρος", "82222", "University");
INSERT INTO Organization (Organization_ID,Acronym,Name,Street,Street_Number,City,Postal_Code,Org_type) VALUES ("3119004", "ΔC", "Διασφαλίζεται Company", "Λεωφ. Αγιοχώριον", "9435", "Alexandermouth", "26055", "Company");
INSERT INTO Organization (Organization_ID,Acronym,Name,Street,Street_Number,City,Postal_Code,Org_type) VALUES ("3119005", "ΕΜRC", "Επί Μηχανής Research Center", "Λεωφόρος Βόνης", "82", "Κιλκίς", "62908", "Research Center");
INSERT INTO Organization (Organization_ID,Acronym,Name,Street,Street_Number,City,Postal_Code,Org_type) VALUES ("3119006", "OEU", "Odit Excepturi University", "Kenneth Hills", "2369", "South Tyler", "46409", "University");
INSERT INTO Organization (Organization_ID,Acronym,Name,Street,Street_Number,City,Postal_Code,Org_type) VALUES ("3119007", "ΑΠΆC", "Ανά Πετάνε Άλγεβρα Company", "Βλαχιάς", "9308", "Ηγουμενίτσα", "69495", "Company");
INSERT INTO Organization (Organization_ID,Acronym,Name,Street,Street_Number,City,Postal_Code,Org_type) VALUES ("3119008", "ΣΈΤRC", "Στο Ένας Τρόπο Research Center", "Γλαύκης", "7480", "Αργοστόλι", "47891", "Research Center");
INSERT INTO Organization (Organization_ID,Acronym,Name,Street,Street_Number,City,Postal_Code,Org_type) VALUES ("3119009", "ΑU", "Αποστηθίσει University", "Αμπελιάς", "7676", "Κατερίνη", "71683", "University");
INSERT INTO Organization (Organization_ID,Acronym,Name,Street,Street_Number,City,Postal_Code,Org_type) VALUES ("3119010", "ΛΔC", "Λέει Δε Company", "Γεροκώστα", "7032", "Μυτιλήνη", "72439", "Company");
INSERT INTO Organization (Organization_ID,Acronym,Name,Street,Street_Number,City,Postal_Code,Org_type) VALUES ("3119011", "ΠRC", "Περιεχόμενα Research Center", "Christina Park", "7304", "Ζάκυνθος", "49225", "Research Center");
INSERT INTO Organization (Organization_ID,Acronym,Name,Street,Street_Number,City,Postal_Code,Org_type) VALUES ("3119012", "ΠΑU", "Προσεκτικά Ατόμου University", "Μεσολογγίου", "4485", "Λευκάδα", "23349", "University");
INSERT INTO Organization (Organization_ID,Acronym,Name,Street,Street_Number,City,Postal_Code,Org_type) VALUES ("3119013", "QIDC", "Quis In Doloremque Company", "Foster Wall", "883", "Ζάκυνθος", "95764", "Company");
INSERT INTO Organization (Organization_ID,Acronym,Name,Street,Street_Number,City,Postal_Code,Org_type) VALUES ("3119014", "ΠΈRC", "Προσλάμβανες Έρθει Research Center", "Βλαχιώτη", "4166", "Jonestown", "74896", "Research Center");
INSERT INTO Organization (Organization_ID,Acronym,Name,Street,Street_Number,City,Postal_Code,Org_type) VALUES ("3119015", "ECPU", "Ex Corrupti Porro University", "Κουλεντίων", "228", "Gibbsberg", "95394", "University");
INSERT INTO Organization (Organization_ID,Acronym,Name,Street,Street_Number,City,Postal_Code,Org_type) VALUES ("3119016", "KHSC", "Key His Summer Company", "Αραπάκη", "3170", "New Cheryl", "23400", "Company");
INSERT INTO Organization (Organization_ID,Acronym,Name,Street,Street_Number,City,Postal_Code,Org_type) VALUES ("3119017", "SPRC", "Study Population Research Center", "Πάροδος Συκαμίνου", "8267", "Λιβαδιά", "26826", "Research Center");
INSERT INTO Organization (Organization_ID,Acronym,Name,Street,Street_Number,City,Postal_Code,Org_type) VALUES ("3119018", "ΕU", "Εξοργιστικά University", "Μαρουλά", "8430", "Port Kathryn", "47262", "University");
INSERT INTO Organization (Organization_ID,Acronym,Name,Street,Street_Number,City,Postal_Code,Org_type) VALUES ("3119019", "NC", "Necessitatibus Company", "Murphy Rapid", "2271", "North Michael", "35319", "Company");
INSERT INTO Organization (Organization_ID,Acronym,Name,Street,Street_Number,City,Postal_Code,Org_type) VALUES ("3119020", "ΈΒRC", "Ένας Βουτήξουν Research Center", "David Lock", "8502", "Greenland", "71409", "Research Center");
INSERT INTO Organization (Organization_ID,Acronym,Name,Street,Street_Number,City,Postal_Code,Org_type) VALUES ("3119021", "ΣΛU", "Σημαντικό Λαμβάνουν University", "Διονύσου", "7899", "Αργοστόλι", "26551", "University");
INSERT INTO Organization (Organization_ID,Acronym,Name,Street,Street_Number,City,Postal_Code,Org_type) VALUES ("3119022", "ΑΉC", "Αλγόριθμου Ήδη Company", "Jason Route", "8334", "Βόλος", "36471", "Company");
INSERT INTO Organization (Organization_ID,Acronym,Name,Street,Street_Number,City,Postal_Code,Org_type) VALUES ("3119023", "ΠΔΈRC", "Πρώτης Δεν Ένας Research Center", "Σχινοχωρίου", "5031", "New Morganville", "89769", "Research Center");
INSERT INTO Organization (Organization_ID,Acronym,Name,Street,Street_Number,City,Postal_Code,Org_type) VALUES ("3119024", "ΕΣΣU", "Εγώ Σπίτι Σας University", "Shari Forges", "9735", "Πρέβεζα", "47326", "University");
INSERT INTO Organization (Organization_ID,Acronym,Name,Street,Street_Number,City,Postal_Code,Org_type) VALUES ("3119025", "APC", "A Praesentium Company", "John Brook", "6568", "North Robertfort", "93454", "Company");
INSERT INTO Organization (Organization_ID,Acronym,Name,Street,Street_Number,City,Postal_Code,Org_type) VALUES ("3119026", "AMMRC", "Ad Magni Molestiae Research Center", "Πουλιάση", "9622", "Καβάλα", "73719", "Research Center");
INSERT INTO Organization (Organization_ID,Acronym,Name,Street,Street_Number,City,Postal_Code,Org_type) VALUES ("3119027", "GBDU", "Guess Be Drive University", "Μαργαριτών", "3211", "Βόλος", "31960", "University");
INSERT INTO Organization (Organization_ID,Acronym,Name,Street,Street_Number,City,Postal_Code,Org_type) VALUES ("3119028", "ΚΣΩC", "Καλύτερο Στα Ως Company", "Χρονοπούλου", "2269", "Άρτα", "71026", "Company");
INSERT INTO Organization (Organization_ID,Acronym,Name,Street,Street_Number,City,Postal_Code,Org_type) VALUES ("3119029", "LFYRC", "Leg Forward Yet Research Center", "Holly Place", "2323", "Θεσσαλονίκη", "86134", "Research Center");
INSERT INTO Organization (Organization_ID,Acronym,Name,Street,Street_Number,City,Postal_Code,Org_type) VALUES ("3119030", "ΤΊΈΣU", "Του Ίδιο Ένας Σου University", "Lisa Valley", "4835", "South Andrewside", "39046", "University");
INSERT INTO Organization (Organization_ID,Acronym,Name,Street,Street_Number,City,Postal_Code,Org_type) VALUES ("3119031", "TAC", "Television Above Company", "Ρουφά", "6294", "Youngborough", "18416", "Company");
INSERT INTO Organization (Organization_ID,Acronym,Name,Street,Street_Number,City,Postal_Code,Org_type) VALUES ("3119032", "ΈΜRC", "Έγραψες Μάλλον Research Center", "Young Passage", "3296", "Montgomeryshire", "48781", "Research Center");
INSERT INTO Organization (Organization_ID,Acronym,Name,Street,Street_Number,City,Postal_Code,Org_type) VALUES ("3119033", "CAQU", "Commodi Autem Quas University", "Αλεξανδράκη", "5177", "Λευκάδα", "81242", "University");
INSERT INTO Organization (Organization_ID,Acronym,Name,Street,Street_Number,City,Postal_Code,Org_type) VALUES ("3119034", "QVMC", "Quia Vel Molestiae Company", "Καμπάνη", "2167", "North Richardmouth", "12457", "Company");
INSERT INTO Organization (Organization_ID,Acronym,Name,Street,Street_Number,City,Postal_Code,Org_type) VALUES ("3119035", "OLRC", "Officiis Laboriosam Research Center", "Λαδά", "3834", "Ηγουμενίτσα", "17306", "Research Center");
INSERT INTO Organization (Organization_ID,Acronym,Name,Street,Street_Number,City,Postal_Code,Org_type) VALUES ("3119036", "ΓΔΔU", "Για Δωροδοκηθούν Δε University", "Κανδάνου", "9830", "Ηράκλειο", "15289", "University");
INSERT INTO Organization (Organization_ID,Acronym,Name,Street,Street_Number,City,Postal_Code,Org_type) VALUES ("3119037", "ΜΓΜC", "Μην Γραμμή Μη Company", "Παπαφλέσσα", "4653", "Χανιά", "65509", "Company");
INSERT INTO Organization (Organization_ID,Acronym,Name,Street,Street_Number,City,Postal_Code,Org_type) VALUES ("3119038", "ΣΕΠRC", "Στα Ερώτηση Πρώτο Research Center", "Πελόπης", "7803", "Άρτα", "53624", "Research Center");
INSERT INTO Organization (Organization_ID,Acronym,Name,Street,Street_Number,City,Postal_Code,Org_type) VALUES ("3119039", "LLHU", "Later Leave Herself University", "Καλυβίων", "1778", "Λαμία", "78390", "University");
INSERT INTO Organization (Organization_ID,Acronym,Name,Street,Street_Number,City,Postal_Code,Org_type) VALUES ("3119040", "ΛΤΚC", "Λαμβάνουν Τα Κώδικα Company", "Φασατάκη", "2331", "Hunterland", "85593", "Company");
INSERT INTO Organization (Organization_ID,Acronym,Name,Street,Street_Number,City,Postal_Code,Org_type) VALUES ("3119041", "ΥΈRC", "Υπηρεσία Ένα Research Center", "Tyler Rapid", "4962", "Kellyside", "24925", "Research Center");
INSERT INTO Organization (Organization_ID,Acronym,Name,Street,Street_Number,City,Postal_Code,Org_type) VALUES ("3119042", "NBU", "North Beyond University", "Miranda Canyon", "56", "Γρεβενά", "14953", "University");
INSERT INTO Organization (Organization_ID,Acronym,Name,Street,Street_Number,City,Postal_Code,Org_type) VALUES ("3119043", "ΔC", "Δημιουργήσεις Company", "Μικράς Μαντινείας", "3917", "Αθήνα", "19576", "Company");
INSERT INTO Organization (Organization_ID,Acronym,Name,Street,Street_Number,City,Postal_Code,Org_type) VALUES ("3119044", "ΕΠRC", "Επεξεργασία Πολύ Research Center", "Hall Extensions", "5766", "Ερμούπολη", "29170", "Research Center");
INSERT INTO Organization (Organization_ID,Acronym,Name,Street,Street_Number,City,Postal_Code,Org_type) VALUES ("3119045", "AATU", "Aut Animi Tempora University", "Courtney Alley", "1210", "South Patriciaview", "19818", "University");
INSERT INTO Organization (Organization_ID,Acronym,Name,Street,Street_Number,City,Postal_Code,Org_type) VALUES ("3119046", "ΊΑΛC", "Ίδιο Από Λετπά Company", "Roberts Station", "3856", "Ηράκλειο", "81455", "Company");
INSERT INTO Organization (Organization_ID,Acronym,Name,Street,Street_Number,City,Postal_Code,Org_type) VALUES ("3119047", "RARC", "Repudiandae Amet Research Center", "James Stream", "5652", "Μεσολόγγι", "32111", "Research Center");
INSERT INTO Organization (Organization_ID,Acronym,Name,Street,Street_Number,City,Postal_Code,Org_type) VALUES ("3119048", "UPQU", "Ut Placeat Quos University", "Hughes Rapid", "5980", "Ηράκλειο", "75596", "University");
INSERT INTO Organization (Organization_ID,Acronym,Name,Street,Street_Number,City,Postal_Code,Org_type) VALUES ("3119049", "ΕΤΉΤC", "Εκείνου Των Ήδη Τη Company", "Λεωφόρος Παλιούρα", "5981", "Tracyport", "84744", "Company");
INSERT INTO Researcher (Researcher_ID,Name,Surname,Gender,Birth_Date,Recruitment_Date,Organization_ID) VALUES ("3119000", "Anna", "Αναστασίου", "Male", "1973-03-24", "2020-03-09", "3119003");
INSERT INTO Researcher (Researcher_ID,Name,Surname,Gender,Birth_Date,Recruitment_Date,Organization_ID) VALUES ("3119001", "Πολύδωρος", "Grant", "Female", "1962-01-11", "2022-01-20", "3119010");
INSERT INTO Researcher (Researcher_ID,Name,Surname,Gender,Birth_Date,Recruitment_Date,Organization_ID) VALUES ("3119002", "Elizabeth", "Αρσενάκη", "Other", "1970-04-17", "2021-03-28", "3119043");
INSERT INTO Researcher (Researcher_ID,Name,Surname,Gender,Birth_Date,Recruitment_Date,Organization_ID) VALUES ("3119003", "Μαρίνα", "Κελλάρης", "Male", "2001-01-22", "2020-01-04", "3119015");
INSERT INTO Researcher (Researcher_ID,Name,Surname,Gender,Birth_Date,Recruitment_Date,Organization_ID) VALUES ("3119004", "Sabrina", "Καμποσάκης", "Female", "1993-12-28", "2020-08-30", "3119026");
INSERT INTO Researcher (Researcher_ID,Name,Surname,Gender,Birth_Date,Recruitment_Date,Organization_ID) VALUES ("3119005", "Λαζαρία", "Golden", "Other", "1966-08-27", "2021-05-05", "3119002");
INSERT INTO Researcher (Researcher_ID,Name,Surname,Gender,Birth_Date,Recruitment_Date,Organization_ID) VALUES ("3119006", "Προμηθέας", "Garcia", "Male", "1984-12-18", "2022-03-07", "3119016");
INSERT INTO Researcher (Researcher_ID,Name,Surname,Gender,Birth_Date,Recruitment_Date,Organization_ID) VALUES ("3119007", "Εφραίμ", "Πέττα", "Female", "1966-06-22", "2021-05-02", "3119032");
INSERT INTO Researcher (Researcher_ID,Name,Surname,Gender,Birth_Date,Recruitment_Date,Organization_ID) VALUES ("3119008", "Μαριγώ", "Τσιατής", "Other", "1989-06-01", "2020-11-06", "3119004");
INSERT INTO Researcher (Researcher_ID,Name,Surname,Gender,Birth_Date,Recruitment_Date,Organization_ID) VALUES ("3119009", "Kayla", "Τσούρα", "Male", "1994-04-20", "2021-10-12", "3119029");
INSERT INTO Researcher (Researcher_ID,Name,Surname,Gender,Birth_Date,Recruitment_Date,Organization_ID) VALUES ("3119010", "Jason", "Μοσχόπουλος", "Female", "1973-06-30", "2020-12-05", "3119019");
INSERT INTO Researcher (Researcher_ID,Name,Surname,Gender,Birth_Date,Recruitment_Date,Organization_ID) VALUES ("3119011", "Δάφνη", "White", "Other", "1993-08-26", "2021-06-16", "3119006");
INSERT INTO Researcher (Researcher_ID,Name,Surname,Gender,Birth_Date,Recruitment_Date,Organization_ID) VALUES ("3119012", "Χλόη", "Τσότρας", "Male", "1981-09-16", "2022-03-06", "3119011");
INSERT INTO Researcher (Researcher_ID,Name,Surname,Gender,Birth_Date,Recruitment_Date,Organization_ID) VALUES ("3119013", "Justin", "Καραλής", "Female", "1992-08-03", "2021-02-09", "3119011");
INSERT INTO Researcher (Researcher_ID,Name,Surname,Gender,Birth_Date,Recruitment_Date,Organization_ID) VALUES ("3119014", "Kelly", "Τζεβελέκος", "Other", "1992-12-08", "2021-06-04", "3119010");
INSERT INTO Researcher (Researcher_ID,Name,Surname,Gender,Birth_Date,Recruitment_Date,Organization_ID) VALUES ("3119015", "Robert", "Τσαπραλής", "Male", "1978-05-31", "2020-09-05", "3119009");
INSERT INTO Researcher (Researcher_ID,Name,Surname,Gender,Birth_Date,Recruitment_Date,Organization_ID) VALUES ("3119016", "Kimberly", "Washington", "Female", "1993-07-13", "2021-12-30", "3119002");
INSERT INTO Researcher (Researcher_ID,Name,Surname,Gender,Birth_Date,Recruitment_Date,Organization_ID) VALUES ("3119017", "Michael", "Κατσανίκου", "Other", "1983-09-21", "2021-03-31", "3119046");
INSERT INTO Researcher (Researcher_ID,Name,Surname,Gender,Birth_Date,Recruitment_Date,Organization_ID) VALUES ("3119018", "Jenna", "Jones", "Male", "1972-09-30", "2020-07-03", "3119004");
INSERT INTO Researcher (Researcher_ID,Name,Surname,Gender,Birth_Date,Recruitment_Date,Organization_ID) VALUES ("3119019", "James", "Moore", "Female", "2001-07-09", "2020-09-05", "3119025");
INSERT INTO Researcher (Researcher_ID,Name,Surname,Gender,Birth_Date,Recruitment_Date,Organization_ID) VALUES ("3119020", "Ξένη", "Fernandez", "Other", "1999-03-06", "2021-05-30", "3119020");
INSERT INTO Researcher (Researcher_ID,Name,Surname,Gender,Birth_Date,Recruitment_Date,Organization_ID) VALUES ("3119021", "Michelle", "Grant", "Male", "1966-05-22", "2020-08-17", "3119009");
INSERT INTO Researcher (Researcher_ID,Name,Surname,Gender,Birth_Date,Recruitment_Date,Organization_ID) VALUES ("3119022", "Ευδόξιος", "Ζώτος", "Female", "1997-02-10", "2020-01-12", "3119035");
INSERT INTO Researcher (Researcher_ID,Name,Surname,Gender,Birth_Date,Recruitment_Date,Organization_ID) VALUES ("3119023", "Jack", "Δεσύλλας", "Other", "1978-10-01", "2021-12-10", "3119036");
INSERT INTO Researcher (Researcher_ID,Name,Surname,Gender,Birth_Date,Recruitment_Date,Organization_ID) VALUES ("3119024", "Arthur", "Μαργαριτάκη", "Male", "1996-04-22", "2021-05-11", "3119021");
INSERT INTO Researcher (Researcher_ID,Name,Surname,Gender,Birth_Date,Recruitment_Date,Organization_ID) VALUES ("3119025", "Θεόφραστος", "Barajas", "Female", "1990-08-29", "2022-05-19", "3119027");
INSERT INTO Researcher (Researcher_ID,Name,Surname,Gender,Birth_Date,Recruitment_Date,Organization_ID) VALUES ("3119026", "Lauren", "Κωνσταντινίδης", "Other", "1962-06-17", "2021-12-27", "3119040");
INSERT INTO Researcher (Researcher_ID,Name,Surname,Gender,Birth_Date,Recruitment_Date,Organization_ID) VALUES ("3119027", "Θεοχαρούλα", "Σωτηροπούλου", "Male", "1986-05-03", "2022-04-30", "3119031");
INSERT INTO Researcher (Researcher_ID,Name,Surname,Gender,Birth_Date,Recruitment_Date,Organization_ID) VALUES ("3119028", "Λουκιανός", "Jackson", "Female", "1998-01-02", "2020-06-01", "3119033");
INSERT INTO Researcher (Researcher_ID,Name,Surname,Gender,Birth_Date,Recruitment_Date,Organization_ID) VALUES ("3119029", "Kevin", "Τάτση", "Other", "1981-02-02", "2020-03-30", "3119041");
INSERT INTO Researcher (Researcher_ID,Name,Surname,Gender,Birth_Date,Recruitment_Date,Organization_ID) VALUES ("3119030", "Κλεοπάτρα", "Τσαπραλής", "Male", "1961-11-25", "2020-07-14", "3119024");
INSERT INTO Researcher (Researcher_ID,Name,Surname,Gender,Birth_Date,Recruitment_Date,Organization_ID) VALUES ("3119031", "Προδρομία", "Μπαλτζής", "Female", "1988-09-25", "2021-12-23", "3119024");
INSERT INTO Researcher (Researcher_ID,Name,Surname,Gender,Birth_Date,Recruitment_Date,Organization_ID) VALUES ("3119032", "Daniel", "Fletcher", "Other", "1996-05-29", "2020-11-20", "3119016");
INSERT INTO Researcher (Researcher_ID,Name,Surname,Gender,Birth_Date,Recruitment_Date,Organization_ID) VALUES ("3119033", "Katelyn", "Allen", "Male", "2002-04-28", "2022-05-18", "3119029");
INSERT INTO Researcher (Researcher_ID,Name,Surname,Gender,Birth_Date,Recruitment_Date,Organization_ID) VALUES ("3119034", "Tanya", "Cruz", "Female", "1992-03-07", "2021-07-18", "3119039");
INSERT INTO Researcher (Researcher_ID,Name,Surname,Gender,Birth_Date,Recruitment_Date,Organization_ID) VALUES ("3119035", "Παγώνα", "Sanchez", "Other", "1998-07-18", "2021-03-07", "3119017");
INSERT INTO Researcher (Researcher_ID,Name,Surname,Gender,Birth_Date,Recruitment_Date,Organization_ID) VALUES ("3119036", "Lauren", "Σπασόπουλος", "Male", "1975-06-04", "2020-08-01", "3119041");
INSERT INTO Researcher (Researcher_ID,Name,Surname,Gender,Birth_Date,Recruitment_Date,Organization_ID) VALUES ("3119037", "Molly", "Γκόνη", "Female", "1976-03-29", "2021-08-03", "3119026");
INSERT INTO Researcher (Researcher_ID,Name,Surname,Gender,Birth_Date,Recruitment_Date,Organization_ID) VALUES ("3119038", "Αύγουστος", "Wood", "Other", "1997-04-13", "2020-01-28", "3119027");
INSERT INTO Researcher (Researcher_ID,Name,Surname,Gender,Birth_Date,Recruitment_Date,Organization_ID) VALUES ("3119039", "Jeffery", "Young", "Male", "2002-02-19", "2020-09-21", "3119025");
INSERT INTO Researcher (Researcher_ID,Name,Surname,Gender,Birth_Date,Recruitment_Date,Organization_ID) VALUES ("3119040", "Virginia", "Erickson", "Female", "2002-04-26", "2021-11-10", "3119009");
INSERT INTO Researcher (Researcher_ID,Name,Surname,Gender,Birth_Date,Recruitment_Date,Organization_ID) VALUES ("3119041", "Ιφιγένεια", "Hall", "Other", "1998-12-30", "2020-08-09", "3119008");
INSERT INTO Researcher (Researcher_ID,Name,Surname,Gender,Birth_Date,Recruitment_Date,Organization_ID) VALUES ("3119042", "Χρυσόστομη", "Κωτσιονοπούλου", "Male", "1978-05-20", "2022-05-22", "3119046");
INSERT INTO Researcher (Researcher_ID,Name,Surname,Gender,Birth_Date,Recruitment_Date,Organization_ID) VALUES ("3119043", "Carrie", "Ιωακειμίδου", "Female", "1993-08-19", "2020-04-08", "3119010");
INSERT INTO Researcher (Researcher_ID,Name,Surname,Gender,Birth_Date,Recruitment_Date,Organization_ID) VALUES ("3119044", "Θεοφάνης", "Robinson", "Other", "1967-08-17", "2022-04-23", "3119020");
INSERT INTO Researcher (Researcher_ID,Name,Surname,Gender,Birth_Date,Recruitment_Date,Organization_ID) VALUES ("3119045", "Tracy", "Davis", "Male", "1994-04-09", "2021-09-28", "3119029");
INSERT INTO Researcher (Researcher_ID,Name,Surname,Gender,Birth_Date,Recruitment_Date,Organization_ID) VALUES ("3119046", "Άλκηστις", "Jones", "Female", "1993-06-05", "2021-02-28", "3119007");
INSERT INTO Researcher (Researcher_ID,Name,Surname,Gender,Birth_Date,Recruitment_Date,Organization_ID) VALUES ("3119047", "Λουκία", "Haynes", "Other", "1963-02-03", "2020-12-07", "3119045");
INSERT INTO Researcher (Researcher_ID,Name,Surname,Gender,Birth_Date,Recruitment_Date,Organization_ID) VALUES ("3119048", "Melissa", "Brown", "Male", "1961-07-08", "2021-11-16", "3119023");
INSERT INTO Researcher (Researcher_ID,Name,Surname,Gender,Birth_Date,Recruitment_Date,Organization_ID) VALUES ("3119049", "Sara", "Φωτογλίδης", "Female", "1985-03-08", "2021-09-12", "3119038");
INSERT INTO Researcher (Researcher_ID,Name,Surname,Gender,Birth_Date,Recruitment_Date,Organization_ID) VALUES ("3119050", "Πανδώρα", "Ευκαρπίδης", "Other", "1995-10-11", "2020-05-26", "3119022");
INSERT INTO Researcher (Researcher_ID,Name,Surname,Gender,Birth_Date,Recruitment_Date,Organization_ID) VALUES ("3119051", "Θεοφίλη", "Πετροσιάν", "Male", "1984-09-26", "2021-04-05", "3119012");
INSERT INTO Researcher (Researcher_ID,Name,Surname,Gender,Birth_Date,Recruitment_Date,Organization_ID) VALUES ("3119052", "Αικατερίνη", "Καρανασίου", "Female", "1961-11-02", "2021-10-21", "3119027");
INSERT INTO Researcher (Researcher_ID,Name,Surname,Gender,Birth_Date,Recruitment_Date,Organization_ID) VALUES ("3119053", "Δούκισσα", "Αβραμίδου", "Other", "1969-11-07", "2021-01-16", "3119022");
INSERT INTO Researcher (Researcher_ID,Name,Surname,Gender,Birth_Date,Recruitment_Date,Organization_ID) VALUES ("3119054", "Kristen", "Smith", "Male", "1988-05-06", "2021-09-30", "3119028");
INSERT INTO Researcher (Researcher_ID,Name,Surname,Gender,Birth_Date,Recruitment_Date,Organization_ID) VALUES ("3119055", "Στέλλιος", "Montgomery", "Female", "1977-11-18", "2020-12-31", "3119043");
INSERT INTO Researcher (Researcher_ID,Name,Surname,Gender,Birth_Date,Recruitment_Date,Organization_ID) VALUES ("3119056", "Αλκιβιάδης", "Μηλιώρης", "Other", "1974-07-31", "2021-05-15", "3119015");
INSERT INTO Researcher (Researcher_ID,Name,Surname,Gender,Birth_Date,Recruitment_Date,Organization_ID) VALUES ("3119057", "Χαρίλαος", "Smith", "Male", "1964-12-08", "2020-05-05", "3119033");
INSERT INTO Researcher (Researcher_ID,Name,Surname,Gender,Birth_Date,Recruitment_Date,Organization_ID) VALUES ("3119058", "Νίκη", "Βερβερίδου", "Female", "1989-09-16", "2021-12-31", "3119049");
INSERT INTO Researcher (Researcher_ID,Name,Surname,Gender,Birth_Date,Recruitment_Date,Organization_ID) VALUES ("3119059", "Άρτεμις", "Μανιώτης", "Other", "1972-04-23", "2021-05-18", "3119036");
INSERT INTO Researcher (Researcher_ID,Name,Surname,Gender,Birth_Date,Recruitment_Date,Organization_ID) VALUES ("3119060", "Matthew", "Williams", "Male", "1969-11-02", "2020-12-04", "3119021");
INSERT INTO Researcher (Researcher_ID,Name,Surname,Gender,Birth_Date,Recruitment_Date,Organization_ID) VALUES ("3119061", "Τζανέτος", "Robinson", "Female", "1988-12-22", "2020-08-20", "3119042");
INSERT INTO Researcher (Researcher_ID,Name,Surname,Gender,Birth_Date,Recruitment_Date,Organization_ID) VALUES ("3119062", "Κοραλία", "Vega", "Other", "1973-03-31", "2022-05-21", "3119039");
INSERT INTO Researcher (Researcher_ID,Name,Surname,Gender,Birth_Date,Recruitment_Date,Organization_ID) VALUES ("3119063", "Lauren", "Harris", "Male", "1992-07-12", "2022-04-23", "3119028");
INSERT INTO Researcher (Researcher_ID,Name,Surname,Gender,Birth_Date,Recruitment_Date,Organization_ID) VALUES ("3119064", "Λεονάρδος", "Βασιλείου", "Female", "1963-04-02", "2021-04-24", "3119043");
INSERT INTO Researcher (Researcher_ID,Name,Surname,Gender,Birth_Date,Recruitment_Date,Organization_ID) VALUES ("3119065", "Βλάσης", "Λέκκα", "Other", "1978-08-13", "2020-07-22", "3119005");
INSERT INTO Researcher (Researcher_ID,Name,Surname,Gender,Birth_Date,Recruitment_Date,Organization_ID) VALUES ("3119066", "Ashley", "Μπακοστεργίου", "Male", "1993-07-09", "2022-02-25", "3119042");
INSERT INTO Researcher (Researcher_ID,Name,Surname,Gender,Birth_Date,Recruitment_Date,Organization_ID) VALUES ("3119067", "Tammy", "Κουλίζος", "Female", "1999-05-25", "2021-10-16", "3119043");
INSERT INTO Researcher (Researcher_ID,Name,Surname,Gender,Birth_Date,Recruitment_Date,Organization_ID) VALUES ("3119068", "Ζησούλα", "Βορλόκας", "Other", "1998-05-29", "2020-05-29", "3119022");
INSERT INTO Researcher (Researcher_ID,Name,Surname,Gender,Birth_Date,Recruitment_Date,Organization_ID) VALUES ("3119069", "Ανάργυρος", "Fox", "Male", "1986-06-23", "2021-08-11", "3119006");
INSERT INTO Researcher (Researcher_ID,Name,Surname,Gender,Birth_Date,Recruitment_Date,Organization_ID) VALUES ("3119070", "Michael", "Medina", "Female", "1998-01-07", "2021-02-23", "3119034");
INSERT INTO Researcher (Researcher_ID,Name,Surname,Gender,Birth_Date,Recruitment_Date,Organization_ID) VALUES ("3119071", "Patrick", "Miles", "Other", "1987-06-13", "2020-01-24", "3119031");
INSERT INTO Researcher (Researcher_ID,Name,Surname,Gender,Birth_Date,Recruitment_Date,Organization_ID) VALUES ("3119072", "Αγάθη", "Μπαλουκίδης", "Male", "2001-06-11", "2020-11-11", "3119007");
INSERT INTO Researcher (Researcher_ID,Name,Surname,Gender,Birth_Date,Recruitment_Date,Organization_ID) VALUES ("3119073", "Kristy", "Schneider", "Female", "1971-01-06", "2021-06-10", "3119032");
INSERT INTO Researcher (Researcher_ID,Name,Surname,Gender,Birth_Date,Recruitment_Date,Organization_ID) VALUES ("3119074", "Επιστήμη", "Μπιμπίρη", "Other", "1997-03-22", "2021-11-05", "3119014");
INSERT INTO Researcher (Researcher_ID,Name,Surname,Gender,Birth_Date,Recruitment_Date,Organization_ID) VALUES ("3119075", "Θέμης", "Πουλή", "Male", "1973-09-04", "2020-07-16", "3119045");
INSERT INTO Researcher (Researcher_ID,Name,Surname,Gender,Birth_Date,Recruitment_Date,Organization_ID) VALUES ("3119076", "Katherine", "Νιτσοτόλης", "Female", "1974-12-29", "2020-10-29", "3119029");
INSERT INTO Researcher (Researcher_ID,Name,Surname,Gender,Birth_Date,Recruitment_Date,Organization_ID) VALUES ("3119077", "Ηρακλής", "Rollins", "Other", "1983-03-25", "2021-01-29", "3119031");
INSERT INTO Researcher (Researcher_ID,Name,Surname,Gender,Birth_Date,Recruitment_Date,Organization_ID) VALUES ("3119078", "Herbert", "Κουλαουσάρη", "Male", "1999-04-20", "2022-05-11", "3119003");
INSERT INTO Researcher (Researcher_ID,Name,Surname,Gender,Birth_Date,Recruitment_Date,Organization_ID) VALUES ("3119079", "Αγνή", "Μαγκούφης", "Female", "2000-05-12", "2021-11-28", "3119048");
INSERT INTO Researcher (Researcher_ID,Name,Surname,Gender,Birth_Date,Recruitment_Date,Organization_ID) VALUES ("3119080", "Janet", "Jenkins", "Other", "1980-02-11", "2021-10-16", "3119018");
INSERT INTO Researcher (Researcher_ID,Name,Surname,Gender,Birth_Date,Recruitment_Date,Organization_ID) VALUES ("3119081", "Ηρακλής", "Τσουκιά", "Male", "2001-02-26", "2021-04-11", "3119016");
INSERT INTO Researcher (Researcher_ID,Name,Surname,Gender,Birth_Date,Recruitment_Date,Organization_ID) VALUES ("3119082", "Michelle", "Πιτσολής", "Female", "1988-12-03", "2020-09-23", "3119047");
INSERT INTO Researcher (Researcher_ID,Name,Surname,Gender,Birth_Date,Recruitment_Date,Organization_ID) VALUES ("3119083", "Αθηνά", "Rodriguez", "Other", "1964-08-31", "2020-07-25", "3119029");
INSERT INTO Researcher (Researcher_ID,Name,Surname,Gender,Birth_Date,Recruitment_Date,Organization_ID) VALUES ("3119084", "Michael", "Τσαγκρασούλης", "Male", "1991-06-01", "2020-04-27", "3119027");
INSERT INTO Researcher (Researcher_ID,Name,Surname,Gender,Birth_Date,Recruitment_Date,Organization_ID) VALUES ("3119085", "Ραλλία", "Σκαρλάτος", "Female", "1962-07-11", "2022-01-01", "3119018");
INSERT INTO Researcher (Researcher_ID,Name,Surname,Gender,Birth_Date,Recruitment_Date,Organization_ID) VALUES ("3119086", "Θεώνη", "Τσουκνίδας", "Other", "1997-06-27", "2021-02-05", "3119014");
INSERT INTO Researcher (Researcher_ID,Name,Surname,Gender,Birth_Date,Recruitment_Date,Organization_ID) VALUES ("3119087", "Christine", "Dixon", "Male", "1990-03-04", "2021-01-11", "3119043");
INSERT INTO Researcher (Researcher_ID,Name,Surname,Gender,Birth_Date,Recruitment_Date,Organization_ID) VALUES ("3119088", "Ευγένιος", "Δρίβα", "Female", "1964-03-29", "2020-11-16", "3119035");
INSERT INTO Researcher (Researcher_ID,Name,Surname,Gender,Birth_Date,Recruitment_Date,Organization_ID) VALUES ("3119089", "Κορνήλιος", "Pratt", "Other", "1974-02-24", "2020-08-28", "3119002");
INSERT INTO Researcher (Researcher_ID,Name,Surname,Gender,Birth_Date,Recruitment_Date,Organization_ID) VALUES ("3119090", "Ευθυμία", "Ξυγκάκου", "Male", "1966-08-10", "2022-03-31", "3119047");
INSERT INTO Researcher (Researcher_ID,Name,Surname,Gender,Birth_Date,Recruitment_Date,Organization_ID) VALUES ("3119091", "Νικηφόρος", "Johnson", "Female", "1979-12-28", "2021-02-25", "3119020");
INSERT INTO Researcher (Researcher_ID,Name,Surname,Gender,Birth_Date,Recruitment_Date,Organization_ID) VALUES ("3119092", "Douglas", "Barry", "Other", "1962-01-06", "2020-08-05", "3119037");
INSERT INTO Researcher (Researcher_ID,Name,Surname,Gender,Birth_Date,Recruitment_Date,Organization_ID) VALUES ("3119093", "Ροδόκλεια", "Webb", "Male", "1988-07-14", "2021-02-14", "3119037");
INSERT INTO Researcher (Researcher_ID,Name,Surname,Gender,Birth_Date,Recruitment_Date,Organization_ID) VALUES ("3119094", "Μάριος", "Lamb", "Female", "1981-11-28", "2021-05-29", "3119037");
INSERT INTO Researcher (Researcher_ID,Name,Surname,Gender,Birth_Date,Recruitment_Date,Organization_ID) VALUES ("3119095", "Connie", "Στρατογιάννη", "Other", "1990-07-09", "2021-12-04", "3119020");
INSERT INTO Researcher (Researcher_ID,Name,Surname,Gender,Birth_Date,Recruitment_Date,Organization_ID) VALUES ("3119096", "Debbie", "Miller", "Male", "1977-06-21", "2020-04-14", "3119037");
INSERT INTO Researcher (Researcher_ID,Name,Surname,Gender,Birth_Date,Recruitment_Date,Organization_ID) VALUES ("3119097", "Ισαβέλλα", "Χαλβατζή", "Female", "1962-06-15", "2020-02-17", "3119008");
INSERT INTO Researcher (Researcher_ID,Name,Surname,Gender,Birth_Date,Recruitment_Date,Organization_ID) VALUES ("3119098", "Kathy", "Πατσουρέα", "Other", "1973-05-15", "2021-05-11", "3119025");
INSERT INTO Researcher (Researcher_ID,Name,Surname,Gender,Birth_Date,Recruitment_Date,Organization_ID) VALUES ("3119099", "William", "Hernandez", "Male", "1985-12-27", "2021-09-08", "3119038");
INSERT INTO Researcher (Researcher_ID,Name,Surname,Gender,Birth_Date,Recruitment_Date,Organization_ID) VALUES ("3119100", "Νερατζιά", "Δάρας", "Female", "1984-06-23", "2020-11-09", "3119009");
INSERT INTO Researcher (Researcher_ID,Name,Surname,Gender,Birth_Date,Recruitment_Date,Organization_ID) VALUES ("3119101", "Τσαμπίκα", "Gonzalez", "Other", "1992-02-02", "2020-06-23", "3119011");
INSERT INTO Researcher (Researcher_ID,Name,Surname,Gender,Birth_Date,Recruitment_Date,Organization_ID) VALUES ("3119102", "Ross", "Περρώτης", "Male", "1984-09-25", "2020-07-20", "3119024");
INSERT INTO Researcher (Researcher_ID,Name,Surname,Gender,Birth_Date,Recruitment_Date,Organization_ID) VALUES ("3119103", "Jeffrey", "Ρουσιανός", "Female", "1990-07-30", "2021-08-18", "3119047");
INSERT INTO Researcher (Researcher_ID,Name,Surname,Gender,Birth_Date,Recruitment_Date,Organization_ID) VALUES ("3119104", "Shawn", "Χατζαντώνης", "Other", "1965-01-03", "2020-09-29", "3119046");
INSERT INTO Researcher (Researcher_ID,Name,Surname,Gender,Birth_Date,Recruitment_Date,Organization_ID) VALUES ("3119105", "Λάσκαρης", "Ευταξιάς", "Male", "1970-12-31", "2021-03-05", "3119022");
INSERT INTO Researcher (Researcher_ID,Name,Surname,Gender,Birth_Date,Recruitment_Date,Organization_ID) VALUES ("3119106", "Δωρόθεος", "Αδαμόπουλος", "Female", "1995-04-23", "2022-03-07", "3119045");
INSERT INTO Researcher (Researcher_ID,Name,Surname,Gender,Birth_Date,Recruitment_Date,Organization_ID) VALUES ("3119107", "Χάρη", "Νάντσου", "Other", "1966-08-02", "2020-03-05", "3119025");
INSERT INTO Researcher (Researcher_ID,Name,Surname,Gender,Birth_Date,Recruitment_Date,Organization_ID) VALUES ("3119108", "Παναγιώτης", "Θεοδωρικάκος", "Male", "1990-12-09", "2020-06-14", "3119003");
INSERT INTO Researcher (Researcher_ID,Name,Surname,Gender,Birth_Date,Recruitment_Date,Organization_ID) VALUES ("3119109", "Τηλεμαχος", "Ross", "Female", "1996-07-02", "2020-04-06", "3119003");
INSERT INTO Researcher (Researcher_ID,Name,Surname,Gender,Birth_Date,Recruitment_Date,Organization_ID) VALUES ("3119110", "Αλίκη", "Κασούτσας", "Other", "1968-05-31", "2021-10-28", "3119026");
INSERT INTO Researcher (Researcher_ID,Name,Surname,Gender,Birth_Date,Recruitment_Date,Organization_ID) VALUES ("3119111", "Michael", "Flores", "Male", "1984-07-28", "2020-05-01", "3119029");
INSERT INTO Researcher (Researcher_ID,Name,Surname,Gender,Birth_Date,Recruitment_Date,Organization_ID) VALUES ("3119112", "Ann", "Johnson", "Female", "1965-09-22", "2021-04-25", "3119044");
INSERT INTO Researcher (Researcher_ID,Name,Surname,Gender,Birth_Date,Recruitment_Date,Organization_ID) VALUES ("3119113", "Λέων", "Σωτηροπούλου", "Other", "1997-09-03", "2022-04-29", "3119014");
INSERT INTO Researcher (Researcher_ID,Name,Surname,Gender,Birth_Date,Recruitment_Date,Organization_ID) VALUES ("3119114", "Ιγνάτιος", "Hernandez", "Male", "1986-03-10", "2021-05-09", "3119011");
INSERT INTO Researcher (Researcher_ID,Name,Surname,Gender,Birth_Date,Recruitment_Date,Organization_ID) VALUES ("3119115", "Maria", "Δουκίδου", "Female", "1996-10-01", "2021-09-13", "3119024");
INSERT INTO Researcher (Researcher_ID,Name,Surname,Gender,Birth_Date,Recruitment_Date,Organization_ID) VALUES ("3119116", "Rhonda", "Bradford", "Other", "1991-10-02", "2020-01-05", "3119042");
INSERT INTO Researcher (Researcher_ID,Name,Surname,Gender,Birth_Date,Recruitment_Date,Organization_ID) VALUES ("3119117", "Adrian", "Ευκαρπίδης", "Male", "1989-10-15", "2020-09-29", "3119037");
INSERT INTO Researcher (Researcher_ID,Name,Surname,Gender,Birth_Date,Recruitment_Date,Organization_ID) VALUES ("3119118", "Ανανίας", "Ταχμαζίδης", "Female", "1973-01-11", "2022-01-10", "3119006");
INSERT INTO Researcher (Researcher_ID,Name,Surname,Gender,Birth_Date,Recruitment_Date,Organization_ID) VALUES ("3119119", "Αριστομένης", "Κοτσινά", "Other", "2001-09-25", "2021-04-01", "3119037");
INSERT INTO Researcher (Researcher_ID,Name,Surname,Gender,Birth_Date,Recruitment_Date,Organization_ID) VALUES ("3119120", "Ελένη", "Δαρδιώτη", "Male", "1997-07-28", "2020-11-15", "3119004");
INSERT INTO Researcher (Researcher_ID,Name,Surname,Gender,Birth_Date,Recruitment_Date,Organization_ID) VALUES ("3119121", "John", "Ramos", "Female", "1987-02-22", "2021-09-25", "3119037");
INSERT INTO Researcher (Researcher_ID,Name,Surname,Gender,Birth_Date,Recruitment_Date,Organization_ID) VALUES ("3119122", "Zachary", "Glover", "Other", "1977-06-11", "2022-05-19", "3119005");
INSERT INTO Researcher (Researcher_ID,Name,Surname,Gender,Birth_Date,Recruitment_Date,Organization_ID) VALUES ("3119123", "Αθανασία", "Καραγρηγορίου", "Male", "1982-05-19", "2021-12-17", "3119042");
INSERT INTO Researcher (Researcher_ID,Name,Surname,Gender,Birth_Date,Recruitment_Date,Organization_ID) VALUES ("3119124", "Γκίκας", "Collins", "Female", "1998-08-26", "2021-05-18", "3119014");
INSERT INTO Researcher (Researcher_ID,Name,Surname,Gender,Birth_Date,Recruitment_Date,Organization_ID) VALUES ("3119125", "Πολυκράτης", "Harmon", "Other", "1982-02-07", "2022-03-12", "3119016");
INSERT INTO Researcher (Researcher_ID,Name,Surname,Gender,Birth_Date,Recruitment_Date,Organization_ID) VALUES ("3119126", "Μελίνα", "Rodriguez", "Male", "1994-10-02", "2022-03-07", "3119036");
INSERT INTO Researcher (Researcher_ID,Name,Surname,Gender,Birth_Date,Recruitment_Date,Organization_ID) VALUES ("3119127", "Χαραλαμπία", "Marquez", "Female", "1974-07-15", "2021-09-14", "3119022");
INSERT INTO Researcher (Researcher_ID,Name,Surname,Gender,Birth_Date,Recruitment_Date,Organization_ID) VALUES ("3119128", "Σπυράννα", "Μπακοστεργίου", "Other", "1977-07-11", "2021-02-28", "3119029");
INSERT INTO Researcher (Researcher_ID,Name,Surname,Gender,Birth_Date,Recruitment_Date,Organization_ID) VALUES ("3119129", "Martin", "Βιολάτος", "Male", "1988-07-04", "2020-03-12", "3119033");
INSERT INTO Researcher (Researcher_ID,Name,Surname,Gender,Birth_Date,Recruitment_Date,Organization_ID) VALUES ("3119130", "Jack", "Φειδερόπουλος", "Female", "1963-06-25", "2020-01-06", "3119015");
INSERT INTO Researcher (Researcher_ID,Name,Surname,Gender,Birth_Date,Recruitment_Date,Organization_ID) VALUES ("3119131", "Michelle", "Χρήστου", "Other", "1994-11-01", "2020-09-07", "3119009");
INSERT INTO Researcher (Researcher_ID,Name,Surname,Gender,Birth_Date,Recruitment_Date,Organization_ID) VALUES ("3119132", "Ασημής", "Κιοσές", "Male", "1996-11-23", "2020-12-25", "3119045");
INSERT INTO Researcher (Researcher_ID,Name,Surname,Gender,Birth_Date,Recruitment_Date,Organization_ID) VALUES ("3119133", "Jonathan", "Νικουλής", "Female", "1999-01-28", "2022-02-27", "3119025");
INSERT INTO Researcher (Researcher_ID,Name,Surname,Gender,Birth_Date,Recruitment_Date,Organization_ID) VALUES ("3119134", "Michele", "Μαυρίδου", "Other", "1991-06-30", "2020-02-25", "3119047");
INSERT INTO Researcher (Researcher_ID,Name,Surname,Gender,Birth_Date,Recruitment_Date,Organization_ID) VALUES ("3119135", "Nicole", "Σταματιάδης", "Male", "1980-01-18", "2020-08-13", "3119047");
INSERT INTO Researcher (Researcher_ID,Name,Surname,Gender,Birth_Date,Recruitment_Date,Organization_ID) VALUES ("3119136", "Pamela", "Λαλαούνη", "Female", "1973-05-20", "2020-08-01", "3119041");
INSERT INTO Researcher (Researcher_ID,Name,Surname,Gender,Birth_Date,Recruitment_Date,Organization_ID) VALUES ("3119137", "Μαντώ", "Robinson", "Other", "1988-08-10", "2020-01-17", "3119012");
INSERT INTO Researcher (Researcher_ID,Name,Surname,Gender,Birth_Date,Recruitment_Date,Organization_ID) VALUES ("3119138", "Αταλάντη", "Τουλάκη", "Male", "1982-08-05", "2020-09-14", "3119024");
INSERT INTO Researcher (Researcher_ID,Name,Surname,Gender,Birth_Date,Recruitment_Date,Organization_ID) VALUES ("3119139", "Ανάργυρη", "Γκικόπουλος", "Female", "1969-01-17", "2021-10-17", "3119030");
INSERT INTO Researcher (Researcher_ID,Name,Surname,Gender,Birth_Date,Recruitment_Date,Organization_ID) VALUES ("3119140", "Μακρίνα", "Williamson", "Other", "1978-07-02", "2021-11-25", "3119029");
INSERT INTO Researcher (Researcher_ID,Name,Surname,Gender,Birth_Date,Recruitment_Date,Organization_ID) VALUES ("3119141", "Brittany", "Τσουράκη", "Male", "1984-02-16", "2022-05-08", "3119014");
INSERT INTO Researcher (Researcher_ID,Name,Surname,Gender,Birth_Date,Recruitment_Date,Organization_ID) VALUES ("3119142", "Lauren", "Κορδατζής", "Female", "1962-09-20", "2021-12-28", "3119029");
INSERT INTO Researcher (Researcher_ID,Name,Surname,Gender,Birth_Date,Recruitment_Date,Organization_ID) VALUES ("3119143", "Κώστας", "Johnson", "Other", "1979-05-14", "2021-10-02", "3119029");
INSERT INTO Researcher (Researcher_ID,Name,Surname,Gender,Birth_Date,Recruitment_Date,Organization_ID) VALUES ("3119144", "Shawn", "Ισάρης", "Male", "1994-08-10", "2020-03-22", "3119006");
INSERT INTO Researcher (Researcher_ID,Name,Surname,Gender,Birth_Date,Recruitment_Date,Organization_ID) VALUES ("3119145", "Nathan", "Palmer", "Female", "1993-09-19", "2021-05-17", "3119039");
INSERT INTO Researcher (Researcher_ID,Name,Surname,Gender,Birth_Date,Recruitment_Date,Organization_ID) VALUES ("3119146", "Αιμιλία", "Ασλανίδου", "Other", "1984-11-01", "2020-06-06", "3119032");
INSERT INTO Researcher (Researcher_ID,Name,Surname,Gender,Birth_Date,Recruitment_Date,Organization_ID) VALUES ("3119147", "Νικολίτσα", "Κωστίδης", "Male", "1999-10-04", "2020-05-09", "3119019");
INSERT INTO Researcher (Researcher_ID,Name,Surname,Gender,Birth_Date,Recruitment_Date,Organization_ID) VALUES ("3119148", "Ελέσσα", "Χολέβα", "Female", "1988-01-26", "2022-05-03", "3119019");
INSERT INTO Researcher (Researcher_ID,Name,Surname,Gender,Birth_Date,Recruitment_Date,Organization_ID) VALUES ("3119149", "Αγαθάγγελος", "Ανδρεανίδης", "Other", "1985-01-09", "2021-04-10", "3119015");
INSERT INTO Researcher (Researcher_ID,Name,Surname,Gender,Birth_Date,Recruitment_Date,Organization_ID) VALUES ("3119150", "Sarah", "Οικονομοπούλου", "Male", "1972-07-04", "2020-04-12", "3119013");
INSERT INTO Researcher (Researcher_ID,Name,Surname,Gender,Birth_Date,Recruitment_Date,Organization_ID) VALUES ("3119151", "Ρούσα", "Carr", "Female", "1974-08-14", "2020-02-07", "3119026");
INSERT INTO Researcher (Researcher_ID,Name,Surname,Gender,Birth_Date,Recruitment_Date,Organization_ID) VALUES ("3119152", "Rhonda", "Δρακουλή", "Other", "2000-09-29", "2021-04-22", "3119026");
INSERT INTO Researcher (Researcher_ID,Name,Surname,Gender,Birth_Date,Recruitment_Date,Organization_ID) VALUES ("3119153", "Μόσχα", "Myers", "Male", "2001-07-21", "2021-02-12", "3119029");
INSERT INTO Researcher (Researcher_ID,Name,Surname,Gender,Birth_Date,Recruitment_Date,Organization_ID) VALUES ("3119154", "Καλλιρρόη", "Smith", "Female", "1980-02-13", "2022-02-21", "3119038");
INSERT INTO Researcher (Researcher_ID,Name,Surname,Gender,Birth_Date,Recruitment_Date,Organization_ID) VALUES ("3119155", "Joseph", "Foley", "Other", "1961-08-14", "2020-05-05", "3119017");
INSERT INTO Researcher (Researcher_ID,Name,Surname,Gender,Birth_Date,Recruitment_Date,Organization_ID) VALUES ("3119156", "Lori", "Εσπερίδης", "Male", "1976-10-22", "2022-01-25", "3119034");
INSERT INTO Researcher (Researcher_ID,Name,Surname,Gender,Birth_Date,Recruitment_Date,Organization_ID) VALUES ("3119157", "Φιλήμων", "Ζαχαρίου", "Female", "1967-09-01", "2020-05-28", "3119013");
INSERT INTO Researcher (Researcher_ID,Name,Surname,Gender,Birth_Date,Recruitment_Date,Organization_ID) VALUES ("3119158", "Wayne", "Καφαντάρη", "Other", "1994-07-20", "2020-09-29", "3119009");
INSERT INTO Researcher (Researcher_ID,Name,Surname,Gender,Birth_Date,Recruitment_Date,Organization_ID) VALUES ("3119159", "Αταλάντη", "Cunningham", "Male", "1973-12-25", "2021-08-09", "3119020");
INSERT INTO Researcher (Researcher_ID,Name,Surname,Gender,Birth_Date,Recruitment_Date,Organization_ID) VALUES ("3119160", "Ευφροσύνη", "Κακαβός", "Female", "1971-01-06", "2022-04-22", "3119026");
INSERT INTO Researcher (Researcher_ID,Name,Surname,Gender,Birth_Date,Recruitment_Date,Organization_ID) VALUES ("3119161", "Λητώ", "Σταμέλου", "Other", "1998-09-09", "2021-10-05", "3119002");
INSERT INTO Researcher (Researcher_ID,Name,Surname,Gender,Birth_Date,Recruitment_Date,Organization_ID) VALUES ("3119162", "Ruth", "Ταμιωλάκης", "Male", "1972-01-02", "2021-11-04", "3119002");
INSERT INTO Researcher (Researcher_ID,Name,Surname,Gender,Birth_Date,Recruitment_Date,Organization_ID) VALUES ("3119163", "Φιλίππα", "Δεσύλλας", "Female", "1980-08-23", "2020-12-18", "3119047");
INSERT INTO Researcher (Researcher_ID,Name,Surname,Gender,Birth_Date,Recruitment_Date,Organization_ID) VALUES ("3119164", "Cynthia", "Σακελλαρίου", "Other", "1980-01-07", "2020-06-05", "3119031");
INSERT INTO Researcher (Researcher_ID,Name,Surname,Gender,Birth_Date,Recruitment_Date,Organization_ID) VALUES ("3119165", "Christopher", "Webb", "Male", "1986-06-23", "2021-12-24", "3119015");
INSERT INTO Researcher (Researcher_ID,Name,Surname,Gender,Birth_Date,Recruitment_Date,Organization_ID) VALUES ("3119166", "Tim", "Hendrix", "Female", "1973-05-28", "2021-10-04", "3119045");
INSERT INTO Researcher (Researcher_ID,Name,Surname,Gender,Birth_Date,Recruitment_Date,Organization_ID) VALUES ("3119167", "Φοίβος", "Αγγελής", "Other", "1968-06-12", "2020-05-28", "3119046");
INSERT INTO Researcher (Researcher_ID,Name,Surname,Gender,Birth_Date,Recruitment_Date,Organization_ID) VALUES ("3119168", "Αντιγόνη", "Κυρκούδη", "Male", "1994-03-09", "2021-01-27", "3119030");
INSERT INTO Researcher (Researcher_ID,Name,Surname,Gender,Birth_Date,Recruitment_Date,Organization_ID) VALUES ("3119169", "Πλάτων", "Ξενάκη", "Female", "1969-12-01", "2021-01-12", "3119042");
INSERT INTO Researcher (Researcher_ID,Name,Surname,Gender,Birth_Date,Recruitment_Date,Organization_ID) VALUES ("3119170", "Jeremy", "Sanchez", "Other", "1984-10-20", "2020-08-31", "3119038");
INSERT INTO Researcher (Researcher_ID,Name,Surname,Gender,Birth_Date,Recruitment_Date,Organization_ID) VALUES ("3119171", "Βαρθολομαίος", "Lucas", "Male", "1968-02-19", "2020-03-30", "3119037");
INSERT INTO Researcher (Researcher_ID,Name,Surname,Gender,Birth_Date,Recruitment_Date,Organization_ID) VALUES ("3119172", "Alexis", "Σιώρης", "Female", "1986-11-29", "2020-01-05", "3119018");
INSERT INTO Researcher (Researcher_ID,Name,Surname,Gender,Birth_Date,Recruitment_Date,Organization_ID) VALUES ("3119173", "Σαλώμη", "Jackson", "Other", "1985-12-08", "2020-12-30", "3119017");
INSERT INTO Researcher (Researcher_ID,Name,Surname,Gender,Birth_Date,Recruitment_Date,Organization_ID) VALUES ("3119174", "Πίνδαρος", "Burns", "Male", "1989-01-28", "2020-08-10", "3119034");
INSERT INTO Researcher (Researcher_ID,Name,Surname,Gender,Birth_Date,Recruitment_Date,Organization_ID) VALUES ("3119175", "Βάιος", "Σάουερ", "Female", "1974-08-04", "2021-10-20", "3119007");
INSERT INTO Researcher (Researcher_ID,Name,Surname,Gender,Birth_Date,Recruitment_Date,Organization_ID) VALUES ("3119176", "Αλεξία", "Ρέππα", "Other", "1975-07-31", "2021-09-19", "3119019");
INSERT INTO Researcher (Researcher_ID,Name,Surname,Gender,Birth_Date,Recruitment_Date,Organization_ID) VALUES ("3119177", "Keith", "Γραμματικόπουλος", "Male", "1961-08-26", "2022-01-02", "3119011");
INSERT INTO Researcher (Researcher_ID,Name,Surname,Gender,Birth_Date,Recruitment_Date,Organization_ID) VALUES ("3119178", "Larry", "Carson", "Female", "1967-12-03", "2022-04-14", "3119014");
INSERT INTO Researcher (Researcher_ID,Name,Surname,Gender,Birth_Date,Recruitment_Date,Organization_ID) VALUES ("3119179", "Ευπραξία", "Hawkins", "Other", "2000-03-04", "2021-01-02", "3119002");
INSERT INTO Researcher (Researcher_ID,Name,Surname,Gender,Birth_Date,Recruitment_Date,Organization_ID) VALUES ("3119180", "Βικέντιος", "Κυρκούδη", "Male", "1987-01-28", "2022-04-22", "3119044");
INSERT INTO Researcher (Researcher_ID,Name,Surname,Gender,Birth_Date,Recruitment_Date,Organization_ID) VALUES ("3119181", "George", "Chapman", "Female", "1996-08-27", "2020-05-04", "3119046");
INSERT INTO Researcher (Researcher_ID,Name,Surname,Gender,Birth_Date,Recruitment_Date,Organization_ID) VALUES ("3119182", "Stephen", "Κουκλατζής", "Other", "1967-11-12", "2021-04-13", "3119011");
INSERT INTO Researcher (Researcher_ID,Name,Surname,Gender,Birth_Date,Recruitment_Date,Organization_ID) VALUES ("3119183", "Michael", "King", "Male", "1991-12-28", "2022-03-16", "3119025");
INSERT INTO Researcher (Researcher_ID,Name,Surname,Gender,Birth_Date,Recruitment_Date,Organization_ID) VALUES ("3119184", "Περικλεία", "Παντίσκα", "Female", "1983-09-10", "2021-04-13", "3119013");
INSERT INTO Researcher (Researcher_ID,Name,Surname,Gender,Birth_Date,Recruitment_Date,Organization_ID) VALUES ("3119185", "Ιακωβίνα", "Eaton", "Other", "1968-08-04", "2022-05-28", "3119036");
INSERT INTO Researcher (Researcher_ID,Name,Surname,Gender,Birth_Date,Recruitment_Date,Organization_ID) VALUES ("3119186", "Justin", "Armstrong", "Male", "1970-04-03", "2021-06-12", "3119017");
INSERT INTO Researcher (Researcher_ID,Name,Surname,Gender,Birth_Date,Recruitment_Date,Organization_ID) VALUES ("3119187", "Λαέρτης", "Κατιρτζής", "Female", "1970-03-21", "2021-06-15", "3119017");
INSERT INTO Researcher (Researcher_ID,Name,Surname,Gender,Birth_Date,Recruitment_Date,Organization_ID) VALUES ("3119188", "Karen", "Νάσσου", "Other", "1977-03-05", "2022-05-06", "3119017");
INSERT INTO Researcher (Researcher_ID,Name,Surname,Gender,Birth_Date,Recruitment_Date,Organization_ID) VALUES ("3119189", "Στέλλιος", "Estes", "Male", "2000-05-21", "2021-01-10", "3119028");
INSERT INTO Researcher (Researcher_ID,Name,Surname,Gender,Birth_Date,Recruitment_Date,Organization_ID) VALUES ("3119190", "Δόμνα", "Butler", "Female", "2000-10-24", "2021-01-09", "3119040");
INSERT INTO Researcher (Researcher_ID,Name,Surname,Gender,Birth_Date,Recruitment_Date,Organization_ID) VALUES ("3119191", "Ισαάκ", "Hunter", "Other", "1984-03-29", "2021-12-18", "3119046");
INSERT INTO Researcher (Researcher_ID,Name,Surname,Gender,Birth_Date,Recruitment_Date,Organization_ID) VALUES ("3119192", "Παυλίνα", "Δαμήλου", "Male", "1971-09-22", "2021-01-08", "3119032");
INSERT INTO Researcher (Researcher_ID,Name,Surname,Gender,Birth_Date,Recruitment_Date,Organization_ID) VALUES ("3119193", "Αθανασία", "Ayala", "Female", "1998-05-17", "2021-07-03", "3119012");
INSERT INTO Researcher (Researcher_ID,Name,Surname,Gender,Birth_Date,Recruitment_Date,Organization_ID) VALUES ("3119194", "Tonya", "Κομκούδης", "Other", "1994-06-15", "2021-06-03", "3119022");
INSERT INTO Researcher (Researcher_ID,Name,Surname,Gender,Birth_Date,Recruitment_Date,Organization_ID) VALUES ("3119195", "Ορέστης", "Αλεξοπούλου", "Male", "2001-04-15", "2020-06-22", "3119039");
INSERT INTO Researcher (Researcher_ID,Name,Surname,Gender,Birth_Date,Recruitment_Date,Organization_ID) VALUES ("3119196", "Ρωμανός", "Moses", "Female", "1988-02-02", "2020-05-31", "3119036");
INSERT INTO Researcher (Researcher_ID,Name,Surname,Gender,Birth_Date,Recruitment_Date,Organization_ID) VALUES ("3119197", "Άρτεμις", "Μυλωνάς", "Other", "1981-12-29", "2022-01-17", "3119022");
INSERT INTO Researcher (Researcher_ID,Name,Surname,Gender,Birth_Date,Recruitment_Date,Organization_ID) VALUES ("3119198", "Nathan", "Γκικόπουλος", "Male", "1972-07-27", "2021-08-01", "3119033");
INSERT INTO Researcher (Researcher_ID,Name,Surname,Gender,Birth_Date,Recruitment_Date,Organization_ID) VALUES ("3119199", "Margaret", "Johnson", "Female", "1969-09-22", "2020-09-27", "3119036");
INSERT INTO Researcher (Researcher_ID,Name,Surname,Gender,Birth_Date,Recruitment_Date,Organization_ID) VALUES ("3119200", "Michael", "Oneill", "Other", "1981-08-05", "2021-09-27", "3119000");
INSERT INTO Researcher (Researcher_ID,Name,Surname,Gender,Birth_Date,Recruitment_Date,Organization_ID) VALUES ("3119201", "Dillon", "Μαυρογονάτος", "Male", "1986-10-02", "2020-05-28", "3119044");
INSERT INTO Researcher (Researcher_ID,Name,Surname,Gender,Birth_Date,Recruitment_Date,Organization_ID) VALUES ("3119202", "Ευθύμιος", "Ραχωβίτσας", "Female", "1997-01-24", "2021-07-06", "3119019");
INSERT INTO Researcher (Researcher_ID,Name,Surname,Gender,Birth_Date,Recruitment_Date,Organization_ID) VALUES ("3119203", "David", "Stewart", "Other", "1985-09-19", "2020-08-21", "3119048");
INSERT INTO Researcher (Researcher_ID,Name,Surname,Gender,Birth_Date,Recruitment_Date,Organization_ID) VALUES ("3119204", "Robert", "Τσοπανίδης", "Male", "1982-06-13", "2021-06-08", "3119026");
INSERT INTO Researcher (Researcher_ID,Name,Surname,Gender,Birth_Date,Recruitment_Date,Organization_ID) VALUES ("3119205", "Frank", "Νικολάου", "Female", "1999-10-08", "2021-02-21", "3119032");
INSERT INTO Researcher (Researcher_ID,Name,Surname,Gender,Birth_Date,Recruitment_Date,Organization_ID) VALUES ("3119206", "Brandon", "Simmons", "Other", "1989-08-20", "2020-12-27", "3119040");
INSERT INTO Researcher (Researcher_ID,Name,Surname,Gender,Birth_Date,Recruitment_Date,Organization_ID) VALUES ("3119207", "Θέτις", "Τζιάρας", "Male", "1961-12-25", "2020-10-05", "3119048");
INSERT INTO Researcher (Researcher_ID,Name,Surname,Gender,Birth_Date,Recruitment_Date,Organization_ID) VALUES ("3119208", "Sarah", "Βουτσινά", "Female", "1964-02-10", "2021-11-17", "3119036");
INSERT INTO Researcher (Researcher_ID,Name,Surname,Gender,Birth_Date,Recruitment_Date,Organization_ID) VALUES ("3119209", "Peter", "Σοκολάκη", "Other", "1975-05-14", "2021-04-30", "3119000");
INSERT INTO Researcher (Researcher_ID,Name,Surname,Gender,Birth_Date,Recruitment_Date,Organization_ID) VALUES ("3119210", "Sharon", "Hernandez", "Male", "1978-06-12", "2021-04-21", "3119043");
INSERT INTO Researcher (Researcher_ID,Name,Surname,Gender,Birth_Date,Recruitment_Date,Organization_ID) VALUES ("3119211", "Πελαγία", "Μαμαλά", "Female", "1966-04-10", "2022-05-29", "3119038");
INSERT INTO Researcher (Researcher_ID,Name,Surname,Gender,Birth_Date,Recruitment_Date,Organization_ID) VALUES ("3119212", "Steven", "Δελή", "Other", "1969-11-17", "2021-04-26", "3119016");
INSERT INTO Researcher (Researcher_ID,Name,Surname,Gender,Birth_Date,Recruitment_Date,Organization_ID) VALUES ("3119213", "Beth", "Lopez", "Male", "1992-04-03", "2020-06-24", "3119009");
INSERT INTO Researcher (Researcher_ID,Name,Surname,Gender,Birth_Date,Recruitment_Date,Organization_ID) VALUES ("3119214", "Richard", "Μπερμπατιώτης", "Female", "1986-02-16", "2021-05-21", "3119005");
INSERT INTO Researcher (Researcher_ID,Name,Surname,Gender,Birth_Date,Recruitment_Date,Organization_ID) VALUES ("3119215", "Marc", "Parker", "Other", "1994-09-17", "2021-07-24", "3119012");
INSERT INTO Researcher (Researcher_ID,Name,Surname,Gender,Birth_Date,Recruitment_Date,Organization_ID) VALUES ("3119216", "Tom", "Σοκολάκη", "Male", "1992-10-13", "2021-12-10", "3119029");
INSERT INTO Researcher (Researcher_ID,Name,Surname,Gender,Birth_Date,Recruitment_Date,Organization_ID) VALUES ("3119217", "Μαύρα", "Jones", "Female", "1962-07-23", "2020-05-02", "3119035");
INSERT INTO Researcher (Researcher_ID,Name,Surname,Gender,Birth_Date,Recruitment_Date,Organization_ID) VALUES ("3119218", "Lindsay", "Mejia", "Other", "1964-06-13", "2020-02-13", "3119039");
INSERT INTO Researcher (Researcher_ID,Name,Surname,Gender,Birth_Date,Recruitment_Date,Organization_ID) VALUES ("3119219", "Darin", "Αργυροπούλου", "Male", "1965-06-20", "2020-07-22", "3119018");
INSERT INTO Researcher (Researcher_ID,Name,Surname,Gender,Birth_Date,Recruitment_Date,Organization_ID) VALUES ("3119220", "John", "Copeland", "Female", "1989-08-06", "2021-10-17", "3119001");
INSERT INTO Researcher (Researcher_ID,Name,Surname,Gender,Birth_Date,Recruitment_Date,Organization_ID) VALUES ("3119221", "Ευανθία", "Gentry", "Other", "1990-03-15", "2020-09-22", "3119022");
INSERT INTO Researcher (Researcher_ID,Name,Surname,Gender,Birth_Date,Recruitment_Date,Organization_ID) VALUES ("3119222", "Tina", "Τσικρίκα", "Male", "1980-05-07", "2020-05-27", "3119048");
INSERT INTO Researcher (Researcher_ID,Name,Surname,Gender,Birth_Date,Recruitment_Date,Organization_ID) VALUES ("3119223", "Χρυσοβαλάντιος", "Garcia", "Female", "1995-06-29", "2020-08-14", "3119016");
INSERT INTO Researcher (Researcher_ID,Name,Surname,Gender,Birth_Date,Recruitment_Date,Organization_ID) VALUES ("3119224", "Tonya", "Young", "Other", "2001-04-02", "2021-11-18", "3119010");
INSERT INTO Researcher (Researcher_ID,Name,Surname,Gender,Birth_Date,Recruitment_Date,Organization_ID) VALUES ("3119225", "Katrina", "Castro", "Male", "1968-09-05", "2020-08-09", "3119032");
INSERT INTO Researcher (Researcher_ID,Name,Surname,Gender,Birth_Date,Recruitment_Date,Organization_ID) VALUES ("3119226", "Γιασεμή", "Καραγρηγορίου", "Female", "1971-05-30", "2021-02-09", "3119044");
INSERT INTO Researcher (Researcher_ID,Name,Surname,Gender,Birth_Date,Recruitment_Date,Organization_ID) VALUES ("3119227", "Ταξίαρχος", "Graham", "Other", "1994-10-24", "2022-03-21", "3119025");
INSERT INTO Researcher (Researcher_ID,Name,Surname,Gender,Birth_Date,Recruitment_Date,Organization_ID) VALUES ("3119228", "Παντελία", "Μηλιάκη", "Male", "1999-05-18", "2021-10-17", "3119020");
INSERT INTO Researcher (Researcher_ID,Name,Surname,Gender,Birth_Date,Recruitment_Date,Organization_ID) VALUES ("3119229", "Αφροδίτη", "Benson", "Female", "1968-05-28", "2020-02-07", "3119005");
INSERT INTO Researcher (Researcher_ID,Name,Surname,Gender,Birth_Date,Recruitment_Date,Organization_ID) VALUES ("3119230", "Σεβαστιανός", "Βιτσαξής", "Other", "1975-10-13", "2020-02-17", "3119025");
INSERT INTO Researcher (Researcher_ID,Name,Surname,Gender,Birth_Date,Recruitment_Date,Organization_ID) VALUES ("3119231", "Δαμασκηνός", "Βαβουράκης", "Male", "2001-12-08", "2021-12-21", "3119003");
INSERT INTO Researcher (Researcher_ID,Name,Surname,Gender,Birth_Date,Recruitment_Date,Organization_ID) VALUES ("3119232", "Julie", "Griffin", "Female", "1976-06-01", "2020-12-31", "3119035");
INSERT INTO Researcher (Researcher_ID,Name,Surname,Gender,Birth_Date,Recruitment_Date,Organization_ID) VALUES ("3119233", "Jennifer", "Chen", "Other", "1989-05-12", "2021-11-17", "3119040");
INSERT INTO Researcher (Researcher_ID,Name,Surname,Gender,Birth_Date,Recruitment_Date,Organization_ID) VALUES ("3119234", "Erica", "Μεϊμάρης", "Male", "1989-12-23", "2022-03-16", "3119020");
INSERT INTO Researcher (Researcher_ID,Name,Surname,Gender,Birth_Date,Recruitment_Date,Organization_ID) VALUES ("3119235", "Brandy", "Λουλάκης", "Female", "1980-01-14", "2020-05-11", "3119013");
INSERT INTO Researcher (Researcher_ID,Name,Surname,Gender,Birth_Date,Recruitment_Date,Organization_ID) VALUES ("3119236", "Ξανθός", "Τσαμπούρη", "Other", "1964-08-12", "2022-03-21", "3119007");
INSERT INTO Researcher (Researcher_ID,Name,Surname,Gender,Birth_Date,Recruitment_Date,Organization_ID) VALUES ("3119237", "Υάκινθος", "Ball", "Male", "1997-03-17", "2022-04-21", "3119032");
INSERT INTO Researcher (Researcher_ID,Name,Surname,Gender,Birth_Date,Recruitment_Date,Organization_ID) VALUES ("3119238", "Ζαχαρένια", "Ζώη", "Female", "1997-07-09", "2020-08-19", "3119003");
INSERT INTO Researcher (Researcher_ID,Name,Surname,Gender,Birth_Date,Recruitment_Date,Organization_ID) VALUES ("3119239", "Βαλεντίνος", "Δαγλή", "Other", "1988-03-25", "2021-07-22", "3119005");
INSERT INTO Researcher (Researcher_ID,Name,Surname,Gender,Birth_Date,Recruitment_Date,Organization_ID) VALUES ("3119240", "Stephanie", "Valdez", "Male", "1974-12-31", "2021-10-13", "3119009");
INSERT INTO Researcher (Researcher_ID,Name,Surname,Gender,Birth_Date,Recruitment_Date,Organization_ID) VALUES ("3119241", "Jon", "Rowe", "Female", "1986-12-24", "2021-03-11", "3119010");
INSERT INTO Researcher (Researcher_ID,Name,Surname,Gender,Birth_Date,Recruitment_Date,Organization_ID) VALUES ("3119242", "Curtis", "Δανιηλίδης", "Other", "1985-01-25", "2020-12-02", "3119015");
INSERT INTO Researcher (Researcher_ID,Name,Surname,Gender,Birth_Date,Recruitment_Date,Organization_ID) VALUES ("3119243", "Αθηνόδωρος", "Ραδιοπούλου", "Male", "1984-12-18", "2021-12-17", "3119028");
INSERT INTO Researcher (Researcher_ID,Name,Surname,Gender,Birth_Date,Recruitment_Date,Organization_ID) VALUES ("3119244", "Ράλλης", "Μαστραγγελή", "Female", "1998-06-08", "2020-01-25", "3119038");
INSERT INTO Researcher (Researcher_ID,Name,Surname,Gender,Birth_Date,Recruitment_Date,Organization_ID) VALUES ("3119245", "Michael", "Duke", "Other", "1967-02-27", "2022-01-31", "3119003");
INSERT INTO Researcher (Researcher_ID,Name,Surname,Gender,Birth_Date,Recruitment_Date,Organization_ID) VALUES ("3119246", "Valerie", "Καραμσαλής", "Male", "2002-02-08", "2022-05-24", "3119038");
INSERT INTO Researcher (Researcher_ID,Name,Surname,Gender,Birth_Date,Recruitment_Date,Organization_ID) VALUES ("3119247", "Δημοκράτης", "Σφούνης", "Female", "1974-07-29", "2022-05-17", "3119009");
INSERT INTO Researcher (Researcher_ID,Name,Surname,Gender,Birth_Date,Recruitment_Date,Organization_ID) VALUES ("3119248", "Gregory", "Flynn", "Other", "1986-07-13", "2020-08-17", "3119010");
INSERT INTO Researcher (Researcher_ID,Name,Surname,Gender,Birth_Date,Recruitment_Date,Organization_ID) VALUES ("3119249", "Mary", "Φιλίππου", "Male", "1961-11-06", "2020-06-14", "3119025");
INSERT INTO Researcher (Researcher_ID,Name,Surname,Gender,Birth_Date,Recruitment_Date,Organization_ID) VALUES ("3119250", "Jessica", "Χατζαντώνης", "Female", "1964-05-29", "2021-08-17", "3119047");
INSERT INTO Researcher (Researcher_ID,Name,Surname,Gender,Birth_Date,Recruitment_Date,Organization_ID) VALUES ("3119251", "Αντίγονος", "Αποστολάκης", "Other", "1975-07-16", "2021-10-27", "3119012");
INSERT INTO Researcher (Researcher_ID,Name,Surname,Gender,Birth_Date,Recruitment_Date,Organization_ID) VALUES ("3119252", "Jessica", "Crane", "Male", "1975-07-12", "2020-05-19", "3119000");
INSERT INTO Researcher (Researcher_ID,Name,Surname,Gender,Birth_Date,Recruitment_Date,Organization_ID) VALUES ("3119253", "Ξανθίππη", "Mitchell", "Female", "1982-02-12", "2020-06-22", "3119006");
INSERT INTO Researcher (Researcher_ID,Name,Surname,Gender,Birth_Date,Recruitment_Date,Organization_ID) VALUES ("3119254", "Robert", "Τσουκνίδας", "Other", "1973-02-10", "2020-02-15", "3119035");
INSERT INTO Researcher (Researcher_ID,Name,Surname,Gender,Birth_Date,Recruitment_Date,Organization_ID) VALUES ("3119255", "Ερμής", "Foster", "Male", "1986-12-28", "2021-07-14", "3119016");
INSERT INTO Researcher (Researcher_ID,Name,Surname,Gender,Birth_Date,Recruitment_Date,Organization_ID) VALUES ("3119256", "Amber", "Boyd", "Female", "1980-11-18", "2021-12-06", "3119031");
INSERT INTO Researcher (Researcher_ID,Name,Surname,Gender,Birth_Date,Recruitment_Date,Organization_ID) VALUES ("3119257", "Νίκη", "Ντόβας", "Other", "1998-12-13", "2020-09-10", "3119035");
INSERT INTO Researcher (Researcher_ID,Name,Surname,Gender,Birth_Date,Recruitment_Date,Organization_ID) VALUES ("3119258", "Edward", "Lyons", "Male", "1990-10-21", "2020-11-01", "3119006");
INSERT INTO Researcher (Researcher_ID,Name,Surname,Gender,Birth_Date,Recruitment_Date,Organization_ID) VALUES ("3119259", "Κοσμάς", "Morrow", "Female", "1981-06-26", "2020-02-11", "3119027");
INSERT INTO Researcher (Researcher_ID,Name,Surname,Gender,Birth_Date,Recruitment_Date,Organization_ID) VALUES ("3119260", "Αγάπιος", "Τσαμπούρη", "Other", "1987-04-03", "2020-12-08", "3119041");
INSERT INTO Researcher (Researcher_ID,Name,Surname,Gender,Birth_Date,Recruitment_Date,Organization_ID) VALUES ("3119261", "Κλειώ", "Austin", "Male", "1997-01-21", "2022-03-31", "3119010");
INSERT INTO Researcher (Researcher_ID,Name,Surname,Gender,Birth_Date,Recruitment_Date,Organization_ID) VALUES ("3119262", "Αποστολία", "Good", "Female", "1968-05-06", "2020-07-03", "3119031");
INSERT INTO Researcher (Researcher_ID,Name,Surname,Gender,Birth_Date,Recruitment_Date,Organization_ID) VALUES ("3119263", "Meghan", "Μαγούλα", "Other", "1964-07-03", "2021-07-25", "3119041");
INSERT INTO Researcher (Researcher_ID,Name,Surname,Gender,Birth_Date,Recruitment_Date,Organization_ID) VALUES ("3119264", "Ροδόκλεια", "Κωτσίδης", "Male", "1974-08-14", "2021-04-14", "3119028");
INSERT INTO Researcher (Researcher_ID,Name,Surname,Gender,Birth_Date,Recruitment_Date,Organization_ID) VALUES ("3119265", "Κοσμάς", "Τάσση", "Female", "1965-02-15", "2020-07-07", "3119001");
INSERT INTO Researcher (Researcher_ID,Name,Surname,Gender,Birth_Date,Recruitment_Date,Organization_ID) VALUES ("3119266", "Ιορδανία", "Σμπονιάς", "Other", "1981-08-29", "2021-07-20", "3119031");
INSERT INTO Researcher (Researcher_ID,Name,Surname,Gender,Birth_Date,Recruitment_Date,Organization_ID) VALUES ("3119267", "Ιάσων", "Μαυροείδη", "Male", "1972-10-13", "2021-07-05", "3119042");
INSERT INTO Researcher (Researcher_ID,Name,Surname,Gender,Birth_Date,Recruitment_Date,Organization_ID) VALUES ("3119268", "Σπάρτη", "Christian", "Female", "1973-08-05", "2022-03-06", "3119010");
INSERT INTO Researcher (Researcher_ID,Name,Surname,Gender,Birth_Date,Recruitment_Date,Organization_ID) VALUES ("3119269", "Πηνελόπη", "Καφίρης", "Other", "1969-12-22", "2021-05-06", "3119031");
INSERT INTO Researcher (Researcher_ID,Name,Surname,Gender,Birth_Date,Recruitment_Date,Organization_ID) VALUES ("3119270", "Ιορδάνης", "Παπουλής", "Male", "1983-02-24", "2020-01-11", "3119003");
INSERT INTO Researcher (Researcher_ID,Name,Surname,Gender,Birth_Date,Recruitment_Date,Organization_ID) VALUES ("3119271", "Steve", "Λογκάκη", "Female", "1995-08-09", "2022-04-19", "3119022");
INSERT INTO Researcher (Researcher_ID,Name,Surname,Gender,Birth_Date,Recruitment_Date,Organization_ID) VALUES ("3119272", "Απόστολος", "Χαρισιάδης", "Other", "1987-06-17", "2020-07-07", "3119029");
INSERT INTO Researcher (Researcher_ID,Name,Surname,Gender,Birth_Date,Recruitment_Date,Organization_ID) VALUES ("3119273", "Jennifer", "Ramirez", "Male", "1976-09-11", "2020-07-23", "3119024");
INSERT INTO Researcher (Researcher_ID,Name,Surname,Gender,Birth_Date,Recruitment_Date,Organization_ID) VALUES ("3119274", "Ελισάβετ", "Κοκορδέλης", "Female", "1963-07-27", "2021-07-20", "3119004");
INSERT INTO Researcher (Researcher_ID,Name,Surname,Gender,Birth_Date,Recruitment_Date,Organization_ID) VALUES ("3119275", "Χαραλαμπία", "Smith", "Other", "1985-02-01", "2020-08-14", "3119008");
INSERT INTO Researcher (Researcher_ID,Name,Surname,Gender,Birth_Date,Recruitment_Date,Organization_ID) VALUES ("3119276", "Jeremy", "Γιαννόπουλος", "Male", "1971-12-02", "2021-03-05", "3119024");
INSERT INTO Researcher (Researcher_ID,Name,Surname,Gender,Birth_Date,Recruitment_Date,Organization_ID) VALUES ("3119277", "Ευδοκία", "Fitzgerald", "Female", "1977-08-11", "2021-10-09", "3119026");
INSERT INTO Researcher (Researcher_ID,Name,Surname,Gender,Birth_Date,Recruitment_Date,Organization_ID) VALUES ("3119278", "Αντώνιος", "Conley", "Other", "1978-06-06", "2020-05-30", "3119048");
INSERT INTO Researcher (Researcher_ID,Name,Surname,Gender,Birth_Date,Recruitment_Date,Organization_ID) VALUES ("3119279", "William", "Graves", "Male", "1970-03-07", "2022-04-25", "3119033");
INSERT INTO Researcher (Researcher_ID,Name,Surname,Gender,Birth_Date,Recruitment_Date,Organization_ID) VALUES ("3119280", "Evan", "Λιούκα", "Female", "1989-12-10", "2021-08-26", "3119040");
INSERT INTO Researcher (Researcher_ID,Name,Surname,Gender,Birth_Date,Recruitment_Date,Organization_ID) VALUES ("3119281", "Σταμάτης", "Σγουρός", "Other", "1984-06-12", "2021-06-22", "3119008");
INSERT INTO Researcher (Researcher_ID,Name,Surname,Gender,Birth_Date,Recruitment_Date,Organization_ID) VALUES ("3119282", "Lauren", "Oconnor", "Male", "1970-06-21", "2020-06-08", "3119006");
INSERT INTO Researcher (Researcher_ID,Name,Surname,Gender,Birth_Date,Recruitment_Date,Organization_ID) VALUES ("3119283", "Pamela", "Ψυρρή", "Female", "1977-07-24", "2020-02-15", "3119038");
INSERT INTO Researcher (Researcher_ID,Name,Surname,Gender,Birth_Date,Recruitment_Date,Organization_ID) VALUES ("3119284", "Φιλήμων", "Barnes", "Other", "1999-08-25", "2021-09-14", "3119006");
INSERT INTO Researcher (Researcher_ID,Name,Surname,Gender,Birth_Date,Recruitment_Date,Organization_ID) VALUES ("3119285", "Άρης", "Σταματούκου", "Male", "1980-12-28", "2022-02-09", "3119031");
INSERT INTO Researcher (Researcher_ID,Name,Surname,Gender,Birth_Date,Recruitment_Date,Organization_ID) VALUES ("3119286", "Οδυσσεύς", "Ρόγγα", "Female", "2001-08-04", "2020-12-07", "3119030");
INSERT INTO Researcher (Researcher_ID,Name,Surname,Gender,Birth_Date,Recruitment_Date,Organization_ID) VALUES ("3119287", "Elizabeth", "Μασαούτη", "Other", "1971-11-20", "2020-03-23", "3119035");
INSERT INTO Researcher (Researcher_ID,Name,Surname,Gender,Birth_Date,Recruitment_Date,Organization_ID) VALUES ("3119288", "Katrina", "Martinez", "Male", "1994-12-27", "2021-10-26", "3119007");
INSERT INTO Researcher (Researcher_ID,Name,Surname,Gender,Birth_Date,Recruitment_Date,Organization_ID) VALUES ("3119289", "Martin", "Lynn", "Female", "1996-11-01", "2020-10-04", "3119004");
INSERT INTO Researcher (Researcher_ID,Name,Surname,Gender,Birth_Date,Recruitment_Date,Organization_ID) VALUES ("3119290", "Χαρίτος", "Φασατάκη", "Other", "1968-09-19", "2021-10-03", "3119019");
INSERT INTO Researcher (Researcher_ID,Name,Surname,Gender,Birth_Date,Recruitment_Date,Organization_ID) VALUES ("3119291", "Lisa", "Τζανουδάκης", "Male", "1977-03-10", "2021-05-20", "3119033");
INSERT INTO Researcher (Researcher_ID,Name,Surname,Gender,Birth_Date,Recruitment_Date,Organization_ID) VALUES ("3119292", "Kaitlyn", "Γκιριτζιώνη", "Female", "1999-11-22", "2020-10-19", "3119035");
INSERT INTO Researcher (Researcher_ID,Name,Surname,Gender,Birth_Date,Recruitment_Date,Organization_ID) VALUES ("3119293", "Larry", "Θωμάκου", "Other", "1998-08-20", "2022-05-11", "3119003");
INSERT INTO Researcher (Researcher_ID,Name,Surname,Gender,Birth_Date,Recruitment_Date,Organization_ID) VALUES ("3119294", "Βύρων", "Cox", "Male", "1986-12-08", "2022-03-20", "3119041");
INSERT INTO Researcher (Researcher_ID,Name,Surname,Gender,Birth_Date,Recruitment_Date,Organization_ID) VALUES ("3119295", "Μενέλαος", "Ασλανίδου", "Female", "1988-08-24", "2021-02-08", "3119046");
INSERT INTO Researcher (Researcher_ID,Name,Surname,Gender,Birth_Date,Recruitment_Date,Organization_ID) VALUES ("3119296", "Γαρύφαλλος", "Μπότζα", "Other", "1991-05-04", "2020-05-22", "3119035");
INSERT INTO Researcher (Researcher_ID,Name,Surname,Gender,Birth_Date,Recruitment_Date,Organization_ID) VALUES ("3119297", "Αυγουστίνα", "Rodriguez", "Male", "1994-07-25", "2020-03-07", "3119025");
INSERT INTO Researcher (Researcher_ID,Name,Surname,Gender,Birth_Date,Recruitment_Date,Organization_ID) VALUES ("3119298", "Στεφανία", "Sherman", "Female", "1968-02-13", "2021-11-11", "3119017");
INSERT INTO Researcher (Researcher_ID,Name,Surname,Gender,Birth_Date,Recruitment_Date,Organization_ID) VALUES ("3119299", "Χρυσοβαλάντω", "Καπετάνιος", "Other", "1992-10-10", "2022-01-05", "3119042");
INSERT INTO Researcher (Researcher_ID,Name,Surname,Gender,Birth_Date,Recruitment_Date,Organization_ID) VALUES ("3119300", "Ξενοφών", "Λαγγούσης", "Male", "1978-05-14", "2021-01-10", "3119029");
INSERT INTO Researcher (Researcher_ID,Name,Surname,Gender,Birth_Date,Recruitment_Date,Organization_ID) VALUES ("3119301", "Αλεξία", "Κατσαβός", "Female", "1978-10-04", "2020-01-03", "3119014");
INSERT INTO Researcher (Researcher_ID,Name,Surname,Gender,Birth_Date,Recruitment_Date,Organization_ID) VALUES ("3119302", "Rachel", "Gray", "Other", "1972-05-09", "2021-05-26", "3119020");
INSERT INTO Researcher (Researcher_ID,Name,Surname,Gender,Birth_Date,Recruitment_Date,Organization_ID) VALUES ("3119303", "Στεφανία", "Θεοδοσιάδου", "Male", "1975-12-05", "2020-06-18", "3119029");
INSERT INTO Researcher (Researcher_ID,Name,Surname,Gender,Birth_Date,Recruitment_Date,Organization_ID) VALUES ("3119304", "Morgan", "Hughes", "Female", "1972-01-27", "2020-06-06", "3119032");
INSERT INTO Researcher (Researcher_ID,Name,Surname,Gender,Birth_Date,Recruitment_Date,Organization_ID) VALUES ("3119305", "Savannah", "Ortiz", "Other", "1967-03-12", "2022-04-27", "3119031");
INSERT INTO Researcher (Researcher_ID,Name,Surname,Gender,Birth_Date,Recruitment_Date,Organization_ID) VALUES ("3119306", "Christopher", "Moss", "Male", "1965-06-20", "2021-06-20", "3119030");
INSERT INTO Researcher (Researcher_ID,Name,Surname,Gender,Birth_Date,Recruitment_Date,Organization_ID) VALUES ("3119307", "Jose", "Τσαμασλίδης", "Female", "1995-05-08", "2021-12-19", "3119044");
INSERT INTO Researcher (Researcher_ID,Name,Surname,Gender,Birth_Date,Recruitment_Date,Organization_ID) VALUES ("3119308", "Χρήστος", "Χονδρολίδης", "Other", "1999-07-23", "2021-12-27", "3119033");
INSERT INTO Researcher (Researcher_ID,Name,Surname,Gender,Birth_Date,Recruitment_Date,Organization_ID) VALUES ("3119309", "James", "Ray", "Male", "1971-04-13", "2020-12-30", "3119004");
INSERT INTO Researcher (Researcher_ID,Name,Surname,Gender,Birth_Date,Recruitment_Date,Organization_ID) VALUES ("3119310", "Derek", "Μυτάρη", "Female", "1995-05-05", "2020-01-31", "3119004");
INSERT INTO Researcher (Researcher_ID,Name,Surname,Gender,Birth_Date,Recruitment_Date,Organization_ID) VALUES ("3119311", "Νεκταρία", "Κουτχιάς", "Other", "1986-02-16", "2022-05-24", "3119014");
INSERT INTO Researcher (Researcher_ID,Name,Surname,Gender,Birth_Date,Recruitment_Date,Organization_ID) VALUES ("3119312", "Ρεβέκκα", "Αντωνιάδης", "Male", "1972-10-13", "2021-12-25", "3119049");
INSERT INTO Researcher (Researcher_ID,Name,Surname,Gender,Birth_Date,Recruitment_Date,Organization_ID) VALUES ("3119313", "Βαλέρια", "Γιαννέλος", "Female", "1969-10-01", "2020-02-23", "3119036");
INSERT INTO Researcher (Researcher_ID,Name,Surname,Gender,Birth_Date,Recruitment_Date,Organization_ID) VALUES ("3119314", "Robert", "Κουρσουμίδης", "Other", "1967-12-20", "2021-04-22", "3119019");
INSERT INTO Researcher (Researcher_ID,Name,Surname,Gender,Birth_Date,Recruitment_Date,Organization_ID) VALUES ("3119315", "Θέκλα", "Κελαϊδώνης", "Male", "2001-08-05", "2020-09-02", "3119025");
INSERT INTO Researcher (Researcher_ID,Name,Surname,Gender,Birth_Date,Recruitment_Date,Organization_ID) VALUES ("3119316", "Ashley", "Harris", "Female", "1992-07-18", "2021-08-08", "3119039");
INSERT INTO Researcher (Researcher_ID,Name,Surname,Gender,Birth_Date,Recruitment_Date,Organization_ID) VALUES ("3119317", "Ερωφίλη", "Τοσούνη", "Other", "1991-06-07", "2020-09-26", "3119015");
INSERT INTO Researcher (Researcher_ID,Name,Surname,Gender,Birth_Date,Recruitment_Date,Organization_ID) VALUES ("3119318", "Keith", "Bender", "Male", "1979-12-18", "2020-09-18", "3119022");
INSERT INTO Researcher (Researcher_ID,Name,Surname,Gender,Birth_Date,Recruitment_Date,Organization_ID) VALUES ("3119319", "Σωζούσα", "Williams", "Female", "1981-09-11", "2021-04-02", "3119040");
INSERT INTO Researcher (Researcher_ID,Name,Surname,Gender,Birth_Date,Recruitment_Date,Organization_ID) VALUES ("3119320", "Jennifer", "Μάλαμα", "Other", "1994-07-02", "2021-02-24", "3119014");
INSERT INTO Researcher (Researcher_ID,Name,Surname,Gender,Birth_Date,Recruitment_Date,Organization_ID) VALUES ("3119321", "Κυπαρισσία", "Anderson", "Male", "2001-07-20", "2020-05-29", "3119014");
INSERT INTO Researcher (Researcher_ID,Name,Surname,Gender,Birth_Date,Recruitment_Date,Organization_ID) VALUES ("3119322", "Victoria", "Moyer", "Female", "1968-05-04", "2021-10-10", "3119021");
INSERT INTO Researcher (Researcher_ID,Name,Surname,Gender,Birth_Date,Recruitment_Date,Organization_ID) VALUES ("3119323", "Cindy", "Smith", "Other", "1989-03-14", "2020-03-21", "3119039");
INSERT INTO Researcher (Researcher_ID,Name,Surname,Gender,Birth_Date,Recruitment_Date,Organization_ID) VALUES ("3119324", "Νταίζη", "Cooper", "Male", "1961-08-18", "2020-05-23", "3119047");
INSERT INTO Researcher (Researcher_ID,Name,Surname,Gender,Birth_Date,Recruitment_Date,Organization_ID) VALUES ("3119325", "Αρέθα", "Τεμουρτζίδης", "Female", "1986-05-19", "2020-02-16", "3119002");
INSERT INTO Researcher (Researcher_ID,Name,Surname,Gender,Birth_Date,Recruitment_Date,Organization_ID) VALUES ("3119326", "Άννα", "Τζουβέλης", "Other", "1963-07-17", "2022-02-09", "3119014");
INSERT INTO Researcher (Researcher_ID,Name,Surname,Gender,Birth_Date,Recruitment_Date,Organization_ID) VALUES ("3119327", "Kevin", "Κωτσίδης", "Male", "1967-12-31", "2021-12-26", "3119001");
INSERT INTO Researcher (Researcher_ID,Name,Surname,Gender,Birth_Date,Recruitment_Date,Organization_ID) VALUES ("3119328", "Παρέσσα", "Βαβουλίδης", "Female", "1994-06-14", "2022-03-31", "3119027");
INSERT INTO Researcher (Researcher_ID,Name,Surname,Gender,Birth_Date,Recruitment_Date,Organization_ID) VALUES ("3119329", "Δρόσος", "Murray", "Other", "1999-07-21", "2020-08-27", "3119024");
INSERT INTO Researcher (Researcher_ID,Name,Surname,Gender,Birth_Date,Recruitment_Date,Organization_ID) VALUES ("3119330", "Τιμόθεος", "Taylor", "Male", "1989-05-25", "2020-10-23", "3119042");
INSERT INTO Researcher (Researcher_ID,Name,Surname,Gender,Birth_Date,Recruitment_Date,Organization_ID) VALUES ("3119331", "Thomas", "Γεννηματάς", "Female", "2000-02-17", "2020-02-03", "3119012");
INSERT INTO Researcher (Researcher_ID,Name,Surname,Gender,Birth_Date,Recruitment_Date,Organization_ID) VALUES ("3119332", "Joshua", "Μπαλτζής", "Other", "1984-02-07", "2021-03-27", "3119045");
INSERT INTO Researcher (Researcher_ID,Name,Surname,Gender,Birth_Date,Recruitment_Date,Organization_ID) VALUES ("3119333", "Διομήδης", "Κουλαουσάρη", "Male", "1965-12-13", "2021-08-12", "3119030");
INSERT INTO Researcher (Researcher_ID,Name,Surname,Gender,Birth_Date,Recruitment_Date,Organization_ID) VALUES ("3119334", "Απόλλων", "Μυτάρη", "Female", "2000-12-27", "2021-11-23", "3119029");
INSERT INTO Researcher (Researcher_ID,Name,Surname,Gender,Birth_Date,Recruitment_Date,Organization_ID) VALUES ("3119335", "Λέων", "Αγγελίδης", "Other", "1982-03-08", "2020-12-05", "3119029");
INSERT INTO Researcher (Researcher_ID,Name,Surname,Gender,Birth_Date,Recruitment_Date,Organization_ID) VALUES ("3119336", "Brooke", "Μόκας", "Male", "1992-11-25", "2022-01-21", "3119021");
INSERT INTO Researcher (Researcher_ID,Name,Surname,Gender,Birth_Date,Recruitment_Date,Organization_ID) VALUES ("3119337", "Justin", "Coffey", "Female", "1985-02-11", "2022-03-27", "3119046");
INSERT INTO Researcher (Researcher_ID,Name,Surname,Gender,Birth_Date,Recruitment_Date,Organization_ID) VALUES ("3119338", "Jessica", "Barnes", "Other", "1974-11-17", "2022-05-03", "3119034");
INSERT INTO Researcher (Researcher_ID,Name,Surname,Gender,Birth_Date,Recruitment_Date,Organization_ID) VALUES ("3119339", "Σταμάτης", "Πολυχρόνης", "Male", "1984-11-29", "2021-04-09", "3119038");
INSERT INTO Researcher (Researcher_ID,Name,Surname,Gender,Birth_Date,Recruitment_Date,Organization_ID) VALUES ("3119340", "Κατερίνα", "Brooks", "Female", "1962-07-04", "2021-10-04", "3119000");
INSERT INTO Researcher (Researcher_ID,Name,Surname,Gender,Birth_Date,Recruitment_Date,Organization_ID) VALUES ("3119341", "Πολυχρόνιος", "Pham", "Other", "1962-10-14", "2021-06-03", "3119046");
INSERT INTO Researcher (Researcher_ID,Name,Surname,Gender,Birth_Date,Recruitment_Date,Organization_ID) VALUES ("3119342", "Παρασκευάς", "Κάκκα", "Male", "1991-01-09", "2021-03-16", "3119049");
INSERT INTO Researcher (Researcher_ID,Name,Surname,Gender,Birth_Date,Recruitment_Date,Organization_ID) VALUES ("3119343", "James", "Σφούνης", "Female", "1992-07-11", "2020-04-07", "3119041");
INSERT INTO Researcher (Researcher_ID,Name,Surname,Gender,Birth_Date,Recruitment_Date,Organization_ID) VALUES ("3119344", "Amanda", "Robinson", "Other", "1977-11-27", "2020-08-10", "3119037");
INSERT INTO Researcher (Researcher_ID,Name,Surname,Gender,Birth_Date,Recruitment_Date,Organization_ID) VALUES ("3119345", "Andrew", "Rodriguez", "Male", "1995-03-25", "2022-03-19", "3119000");
INSERT INTO Researcher (Researcher_ID,Name,Surname,Gender,Birth_Date,Recruitment_Date,Organization_ID) VALUES ("3119346", "Αναγνώστης", "Cruz", "Female", "1973-09-18", "2022-04-22", "3119037");
INSERT INTO Researcher (Researcher_ID,Name,Surname,Gender,Birth_Date,Recruitment_Date,Organization_ID) VALUES ("3119347", "Edward", "Δουκάς", "Other", "1989-09-18", "2021-07-10", "3119026");
INSERT INTO Researcher (Researcher_ID,Name,Surname,Gender,Birth_Date,Recruitment_Date,Organization_ID) VALUES ("3119348", "Mark", "Μπούζα", "Male", "1967-10-15", "2021-06-17", "3119044");
INSERT INTO Researcher (Researcher_ID,Name,Surname,Gender,Birth_Date,Recruitment_Date,Organization_ID) VALUES ("3119349", "Latoya", "Gonzalez", "Female", "1972-09-10", "2020-02-12", "3119011");
INSERT INTO Researcher (Researcher_ID,Name,Surname,Gender,Birth_Date,Recruitment_Date,Organization_ID) VALUES ("3119350", "Anna", "Conway", "Other", "1990-05-15", "2020-04-23", "3119042");
INSERT INTO Researcher (Researcher_ID,Name,Surname,Gender,Birth_Date,Recruitment_Date,Organization_ID) VALUES ("3119351", "Walter", "Miller", "Male", "1986-02-09", "2020-10-16", "3119014");
INSERT INTO Researcher (Researcher_ID,Name,Surname,Gender,Birth_Date,Recruitment_Date,Organization_ID) VALUES ("3119352", "Jeff", "Πίππας", "Female", "1967-01-07", "2020-02-04", "3119045");
INSERT INTO Researcher (Researcher_ID,Name,Surname,Gender,Birth_Date,Recruitment_Date,Organization_ID) VALUES ("3119353", "Darlene", "Βασιλοπούλου", "Other", "1985-05-17", "2021-09-04", "3119019");
INSERT INTO Researcher (Researcher_ID,Name,Surname,Gender,Birth_Date,Recruitment_Date,Organization_ID) VALUES ("3119354", "Judith", "Δανδανίδου", "Male", "1995-11-27", "2020-05-10", "3119002");
INSERT INTO Researcher (Researcher_ID,Name,Surname,Gender,Birth_Date,Recruitment_Date,Organization_ID) VALUES ("3119355", "Δημόκριτος", "Παπαδήμα", "Female", "1982-01-19", "2021-10-14", "3119006");
INSERT INTO Researcher (Researcher_ID,Name,Surname,Gender,Birth_Date,Recruitment_Date,Organization_ID) VALUES ("3119356", "Αγησίλαος", "Medina", "Other", "1962-10-13", "2021-09-23", "3119043");
INSERT INTO Researcher (Researcher_ID,Name,Surname,Gender,Birth_Date,Recruitment_Date,Organization_ID) VALUES ("3119357", "Μάνθα", "Αγγελίδου", "Male", "1991-07-29", "2021-05-24", "3119032");
INSERT INTO Researcher (Researcher_ID,Name,Surname,Gender,Birth_Date,Recruitment_Date,Organization_ID) VALUES ("3119358", "Σεβαστή", "Robinson", "Female", "1970-08-08", "2020-10-23", "3119008");
INSERT INTO Researcher (Researcher_ID,Name,Surname,Gender,Birth_Date,Recruitment_Date,Organization_ID) VALUES ("3119359", "Chelsea", "Τρίκα", "Other", "1981-02-07", "2021-04-04", "3119041");
INSERT INTO Researcher (Researcher_ID,Name,Surname,Gender,Birth_Date,Recruitment_Date,Organization_ID) VALUES ("3119360", "Γκίκας", "Γενετζάκης", "Male", "1988-10-24", "2020-05-18", "3119014");
INSERT INTO Researcher (Researcher_ID,Name,Surname,Gender,Birth_Date,Recruitment_Date,Organization_ID) VALUES ("3119361", "Άρης", "Βάσσης", "Female", "1999-05-22", "2022-05-25", "3119023");
INSERT INTO Researcher (Researcher_ID,Name,Surname,Gender,Birth_Date,Recruitment_Date,Organization_ID) VALUES ("3119362", "Φίλιππος", "Γεντίμης", "Other", "1966-12-07", "2022-01-21", "3119043");
INSERT INTO Researcher (Researcher_ID,Name,Surname,Gender,Birth_Date,Recruitment_Date,Organization_ID) VALUES ("3119363", "Catherine", "Miller", "Male", "1974-11-05", "2021-07-11", "3119020");
INSERT INTO Researcher (Researcher_ID,Name,Surname,Gender,Birth_Date,Recruitment_Date,Organization_ID) VALUES ("3119364", "Daniel", "Ζώνιος", "Female", "1969-03-29", "2021-11-28", "3119032");
INSERT INTO Researcher (Researcher_ID,Name,Surname,Gender,Birth_Date,Recruitment_Date,Organization_ID) VALUES ("3119365", "Roger", "Huang", "Other", "1975-10-08", "2021-02-25", "3119039");
INSERT INTO Researcher (Researcher_ID,Name,Surname,Gender,Birth_Date,Recruitment_Date,Organization_ID) VALUES ("3119366", "Περιστέρα", "Τζαλλας", "Male", "1992-10-26", "2020-10-04", "3119000");
INSERT INTO Researcher (Researcher_ID,Name,Surname,Gender,Birth_Date,Recruitment_Date,Organization_ID) VALUES ("3119367", "Μαλαματένια", "Ευταξιάς", "Female", "1973-04-09", "2022-01-03", "3119004");
INSERT INTO Researcher (Researcher_ID,Name,Surname,Gender,Birth_Date,Recruitment_Date,Organization_ID) VALUES ("3119368", "Χριστοφόρα", "Dunlap", "Other", "1995-11-26", "2020-12-20", "3119047");
INSERT INTO Researcher (Researcher_ID,Name,Surname,Gender,Birth_Date,Recruitment_Date,Organization_ID) VALUES ("3119369", "Angela", "Barnes", "Male", "1965-08-24", "2022-03-17", "3119021");
INSERT INTO Researcher (Researcher_ID,Name,Surname,Gender,Birth_Date,Recruitment_Date,Organization_ID) VALUES ("3119370", "Erik", "Κοκκίνου", "Female", "1982-04-15", "2021-04-18", "3119023");
INSERT INTO Researcher (Researcher_ID,Name,Surname,Gender,Birth_Date,Recruitment_Date,Organization_ID) VALUES ("3119371", "Αγαμέμνων", "Hernandez", "Other", "1982-09-14", "2021-06-03", "3119028");
INSERT INTO Researcher (Researcher_ID,Name,Surname,Gender,Birth_Date,Recruitment_Date,Organization_ID) VALUES ("3119372", "Kevin", "Αγγελής", "Male", "1973-06-21", "2021-02-01", "3119016");
INSERT INTO Researcher (Researcher_ID,Name,Surname,Gender,Birth_Date,Recruitment_Date,Organization_ID) VALUES ("3119373", "Charles", "George", "Female", "1993-01-14", "2022-02-02", "3119035");
INSERT INTO Researcher (Researcher_ID,Name,Surname,Gender,Birth_Date,Recruitment_Date,Organization_ID) VALUES ("3119374", "Τριαντάφυλλος", "Κυργιάκης", "Other", "1979-09-18", "2021-11-06", "3119012");
INSERT INTO Researcher (Researcher_ID,Name,Surname,Gender,Birth_Date,Recruitment_Date,Organization_ID) VALUES ("3119375", "Lindsay", "Little", "Male", "1965-06-29", "2021-10-29", "3119048");
INSERT INTO Researcher (Researcher_ID,Name,Surname,Gender,Birth_Date,Recruitment_Date,Organization_ID) VALUES ("3119376", "Melissa", "Wagner", "Female", "2000-01-20", "2021-01-15", "3119024");
INSERT INTO Researcher (Researcher_ID,Name,Surname,Gender,Birth_Date,Recruitment_Date,Organization_ID) VALUES ("3119377", "Θεοφύλακτος", "Χρήστου", "Other", "1965-04-05", "2020-02-18", "3119007");
INSERT INTO Researcher (Researcher_ID,Name,Surname,Gender,Birth_Date,Recruitment_Date,Organization_ID) VALUES ("3119378", "Jennifer", "Sullivan", "Male", "1993-07-19", "2020-09-14", "3119024");
INSERT INTO Researcher (Researcher_ID,Name,Surname,Gender,Birth_Date,Recruitment_Date,Organization_ID) VALUES ("3119379", "Τρυφωνία", "Navarro", "Female", "1966-05-29", "2021-01-03", "3119046");
INSERT INTO Researcher (Researcher_ID,Name,Surname,Gender,Birth_Date,Recruitment_Date,Organization_ID) VALUES ("3119380", "Θεόκλεια", "Pierce", "Other", "1992-11-27", "2020-04-18", "3119036");
INSERT INTO Researcher (Researcher_ID,Name,Surname,Gender,Birth_Date,Recruitment_Date,Organization_ID) VALUES ("3119381", "Robert", "Parsons", "Male", "1975-10-04", "2021-01-08", "3119019");
INSERT INTO Researcher (Researcher_ID,Name,Surname,Gender,Birth_Date,Recruitment_Date,Organization_ID) VALUES ("3119382", "Brandon", "Melendez", "Female", "1981-10-06", "2022-02-18", "3119004");
INSERT INTO Researcher (Researcher_ID,Name,Surname,Gender,Birth_Date,Recruitment_Date,Organization_ID) VALUES ("3119383", "Ashley", "Meza", "Other", "1990-08-03", "2020-07-21", "3119032");
INSERT INTO Researcher (Researcher_ID,Name,Surname,Gender,Birth_Date,Recruitment_Date,Organization_ID) VALUES ("3119384", "Martin", "Καράμπη", "Male", "1983-04-24", "2022-04-13", "3119049");
INSERT INTO Researcher (Researcher_ID,Name,Surname,Gender,Birth_Date,Recruitment_Date,Organization_ID) VALUES ("3119385", "Martha", "Δάφνη", "Female", "1986-12-25", "2020-01-31", "3119017");
INSERT INTO Researcher (Researcher_ID,Name,Surname,Gender,Birth_Date,Recruitment_Date,Organization_ID) VALUES ("3119386", "Michael", "Παπατρέχας", "Other", "1992-10-17", "2022-04-08", "3119034");
INSERT INTO Researcher (Researcher_ID,Name,Surname,Gender,Birth_Date,Recruitment_Date,Organization_ID) VALUES ("3119387", "Βιργινία", "Brown", "Male", "1985-05-19", "2021-05-06", "3119038");
INSERT INTO Researcher (Researcher_ID,Name,Surname,Gender,Birth_Date,Recruitment_Date,Organization_ID) VALUES ("3119388", "Φαίδρα", "Brown", "Female", "1979-09-01", "2020-02-26", "3119003");
INSERT INTO Researcher (Researcher_ID,Name,Surname,Gender,Birth_Date,Recruitment_Date,Organization_ID) VALUES ("3119389", "Javier", "Κουκουβίνος", "Other", "1978-01-24", "2020-03-12", "3119012");
INSERT INTO Researcher (Researcher_ID,Name,Surname,Gender,Birth_Date,Recruitment_Date,Organization_ID) VALUES ("3119390", "Μαύρος", "Obrien", "Male", "1994-05-03", "2021-07-10", "3119047");
INSERT INTO Researcher (Researcher_ID,Name,Surname,Gender,Birth_Date,Recruitment_Date,Organization_ID) VALUES ("3119391", "Μαριάνθη", "Αρχάκη", "Female", "1977-08-29", "2021-04-04", "3119030");
INSERT INTO Researcher (Researcher_ID,Name,Surname,Gender,Birth_Date,Recruitment_Date,Organization_ID) VALUES ("3119392", "Αθανασία", "Κακαβός", "Other", "1994-07-14", "2020-04-23", "3119004");
INSERT INTO Researcher (Researcher_ID,Name,Surname,Gender,Birth_Date,Recruitment_Date,Organization_ID) VALUES ("3119393", "Donald", "Τσέλλος", "Male", "2001-06-06", "2020-05-17", "3119025");
INSERT INTO Researcher (Researcher_ID,Name,Surname,Gender,Birth_Date,Recruitment_Date,Organization_ID) VALUES ("3119394", "Τιμόθεος", "Ντανώλα", "Female", "1964-04-27", "2021-07-27", "3119032");
INSERT INTO Researcher (Researcher_ID,Name,Surname,Gender,Birth_Date,Recruitment_Date,Organization_ID) VALUES ("3119395", "Σταυρούλα", "Μπονέλη", "Other", "1962-06-12", "2021-04-17", "3119047");
INSERT INTO Researcher (Researcher_ID,Name,Surname,Gender,Birth_Date,Recruitment_Date,Organization_ID) VALUES ("3119396", "Christopher", "Griffin", "Male", "1972-11-27", "2021-12-12", "3119030");
INSERT INTO Researcher (Researcher_ID,Name,Surname,Gender,Birth_Date,Recruitment_Date,Organization_ID) VALUES ("3119397", "Kelly", "Michael", "Female", "1977-01-03", "2021-02-10", "3119041");
INSERT INTO Researcher (Researcher_ID,Name,Surname,Gender,Birth_Date,Recruitment_Date,Organization_ID) VALUES ("3119398", "Ισαάκ", "Συβιλιά", "Other", "1972-02-25", "2021-09-03", "3119017");
INSERT INTO Researcher (Researcher_ID,Name,Surname,Gender,Birth_Date,Recruitment_Date,Organization_ID) VALUES ("3119399", "Jamie", "Δούβαλη", "Male", "1974-06-16", "2020-04-24", "3119038");
INSERT INTO Researcher (Researcher_ID,Name,Surname,Gender,Birth_Date,Recruitment_Date,Organization_ID) VALUES ("3119400", "Μιχαέλα", "Μανουσοπούλου", "Female", "1986-12-04", "2020-06-29", "3119006");
INSERT INTO Researcher (Researcher_ID,Name,Surname,Gender,Birth_Date,Recruitment_Date,Organization_ID) VALUES ("3119401", "Paul", "Harper", "Other", "1992-01-14", "2020-08-15", "3119023");
INSERT INTO Researcher (Researcher_ID,Name,Surname,Gender,Birth_Date,Recruitment_Date,Organization_ID) VALUES ("3119402", "Κώστας", "Θεολόγος", "Male", "1983-02-02", "2022-04-29", "3119026");
INSERT INTO Researcher (Researcher_ID,Name,Surname,Gender,Birth_Date,Recruitment_Date,Organization_ID) VALUES ("3119403", "Δίκαιος", "Harrington", "Female", "1981-04-14", "2020-09-18", "3119038");
INSERT INTO Researcher (Researcher_ID,Name,Surname,Gender,Birth_Date,Recruitment_Date,Organization_ID) VALUES ("3119404", "Johnathan", "Αμυγδαλάκης", "Other", "1993-12-15", "2022-01-12", "3119042");
INSERT INTO Researcher (Researcher_ID,Name,Surname,Gender,Birth_Date,Recruitment_Date,Organization_ID) VALUES ("3119405", "Ζαχαρίας", "Παντζέκος", "Male", "1983-02-03", "2021-07-01", "3119045");
INSERT INTO Researcher (Researcher_ID,Name,Surname,Gender,Birth_Date,Recruitment_Date,Organization_ID) VALUES ("3119406", "Rebecca", "Λιτίνας", "Female", "1969-11-15", "2020-02-15", "3119024");
INSERT INTO Researcher (Researcher_ID,Name,Surname,Gender,Birth_Date,Recruitment_Date,Organization_ID) VALUES ("3119407", "Christopher", "Jordan", "Other", "1983-02-21", "2020-12-18", "3119041");
INSERT INTO Researcher (Researcher_ID,Name,Surname,Gender,Birth_Date,Recruitment_Date,Organization_ID) VALUES ("3119408", "Θηρεσία", "Λιολιοπούλου", "Male", "1967-07-23", "2022-05-22", "3119044");
INSERT INTO Researcher (Researcher_ID,Name,Surname,Gender,Birth_Date,Recruitment_Date,Organization_ID) VALUES ("3119409", "Καλλιρρόη", "Ζαρειφοπούλου", "Female", "1999-11-10", "2020-09-09", "3119023");
INSERT INTO Researcher (Researcher_ID,Name,Surname,Gender,Birth_Date,Recruitment_Date,Organization_ID) VALUES ("3119410", "Emma", "Σμαρδάς", "Other", "1991-04-27", "2021-11-08", "3119034");
INSERT INTO Researcher (Researcher_ID,Name,Surname,Gender,Birth_Date,Recruitment_Date,Organization_ID) VALUES ("3119411", "Πολυχρονία", "Bowen", "Male", "2001-02-07", "2022-05-03", "3119041");
INSERT INTO Researcher (Researcher_ID,Name,Surname,Gender,Birth_Date,Recruitment_Date,Organization_ID) VALUES ("3119412", "Νεφέλη", "Μάντου", "Female", "1979-08-30", "2021-05-22", "3119031");
INSERT INTO Researcher (Researcher_ID,Name,Surname,Gender,Birth_Date,Recruitment_Date,Organization_ID) VALUES ("3119413", "Άρτεμις", "Wade", "Other", "1994-12-21", "2021-10-13", "3119042");
INSERT INTO Researcher (Researcher_ID,Name,Surname,Gender,Birth_Date,Recruitment_Date,Organization_ID) VALUES ("3119414", "Eric", "Γκάβρου", "Male", "2000-08-10", "2022-01-16", "3119032");
INSERT INTO Researcher (Researcher_ID,Name,Surname,Gender,Birth_Date,Recruitment_Date,Organization_ID) VALUES ("3119415", "Ραλλία", "Πετράκη", "Female", "1977-05-01", "2022-03-19", "3119017");
INSERT INTO Researcher (Researcher_ID,Name,Surname,Gender,Birth_Date,Recruitment_Date,Organization_ID) VALUES ("3119416", "Φιλήμων", "Smith", "Other", "1984-06-05", "2020-01-02", "3119027");
INSERT INTO Researcher (Researcher_ID,Name,Surname,Gender,Birth_Date,Recruitment_Date,Organization_ID) VALUES ("3119417", "Νεφέλη", "Κυριατσούλης", "Male", "1999-05-28", "2021-07-10", "3119047");
INSERT INTO Researcher (Researcher_ID,Name,Surname,Gender,Birth_Date,Recruitment_Date,Organization_ID) VALUES ("3119418", "Joanne", "Ρήγας", "Female", "1969-10-12", "2020-12-01", "3119015");
INSERT INTO Researcher (Researcher_ID,Name,Surname,Gender,Birth_Date,Recruitment_Date,Organization_ID) VALUES ("3119419", "Κομνηνός", "Λεμονής", "Other", "1979-02-13", "2020-04-15", "3119011");
INSERT INTO Researcher (Researcher_ID,Name,Surname,Gender,Birth_Date,Recruitment_Date,Organization_ID) VALUES ("3119420", "Ashley", "Wilson", "Male", "2001-06-19", "2021-12-03", "3119035");
INSERT INTO Researcher (Researcher_ID,Name,Surname,Gender,Birth_Date,Recruitment_Date,Organization_ID) VALUES ("3119421", "Μαργιέττα", "Καρατάσου", "Female", "1970-11-28", "2020-02-13", "3119030");
INSERT INTO Researcher (Researcher_ID,Name,Surname,Gender,Birth_Date,Recruitment_Date,Organization_ID) VALUES ("3119422", "Gary", "Doyle", "Other", "1975-02-17", "2020-10-20", "3119024");
INSERT INTO Researcher (Researcher_ID,Name,Surname,Gender,Birth_Date,Recruitment_Date,Organization_ID) VALUES ("3119423", "Σπυριδούλα", "Υφαντή", "Male", "1999-04-13", "2020-07-31", "3119010");
INSERT INTO Researcher (Researcher_ID,Name,Surname,Gender,Birth_Date,Recruitment_Date,Organization_ID) VALUES ("3119424", "Αγησίλαος", "Δουλάμη", "Female", "1974-05-10", "2020-12-17", "3119029");
INSERT INTO Researcher (Researcher_ID,Name,Surname,Gender,Birth_Date,Recruitment_Date,Organization_ID) VALUES ("3119425", "Martha", "Πάνου", "Other", "1984-01-04", "2021-09-02", "3119049");
INSERT INTO Researcher (Researcher_ID,Name,Surname,Gender,Birth_Date,Recruitment_Date,Organization_ID) VALUES ("3119426", "Jenna", "Σταθάτος", "Male", "1966-06-27", "2020-02-14", "3119013");
INSERT INTO Researcher (Researcher_ID,Name,Surname,Gender,Birth_Date,Recruitment_Date,Organization_ID) VALUES ("3119427", "Juan", "Murphy", "Female", "1964-01-09", "2020-03-03", "3119026");
INSERT INTO Researcher (Researcher_ID,Name,Surname,Gender,Birth_Date,Recruitment_Date,Organization_ID) VALUES ("3119428", "Erika", "Porter", "Other", "1972-10-14", "2021-07-31", "3119010");
INSERT INTO Researcher (Researcher_ID,Name,Surname,Gender,Birth_Date,Recruitment_Date,Organization_ID) VALUES ("3119429", "Robert", "Αναστασάκης", "Male", "1982-06-01", "2022-03-02", "3119009");
INSERT INTO Researcher (Researcher_ID,Name,Surname,Gender,Birth_Date,Recruitment_Date,Organization_ID) VALUES ("3119430", "Micheal", "Rogers", "Female", "1983-10-20", "2021-06-19", "3119022");
INSERT INTO Researcher (Researcher_ID,Name,Surname,Gender,Birth_Date,Recruitment_Date,Organization_ID) VALUES ("3119431", "Γενοβέφα", "Πιπερίγκος", "Other", "1969-01-03", "2020-01-04", "3119035");
INSERT INTO Researcher (Researcher_ID,Name,Surname,Gender,Birth_Date,Recruitment_Date,Organization_ID) VALUES ("3119432", "Travis", "Mason", "Male", "1969-07-07", "2020-10-26", "3119016");
INSERT INTO Researcher (Researcher_ID,Name,Surname,Gender,Birth_Date,Recruitment_Date,Organization_ID) VALUES ("3119433", "Βαρβάρα", "Γιαννακόπουλος", "Female", "1971-09-18", "2020-10-21", "3119029");
INSERT INTO Researcher (Researcher_ID,Name,Surname,Gender,Birth_Date,Recruitment_Date,Organization_ID) VALUES ("3119434", "Κατερίνα", "Ρέντας", "Other", "1988-07-24", "2021-05-14", "3119025");
INSERT INTO Researcher (Researcher_ID,Name,Surname,Gender,Birth_Date,Recruitment_Date,Organization_ID) VALUES ("3119435", "Matthew", "Morgan", "Male", "1997-11-08", "2021-02-09", "3119047");
INSERT INTO Researcher (Researcher_ID,Name,Surname,Gender,Birth_Date,Recruitment_Date,Organization_ID) VALUES ("3119436", "Αγαθάγγελος", "Ασλανίδου", "Female", "1993-04-25", "2020-11-19", "3119012");
INSERT INTO Researcher (Researcher_ID,Name,Surname,Gender,Birth_Date,Recruitment_Date,Organization_ID) VALUES ("3119437", "Αλκιβιάδης", "Εμπορόπουλος", "Other", "1979-09-28", "2021-04-24", "3119017");
INSERT INTO Researcher (Researcher_ID,Name,Surname,Gender,Birth_Date,Recruitment_Date,Organization_ID) VALUES ("3119438", "William", "Ramirez", "Male", "1980-05-19", "2020-12-01", "3119049");
INSERT INTO Researcher (Researcher_ID,Name,Surname,Gender,Birth_Date,Recruitment_Date,Organization_ID) VALUES ("3119439", "James", "Brown", "Female", "2001-03-04", "2022-05-11", "3119048");
INSERT INTO Researcher (Researcher_ID,Name,Surname,Gender,Birth_Date,Recruitment_Date,Organization_ID) VALUES ("3119440", "Alexander", "Μαντάρης", "Other", "1995-03-01", "2022-02-22", "3119016");
INSERT INTO Researcher (Researcher_ID,Name,Surname,Gender,Birth_Date,Recruitment_Date,Organization_ID) VALUES ("3119441", "Jose", "Jones", "Male", "1999-05-05", "2021-07-14", "3119019");
INSERT INTO Researcher (Researcher_ID,Name,Surname,Gender,Birth_Date,Recruitment_Date,Organization_ID) VALUES ("3119442", "Alejandra", "Πάγκαλος", "Female", "1980-10-27", "2021-12-09", "3119037");
INSERT INTO Researcher (Researcher_ID,Name,Surname,Gender,Birth_Date,Recruitment_Date,Organization_ID) VALUES ("3119443", "Μαρίνα", "Davis", "Other", "1996-02-22", "2020-09-08", "3119020");
INSERT INTO Researcher (Researcher_ID,Name,Surname,Gender,Birth_Date,Recruitment_Date,Organization_ID) VALUES ("3119444", "Θέμις", "Jackson", "Male", "1984-07-07", "2021-06-08", "3119026");
INSERT INTO Researcher (Researcher_ID,Name,Surname,Gender,Birth_Date,Recruitment_Date,Organization_ID) VALUES ("3119445", "Sue", "Chapman", "Female", "1963-06-15", "2021-06-29", "3119029");
INSERT INTO Researcher (Researcher_ID,Name,Surname,Gender,Birth_Date,Recruitment_Date,Organization_ID) VALUES ("3119446", "Christopher", "Adams", "Other", "1997-11-28", "2020-04-18", "3119029");
INSERT INTO Researcher (Researcher_ID,Name,Surname,Gender,Birth_Date,Recruitment_Date,Organization_ID) VALUES ("3119447", "Pamela", "Τασιούλας", "Male", "1979-09-15", "2021-12-07", "3119027");
INSERT INTO Researcher (Researcher_ID,Name,Surname,Gender,Birth_Date,Recruitment_Date,Organization_ID) VALUES ("3119448", "Shari", "Βακαλής", "Female", "1982-03-30", "2020-08-10", "3119049");
INSERT INTO Researcher (Researcher_ID,Name,Surname,Gender,Birth_Date,Recruitment_Date,Organization_ID) VALUES ("3119449", "Θεμιστοκλής", "Rogers", "Other", "1971-03-25", "2020-11-22", "3119008");
INSERT INTO Researcher (Researcher_ID,Name,Surname,Gender,Birth_Date,Recruitment_Date,Organization_ID) VALUES ("3119450", "Ευρύκλεια", "Διακουμή", "Male", "1991-08-22", "2022-05-15", "3119026");
INSERT INTO Researcher (Researcher_ID,Name,Surname,Gender,Birth_Date,Recruitment_Date,Organization_ID) VALUES ("3119451", "Δαβιδούλα", "Robertson", "Female", "1972-02-10", "2020-11-19", "3119012");
INSERT INTO Researcher (Researcher_ID,Name,Surname,Gender,Birth_Date,Recruitment_Date,Organization_ID) VALUES ("3119452", "Erin", "Παπαστεργίου", "Other", "1996-01-21", "2020-12-24", "3119040");
INSERT INTO Researcher (Researcher_ID,Name,Surname,Gender,Birth_Date,Recruitment_Date,Organization_ID) VALUES ("3119453", "Ιππόλυτος", "Wells", "Male", "1995-07-03", "2021-09-17", "3119027");
INSERT INTO Researcher (Researcher_ID,Name,Surname,Gender,Birth_Date,Recruitment_Date,Organization_ID) VALUES ("3119454", "Chelsea", "Χρυσοβέργης", "Female", "1980-03-20", "2021-09-07", "3119010");
INSERT INTO Researcher (Researcher_ID,Name,Surname,Gender,Birth_Date,Recruitment_Date,Organization_ID) VALUES ("3119455", "Brian", "Μακαριάδης", "Other", "1981-10-20", "2020-09-05", "3119047");
INSERT INTO Researcher (Researcher_ID,Name,Surname,Gender,Birth_Date,Recruitment_Date,Organization_ID) VALUES ("3119456", "Μελένια", "Μυλωνάς", "Male", "1989-06-14", "2020-06-15", "3119046");
INSERT INTO Researcher (Researcher_ID,Name,Surname,Gender,Birth_Date,Recruitment_Date,Organization_ID) VALUES ("3119457", "Κοραλία", "Βλάσση", "Female", "1967-11-26", "2022-01-19", "3119047");
INSERT INTO Researcher (Researcher_ID,Name,Surname,Gender,Birth_Date,Recruitment_Date,Organization_ID) VALUES ("3119458", "Laura", "Ντζιαβίδα", "Other", "1961-06-20", "2022-02-25", "3119046");
INSERT INTO Researcher (Researcher_ID,Name,Surname,Gender,Birth_Date,Recruitment_Date,Organization_ID) VALUES ("3119459", "Ευδοκία", "Κυριακούλη", "Male", "1986-06-25", "2021-01-17", "3119032");
INSERT INTO Researcher (Researcher_ID,Name,Surname,Gender,Birth_Date,Recruitment_Date,Organization_ID) VALUES ("3119460", "Σωτήριος", "Παναγιώτου", "Female", "1990-08-28", "2021-04-11", "3119042");
INSERT INTO Researcher (Researcher_ID,Name,Surname,Gender,Birth_Date,Recruitment_Date,Organization_ID) VALUES ("3119461", "Joanne", "Μπαλταγιάννης", "Other", "1977-05-08", "2021-11-18", "3119045");
INSERT INTO Researcher (Researcher_ID,Name,Surname,Gender,Birth_Date,Recruitment_Date,Organization_ID) VALUES ("3119462", "Amy", "Κανελλή", "Male", "1976-04-07", "2021-12-08", "3119018");
INSERT INTO Researcher (Researcher_ID,Name,Surname,Gender,Birth_Date,Recruitment_Date,Organization_ID) VALUES ("3119463", "Ναταλίνα", "Lopez", "Female", "1972-10-24", "2021-08-15", "3119012");
INSERT INTO Researcher (Researcher_ID,Name,Surname,Gender,Birth_Date,Recruitment_Date,Organization_ID) VALUES ("3119464", "Kathryn", "Howard", "Other", "1998-09-28", "2021-02-09", "3119018");
INSERT INTO Researcher (Researcher_ID,Name,Surname,Gender,Birth_Date,Recruitment_Date,Organization_ID) VALUES ("3119465", "Προκόπιος", "Κυμπάρης", "Male", "1968-01-26", "2021-03-11", "3119005");
INSERT INTO Researcher (Researcher_ID,Name,Surname,Gender,Birth_Date,Recruitment_Date,Organization_ID) VALUES ("3119466", "Julia", "Lopez", "Female", "1968-11-05", "2022-05-25", "3119042");
INSERT INTO Researcher (Researcher_ID,Name,Surname,Gender,Birth_Date,Recruitment_Date,Organization_ID) VALUES ("3119467", "Ανδρόνικος", "Ruiz", "Other", "1984-12-04", "2021-03-05", "3119004");
INSERT INTO Researcher (Researcher_ID,Name,Surname,Gender,Birth_Date,Recruitment_Date,Organization_ID) VALUES ("3119468", "Ιφιγένεια", "Συνοδινού", "Male", "1988-07-22", "2020-03-22", "3119030");
INSERT INTO Researcher (Researcher_ID,Name,Surname,Gender,Birth_Date,Recruitment_Date,Organization_ID) VALUES ("3119469", "Karen", "Bennett", "Female", "1977-07-13", "2021-05-11", "3119015");
INSERT INTO Researcher (Researcher_ID,Name,Surname,Gender,Birth_Date,Recruitment_Date,Organization_ID) VALUES ("3119470", "Πηγή", "Μανοπούλου", "Other", "1998-02-08", "2022-03-23", "3119033");
INSERT INTO Researcher (Researcher_ID,Name,Surname,Gender,Birth_Date,Recruitment_Date,Organization_ID) VALUES ("3119471", "Annette", "Κανταρελή", "Male", "1983-04-02", "2020-08-14", "3119030");
INSERT INTO Researcher (Researcher_ID,Name,Surname,Gender,Birth_Date,Recruitment_Date,Organization_ID) VALUES ("3119472", "Μερκούριος", "Hayes", "Female", "1970-07-13", "2020-03-14", "3119024");
INSERT INTO Researcher (Researcher_ID,Name,Surname,Gender,Birth_Date,Recruitment_Date,Organization_ID) VALUES ("3119473", "Ευσεβία", "White", "Other", "1986-06-27", "2020-02-19", "3119024");
INSERT INTO Researcher (Researcher_ID,Name,Surname,Gender,Birth_Date,Recruitment_Date,Organization_ID) VALUES ("3119474", "Matthew", "Hancock", "Male", "1984-08-13", "2020-01-05", "3119017");
INSERT INTO Researcher (Researcher_ID,Name,Surname,Gender,Birth_Date,Recruitment_Date,Organization_ID) VALUES ("3119475", "Κωνσταντία", "Perez", "Female", "1982-01-05", "2020-03-03", "3119022");
INSERT INTO Researcher (Researcher_ID,Name,Surname,Gender,Birth_Date,Recruitment_Date,Organization_ID) VALUES ("3119476", "Αναστάσιος", "Martinez", "Other", "1991-09-14", "2021-08-06", "3119002");
INSERT INTO Researcher (Researcher_ID,Name,Surname,Gender,Birth_Date,Recruitment_Date,Organization_ID) VALUES ("3119477", "Αμαλία", "Gutierrez", "Male", "1998-01-15", "2020-03-25", "3119007");
INSERT INTO Researcher (Researcher_ID,Name,Surname,Gender,Birth_Date,Recruitment_Date,Organization_ID) VALUES ("3119478", "Τρυφωνία", "Γαλάνη", "Female", "1974-11-23", "2022-03-22", "3119002");
INSERT INTO Researcher (Researcher_ID,Name,Surname,Gender,Birth_Date,Recruitment_Date,Organization_ID) VALUES ("3119479", "Jeffery", "Ανδριανός", "Other", "2000-05-13", "2021-06-06", "3119030");
INSERT INTO Researcher (Researcher_ID,Name,Surname,Gender,Birth_Date,Recruitment_Date,Organization_ID) VALUES ("3119480", "Λεμονής", "Peterson", "Male", "1990-08-09", "2020-01-27", "3119029");
INSERT INTO Researcher (Researcher_ID,Name,Surname,Gender,Birth_Date,Recruitment_Date,Organization_ID) VALUES ("3119481", "Κρυσταλλένια", "Πιπεράκης", "Female", "1976-04-14", "2020-06-13", "3119024");
INSERT INTO Researcher (Researcher_ID,Name,Surname,Gender,Birth_Date,Recruitment_Date,Organization_ID) VALUES ("3119482", "Bradley", "Carter", "Other", "1977-12-18", "2021-03-14", "3119049");
INSERT INTO Researcher (Researcher_ID,Name,Surname,Gender,Birth_Date,Recruitment_Date,Organization_ID) VALUES ("3119483", "Ευπραξία", "Μανωλέας", "Male", "1980-09-21", "2022-02-04", "3119019");
INSERT INTO Researcher (Researcher_ID,Name,Surname,Gender,Birth_Date,Recruitment_Date,Organization_ID) VALUES ("3119484", "Μαρωτέσα", "Ramirez", "Female", "1984-07-02", "2021-06-21", "3119038");
INSERT INTO Researcher (Researcher_ID,Name,Surname,Gender,Birth_Date,Recruitment_Date,Organization_ID) VALUES ("3119485", "Joe", "Ιντζές", "Other", "1972-09-20", "2021-04-26", "3119039");
INSERT INTO Researcher (Researcher_ID,Name,Surname,Gender,Birth_Date,Recruitment_Date,Organization_ID) VALUES ("3119486", "Crystal", "Simon", "Male", "1995-03-15", "2020-06-30", "3119013");
INSERT INTO Researcher (Researcher_ID,Name,Surname,Gender,Birth_Date,Recruitment_Date,Organization_ID) VALUES ("3119487", "Γαβριήλ", "Mclaughlin", "Female", "1975-04-14", "2020-02-21", "3119014");
INSERT INTO Researcher (Researcher_ID,Name,Surname,Gender,Birth_Date,Recruitment_Date,Organization_ID) VALUES ("3119488", "Jody", "Garza", "Other", "1963-03-24", "2020-03-06", "3119027");
INSERT INTO Researcher (Researcher_ID,Name,Surname,Gender,Birth_Date,Recruitment_Date,Organization_ID) VALUES ("3119489", "Michelle", "Faulkner", "Male", "2001-09-29", "2021-08-24", "3119046");
INSERT INTO Researcher (Researcher_ID,Name,Surname,Gender,Birth_Date,Recruitment_Date,Organization_ID) VALUES ("3119490", "Περιστέρα", "Ντάνου", "Female", "1978-11-25", "2020-03-04", "3119031");
INSERT INTO Researcher (Researcher_ID,Name,Surname,Gender,Birth_Date,Recruitment_Date,Organization_ID) VALUES ("3119491", "Jamie", "Καρατάσου", "Other", "1997-04-15", "2021-11-29", "3119015");
INSERT INTO Researcher (Researcher_ID,Name,Surname,Gender,Birth_Date,Recruitment_Date,Organization_ID) VALUES ("3119492", "Κυπαρισσία", "Μουτουσίδης", "Male", "1996-10-19", "2021-05-13", "3119005");
INSERT INTO Researcher (Researcher_ID,Name,Surname,Gender,Birth_Date,Recruitment_Date,Organization_ID) VALUES ("3119493", "Θαλής", "Πάγκαλος", "Female", "1998-03-16", "2020-05-30", "3119038");
INSERT INTO Researcher (Researcher_ID,Name,Surname,Gender,Birth_Date,Recruitment_Date,Organization_ID) VALUES ("3119494", "Διογένης", "Ανδρουλάκης", "Other", "1963-04-07", "2021-08-15", "3119006");
INSERT INTO Researcher (Researcher_ID,Name,Surname,Gender,Birth_Date,Recruitment_Date,Organization_ID) VALUES ("3119495", "Ιωακείμ", "Αυγουστής", "Male", "1979-03-11", "2022-04-04", "3119033");
INSERT INTO Researcher (Researcher_ID,Name,Surname,Gender,Birth_Date,Recruitment_Date,Organization_ID) VALUES ("3119496", "Jake", "Bennett", "Female", "1991-11-03", "2020-08-13", "3119037");
INSERT INTO Researcher (Researcher_ID,Name,Surname,Gender,Birth_Date,Recruitment_Date,Organization_ID) VALUES ("3119497", "Jacob", "Χριστάκης", "Other", "1970-07-13", "2021-01-20", "3119040");
INSERT INTO Researcher (Researcher_ID,Name,Surname,Gender,Birth_Date,Recruitment_Date,Organization_ID) VALUES ("3119498", "Πασχάλης", "Κουβάς", "Male", "1981-07-11", "2020-02-08", "3119049");
INSERT INTO Researcher (Researcher_ID,Name,Surname,Gender,Birth_Date,Recruitment_Date,Organization_ID) VALUES ("3119499", "Crystal", "Nielsen", "Female", "2001-09-17", "2021-09-12", "3119033");
INSERT INTO Researcher (Researcher_ID,Name,Surname,Gender,Birth_Date,Recruitment_Date,Organization_ID) VALUES ("3119500", "Linda", "House", "Other", "1968-01-30", "2021-01-09", "3119015");
INSERT INTO Researcher (Researcher_ID,Name,Surname,Gender,Birth_Date,Recruitment_Date,Organization_ID) VALUES ("3119501", "Μαύρος", "Φιλίππου", "Male", "1972-09-19", "2021-12-29", "3119006");
INSERT INTO Researcher (Researcher_ID,Name,Surname,Gender,Birth_Date,Recruitment_Date,Organization_ID) VALUES ("3119502", "Μιχαέλα", "Καραμσαλής", "Female", "1971-09-09", "2021-04-20", "3119032");
INSERT INTO Researcher (Researcher_ID,Name,Surname,Gender,Birth_Date,Recruitment_Date,Organization_ID) VALUES ("3119503", "Μαγδαληνός", "Φαλιέρος", "Other", "1977-08-10", "2020-07-27", "3119026");
INSERT INTO Researcher (Researcher_ID,Name,Surname,Gender,Birth_Date,Recruitment_Date,Organization_ID) VALUES ("3119504", "Αρτέμιος", "Bryant", "Male", "1970-10-18", "2020-12-26", "3119009");
INSERT INTO Researcher (Researcher_ID,Name,Surname,Gender,Birth_Date,Recruitment_Date,Organization_ID) VALUES ("3119505", "Walter", "James", "Female", "1983-12-06", "2021-12-21", "3119022");
INSERT INTO Researcher (Researcher_ID,Name,Surname,Gender,Birth_Date,Recruitment_Date,Organization_ID) VALUES ("3119506", "Heather", "Hall", "Other", "1985-07-11", "2021-06-09", "3119021");
INSERT INTO Researcher (Researcher_ID,Name,Surname,Gender,Birth_Date,Recruitment_Date,Organization_ID) VALUES ("3119507", "Φρίξος", "Rogers", "Male", "1991-03-08", "2022-03-21", "3119018");
INSERT INTO Researcher (Researcher_ID,Name,Surname,Gender,Birth_Date,Recruitment_Date,Organization_ID) VALUES ("3119508", "Laura", "Αρμένης", "Female", "1966-06-02", "2021-07-13", "3119040");
INSERT INTO Researcher (Researcher_ID,Name,Surname,Gender,Birth_Date,Recruitment_Date,Organization_ID) VALUES ("3119509", "Αρέθα", "Πορφυριάδου", "Other", "1995-11-25", "2021-02-27", "3119029");
INSERT INTO Researcher (Researcher_ID,Name,Surname,Gender,Birth_Date,Recruitment_Date,Organization_ID) VALUES ("3119510", "Θαλασσινή", "Blake", "Male", "2000-01-12", "2020-05-25", "3119029");
INSERT INTO Researcher (Researcher_ID,Name,Surname,Gender,Birth_Date,Recruitment_Date,Organization_ID) VALUES ("3119511", "Παρέσσα", "Adkins", "Female", "1983-05-22", "2020-11-12", "3119009");
INSERT INTO Researcher (Researcher_ID,Name,Surname,Gender,Birth_Date,Recruitment_Date,Organization_ID) VALUES ("3119512", "Κάρολος", "Mitchell", "Other", "1980-10-10", "2020-05-13", "3119047");
INSERT INTO Researcher (Researcher_ID,Name,Surname,Gender,Birth_Date,Recruitment_Date,Organization_ID) VALUES ("3119513", "Μαργιέττα", "Watkins", "Male", "1981-02-13", "2021-09-13", "3119018");
INSERT INTO Researcher (Researcher_ID,Name,Surname,Gender,Birth_Date,Recruitment_Date,Organization_ID) VALUES ("3119514", "Jennifer", "Jones", "Female", "1997-06-20", "2020-02-13", "3119043");
INSERT INTO Researcher (Researcher_ID,Name,Surname,Gender,Birth_Date,Recruitment_Date,Organization_ID) VALUES ("3119515", "Deborah", "Παλιεράκη", "Other", "1993-01-04", "2021-11-09", "3119040");
INSERT INTO Researcher (Researcher_ID,Name,Surname,Gender,Birth_Date,Recruitment_Date,Organization_ID) VALUES ("3119516", "Χριστόφορος", "Ριζούλης", "Male", "1970-07-25", "2020-03-02", "3119019");
INSERT INTO Researcher (Researcher_ID,Name,Surname,Gender,Birth_Date,Recruitment_Date,Organization_ID) VALUES ("3119517", "Παρασκευάς", "Eaton", "Female", "1983-06-09", "2021-05-03", "3119046");
INSERT INTO Researcher (Researcher_ID,Name,Surname,Gender,Birth_Date,Recruitment_Date,Organization_ID) VALUES ("3119518", "Χριστιάν", "Miles", "Other", "1966-10-29", "2021-07-20", "3119023");
INSERT INTO Researcher (Researcher_ID,Name,Surname,Gender,Birth_Date,Recruitment_Date,Organization_ID) VALUES ("3119519", "Κωνσταντία", "Αντωνάκος", "Male", "1996-11-20", "2020-11-24", "3119039");
INSERT INTO Researcher (Researcher_ID,Name,Surname,Gender,Birth_Date,Recruitment_Date,Organization_ID) VALUES ("3119520", "Ροδαμάνθη", "Τσιγαρίδας", "Female", "2002-02-09", "2021-12-20", "3119048");
INSERT INTO Researcher (Researcher_ID,Name,Surname,Gender,Birth_Date,Recruitment_Date,Organization_ID) VALUES ("3119521", "Μιχαέλα", "Duarte", "Other", "1965-03-23", "2021-04-16", "3119043");
INSERT INTO Researcher (Researcher_ID,Name,Surname,Gender,Birth_Date,Recruitment_Date,Organization_ID) VALUES ("3119522", "Shelley", "Μάνδαλος", "Male", "1967-05-17", "2020-06-07", "3119020");
INSERT INTO Researcher (Researcher_ID,Name,Surname,Gender,Birth_Date,Recruitment_Date,Organization_ID) VALUES ("3119523", "Βλάσης", "Μαράκη", "Female", "1989-12-13", "2022-05-29", "3119033");
INSERT INTO Researcher (Researcher_ID,Name,Surname,Gender,Birth_Date,Recruitment_Date,Organization_ID) VALUES ("3119524", "Νερατζιά", "Πετράκης", "Other", "1976-06-29", "2021-06-18", "3119001");
INSERT INTO Researcher (Researcher_ID,Name,Surname,Gender,Birth_Date,Recruitment_Date,Organization_ID) VALUES ("3119525", "Daniel", "Dunn", "Male", "1964-01-30", "2021-02-25", "3119004");
INSERT INTO Researcher (Researcher_ID,Name,Surname,Gender,Birth_Date,Recruitment_Date,Organization_ID) VALUES ("3119526", "Terri", "Συλλίγαρδος", "Female", "1986-12-13", "2021-03-02", "3119018");
INSERT INTO Researcher (Researcher_ID,Name,Surname,Gender,Birth_Date,Recruitment_Date,Organization_ID) VALUES ("3119527", "Υάκινθος", "Μανοπούλου", "Other", "1963-11-25", "2021-07-07", "3119035");
INSERT INTO Researcher (Researcher_ID,Name,Surname,Gender,Birth_Date,Recruitment_Date,Organization_ID) VALUES ("3119528", "Nicole", "Τρίκα", "Male", "1992-07-18", "2020-03-16", "3119022");
INSERT INTO Researcher (Researcher_ID,Name,Surname,Gender,Birth_Date,Recruitment_Date,Organization_ID) VALUES ("3119529", "Steven", "Σακκή", "Female", "1973-02-15", "2021-01-14", "3119036");
INSERT INTO Researcher (Researcher_ID,Name,Surname,Gender,Birth_Date,Recruitment_Date,Organization_ID) VALUES ("3119530", "Αντίγονος", "Moore", "Other", "1964-03-26", "2020-08-24", "3119016");
INSERT INTO Researcher (Researcher_ID,Name,Surname,Gender,Birth_Date,Recruitment_Date,Organization_ID) VALUES ("3119531", "Daniel", "Peck", "Male", "2000-07-05", "2021-12-11", "3119033");
INSERT INTO Researcher (Researcher_ID,Name,Surname,Gender,Birth_Date,Recruitment_Date,Organization_ID) VALUES ("3119532", "Victoria", "Davenport", "Female", "1964-01-27", "2021-11-15", "3119024");
INSERT INTO Researcher (Researcher_ID,Name,Surname,Gender,Birth_Date,Recruitment_Date,Organization_ID) VALUES ("3119533", "Natalie", "Roberts", "Other", "1965-12-29", "2021-07-14", "3119021");
INSERT INTO Researcher (Researcher_ID,Name,Surname,Gender,Birth_Date,Recruitment_Date,Organization_ID) VALUES ("3119534", "Christopher", "Rodriguez", "Male", "1977-05-07", "2022-05-12", "3119017");
INSERT INTO Researcher (Researcher_ID,Name,Surname,Gender,Birth_Date,Recruitment_Date,Organization_ID) VALUES ("3119535", "Krista", "Lewis", "Female", "1997-02-21", "2021-01-07", "3119026");
INSERT INTO Researcher (Researcher_ID,Name,Surname,Gender,Birth_Date,Recruitment_Date,Organization_ID) VALUES ("3119536", "Μερόπη", "Σπανδωνίδης", "Other", "1986-11-22", "2021-12-17", "3119013");
INSERT INTO Researcher (Researcher_ID,Name,Surname,Gender,Birth_Date,Recruitment_Date,Organization_ID) VALUES ("3119537", "Τατιάνα", "Φερεντίνος", "Male", "1967-03-02", "2021-03-06", "3119025");
INSERT INTO Researcher (Researcher_ID,Name,Surname,Gender,Birth_Date,Recruitment_Date,Organization_ID) VALUES ("3119538", "Αβραάμ", "Hill", "Female", "1969-04-17", "2021-10-20", "3119012");
INSERT INTO Researcher (Researcher_ID,Name,Surname,Gender,Birth_Date,Recruitment_Date,Organization_ID) VALUES ("3119539", "Jane", "Ραχωβίτσας", "Other", "2002-05-04", "2020-05-18", "3119016");
INSERT INTO Researcher (Researcher_ID,Name,Surname,Gender,Birth_Date,Recruitment_Date,Organization_ID) VALUES ("3119540", "Αλεξάνδρα", "Alvarado", "Male", "1991-06-02", "2021-01-10", "3119018");
INSERT INTO Researcher (Researcher_ID,Name,Surname,Gender,Birth_Date,Recruitment_Date,Organization_ID) VALUES ("3119541", "Mark", "Κουκλατζής", "Female", "1961-09-09", "2020-02-03", "3119019");
INSERT INTO Researcher (Researcher_ID,Name,Surname,Gender,Birth_Date,Recruitment_Date,Organization_ID) VALUES ("3119542", "Θεοπίστη", "Κριτσέλης", "Other", "1962-11-26", "2020-08-21", "3119039");
INSERT INTO Researcher (Researcher_ID,Name,Surname,Gender,Birth_Date,Recruitment_Date,Organization_ID) VALUES ("3119543", "Kristi", "Richards", "Male", "1994-10-21", "2022-01-05", "3119003");
INSERT INTO Researcher (Researcher_ID,Name,Surname,Gender,Birth_Date,Recruitment_Date,Organization_ID) VALUES ("3119544", "Lauren", "Μωυσίδου", "Female", "1961-07-12", "2020-05-02", "3119025");
INSERT INTO Researcher (Researcher_ID,Name,Surname,Gender,Birth_Date,Recruitment_Date,Organization_ID) VALUES ("3119545", "Παντούλα", "Cabrera", "Other", "2000-09-13", "2020-12-07", "3119008");
INSERT INTO Researcher (Researcher_ID,Name,Surname,Gender,Birth_Date,Recruitment_Date,Organization_ID) VALUES ("3119546", "Jason", "Thomas", "Male", "1969-01-09", "2020-06-16", "3119033");
INSERT INTO Researcher (Researcher_ID,Name,Surname,Gender,Birth_Date,Recruitment_Date,Organization_ID) VALUES ("3119547", "Προκόπιος", "Κατσίφος", "Female", "1980-04-25", "2021-08-20", "3119042");
INSERT INTO Researcher (Researcher_ID,Name,Surname,Gender,Birth_Date,Recruitment_Date,Organization_ID) VALUES ("3119548", "Kevin", "Hays", "Other", "1978-06-09", "2022-01-17", "3119026");
INSERT INTO Researcher (Researcher_ID,Name,Surname,Gender,Birth_Date,Recruitment_Date,Organization_ID) VALUES ("3119549", "Linda", "Παπαθεοδοσίου", "Male", "1977-09-22", "2022-04-15", "3119010");
INSERT INTO Researcher (Researcher_ID,Name,Surname,Gender,Birth_Date,Recruitment_Date,Organization_ID) VALUES ("3119550", "Λυκούργος", "Weber", "Female", "1982-09-07", "2020-01-29", "3119001");
INSERT INTO Researcher (Researcher_ID,Name,Surname,Gender,Birth_Date,Recruitment_Date,Organization_ID) VALUES ("3119551", "Alfred", "Παπαγιάννης", "Other", "1963-01-12", "2020-09-19", "3119047");
INSERT INTO Researcher (Researcher_ID,Name,Surname,Gender,Birth_Date,Recruitment_Date,Organization_ID) VALUES ("3119552", "Παρθένα", "Γρηγοριάδου", "Male", "1996-01-06", "2021-04-23", "3119004");
INSERT INTO Researcher (Researcher_ID,Name,Surname,Gender,Birth_Date,Recruitment_Date,Organization_ID) VALUES ("3119553", "Τσαμπίκα", "Χέλιος", "Female", "1992-11-20", "2021-05-06", "3119001");
INSERT INTO Researcher (Researcher_ID,Name,Surname,Gender,Birth_Date,Recruitment_Date,Organization_ID) VALUES ("3119554", "Jeffrey", "Reyes", "Other", "2000-10-21", "2020-05-07", "3119030");
INSERT INTO Researcher (Researcher_ID,Name,Surname,Gender,Birth_Date,Recruitment_Date,Organization_ID) VALUES ("3119555", "Michael", "Δραμουντάνη", "Male", "1993-12-12", "2021-09-04", "3119000");
INSERT INTO Researcher (Researcher_ID,Name,Surname,Gender,Birth_Date,Recruitment_Date,Organization_ID) VALUES ("3119556", "Kimberly", "Χατζόπουλος", "Female", "1996-08-04", "2022-03-12", "3119014");
INSERT INTO Researcher (Researcher_ID,Name,Surname,Gender,Birth_Date,Recruitment_Date,Organization_ID) VALUES ("3119557", "Παντελία", "Παπαγιαννόπουλος", "Other", "1974-11-27", "2020-09-22", "3119023");
INSERT INTO Researcher (Researcher_ID,Name,Surname,Gender,Birth_Date,Recruitment_Date,Organization_ID) VALUES ("3119558", "Αγάπη", "Jones", "Male", "1964-10-29", "2020-01-25", "3119036");
INSERT INTO Researcher (Researcher_ID,Name,Surname,Gender,Birth_Date,Recruitment_Date,Organization_ID) VALUES ("3119559", "Διαμαντούλα", "Bauer", "Female", "1971-09-06", "2020-10-23", "3119031");
INSERT INTO Researcher (Researcher_ID,Name,Surname,Gender,Birth_Date,Recruitment_Date,Organization_ID) VALUES ("3119560", "Βιργινία", "Levy", "Other", "1992-03-25", "2021-05-27", "3119004");
INSERT INTO Researcher (Researcher_ID,Name,Surname,Gender,Birth_Date,Recruitment_Date,Organization_ID) VALUES ("3119561", "Ανδρέας", "Smith", "Male", "1964-12-16", "2021-01-04", "3119003");
INSERT INTO Researcher (Researcher_ID,Name,Surname,Gender,Birth_Date,Recruitment_Date,Organization_ID) VALUES ("3119562", "Tammy", "Σταθά", "Female", "1976-04-28", "2020-01-19", "3119022");
INSERT INTO Researcher (Researcher_ID,Name,Surname,Gender,Birth_Date,Recruitment_Date,Organization_ID) VALUES ("3119563", "Ναυσικά", "Μαρτζούκου", "Other", "1993-02-03", "2020-08-11", "3119004");
INSERT INTO Researcher (Researcher_ID,Name,Surname,Gender,Birth_Date,Recruitment_Date,Organization_ID) VALUES ("3119564", "David", "Βλάχος", "Male", "1994-10-22", "2020-01-17", "3119043");
INSERT INTO Researcher (Researcher_ID,Name,Surname,Gender,Birth_Date,Recruitment_Date,Organization_ID) VALUES ("3119565", "Κηρύκος", "Rodriguez", "Female", "1962-04-05", "2022-01-13", "3119008");
INSERT INTO Researcher (Researcher_ID,Name,Surname,Gender,Birth_Date,Recruitment_Date,Organization_ID) VALUES ("3119566", "Peter", "Ballard", "Other", "1998-03-06", "2021-05-14", "3119046");
INSERT INTO Researcher (Researcher_ID,Name,Surname,Gender,Birth_Date,Recruitment_Date,Organization_ID) VALUES ("3119567", "Βαλεντίνος", "Jackson", "Male", "1967-11-26", "2020-02-12", "3119003");
INSERT INTO Researcher (Researcher_ID,Name,Surname,Gender,Birth_Date,Recruitment_Date,Organization_ID) VALUES ("3119568", "Ερμόλαος", "Moore", "Female", "1982-03-14", "2021-12-12", "3119028");
INSERT INTO Researcher (Researcher_ID,Name,Surname,Gender,Birth_Date,Recruitment_Date,Organization_ID) VALUES ("3119569", "Χρύσανθος", "Μασίκα", "Other", "1980-09-17", "2020-05-06", "3119041");
INSERT INTO Researcher (Researcher_ID,Name,Surname,Gender,Birth_Date,Recruitment_Date,Organization_ID) VALUES ("3119570", "Γκίκας", "Herrera", "Male", "1967-02-24", "2021-10-20", "3119047");
INSERT INTO Researcher (Researcher_ID,Name,Surname,Gender,Birth_Date,Recruitment_Date,Organization_ID) VALUES ("3119571", "Ευαγγελία", "Taylor", "Female", "1969-10-02", "2021-03-17", "3119042");
INSERT INTO Researcher (Researcher_ID,Name,Surname,Gender,Birth_Date,Recruitment_Date,Organization_ID) VALUES ("3119572", "Joseph", "Κυριακοπούλου", "Other", "1975-08-26", "2022-05-24", "3119009");
INSERT INTO Researcher (Researcher_ID,Name,Surname,Gender,Birth_Date,Recruitment_Date,Organization_ID) VALUES ("3119573", "Katelyn", "Γιαννέλος", "Male", "2000-02-03", "2020-07-07", "3119048");
INSERT INTO Researcher (Researcher_ID,Name,Surname,Gender,Birth_Date,Recruitment_Date,Organization_ID) VALUES ("3119574", "Βαλάντω", "Χαμαλίδου", "Female", "1975-12-25", "2020-09-29", "3119028");
INSERT INTO Researcher (Researcher_ID,Name,Surname,Gender,Birth_Date,Recruitment_Date,Organization_ID) VALUES ("3119575", "Αγάθη", "James", "Other", "1961-07-15", "2020-07-29", "3119006");
INSERT INTO Researcher (Researcher_ID,Name,Surname,Gender,Birth_Date,Recruitment_Date,Organization_ID) VALUES ("3119576", "Θωμάς", "Newman", "Male", "1976-03-09", "2020-03-13", "3119043");
INSERT INTO Researcher (Researcher_ID,Name,Surname,Gender,Birth_Date,Recruitment_Date,Organization_ID) VALUES ("3119577", "Cesar", "Velez", "Female", "1973-08-30", "2020-09-14", "3119001");
INSERT INTO Researcher (Researcher_ID,Name,Surname,Gender,Birth_Date,Recruitment_Date,Organization_ID) VALUES ("3119578", "Nathaniel", "Χριστόπουλος", "Other", "1983-01-15", "2022-03-04", "3119028");
INSERT INTO Researcher (Researcher_ID,Name,Surname,Gender,Birth_Date,Recruitment_Date,Organization_ID) VALUES ("3119579", "Μαγδαληνή", "Holland", "Male", "1997-07-25", "2022-03-15", "3119030");
INSERT INTO Researcher (Researcher_ID,Name,Surname,Gender,Birth_Date,Recruitment_Date,Organization_ID) VALUES ("3119580", "Αιμιλία", "Αξιώτης", "Female", "1976-04-27", "2022-03-22", "3119031");
INSERT INTO Researcher (Researcher_ID,Name,Surname,Gender,Birth_Date,Recruitment_Date,Organization_ID) VALUES ("3119581", "Lori", "Tucker", "Other", "1970-11-22", "2022-04-20", "3119029");
INSERT INTO Researcher (Researcher_ID,Name,Surname,Gender,Birth_Date,Recruitment_Date,Organization_ID) VALUES ("3119582", "Lisa", "Davis", "Male", "1986-08-01", "2022-01-01", "3119035");
INSERT INTO Researcher (Researcher_ID,Name,Surname,Gender,Birth_Date,Recruitment_Date,Organization_ID) VALUES ("3119583", "Andrew", "Σκόρδος", "Female", "1987-02-12", "2021-02-04", "3119010");
INSERT INTO Researcher (Researcher_ID,Name,Surname,Gender,Birth_Date,Recruitment_Date,Organization_ID) VALUES ("3119584", "Ασημούλα", "Anderson", "Other", "1964-05-20", "2022-05-25", "3119047");
INSERT INTO Researcher (Researcher_ID,Name,Surname,Gender,Birth_Date,Recruitment_Date,Organization_ID) VALUES ("3119585", "Παρασκευάς", "Roberts", "Male", "1992-05-13", "2020-10-21", "3119008");
INSERT INTO Researcher (Researcher_ID,Name,Surname,Gender,Birth_Date,Recruitment_Date,Organization_ID) VALUES ("3119586", "Stacy", "Αντωνίου", "Female", "1965-03-18", "2020-08-12", "3119045");
INSERT INTO Researcher (Researcher_ID,Name,Surname,Gender,Birth_Date,Recruitment_Date,Organization_ID) VALUES ("3119587", "Nicholas", "Cantrell", "Other", "1977-03-13", "2021-12-25", "3119022");
INSERT INTO Researcher (Researcher_ID,Name,Surname,Gender,Birth_Date,Recruitment_Date,Organization_ID) VALUES ("3119588", "Mckenzie", "Μάνδρος", "Male", "1999-06-30", "2021-01-23", "3119040");
INSERT INTO Researcher (Researcher_ID,Name,Surname,Gender,Birth_Date,Recruitment_Date,Organization_ID) VALUES ("3119589", "Christopher", "Gould", "Female", "1982-05-11", "2020-07-01", "3119035");
INSERT INTO Researcher (Researcher_ID,Name,Surname,Gender,Birth_Date,Recruitment_Date,Organization_ID) VALUES ("3119590", "Αγαθόνικος", "Garcia", "Other", "1975-05-18", "2022-04-14", "3119035");
INSERT INTO Researcher (Researcher_ID,Name,Surname,Gender,Birth_Date,Recruitment_Date,Organization_ID) VALUES ("3119591", "Μιχάλης", "Nelson", "Male", "1997-05-06", "2020-05-08", "3119042");
INSERT INTO Researcher (Researcher_ID,Name,Surname,Gender,Birth_Date,Recruitment_Date,Organization_ID) VALUES ("3119592", "Βιργινία", "Hughes", "Female", "1971-08-25", "2021-07-11", "3119047");
INSERT INTO Researcher (Researcher_ID,Name,Surname,Gender,Birth_Date,Recruitment_Date,Organization_ID) VALUES ("3119593", "Michael", "Κοντού", "Other", "1981-12-20", "2020-01-21", "3119014");
INSERT INTO Researcher (Researcher_ID,Name,Surname,Gender,Birth_Date,Recruitment_Date,Organization_ID) VALUES ("3119594", "Pamela", "Καρούντζος", "Male", "1999-05-21", "2021-02-15", "3119043");
INSERT INTO Researcher (Researcher_ID,Name,Surname,Gender,Birth_Date,Recruitment_Date,Organization_ID) VALUES ("3119595", "Ζαφειρία", "Παπαστεργίου", "Female", "1966-07-01", "2021-05-10", "3119018");
INSERT INTO Researcher (Researcher_ID,Name,Surname,Gender,Birth_Date,Recruitment_Date,Organization_ID) VALUES ("3119596", "Jacqueline", "Aguilar", "Other", "1998-07-26", "2020-04-14", "3119012");
INSERT INTO Researcher (Researcher_ID,Name,Surname,Gender,Birth_Date,Recruitment_Date,Organization_ID) VALUES ("3119597", "John", "Σπανίδου", "Male", "1963-01-23", "2020-10-13", "3119024");
INSERT INTO Researcher (Researcher_ID,Name,Surname,Gender,Birth_Date,Recruitment_Date,Organization_ID) VALUES ("3119598", "Tracy", "Shannon", "Female", "1968-05-19", "2020-06-18", "3119029");
INSERT INTO Researcher (Researcher_ID,Name,Surname,Gender,Birth_Date,Recruitment_Date,Organization_ID) VALUES ("3119599", "Nicole", "Γεροδήμος", "Other", "1990-04-18", "2020-02-18", "3119040");
INSERT INTO Researcher (Researcher_ID,Name,Surname,Gender,Birth_Date,Recruitment_Date,Organization_ID) VALUES ("3119600", "Rachel", "Δημησκής", "Male", "1991-04-01", "2020-05-30", "3119009");
INSERT INTO Researcher (Researcher_ID,Name,Surname,Gender,Birth_Date,Recruitment_Date,Organization_ID) VALUES ("3119601", "Χάρη", "Λαγογιάννης", "Female", "1994-05-29", "2020-04-01", "3119006");
INSERT INTO Researcher (Researcher_ID,Name,Surname,Gender,Birth_Date,Recruitment_Date,Organization_ID) VALUES ("3119602", "Christine", "Σαρρή", "Other", "1982-07-10", "2020-10-17", "3119040");
INSERT INTO Researcher (Researcher_ID,Name,Surname,Gender,Birth_Date,Recruitment_Date,Organization_ID) VALUES ("3119603", "Tina", "Χαραλαμπίδου", "Male", "1984-10-18", "2021-04-24", "3119030");
INSERT INTO Researcher (Researcher_ID,Name,Surname,Gender,Birth_Date,Recruitment_Date,Organization_ID) VALUES ("3119604", "Joseph", "Λεβέντης", "Female", "1992-09-08", "2020-10-05", "3119004");
INSERT INTO Researcher (Researcher_ID,Name,Surname,Gender,Birth_Date,Recruitment_Date,Organization_ID) VALUES ("3119605", "Joshua", "Pena", "Other", "2000-01-24", "2022-05-07", "3119004");
INSERT INTO Researcher (Researcher_ID,Name,Surname,Gender,Birth_Date,Recruitment_Date,Organization_ID) VALUES ("3119606", "Ιωακείμ", "Martinez", "Male", "1975-05-05", "2022-01-09", "3119021");
INSERT INTO Researcher (Researcher_ID,Name,Surname,Gender,Birth_Date,Recruitment_Date,Organization_ID) VALUES ("3119607", "Αντίπατρος", "Φλασκή", "Female", "1962-01-30", "2020-04-21", "3119005");
INSERT INTO Researcher (Researcher_ID,Name,Surname,Gender,Birth_Date,Recruitment_Date,Organization_ID) VALUES ("3119608", "Ζωή", "Μενγκ", "Other", "1973-05-05", "2022-04-17", "3119009");
INSERT INTO Researcher (Researcher_ID,Name,Surname,Gender,Birth_Date,Recruitment_Date,Organization_ID) VALUES ("3119609", "Denise", "Nunez", "Male", "1964-01-31", "2022-03-22", "3119012");
INSERT INTO Researcher (Researcher_ID,Name,Surname,Gender,Birth_Date,Recruitment_Date,Organization_ID) VALUES ("3119610", "Ευσέβιος", "Μαλλή", "Female", "1978-09-01", "2020-07-18", "3119024");
INSERT INTO Researcher (Researcher_ID,Name,Surname,Gender,Birth_Date,Recruitment_Date,Organization_ID) VALUES ("3119611", "Lisa", "Σαμακίδης", "Other", "1988-09-11", "2021-09-30", "3119024");
INSERT INTO Researcher (Researcher_ID,Name,Surname,Gender,Birth_Date,Recruitment_Date,Organization_ID) VALUES ("3119612", "Ιακωβίνα", "Σακελλαρίου", "Male", "1968-08-26", "2022-02-20", "3119030");
INSERT INTO Researcher (Researcher_ID,Name,Surname,Gender,Birth_Date,Recruitment_Date,Organization_ID) VALUES ("3119613", "Παρασκευάς", "Bailey", "Female", "1995-09-02", "2020-11-07", "3119010");
INSERT INTO Researcher (Researcher_ID,Name,Surname,Gender,Birth_Date,Recruitment_Date,Organization_ID) VALUES ("3119614", "Πιερρίνα", "Αλεξανδρόπουλος", "Other", "1965-04-25", "2020-10-23", "3119015");
INSERT INTO Researcher (Researcher_ID,Name,Surname,Gender,Birth_Date,Recruitment_Date,Organization_ID) VALUES ("3119615", "Φωτεινός", "Bailey", "Male", "1969-06-27", "2021-08-08", "3119048");
INSERT INTO Researcher (Researcher_ID,Name,Surname,Gender,Birth_Date,Recruitment_Date,Organization_ID) VALUES ("3119616", "Carla", "Φίλκα", "Female", "2001-06-09", "2020-07-13", "3119020");
INSERT INTO Researcher (Researcher_ID,Name,Surname,Gender,Birth_Date,Recruitment_Date,Organization_ID) VALUES ("3119617", "Ταξίαρχος", "Βλάχος", "Other", "1971-10-14", "2020-11-28", "3119009");
INSERT INTO Researcher (Researcher_ID,Name,Surname,Gender,Birth_Date,Recruitment_Date,Organization_ID) VALUES ("3119618", "Daniel", "Stein", "Male", "1997-11-20", "2021-03-26", "3119012");
INSERT INTO Researcher (Researcher_ID,Name,Surname,Gender,Birth_Date,Recruitment_Date,Organization_ID) VALUES ("3119619", "Robin", "Φιλιάγκου", "Female", "1989-04-14", "2020-12-24", "3119032");
INSERT INTO Researcher (Researcher_ID,Name,Surname,Gender,Birth_Date,Recruitment_Date,Organization_ID) VALUES ("3119620", "Meghan", "Μηλιάκη", "Other", "2000-10-24", "2020-10-06", "3119042");
INSERT INTO Researcher (Researcher_ID,Name,Surname,Gender,Birth_Date,Recruitment_Date,Organization_ID) VALUES ("3119621", "Οδύσσεια", "Γεωργαλάς", "Male", "1986-09-11", "2021-11-12", "3119045");
INSERT INTO Researcher (Researcher_ID,Name,Surname,Gender,Birth_Date,Recruitment_Date,Organization_ID) VALUES ("3119622", "Δρόσος", "Dennis", "Female", "1983-02-05", "2021-06-21", "3119014");
INSERT INTO Researcher (Researcher_ID,Name,Surname,Gender,Birth_Date,Recruitment_Date,Organization_ID) VALUES ("3119623", "Jessica", "Τσουνάκου", "Other", "1976-12-06", "2021-12-29", "3119015");
INSERT INTO Researcher (Researcher_ID,Name,Surname,Gender,Birth_Date,Recruitment_Date,Organization_ID) VALUES ("3119624", "Jennifer", "Κουκουβά", "Male", "1980-06-02", "2021-11-20", "3119020");
INSERT INTO Researcher (Researcher_ID,Name,Surname,Gender,Birth_Date,Recruitment_Date,Organization_ID) VALUES ("3119625", "Ρουμπίνη", "Conrad", "Female", "1990-03-22", "2020-01-05", "3119028");
INSERT INTO Researcher (Researcher_ID,Name,Surname,Gender,Birth_Date,Recruitment_Date,Organization_ID) VALUES ("3119626", "Δούκισσα", "Anthony", "Other", "1990-07-03", "2022-03-06", "3119037");
INSERT INTO Researcher (Researcher_ID,Name,Surname,Gender,Birth_Date,Recruitment_Date,Organization_ID) VALUES ("3119627", "Γαλάτεια", "Anderson", "Male", "2000-07-15", "2021-08-11", "3119004");
INSERT INTO Researcher (Researcher_ID,Name,Surname,Gender,Birth_Date,Recruitment_Date,Organization_ID) VALUES ("3119628", "Επαμεινώνδας", "Βελεντζάς", "Female", "1968-05-15", "2020-03-08", "3119000");
INSERT INTO Researcher (Researcher_ID,Name,Surname,Gender,Birth_Date,Recruitment_Date,Organization_ID) VALUES ("3119629", "Κόσμια", "Mejia", "Other", "1966-11-03", "2020-07-10", "3119003");
INSERT INTO Researcher (Researcher_ID,Name,Surname,Gender,Birth_Date,Recruitment_Date,Organization_ID) VALUES ("3119630", "David", "Τσίμη", "Male", "1979-04-11", "2022-04-21", "3119024");
INSERT INTO Researcher (Researcher_ID,Name,Surname,Gender,Birth_Date,Recruitment_Date,Organization_ID) VALUES ("3119631", "Andrew", "Hutchinson", "Female", "1964-09-20", "2020-08-10", "3119031");
INSERT INTO Researcher (Researcher_ID,Name,Surname,Gender,Birth_Date,Recruitment_Date,Organization_ID) VALUES ("3119632", "Κυριαζής", "Clark", "Other", "1971-03-06", "2020-09-19", "3119028");
INSERT INTO Researcher (Researcher_ID,Name,Surname,Gender,Birth_Date,Recruitment_Date,Organization_ID) VALUES ("3119633", "Edward", "Πανταζής", "Male", "1996-05-20", "2021-04-04", "3119019");
INSERT INTO Researcher (Researcher_ID,Name,Surname,Gender,Birth_Date,Recruitment_Date,Organization_ID) VALUES ("3119634", "Δήμος", "Lee", "Female", "1986-04-12", "2022-01-07", "3119012");
INSERT INTO Researcher (Researcher_ID,Name,Surname,Gender,Birth_Date,Recruitment_Date,Organization_ID) VALUES ("3119635", "Nicholas", "Huang", "Other", "1968-10-27", "2020-01-10", "3119038");
INSERT INTO Researcher (Researcher_ID,Name,Surname,Gender,Birth_Date,Recruitment_Date,Organization_ID) VALUES ("3119636", "Λεονάρδος", "Μποτζιώρη", "Male", "1977-03-04", "2021-09-16", "3119024");
INSERT INTO Researcher (Researcher_ID,Name,Surname,Gender,Birth_Date,Recruitment_Date,Organization_ID) VALUES ("3119637", "Σοφία", "Κυριατσούλης", "Female", "1971-06-19", "2020-01-07", "3119027");
INSERT INTO Researcher (Researcher_ID,Name,Surname,Gender,Birth_Date,Recruitment_Date,Organization_ID) VALUES ("3119638", "Ευσέβιος", "Richards", "Other", "1993-02-17", "2020-09-08", "3119034");
INSERT INTO Researcher (Researcher_ID,Name,Surname,Gender,Birth_Date,Recruitment_Date,Organization_ID) VALUES ("3119639", "Σιρανούς", "Cohen", "Male", "1993-03-01", "2022-04-07", "3119012");
INSERT INTO Researcher (Researcher_ID,Name,Surname,Gender,Birth_Date,Recruitment_Date,Organization_ID) VALUES ("3119640", "Βασίλειος", "Baird", "Female", "1978-09-25", "2020-05-29", "3119045");
INSERT INTO Researcher (Researcher_ID,Name,Surname,Gender,Birth_Date,Recruitment_Date,Organization_ID) VALUES ("3119641", "Betty", "Λάτσκος", "Other", "1972-02-29", "2021-01-11", "3119011");
INSERT INTO Researcher (Researcher_ID,Name,Surname,Gender,Birth_Date,Recruitment_Date,Organization_ID) VALUES ("3119642", "Mark", "Greene", "Male", "1987-10-24", "2020-06-07", "3119042");
INSERT INTO Researcher (Researcher_ID,Name,Surname,Gender,Birth_Date,Recruitment_Date,Organization_ID) VALUES ("3119643", "Kimberly", "Μοσχοβάκη", "Female", "1996-06-16", "2021-11-04", "3119027");
INSERT INTO Researcher (Researcher_ID,Name,Surname,Gender,Birth_Date,Recruitment_Date,Organization_ID) VALUES ("3119644", "Nathan", "Βαχουθιανάκης", "Other", "1997-06-19", "2022-04-03", "3119023");
INSERT INTO Researcher (Researcher_ID,Name,Surname,Gender,Birth_Date,Recruitment_Date,Organization_ID) VALUES ("3119645", "Megan", "Stevens", "Male", "1985-01-28", "2020-09-29", "3119014");
INSERT INTO Researcher (Researcher_ID,Name,Surname,Gender,Birth_Date,Recruitment_Date,Organization_ID) VALUES ("3119646", "Βελισσάριος", "Αθανασιάδη", "Female", "1965-11-26", "2021-09-05", "3119005");
INSERT INTO Researcher (Researcher_ID,Name,Surname,Gender,Birth_Date,Recruitment_Date,Organization_ID) VALUES ("3119647", "Dana", "Lane", "Other", "1966-06-16", "2021-01-27", "3119039");
INSERT INTO Researcher (Researcher_ID,Name,Surname,Gender,Birth_Date,Recruitment_Date,Organization_ID) VALUES ("3119648", "Calvin", "Chavez", "Male", "1985-03-22", "2022-03-30", "3119016");
INSERT INTO Researcher (Researcher_ID,Name,Surname,Gender,Birth_Date,Recruitment_Date,Organization_ID) VALUES ("3119649", "Βασίλης", "Σταματιάδης", "Female", "1993-03-31", "2021-09-01", "3119045");
INSERT INTO Researcher (Researcher_ID,Name,Surname,Gender,Birth_Date,Recruitment_Date,Organization_ID) VALUES ("3119650", "Αγάπη", "Ξανθάκης", "Other", "1987-08-08", "2020-11-27", "3119021");
INSERT INTO Researcher (Researcher_ID,Name,Surname,Gender,Birth_Date,Recruitment_Date,Organization_ID) VALUES ("3119651", "Todd", "Μαρκόπουλος", "Male", "2001-09-03", "2022-03-24", "3119014");
INSERT INTO Researcher (Researcher_ID,Name,Surname,Gender,Birth_Date,Recruitment_Date,Organization_ID) VALUES ("3119652", "Thomas", "Chavez", "Female", "1964-02-06", "2021-09-12", "3119006");
INSERT INTO Researcher (Researcher_ID,Name,Surname,Gender,Birth_Date,Recruitment_Date,Organization_ID) VALUES ("3119653", "Carlos", "Williams", "Other", "1998-06-09", "2022-02-22", "3119003");
INSERT INTO Researcher (Researcher_ID,Name,Surname,Gender,Birth_Date,Recruitment_Date,Organization_ID) VALUES ("3119654", "Michael", "Cooper", "Male", "1964-09-22", "2020-07-31", "3119022");
INSERT INTO Researcher (Researcher_ID,Name,Surname,Gender,Birth_Date,Recruitment_Date,Organization_ID) VALUES ("3119655", "Sandy", "Hawkins", "Female", "2002-04-02", "2020-05-24", "3119024");
INSERT INTO Researcher (Researcher_ID,Name,Surname,Gender,Birth_Date,Recruitment_Date,Organization_ID) VALUES ("3119656", "Wayne", "Τσαλαμάνδρης", "Other", "1996-08-17", "2022-05-11", "3119048");
INSERT INTO Researcher (Researcher_ID,Name,Surname,Gender,Birth_Date,Recruitment_Date,Organization_ID) VALUES ("3119657", "Thomas", "Συλλίγαρδος", "Male", "1996-09-20", "2021-12-24", "3119047");
INSERT INTO Researcher (Researcher_ID,Name,Surname,Gender,Birth_Date,Recruitment_Date,Organization_ID) VALUES ("3119658", "Φωκίων", "Anderson", "Female", "1998-01-20", "2021-12-15", "3119039");
INSERT INTO Researcher (Researcher_ID,Name,Surname,Gender,Birth_Date,Recruitment_Date,Organization_ID) VALUES ("3119659", "Robert", "Δαρσακλή", "Other", "1968-02-17", "2021-12-03", "3119033");
INSERT INTO Researcher (Researcher_ID,Name,Surname,Gender,Birth_Date,Recruitment_Date,Organization_ID) VALUES ("3119660", "Μαρία", "Καλομοίρη", "Male", "1975-01-10", "2021-10-22", "3119000");
INSERT INTO Researcher (Researcher_ID,Name,Surname,Gender,Birth_Date,Recruitment_Date,Organization_ID) VALUES ("3119661", "Alejandro", "Edwards", "Female", "1971-06-16", "2021-05-19", "3119045");
INSERT INTO Researcher (Researcher_ID,Name,Surname,Gender,Birth_Date,Recruitment_Date,Organization_ID) VALUES ("3119662", "Υάκινθος", "Ramirez", "Other", "1998-02-16", "2020-08-19", "3119020");
INSERT INTO Researcher (Researcher_ID,Name,Surname,Gender,Birth_Date,Recruitment_Date,Organization_ID) VALUES ("3119663", "Χλόη", "Turner", "Male", "1993-11-28", "2020-12-16", "3119003");
INSERT INTO Researcher (Researcher_ID,Name,Surname,Gender,Birth_Date,Recruitment_Date,Organization_ID) VALUES ("3119664", "Kimberly", "Ορφανάκης", "Female", "1974-10-14", "2021-05-02", "3119044");
INSERT INTO Researcher (Researcher_ID,Name,Surname,Gender,Birth_Date,Recruitment_Date,Organization_ID) VALUES ("3119665", "Πολύκαρπος", "Johnson", "Other", "1980-08-14", "2021-12-21", "3119040");
INSERT INTO Researcher (Researcher_ID,Name,Surname,Gender,Birth_Date,Recruitment_Date,Organization_ID) VALUES ("3119666", "Ελένη", "Malone", "Male", "1981-03-03", "2021-10-29", "3119041");
INSERT INTO Researcher (Researcher_ID,Name,Surname,Gender,Birth_Date,Recruitment_Date,Organization_ID) VALUES ("3119667", "Jessica", "Λιανάκης", "Female", "1992-01-22", "2021-09-20", "3119002");
INSERT INTO Researcher (Researcher_ID,Name,Surname,Gender,Birth_Date,Recruitment_Date,Organization_ID) VALUES ("3119668", "Ευριπίδης", "Νταβάς", "Other", "1991-05-20", "2021-10-11", "3119022");
INSERT INTO Researcher (Researcher_ID,Name,Surname,Gender,Birth_Date,Recruitment_Date,Organization_ID) VALUES ("3119669", "Ariana", "Καρανάνου", "Male", "1986-09-01", "2020-11-25", "3119019");
INSERT INTO Researcher (Researcher_ID,Name,Surname,Gender,Birth_Date,Recruitment_Date,Organization_ID) VALUES ("3119670", "Κονδυλία", "Πανούσης", "Female", "1993-10-10", "2020-02-16", "3119008");
INSERT INTO Researcher (Researcher_ID,Name,Surname,Gender,Birth_Date,Recruitment_Date,Organization_ID) VALUES ("3119671", "Κωστούλα", "Μόναχας", "Other", "1979-08-10", "2020-09-08", "3119025");
INSERT INTO Researcher (Researcher_ID,Name,Surname,Gender,Birth_Date,Recruitment_Date,Organization_ID) VALUES ("3119672", "Mark", "Arellano", "Male", "1982-10-14", "2021-04-07", "3119035");
INSERT INTO Researcher (Researcher_ID,Name,Surname,Gender,Birth_Date,Recruitment_Date,Organization_ID) VALUES ("3119673", "Ζαφείρης", "Κετεσίδου", "Female", "1984-07-13", "2020-09-18", "3119031");
INSERT INTO Researcher (Researcher_ID,Name,Surname,Gender,Birth_Date,Recruitment_Date,Organization_ID) VALUES ("3119674", "Ιωσηφίνα", "Oneill", "Other", "1972-11-24", "2020-12-29", "3119036");
INSERT INTO Researcher (Researcher_ID,Name,Surname,Gender,Birth_Date,Recruitment_Date,Organization_ID) VALUES ("3119675", "Ashley", "Μανουσιάδης", "Male", "1992-10-05", "2020-03-30", "3119000");
INSERT INTO Researcher (Researcher_ID,Name,Surname,Gender,Birth_Date,Recruitment_Date,Organization_ID) VALUES ("3119676", "Jennifer", "Maldonado", "Female", "1961-10-08", "2020-03-26", "3119039");
INSERT INTO Researcher (Researcher_ID,Name,Surname,Gender,Birth_Date,Recruitment_Date,Organization_ID) VALUES ("3119677", "Ουρανία", "Καρατζαφέρης", "Other", "1998-11-20", "2020-10-24", "3119036");
INSERT INTO Researcher (Researcher_ID,Name,Surname,Gender,Birth_Date,Recruitment_Date,Organization_ID) VALUES ("3119678", "Joseph", "Bishop", "Male", "1989-11-17", "2021-07-28", "3119005");
INSERT INTO Researcher (Researcher_ID,Name,Surname,Gender,Birth_Date,Recruitment_Date,Organization_ID) VALUES ("3119679", "Θεόπιστος", "Μητσόπουλος", "Female", "1997-08-06", "2021-02-04", "3119022");
INSERT INTO Researcher (Researcher_ID,Name,Surname,Gender,Birth_Date,Recruitment_Date,Organization_ID) VALUES ("3119680", "Amanda", "Miller", "Other", "1985-03-27", "2021-01-24", "3119043");
INSERT INTO Researcher (Researcher_ID,Name,Surname,Gender,Birth_Date,Recruitment_Date,Organization_ID) VALUES ("3119681", "Jacob", "Σιμητοπούλου", "Male", "2002-03-03", "2020-10-21", "3119007");
INSERT INTO Researcher (Researcher_ID,Name,Surname,Gender,Birth_Date,Recruitment_Date,Organization_ID) VALUES ("3119682", "Απόστολος", "Wright", "Female", "1992-12-01", "2021-07-02", "3119044");
INSERT INTO Researcher (Researcher_ID,Name,Surname,Gender,Birth_Date,Recruitment_Date,Organization_ID) VALUES ("3119683", "Μαγδαληνή", "Willis", "Other", "1998-11-03", "2020-12-13", "3119033");
INSERT INTO Researcher (Researcher_ID,Name,Surname,Gender,Birth_Date,Recruitment_Date,Organization_ID) VALUES ("3119684", "Πολύκαρπος", "Bradshaw", "Male", "1976-01-01", "2020-12-13", "3119021");
INSERT INTO Researcher (Researcher_ID,Name,Surname,Gender,Birth_Date,Recruitment_Date,Organization_ID) VALUES ("3119685", "Tasha", "Kaiser", "Female", "1977-12-19", "2020-11-04", "3119008");
INSERT INTO Researcher (Researcher_ID,Name,Surname,Gender,Birth_Date,Recruitment_Date,Organization_ID) VALUES ("3119686", "Ευανθία", "Δώρη", "Other", "1975-04-24", "2020-10-07", "3119049");
INSERT INTO Researcher (Researcher_ID,Name,Surname,Gender,Birth_Date,Recruitment_Date,Organization_ID) VALUES ("3119687", "Felicia", "Ρέππα", "Male", "2001-11-26", "2022-05-18", "3119007");
INSERT INTO Researcher (Researcher_ID,Name,Surname,Gender,Birth_Date,Recruitment_Date,Organization_ID) VALUES ("3119688", "Βελισσάριος", "Θεοδοσίου", "Female", "1967-08-29", "2021-04-04", "3119012");
INSERT INTO Researcher (Researcher_ID,Name,Surname,Gender,Birth_Date,Recruitment_Date,Organization_ID) VALUES ("3119689", "Joshua", "Συρρής", "Other", "1989-11-10", "2021-05-25", "3119011");
INSERT INTO Researcher (Researcher_ID,Name,Surname,Gender,Birth_Date,Recruitment_Date,Organization_ID) VALUES ("3119690", "Tammy", "Κωνσταντακόπουλος", "Male", "1971-10-24", "2020-05-06", "3119022");
INSERT INTO Researcher (Researcher_ID,Name,Surname,Gender,Birth_Date,Recruitment_Date,Organization_ID) VALUES ("3119691", "Θάλεια", "Fox", "Female", "1987-08-03", "2020-06-20", "3119001");
INSERT INTO Researcher (Researcher_ID,Name,Surname,Gender,Birth_Date,Recruitment_Date,Organization_ID) VALUES ("3119692", "Jeffrey", "Περρώτης", "Other", "1964-03-27", "2021-02-18", "3119018");
INSERT INTO Researcher (Researcher_ID,Name,Surname,Gender,Birth_Date,Recruitment_Date,Organization_ID) VALUES ("3119693", "Βενέτιος", "Miller", "Male", "1966-08-22", "2021-02-26", "3119017");
INSERT INTO Researcher (Researcher_ID,Name,Surname,Gender,Birth_Date,Recruitment_Date,Organization_ID) VALUES ("3119694", "Robert", "Wells", "Female", "1966-07-20", "2021-09-30", "3119015");
INSERT INTO Researcher (Researcher_ID,Name,Surname,Gender,Birth_Date,Recruitment_Date,Organization_ID) VALUES ("3119695", "Κορνήλιος", "Τσεντούρος", "Other", "1987-06-24", "2020-03-14", "3119018");
INSERT INTO Researcher (Researcher_ID,Name,Surname,Gender,Birth_Date,Recruitment_Date,Organization_ID) VALUES ("3119696", "James", "Στεργιαλής", "Male", "1974-02-24", "2020-08-17", "3119007");
INSERT INTO Researcher (Researcher_ID,Name,Surname,Gender,Birth_Date,Recruitment_Date,Organization_ID) VALUES ("3119697", "Συμεώνη", "Miller", "Female", "1967-04-24", "2021-03-31", "3119043");
INSERT INTO Researcher (Researcher_ID,Name,Surname,Gender,Birth_Date,Recruitment_Date,Organization_ID) VALUES ("3119698", "Bonnie", "Ανδρικόπουλος", "Other", "1974-03-15", "2021-10-02", "3119045");
INSERT INTO Researcher (Researcher_ID,Name,Surname,Gender,Birth_Date,Recruitment_Date,Organization_ID) VALUES ("3119699", "Κλαίρη", "Rios", "Male", "2002-03-19", "2021-01-21", "3119009");
INSERT INTO Researcher (Researcher_ID,Name,Surname,Gender,Birth_Date,Recruitment_Date,Organization_ID) VALUES ("3119700", "Todd", "Γεωργούδης", "Female", "1999-05-22", "2021-03-14", "3119032");
INSERT INTO Researcher (Researcher_ID,Name,Surname,Gender,Birth_Date,Recruitment_Date,Organization_ID) VALUES ("3119701", "Αναστασία", "Λογοθέτη", "Other", "1998-07-13", "2020-11-06", "3119011");
INSERT INTO Researcher (Researcher_ID,Name,Surname,Gender,Birth_Date,Recruitment_Date,Organization_ID) VALUES ("3119702", "Ζηναϊς", "White", "Male", "1973-07-12", "2022-03-12", "3119017");
INSERT INTO Researcher (Researcher_ID,Name,Surname,Gender,Birth_Date,Recruitment_Date,Organization_ID) VALUES ("3119703", "Erin", "Kane", "Female", "1975-05-14", "2021-10-17", "3119019");
INSERT INTO Researcher (Researcher_ID,Name,Surname,Gender,Birth_Date,Recruitment_Date,Organization_ID) VALUES ("3119704", "Kirk", "Παπαχρήστου", "Other", "1965-04-23", "2021-10-13", "3119029");
INSERT INTO Researcher (Researcher_ID,Name,Surname,Gender,Birth_Date,Recruitment_Date,Organization_ID) VALUES ("3119705", "Ιπποκράτης", "Ταμιωλάκης", "Male", "1973-03-04", "2021-08-15", "3119041");
INSERT INTO Researcher (Researcher_ID,Name,Surname,Gender,Birth_Date,Recruitment_Date,Organization_ID) VALUES ("3119706", "Χριστοφόρα", "Larson", "Female", "1964-05-31", "2021-01-05", "3119021");
INSERT INTO Researcher (Researcher_ID,Name,Surname,Gender,Birth_Date,Recruitment_Date,Organization_ID) VALUES ("3119707", "Λητώ", "Barber", "Other", "1995-03-06", "2021-06-25", "3119011");
INSERT INTO Researcher (Researcher_ID,Name,Surname,Gender,Birth_Date,Recruitment_Date,Organization_ID) VALUES ("3119708", "Timothy", "Σηκωτίδου", "Male", "1977-02-12", "2022-02-09", "3119032");
INSERT INTO Researcher (Researcher_ID,Name,Surname,Gender,Birth_Date,Recruitment_Date,Organization_ID) VALUES ("3119709", "Πολυζώης", "Πουλίδα", "Female", "1967-05-20", "2021-04-16", "3119037");
INSERT INTO Researcher (Researcher_ID,Name,Surname,Gender,Birth_Date,Recruitment_Date,Organization_ID) VALUES ("3119710", "Christopher", "Ζαννίκου", "Other", "1970-09-04", "2020-10-15", "3119022");
INSERT INTO Researcher (Researcher_ID,Name,Surname,Gender,Birth_Date,Recruitment_Date,Organization_ID) VALUES ("3119711", "Απολλωνία", "Μπαφίτη", "Male", "1994-10-13", "2022-02-16", "3119036");
INSERT INTO Researcher (Researcher_ID,Name,Surname,Gender,Birth_Date,Recruitment_Date,Organization_ID) VALUES ("3119712", "Ronnie", "Νασιόπουλος", "Female", "1992-07-14", "2020-01-01", "3119027");
INSERT INTO Researcher (Researcher_ID,Name,Surname,Gender,Birth_Date,Recruitment_Date,Organization_ID) VALUES ("3119713", "David", "Martin", "Other", "1967-12-03", "2021-05-11", "3119005");
INSERT INTO Researcher (Researcher_ID,Name,Surname,Gender,Birth_Date,Recruitment_Date,Organization_ID) VALUES ("3119714", "Morgan", "Bowman", "Male", "2000-09-30", "2021-06-30", "3119042");
INSERT INTO Researcher (Researcher_ID,Name,Surname,Gender,Birth_Date,Recruitment_Date,Organization_ID) VALUES ("3119715", "Μάρθα", "Δουβίκας", "Female", "1962-06-07", "2022-01-27", "3119023");
INSERT INTO Researcher (Researcher_ID,Name,Surname,Gender,Birth_Date,Recruitment_Date,Organization_ID) VALUES ("3119716", "Rhonda", "Jackson", "Other", "1975-06-22", "2020-08-06", "3119039");
INSERT INTO Researcher (Researcher_ID,Name,Surname,Gender,Birth_Date,Recruitment_Date,Organization_ID) VALUES ("3119717", "Βικτωρία", "Δαμήλου", "Male", "1981-02-14", "2021-07-10", "3119037");
INSERT INTO Researcher (Researcher_ID,Name,Surname,Gender,Birth_Date,Recruitment_Date,Organization_ID) VALUES ("3119718", "Ερμιόνη", "Λιβανός", "Female", "1970-12-20", "2021-04-12", "3119025");
INSERT INTO Researcher (Researcher_ID,Name,Surname,Gender,Birth_Date,Recruitment_Date,Organization_ID) VALUES ("3119719", "Raymond", "Κοκκίνου", "Other", "1994-03-04", "2020-07-28", "3119002");
INSERT INTO Researcher (Researcher_ID,Name,Surname,Gender,Birth_Date,Recruitment_Date,Organization_ID) VALUES ("3119720", "Sandra", "Πολατίδου", "Male", "1984-01-23", "2020-03-11", "3119027");
INSERT INTO Researcher (Researcher_ID,Name,Surname,Gender,Birth_Date,Recruitment_Date,Organization_ID) VALUES ("3119721", "Dominic", "Palmer", "Female", "1997-12-22", "2021-05-19", "3119026");
INSERT INTO Researcher (Researcher_ID,Name,Surname,Gender,Birth_Date,Recruitment_Date,Organization_ID) VALUES ("3119722", "Stanley", "Φιλιππόπουλος", "Other", "1987-02-11", "2020-01-04", "3119007");
INSERT INTO Researcher (Researcher_ID,Name,Surname,Gender,Birth_Date,Recruitment_Date,Organization_ID) VALUES ("3119723", "Αδαμάντιος", "Ιντζές", "Male", "1978-10-27", "2021-09-17", "3119004");
INSERT INTO Researcher (Researcher_ID,Name,Surname,Gender,Birth_Date,Recruitment_Date,Organization_ID) VALUES ("3119724", "Sergio", "Παπαευαγγέλου", "Female", "1988-05-01", "2022-01-26", "3119018");
INSERT INTO Researcher (Researcher_ID,Name,Surname,Gender,Birth_Date,Recruitment_Date,Organization_ID) VALUES ("3119725", "Λέανδρος", "Κεσαλίδης", "Other", "1962-05-10", "2021-09-08", "3119001");
INSERT INTO Researcher (Researcher_ID,Name,Surname,Gender,Birth_Date,Recruitment_Date,Organization_ID) VALUES ("3119726", "Αγνή", "Κουλουριώτης", "Male", "1999-03-30", "2020-06-21", "3119006");
INSERT INTO Researcher (Researcher_ID,Name,Surname,Gender,Birth_Date,Recruitment_Date,Organization_ID) VALUES ("3119727", "Nicholas", "Ξηρός", "Female", "1989-11-04", "2021-02-11", "3119001");
INSERT INTO Researcher (Researcher_ID,Name,Surname,Gender,Birth_Date,Recruitment_Date,Organization_ID) VALUES ("3119728", "Διονυσία", "Βλαχοδήμου", "Other", "1988-03-24", "2022-05-06", "3119033");
INSERT INTO Researcher (Researcher_ID,Name,Surname,Gender,Birth_Date,Recruitment_Date,Organization_ID) VALUES ("3119729", "Sarah", "Nelson", "Male", "1993-02-13", "2020-03-18", "3119033");
INSERT INTO Researcher (Researcher_ID,Name,Surname,Gender,Birth_Date,Recruitment_Date,Organization_ID) VALUES ("3119730", "Ευτύχιος", "Martinez", "Female", "1967-09-13", "2021-10-25", "3119008");
INSERT INTO Researcher (Researcher_ID,Name,Surname,Gender,Birth_Date,Recruitment_Date,Organization_ID) VALUES ("3119731", "Brett", "Μαντζουράνης", "Other", "1980-01-30", "2022-04-10", "3119045");
INSERT INTO Researcher (Researcher_ID,Name,Surname,Gender,Birth_Date,Recruitment_Date,Organization_ID) VALUES ("3119732", "Μαργιέττα", "Κουθούρη", "Male", "1979-10-11", "2021-04-21", "3119006");
INSERT INTO Researcher (Researcher_ID,Name,Surname,Gender,Birth_Date,Recruitment_Date,Organization_ID) VALUES ("3119733", "Sandy", "Μαντάρης", "Female", "1977-02-27", "2022-02-09", "3119037");
INSERT INTO Researcher (Researcher_ID,Name,Surname,Gender,Birth_Date,Recruitment_Date,Organization_ID) VALUES ("3119734", "Πραξιτέλης", "Morris", "Other", "1961-10-21", "2020-01-31", "3119005");
INSERT INTO Researcher (Researcher_ID,Name,Surname,Gender,Birth_Date,Recruitment_Date,Organization_ID) VALUES ("3119735", "Eric", "Miles", "Male", "1973-06-03", "2021-07-06", "3119046");
INSERT INTO Researcher (Researcher_ID,Name,Surname,Gender,Birth_Date,Recruitment_Date,Organization_ID) VALUES ("3119736", "Αστέριος", "Rosales", "Female", "1976-05-10", "2021-06-10", "3119048");
INSERT INTO Researcher (Researcher_ID,Name,Surname,Gender,Birth_Date,Recruitment_Date,Organization_ID) VALUES ("3119737", "Alexander", "Σταμέλου", "Other", "1964-05-25", "2022-03-11", "3119003");
INSERT INTO Researcher (Researcher_ID,Name,Surname,Gender,Birth_Date,Recruitment_Date,Organization_ID) VALUES ("3119738", "Peter", "Thompson", "Male", "1972-08-24", "2022-04-22", "3119043");
INSERT INTO Researcher (Researcher_ID,Name,Surname,Gender,Birth_Date,Recruitment_Date,Organization_ID) VALUES ("3119739", "Whitney", "Καστάνης", "Female", "2001-09-04", "2021-10-17", "3119017");
INSERT INTO Researcher (Researcher_ID,Name,Surname,Gender,Birth_Date,Recruitment_Date,Organization_ID) VALUES ("3119740", "James", "Ραυτοπούλου", "Other", "1978-03-22", "2020-03-09", "3119005");
INSERT INTO Researcher (Researcher_ID,Name,Surname,Gender,Birth_Date,Recruitment_Date,Organization_ID) VALUES ("3119741", "Αθηνοδώρα", "Cole", "Male", "1979-05-22", "2020-02-21", "3119010");
INSERT INTO Researcher (Researcher_ID,Name,Surname,Gender,Birth_Date,Recruitment_Date,Organization_ID) VALUES ("3119742", "Άρης", "Χαραλαμπίδου", "Female", "1985-01-19", "2022-05-18", "3119015");
INSERT INTO Researcher (Researcher_ID,Name,Surname,Gender,Birth_Date,Recruitment_Date,Organization_ID) VALUES ("3119743", "Νεόκλεια", "Morrison", "Other", "2000-02-11", "2022-03-19", "3119024");
INSERT INTO Researcher (Researcher_ID,Name,Surname,Gender,Birth_Date,Recruitment_Date,Organization_ID) VALUES ("3119744", "Jessica", "Βιολάτος", "Male", "1997-07-29", "2022-05-24", "3119011");
INSERT INTO Researcher (Researcher_ID,Name,Surname,Gender,Birth_Date,Recruitment_Date,Organization_ID) VALUES ("3119745", "Μαυρίκιος", "Μπραέσα", "Female", "1987-01-07", "2022-01-02", "3119045");
INSERT INTO Researcher (Researcher_ID,Name,Surname,Gender,Birth_Date,Recruitment_Date,Organization_ID) VALUES ("3119746", "Teresa", "Κεσαλίδης", "Other", "1963-03-05", "2022-03-21", "3119006");
INSERT INTO Researcher (Researcher_ID,Name,Surname,Gender,Birth_Date,Recruitment_Date,Organization_ID) VALUES ("3119747", "Γεσθημανή", "Daugherty", "Male", "1982-04-20", "2021-02-05", "3119012");
INSERT INTO Researcher (Researcher_ID,Name,Surname,Gender,Birth_Date,Recruitment_Date,Organization_ID) VALUES ("3119748", "Ηρακλής", "Κουτσιουμάρη", "Female", "1992-09-16", "2022-01-24", "3119036");
INSERT INTO Researcher (Researcher_ID,Name,Surname,Gender,Birth_Date,Recruitment_Date,Organization_ID) VALUES ("3119749", "Γαρύφαλλος", "Σκρεμμύδα", "Other", "2000-04-18", "2021-06-27", "3119033");
INSERT INTO Researcher (Researcher_ID,Name,Surname,Gender,Birth_Date,Recruitment_Date,Organization_ID) VALUES ("3119750", "Σεραφείμ", "White", "Male", "1992-02-28", "2021-05-03", "3119012");
INSERT INTO Researcher (Researcher_ID,Name,Surname,Gender,Birth_Date,Recruitment_Date,Organization_ID) VALUES ("3119751", "Justin", "Ιωσηφίδης", "Female", "1973-07-02", "2021-05-04", "3119010");
INSERT INTO Researcher (Researcher_ID,Name,Surname,Gender,Birth_Date,Recruitment_Date,Organization_ID) VALUES ("3119752", "Βλασία", "Καραμπίνα", "Other", "1967-03-17", "2020-07-01", "3119034");
INSERT INTO Researcher (Researcher_ID,Name,Surname,Gender,Birth_Date,Recruitment_Date,Organization_ID) VALUES ("3119753", "Ευστρατία", "Σολωμίδου", "Male", "1971-12-18", "2022-03-17", "3119035");
INSERT INTO Researcher (Researcher_ID,Name,Surname,Gender,Birth_Date,Recruitment_Date,Organization_ID) VALUES ("3119754", "Deborah", "Gill", "Female", "1974-03-24", "2020-09-10", "3119030");
INSERT INTO Researcher (Researcher_ID,Name,Surname,Gender,Birth_Date,Recruitment_Date,Organization_ID) VALUES ("3119755", "Ευσταθία", "Chavez", "Other", "1985-03-05", "2020-04-18", "3119022");
INSERT INTO Researcher (Researcher_ID,Name,Surname,Gender,Birth_Date,Recruitment_Date,Organization_ID) VALUES ("3119756", "Jimmy", "Βουτσάς", "Male", "1970-02-17", "2020-11-01", "3119043");
INSERT INTO Researcher (Researcher_ID,Name,Surname,Gender,Birth_Date,Recruitment_Date,Organization_ID) VALUES ("3119757", "Χριστίνα", "Κωτούλα", "Female", "1967-12-12", "2020-01-18", "3119033");
INSERT INTO Researcher (Researcher_ID,Name,Surname,Gender,Birth_Date,Recruitment_Date,Organization_ID) VALUES ("3119758", "Αρτέμης", "Kemp", "Other", "1990-10-14", "2020-05-03", "3119015");
INSERT INTO Researcher (Researcher_ID,Name,Surname,Gender,Birth_Date,Recruitment_Date,Organization_ID) VALUES ("3119759", "Όθων", "Brown", "Male", "1989-07-29", "2020-07-26", "3119044");
INSERT INTO Researcher (Researcher_ID,Name,Surname,Gender,Birth_Date,Recruitment_Date,Organization_ID) VALUES ("3119760", "Γιώργος", "Βαλιάκα", "Female", "1973-12-10", "2021-04-04", "3119041");
INSERT INTO Researcher (Researcher_ID,Name,Surname,Gender,Birth_Date,Recruitment_Date,Organization_ID) VALUES ("3119761", "Tasha", "Nichols", "Other", "1997-07-15", "2021-05-06", "3119045");
INSERT INTO Researcher (Researcher_ID,Name,Surname,Gender,Birth_Date,Recruitment_Date,Organization_ID) VALUES ("3119762", "James", "Williams", "Male", "1992-05-22", "2022-05-07", "3119007");
INSERT INTO Researcher (Researcher_ID,Name,Surname,Gender,Birth_Date,Recruitment_Date,Organization_ID) VALUES ("3119763", "Jack", "Payne", "Female", "1976-12-09", "2021-04-01", "3119028");
INSERT INTO Researcher (Researcher_ID,Name,Surname,Gender,Birth_Date,Recruitment_Date,Organization_ID) VALUES ("3119764", "Brian", "Κουτελιέρης", "Other", "1987-09-14", "2022-05-12", "3119018");
INSERT INTO Researcher (Researcher_ID,Name,Surname,Gender,Birth_Date,Recruitment_Date,Organization_ID) VALUES ("3119765", "Κορνηλία", "Κωτούλας", "Male", "1968-12-16", "2021-06-03", "3119014");
INSERT INTO Researcher (Researcher_ID,Name,Surname,Gender,Birth_Date,Recruitment_Date,Organization_ID) VALUES ("3119766", "Παρέσσα", "Πανοπούλου", "Female", "1965-06-03", "2020-04-23", "3119029");
INSERT INTO Researcher (Researcher_ID,Name,Surname,Gender,Birth_Date,Recruitment_Date,Organization_ID) VALUES ("3119767", "Υβόννη", "Smith", "Other", "1991-07-29", "2020-04-01", "3119013");
INSERT INTO Researcher (Researcher_ID,Name,Surname,Gender,Birth_Date,Recruitment_Date,Organization_ID) VALUES ("3119768", "Ryan", "Smith", "Male", "1963-12-19", "2022-04-12", "3119012");
INSERT INTO Researcher (Researcher_ID,Name,Surname,Gender,Birth_Date,Recruitment_Date,Organization_ID) VALUES ("3119769", "Φαίδρα", "Zimmerman", "Female", "1997-05-26", "2020-09-08", "3119042");
INSERT INTO Researcher (Researcher_ID,Name,Surname,Gender,Birth_Date,Recruitment_Date,Organization_ID) VALUES ("3119770", "Ιωσηφίνα", "Woodward", "Other", "1985-01-11", "2020-05-02", "3119027");
INSERT INTO Researcher (Researcher_ID,Name,Surname,Gender,Birth_Date,Recruitment_Date,Organization_ID) VALUES ("3119771", "Σωτήριος", "Τσιάρας", "Male", "1968-06-11", "2020-01-16", "3119046");
INSERT INTO Researcher (Researcher_ID,Name,Surname,Gender,Birth_Date,Recruitment_Date,Organization_ID) VALUES ("3119772", "Δαμιανός", "Κατιρτζής", "Female", "1999-09-28", "2022-04-16", "3119013");
INSERT INTO Researcher (Researcher_ID,Name,Surname,Gender,Birth_Date,Recruitment_Date,Organization_ID) VALUES ("3119773", "Αγησίλαος", "Παράνου", "Other", "1979-10-14", "2020-11-27", "3119034");
INSERT INTO Researcher (Researcher_ID,Name,Surname,Gender,Birth_Date,Recruitment_Date,Organization_ID) VALUES ("3119774", "William", "Long", "Male", "1968-07-07", "2022-04-03", "3119028");
INSERT INTO Researcher (Researcher_ID,Name,Surname,Gender,Birth_Date,Recruitment_Date,Organization_ID) VALUES ("3119775", "Κλήμης", "Αγγελάκη", "Female", "1981-08-24", "2021-04-13", "3119016");
INSERT INTO Researcher (Researcher_ID,Name,Surname,Gender,Birth_Date,Recruitment_Date,Organization_ID) VALUES ("3119776", "Susan", "Livingston", "Other", "1964-12-14", "2021-10-25", "3119046");
INSERT INTO Researcher (Researcher_ID,Name,Surname,Gender,Birth_Date,Recruitment_Date,Organization_ID) VALUES ("3119777", "Ιερόθεος", "Αμπλιάνιτης", "Male", "1974-02-03", "2020-12-18", "3119008");
INSERT INTO Researcher (Researcher_ID,Name,Surname,Gender,Birth_Date,Recruitment_Date,Organization_ID) VALUES ("3119778", "Valerie", "Μαζαράκης", "Female", "1967-08-03", "2020-01-24", "3119028");
INSERT INTO Researcher (Researcher_ID,Name,Surname,Gender,Birth_Date,Recruitment_Date,Organization_ID) VALUES ("3119779", "Προμηθέας", "Βαρουτίδου", "Other", "1998-09-09", "2020-02-04", "3119001");
INSERT INTO Researcher (Researcher_ID,Name,Surname,Gender,Birth_Date,Recruitment_Date,Organization_ID) VALUES ("3119780", "Ευστράτιος", "Hill", "Male", "1963-01-04", "2021-03-21", "3119042");
INSERT INTO Researcher (Researcher_ID,Name,Surname,Gender,Birth_Date,Recruitment_Date,Organization_ID) VALUES ("3119781", "Christine", "Γραμματικόπουλος", "Female", "1986-04-23", "2021-03-14", "3119002");
INSERT INTO Researcher (Researcher_ID,Name,Surname,Gender,Birth_Date,Recruitment_Date,Organization_ID) VALUES ("3119782", "James", "Zimmerman", "Other", "1964-11-18", "2022-04-27", "3119022");
INSERT INTO Researcher (Researcher_ID,Name,Surname,Gender,Birth_Date,Recruitment_Date,Organization_ID) VALUES ("3119783", "Raymond", "Μαυρομανωλάκης", "Male", "1965-03-10", "2020-10-30", "3119001");
INSERT INTO Researcher (Researcher_ID,Name,Surname,Gender,Birth_Date,Recruitment_Date,Organization_ID) VALUES ("3119784", "Αγάθη", "Τσιάκος", "Female", "1963-07-25", "2021-09-07", "3119024");
INSERT INTO Researcher (Researcher_ID,Name,Surname,Gender,Birth_Date,Recruitment_Date,Organization_ID) VALUES ("3119785", "Kristen", "Bryant", "Other", "1976-03-06", "2022-04-06", "3119002");
INSERT INTO Researcher (Researcher_ID,Name,Surname,Gender,Birth_Date,Recruitment_Date,Organization_ID) VALUES ("3119786", "Julia", "Καραγρηγορίου", "Male", "1974-10-11", "2022-02-26", "3119041");
INSERT INTO Researcher (Researcher_ID,Name,Surname,Gender,Birth_Date,Recruitment_Date,Organization_ID) VALUES ("3119787", "Αγαθή", "Pham", "Female", "1999-08-27", "2021-08-16", "3119037");
INSERT INTO Researcher (Researcher_ID,Name,Surname,Gender,Birth_Date,Recruitment_Date,Organization_ID) VALUES ("3119788", "Δωροθέα", "Θωμόπουλος", "Other", "1979-11-09", "2021-11-20", "3119015");
INSERT INTO Researcher (Researcher_ID,Name,Surname,Gender,Birth_Date,Recruitment_Date,Organization_ID) VALUES ("3119789", "Δίκαιος", "Stevens", "Male", "1990-10-15", "2021-07-19", "3119036");
INSERT INTO Researcher (Researcher_ID,Name,Surname,Gender,Birth_Date,Recruitment_Date,Organization_ID) VALUES ("3119790", "Ναπολέων", "Κατσούλα", "Female", "1962-02-17", "2021-08-07", "3119031");
INSERT INTO Researcher (Researcher_ID,Name,Surname,Gender,Birth_Date,Recruitment_Date,Organization_ID) VALUES ("3119791", "John", "Greene", "Other", "1970-09-14", "2021-03-16", "3119017");
INSERT INTO Researcher (Researcher_ID,Name,Surname,Gender,Birth_Date,Recruitment_Date,Organization_ID) VALUES ("3119792", "Damon", "Νίκα", "Male", "1986-03-22", "2020-10-19", "3119036");
INSERT INTO Researcher (Researcher_ID,Name,Surname,Gender,Birth_Date,Recruitment_Date,Organization_ID) VALUES ("3119793", "Margaret", "Chung", "Female", "1988-04-18", "2022-05-15", "3119015");
INSERT INTO Researcher (Researcher_ID,Name,Surname,Gender,Birth_Date,Recruitment_Date,Organization_ID) VALUES ("3119794", "Patty", "Κουτουζίδου", "Other", "1990-03-15", "2022-05-29", "3119042");
INSERT INTO Researcher (Researcher_ID,Name,Surname,Gender,Birth_Date,Recruitment_Date,Organization_ID) VALUES ("3119795", "Ιωσηφίνα", "Βρακά", "Male", "2001-01-27", "2021-02-05", "3119031");
INSERT INTO Researcher (Researcher_ID,Name,Surname,Gender,Birth_Date,Recruitment_Date,Organization_ID) VALUES ("3119796", "Aaron", "Ταβερναράκης", "Female", "1981-01-16", "2020-02-02", "3119033");
INSERT INTO Researcher (Researcher_ID,Name,Surname,Gender,Birth_Date,Recruitment_Date,Organization_ID) VALUES ("3119797", "Tasha", "Καβούρης", "Other", "1994-05-02", "2021-03-20", "3119037");
INSERT INTO Researcher (Researcher_ID,Name,Surname,Gender,Birth_Date,Recruitment_Date,Organization_ID) VALUES ("3119798", "Δημήτρης", "Δερλώπα", "Male", "1991-03-30", "2021-09-05", "3119004");
INSERT INTO Researcher (Researcher_ID,Name,Surname,Gender,Birth_Date,Recruitment_Date,Organization_ID) VALUES ("3119799", "Christina", "Μανιτάρου", "Female", "1980-09-17", "2022-03-02", "3119015");
INSERT INTO Researcher (Researcher_ID,Name,Surname,Gender,Birth_Date,Recruitment_Date,Organization_ID) VALUES ("3119800", "Κυπριανή", "Μποζίκη", "Other", "1971-06-11", "2020-08-02", "3119005");
INSERT INTO Researcher (Researcher_ID,Name,Surname,Gender,Birth_Date,Recruitment_Date,Organization_ID) VALUES ("3119801", "Όλγα", "Πισκοπάνη", "Male", "1989-04-30", "2020-01-02", "3119043");
INSERT INTO Researcher (Researcher_ID,Name,Surname,Gender,Birth_Date,Recruitment_Date,Organization_ID) VALUES ("3119802", "Βύρων", "Fletcher", "Female", "1992-12-01", "2021-10-29", "3119022");
INSERT INTO Researcher (Researcher_ID,Name,Surname,Gender,Birth_Date,Recruitment_Date,Organization_ID) VALUES ("3119803", "Παναγιώτης", "Williams", "Other", "1976-07-04", "2022-04-08", "3119029");
INSERT INTO Researcher (Researcher_ID,Name,Surname,Gender,Birth_Date,Recruitment_Date,Organization_ID) VALUES ("3119804", "Νίκη", "Νασιόπουλος", "Male", "1973-09-14", "2020-02-15", "3119038");
INSERT INTO Researcher (Researcher_ID,Name,Surname,Gender,Birth_Date,Recruitment_Date,Organization_ID) VALUES ("3119805", "Joseph", "Lewis", "Female", "1979-05-16", "2020-11-01", "3119009");
INSERT INTO Researcher (Researcher_ID,Name,Surname,Gender,Birth_Date,Recruitment_Date,Organization_ID) VALUES ("3119806", "Χάρις", "Williams", "Other", "1980-10-22", "2022-03-20", "3119028");
INSERT INTO Researcher (Researcher_ID,Name,Surname,Gender,Birth_Date,Recruitment_Date,Organization_ID) VALUES ("3119807", "Ρεγγίνα", "Κουτσικόπουλος", "Male", "1987-07-25", "2022-02-21", "3119036");
INSERT INTO Researcher (Researcher_ID,Name,Surname,Gender,Birth_Date,Recruitment_Date,Organization_ID) VALUES ("3119808", "Randall", "Παπαθανασίου", "Female", "1999-12-14", "2021-08-08", "3119021");
INSERT INTO Researcher (Researcher_ID,Name,Surname,Gender,Birth_Date,Recruitment_Date,Organization_ID) VALUES ("3119809", "Ανδροκλής", "Crawford", "Other", "1963-03-20", "2022-01-04", "3119048");
INSERT INTO Researcher (Researcher_ID,Name,Surname,Gender,Birth_Date,Recruitment_Date,Organization_ID) VALUES ("3119810", "Michael", "Campbell", "Male", "1989-02-10", "2021-12-01", "3119018");
INSERT INTO Researcher (Researcher_ID,Name,Surname,Gender,Birth_Date,Recruitment_Date,Organization_ID) VALUES ("3119811", "Άγγελος", "Cruz", "Female", "1994-05-18", "2020-03-13", "3119019");
INSERT INTO Researcher (Researcher_ID,Name,Surname,Gender,Birth_Date,Recruitment_Date,Organization_ID) VALUES ("3119812", "Cindy", "Morrison", "Other", "1971-03-18", "2021-09-23", "3119034");
INSERT INTO Researcher (Researcher_ID,Name,Surname,Gender,Birth_Date,Recruitment_Date,Organization_ID) VALUES ("3119813", "Steven", "Hughes", "Male", "1995-06-22", "2020-05-10", "3119042");
INSERT INTO Researcher (Researcher_ID,Name,Surname,Gender,Birth_Date,Recruitment_Date,Organization_ID) VALUES ("3119814", "Deborah", "Moore", "Female", "1990-08-07", "2021-01-24", "3119034");
INSERT INTO Researcher (Researcher_ID,Name,Surname,Gender,Birth_Date,Recruitment_Date,Organization_ID) VALUES ("3119815", "Tara", "Κυριάκου", "Other", "1994-01-17", "2022-05-28", "3119042");
INSERT INTO Researcher (Researcher_ID,Name,Surname,Gender,Birth_Date,Recruitment_Date,Organization_ID) VALUES ("3119816", "Γεσθημανή", "Wright", "Male", "1980-06-29", "2021-10-24", "3119008");
INSERT INTO Researcher (Researcher_ID,Name,Surname,Gender,Birth_Date,Recruitment_Date,Organization_ID) VALUES ("3119817", "Ρέα", "Σπηλιώτης", "Female", "1979-06-23", "2021-04-16", "3119047");
INSERT INTO Researcher (Researcher_ID,Name,Surname,Gender,Birth_Date,Recruitment_Date,Organization_ID) VALUES ("3119818", "David", "Allen", "Other", "1967-04-15", "2021-09-24", "3119044");
INSERT INTO Researcher (Researcher_ID,Name,Surname,Gender,Birth_Date,Recruitment_Date,Organization_ID) VALUES ("3119819", "Βλάσιος", "Santana", "Male", "2000-06-22", "2021-05-01", "3119019");
INSERT INTO Researcher (Researcher_ID,Name,Surname,Gender,Birth_Date,Recruitment_Date,Organization_ID) VALUES ("3119820", "Ήρα", "Rivera", "Female", "1963-01-25", "2021-11-23", "3119019");
INSERT INTO Researcher (Researcher_ID,Name,Surname,Gender,Birth_Date,Recruitment_Date,Organization_ID) VALUES ("3119821", "Γεώργιος", "Γούσιος", "Other", "1984-07-15", "2022-05-06", "3119007");
INSERT INTO Researcher (Researcher_ID,Name,Surname,Gender,Birth_Date,Recruitment_Date,Organization_ID) VALUES ("3119822", "Mary", "Spencer", "Male", "1986-02-04", "2022-04-23", "3119035");
INSERT INTO Researcher (Researcher_ID,Name,Surname,Gender,Birth_Date,Recruitment_Date,Organization_ID) VALUES ("3119823", "Οδυσσεύς", "Δουκίδου", "Female", "2000-07-26", "2021-12-19", "3119004");
INSERT INTO Researcher (Researcher_ID,Name,Surname,Gender,Birth_Date,Recruitment_Date,Organization_ID) VALUES ("3119824", "Jeffery", "Βούλγαρης", "Other", "1978-01-01", "2021-04-21", "3119046");
INSERT INTO Researcher (Researcher_ID,Name,Surname,Gender,Birth_Date,Recruitment_Date,Organization_ID) VALUES ("3119825", "Kevin", "Θεοδοσίου", "Male", "1976-01-12", "2021-06-12", "3119010");
INSERT INTO Researcher (Researcher_ID,Name,Surname,Gender,Birth_Date,Recruitment_Date,Organization_ID) VALUES ("3119826", "Tiffany", "Lopez", "Female", "1969-04-06", "2021-10-01", "3119025");
INSERT INTO Researcher (Researcher_ID,Name,Surname,Gender,Birth_Date,Recruitment_Date,Organization_ID) VALUES ("3119827", "Επιστήμη", "Perkins", "Other", "1967-09-04", "2020-04-12", "3119025");
INSERT INTO Researcher (Researcher_ID,Name,Surname,Gender,Birth_Date,Recruitment_Date,Organization_ID) VALUES ("3119828", "Katherine", "Stevenson", "Male", "1977-11-03", "2021-11-24", "3119025");
INSERT INTO Researcher (Researcher_ID,Name,Surname,Gender,Birth_Date,Recruitment_Date,Organization_ID) VALUES ("3119829", "Ελευθέριος", "Κασσωτάκη", "Female", "1993-06-02", "2021-10-29", "3119007");
INSERT INTO Researcher (Researcher_ID,Name,Surname,Gender,Birth_Date,Recruitment_Date,Organization_ID) VALUES ("3119830", "Σάββας", "Τζινιέρης", "Other", "1992-11-06", "2021-03-06", "3119031");
INSERT INTO Researcher (Researcher_ID,Name,Surname,Gender,Birth_Date,Recruitment_Date,Organization_ID) VALUES ("3119831", "Ηώ", "Παντίσκα", "Male", "1972-11-07", "2021-06-30", "3119034");
INSERT INTO Researcher (Researcher_ID,Name,Surname,Gender,Birth_Date,Recruitment_Date,Organization_ID) VALUES ("3119832", "Shannon", "Κυριακούλη", "Female", "1987-10-31", "2020-04-12", "3119002");
INSERT INTO Researcher (Researcher_ID,Name,Surname,Gender,Birth_Date,Recruitment_Date,Organization_ID) VALUES ("3119833", "Μαλαματένια", "Spears", "Other", "1979-10-18", "2021-06-15", "3119015");
INSERT INTO Researcher (Researcher_ID,Name,Surname,Gender,Birth_Date,Recruitment_Date,Organization_ID) VALUES ("3119834", "Σταμάτης", "Hill", "Male", "1967-03-12", "2020-07-14", "3119016");
INSERT INTO Researcher (Researcher_ID,Name,Surname,Gender,Birth_Date,Recruitment_Date,Organization_ID) VALUES ("3119835", "Christine", "Kelley", "Female", "1989-01-13", "2021-07-08", "3119048");
INSERT INTO Researcher (Researcher_ID,Name,Surname,Gender,Birth_Date,Recruitment_Date,Organization_ID) VALUES ("3119836", "Sabrina", "Baxter", "Other", "1969-01-31", "2022-03-10", "3119000");
INSERT INTO Researcher (Researcher_ID,Name,Surname,Gender,Birth_Date,Recruitment_Date,Organization_ID) VALUES ("3119837", "Ματθαίος", "Petty", "Male", "1967-05-02", "2021-12-20", "3119031");
INSERT INTO Researcher (Researcher_ID,Name,Surname,Gender,Birth_Date,Recruitment_Date,Organization_ID) VALUES ("3119838", "Βασίλης", "Brown", "Female", "1969-03-15", "2021-01-18", "3119031");
INSERT INTO Researcher (Researcher_ID,Name,Surname,Gender,Birth_Date,Recruitment_Date,Organization_ID) VALUES ("3119839", "Θέκλα", "Edwards", "Other", "1987-09-09", "2022-03-26", "3119003");
INSERT INTO Researcher (Researcher_ID,Name,Surname,Gender,Birth_Date,Recruitment_Date,Organization_ID) VALUES ("3119840", "Monica", "Αναστασάκης", "Male", "1977-06-09", "2022-05-15", "3119037");
INSERT INTO Researcher (Researcher_ID,Name,Surname,Gender,Birth_Date,Recruitment_Date,Organization_ID) VALUES ("3119841", "Rebecca", "Λαμπρινός", "Female", "1964-08-22", "2020-05-25", "3119048");
INSERT INTO Researcher (Researcher_ID,Name,Surname,Gender,Birth_Date,Recruitment_Date,Organization_ID) VALUES ("3119842", "Βέρα", "Yates", "Other", "1972-07-22", "2022-02-10", "3119010");
INSERT INTO Researcher (Researcher_ID,Name,Surname,Gender,Birth_Date,Recruitment_Date,Organization_ID) VALUES ("3119843", "Donald", "Αποστολίδης", "Male", "1961-06-09", "2021-06-01", "3119014");
INSERT INTO Researcher (Researcher_ID,Name,Surname,Gender,Birth_Date,Recruitment_Date,Organization_ID) VALUES ("3119844", "Marilyn", "Σαραφίδης", "Female", "1991-11-08", "2020-04-17", "3119008");
INSERT INTO Researcher (Researcher_ID,Name,Surname,Gender,Birth_Date,Recruitment_Date,Organization_ID) VALUES ("3119845", "Sean", "Ελευθερίου", "Other", "1995-06-13", "2020-10-11", "3119043");
INSERT INTO Researcher (Researcher_ID,Name,Surname,Gender,Birth_Date,Recruitment_Date,Organization_ID) VALUES ("3119846", "Juan", "Καταραχιάς", "Male", "1962-04-15", "2020-12-08", "3119031");
INSERT INTO Researcher (Researcher_ID,Name,Surname,Gender,Birth_Date,Recruitment_Date,Organization_ID) VALUES ("3119847", "Πύρρος", "Meyer", "Female", "1978-07-29", "2020-02-24", "3119002");
INSERT INTO Researcher (Researcher_ID,Name,Surname,Gender,Birth_Date,Recruitment_Date,Organization_ID) VALUES ("3119848", "Αγαθόνικος", "Perez", "Other", "1968-06-09", "2022-01-23", "3119009");
INSERT INTO Researcher (Researcher_ID,Name,Surname,Gender,Birth_Date,Recruitment_Date,Organization_ID) VALUES ("3119849", "David", "Βαβουλίδης", "Male", "1978-01-07", "2021-09-17", "3119009");
INSERT INTO Researcher (Researcher_ID,Name,Surname,Gender,Birth_Date,Recruitment_Date,Organization_ID) VALUES ("3119850", "Victoria", "Σταθάτος", "Female", "1997-05-11", "2021-11-29", "3119016");
INSERT INTO Researcher (Researcher_ID,Name,Surname,Gender,Birth_Date,Recruitment_Date,Organization_ID) VALUES ("3119851", "Luis", "Λιάνου", "Other", "1965-10-13", "2022-02-05", "3119014");
INSERT INTO Researcher (Researcher_ID,Name,Surname,Gender,Birth_Date,Recruitment_Date,Organization_ID) VALUES ("3119852", "Πασχάλης", "Gonzalez", "Male", "1980-09-25", "2021-08-23", "3119008");
INSERT INTO Researcher (Researcher_ID,Name,Surname,Gender,Birth_Date,Recruitment_Date,Organization_ID) VALUES ("3119853", "Λαμπρινή", "Κυρούδη", "Female", "1966-05-14", "2021-05-21", "3119022");
INSERT INTO Researcher (Researcher_ID,Name,Surname,Gender,Birth_Date,Recruitment_Date,Organization_ID) VALUES ("3119854", "Αφέντης", "Murphy", "Other", "1991-09-28", "2020-04-27", "3119029");
INSERT INTO Researcher (Researcher_ID,Name,Surname,Gender,Birth_Date,Recruitment_Date,Organization_ID) VALUES ("3119855", "Katherine", "Μηλιάδου", "Male", "1984-04-10", "2021-07-06", "3119041");
INSERT INTO Researcher (Researcher_ID,Name,Surname,Gender,Birth_Date,Recruitment_Date,Organization_ID) VALUES ("3119856", "Αγαπητός", "Adkins", "Female", "1968-07-03", "2020-09-28", "3119033");
INSERT INTO Researcher (Researcher_ID,Name,Surname,Gender,Birth_Date,Recruitment_Date,Organization_ID) VALUES ("3119857", "Νικηφόρος", "Τζέκος", "Other", "1991-01-22", "2020-06-24", "3119022");
INSERT INTO Researcher (Researcher_ID,Name,Surname,Gender,Birth_Date,Recruitment_Date,Organization_ID) VALUES ("3119858", "Matthew", "Καράμπη", "Male", "1982-01-14", "2021-11-20", "3119003");
INSERT INTO Researcher (Researcher_ID,Name,Surname,Gender,Birth_Date,Recruitment_Date,Organization_ID) VALUES ("3119859", "Φλώρα", "Τσοπανίδης", "Female", "1974-12-31", "2022-05-17", "3119000");
INSERT INTO Researcher (Researcher_ID,Name,Surname,Gender,Birth_Date,Recruitment_Date,Organization_ID) VALUES ("3119860", "Paul", "Καραντζόπουλος", "Other", "2000-10-16", "2022-04-09", "3119010");
INSERT INTO Researcher (Researcher_ID,Name,Surname,Gender,Birth_Date,Recruitment_Date,Organization_ID) VALUES ("3119861", "Ηρακλής", "Fuller", "Male", "1972-08-19", "2021-02-09", "3119018");
INSERT INTO Researcher (Researcher_ID,Name,Surname,Gender,Birth_Date,Recruitment_Date,Organization_ID) VALUES ("3119862", "Κανέλλα", "Κωστόπουλος", "Female", "1997-02-04", "2020-02-23", "3119021");
INSERT INTO Researcher (Researcher_ID,Name,Surname,Gender,Birth_Date,Recruitment_Date,Organization_ID) VALUES ("3119863", "Μακάριος", "Καραντζόπουλος", "Other", "1966-01-11", "2020-01-14", "3119008");
INSERT INTO Researcher (Researcher_ID,Name,Surname,Gender,Birth_Date,Recruitment_Date,Organization_ID) VALUES ("3119864", "Ήλια", "Πουλιέζος", "Male", "1978-01-29", "2020-07-20", "3119004");
INSERT INTO Researcher (Researcher_ID,Name,Surname,Gender,Birth_Date,Recruitment_Date,Organization_ID) VALUES ("3119865", "Wendy", "Madden", "Female", "1974-08-02", "2020-04-13", "3119006");
INSERT INTO Researcher (Researcher_ID,Name,Surname,Gender,Birth_Date,Recruitment_Date,Organization_ID) VALUES ("3119866", "Amy", "Bailey", "Other", "1976-07-06", "2021-11-17", "3119044");
INSERT INTO Researcher (Researcher_ID,Name,Surname,Gender,Birth_Date,Recruitment_Date,Organization_ID) VALUES ("3119867", "Cameron", "Κορμπόπουλος", "Male", "1961-08-28", "2022-02-08", "3119001");
INSERT INTO Researcher (Researcher_ID,Name,Surname,Gender,Birth_Date,Recruitment_Date,Organization_ID) VALUES ("3119868", "Karen", "Πουλιέζος", "Female", "2001-08-28", "2021-01-29", "3119002");
INSERT INTO Researcher (Researcher_ID,Name,Surname,Gender,Birth_Date,Recruitment_Date,Organization_ID) VALUES ("3119869", "Kelly", "Benton", "Other", "1964-11-11", "2022-03-12", "3119008");
INSERT INTO Researcher (Researcher_ID,Name,Surname,Gender,Birth_Date,Recruitment_Date,Organization_ID) VALUES ("3119870", "Αποστολία", "Καλούδη", "Male", "1997-12-26", "2020-08-30", "3119017");
INSERT INTO Researcher (Researcher_ID,Name,Surname,Gender,Birth_Date,Recruitment_Date,Organization_ID) VALUES ("3119871", "Μαυροειδής", "Γαλατούλας", "Female", "2001-04-23", "2021-09-28", "3119018");
INSERT INTO Researcher (Researcher_ID,Name,Surname,Gender,Birth_Date,Recruitment_Date,Organization_ID) VALUES ("3119872", "Συμέλα", "Bennett", "Other", "1994-11-05", "2021-11-02", "3119009");
INSERT INTO Researcher (Researcher_ID,Name,Surname,Gender,Birth_Date,Recruitment_Date,Organization_ID) VALUES ("3119873", "Σωτήριος", "Anderson", "Male", "1975-10-31", "2020-08-12", "3119018");
INSERT INTO Researcher (Researcher_ID,Name,Surname,Gender,Birth_Date,Recruitment_Date,Organization_ID) VALUES ("3119874", "Adrian", "Atkinson", "Female", "1997-09-04", "2021-07-03", "3119044");
INSERT INTO Researcher (Researcher_ID,Name,Surname,Gender,Birth_Date,Recruitment_Date,Organization_ID) VALUES ("3119875", "Angela", "Μαυροπούλου", "Other", "1985-01-12", "2020-06-16", "3119029");
INSERT INTO Researcher (Researcher_ID,Name,Surname,Gender,Birth_Date,Recruitment_Date,Organization_ID) VALUES ("3119876", "Amber", "Barrett", "Male", "1997-04-05", "2021-11-21", "3119046");
INSERT INTO Researcher (Researcher_ID,Name,Surname,Gender,Birth_Date,Recruitment_Date,Organization_ID) VALUES ("3119877", "Shannon", "Rose", "Female", "1974-11-08", "2020-05-18", "3119041");
INSERT INTO Researcher (Researcher_ID,Name,Surname,Gender,Birth_Date,Recruitment_Date,Organization_ID) VALUES ("3119878", "Amanda", "Ραχμανίδης", "Other", "1993-09-21", "2020-07-03", "3119008");
INSERT INTO Researcher (Researcher_ID,Name,Surname,Gender,Birth_Date,Recruitment_Date,Organization_ID) VALUES ("3119879", "Andrea", "Γιώτης", "Male", "1973-07-10", "2021-07-06", "3119031");
INSERT INTO Researcher (Researcher_ID,Name,Surname,Gender,Birth_Date,Recruitment_Date,Organization_ID) VALUES ("3119880", "Fred", "Κατσανίκου", "Female", "1975-09-09", "2021-12-18", "3119043");
INSERT INTO Researcher (Researcher_ID,Name,Surname,Gender,Birth_Date,Recruitment_Date,Organization_ID) VALUES ("3119881", "Μαλαματένια", "Πάντος", "Other", "1993-09-24", "2021-08-01", "3119025");
INSERT INTO Researcher (Researcher_ID,Name,Surname,Gender,Birth_Date,Recruitment_Date,Organization_ID) VALUES ("3119882", "William", "Λυμαξή", "Male", "1980-10-29", "2021-10-07", "3119048");
INSERT INTO Researcher (Researcher_ID,Name,Surname,Gender,Birth_Date,Recruitment_Date,Organization_ID) VALUES ("3119883", "Julia", "Βαϊραμίδου", "Female", "1992-03-28", "2021-08-15", "3119025");
INSERT INTO Researcher (Researcher_ID,Name,Surname,Gender,Birth_Date,Recruitment_Date,Organization_ID) VALUES ("3119884", "Χάρις", "Ζυγούρης", "Other", "1965-11-21", "2021-09-05", "3119023");
INSERT INTO Researcher (Researcher_ID,Name,Surname,Gender,Birth_Date,Recruitment_Date,Organization_ID) VALUES ("3119885", "Λητώ", "Κανελλόπουλος", "Male", "2002-01-17", "2020-09-11", "3119018");
INSERT INTO Researcher (Researcher_ID,Name,Surname,Gender,Birth_Date,Recruitment_Date,Organization_ID) VALUES ("3119886", "Warren", "Τζαλλας", "Female", "1996-02-02", "2020-02-08", "3119035");
INSERT INTO Researcher (Researcher_ID,Name,Surname,Gender,Birth_Date,Recruitment_Date,Organization_ID) VALUES ("3119887", "Julie", "Βουτσινά", "Other", "1981-06-19", "2022-03-14", "3119041");
INSERT INTO Researcher (Researcher_ID,Name,Surname,Gender,Birth_Date,Recruitment_Date,Organization_ID) VALUES ("3119888", "Αμβρόσιος", "Simmons", "Male", "1987-03-08", "2021-10-22", "3119033");
INSERT INTO Researcher (Researcher_ID,Name,Surname,Gender,Birth_Date,Recruitment_Date,Organization_ID) VALUES ("3119889", "Νεκτάριος", "Κωστάκης", "Female", "1981-08-11", "2020-04-19", "3119015");
INSERT INTO Researcher (Researcher_ID,Name,Surname,Gender,Birth_Date,Recruitment_Date,Organization_ID) VALUES ("3119890", "Πανορμίτης", "Brock", "Other", "1990-12-16", "2021-05-19", "3119033");
INSERT INTO Researcher (Researcher_ID,Name,Surname,Gender,Birth_Date,Recruitment_Date,Organization_ID) VALUES ("3119891", "Νικολέτα", "Δρακάκη", "Male", "1964-11-08", "2020-05-20", "3119040");
INSERT INTO Researcher (Researcher_ID,Name,Surname,Gender,Birth_Date,Recruitment_Date,Organization_ID) VALUES ("3119892", "Κομνηνός", "Brown", "Female", "1977-01-15", "2020-10-19", "3119029");
INSERT INTO Researcher (Researcher_ID,Name,Surname,Gender,Birth_Date,Recruitment_Date,Organization_ID) VALUES ("3119893", "Lynn", "Σφακιανάκη", "Other", "1971-01-13", "2020-07-09", "3119043");
INSERT INTO Researcher (Researcher_ID,Name,Surname,Gender,Birth_Date,Recruitment_Date,Organization_ID) VALUES ("3119894", "Νερατζιά", "Dean", "Male", "1972-03-20", "2020-11-13", "3119035");
INSERT INTO Researcher (Researcher_ID,Name,Surname,Gender,Birth_Date,Recruitment_Date,Organization_ID) VALUES ("3119895", "Λυγερή", "Martinez", "Female", "1962-09-15", "2020-08-06", "3119039");
INSERT INTO Researcher (Researcher_ID,Name,Surname,Gender,Birth_Date,Recruitment_Date,Organization_ID) VALUES ("3119896", "Σταμάτιος", "Γκούβελος", "Other", "1966-09-09", "2022-03-26", "3119008");
INSERT INTO Researcher (Researcher_ID,Name,Surname,Gender,Birth_Date,Recruitment_Date,Organization_ID) VALUES ("3119897", "Βαλάντης", "Βιλδός", "Male", "1972-04-11", "2022-05-15", "3119040");
INSERT INTO Researcher (Researcher_ID,Name,Surname,Gender,Birth_Date,Recruitment_Date,Organization_ID) VALUES ("3119898", "Αυγουστίνα", "Πετριτάκης", "Female", "1981-10-14", "2021-02-19", "3119033");
INSERT INTO Researcher (Researcher_ID,Name,Surname,Gender,Birth_Date,Recruitment_Date,Organization_ID) VALUES ("3119899", "Θεολογία", "Robertson", "Other", "1972-02-16", "2020-11-17", "3119039");
INSERT INTO Researcher (Researcher_ID,Name,Surname,Gender,Birth_Date,Recruitment_Date,Organization_ID) VALUES ("3119900", "Robert", "Stafford", "Male", "1987-09-11", "2021-11-06", "3119004");
INSERT INTO Researcher (Researcher_ID,Name,Surname,Gender,Birth_Date,Recruitment_Date,Organization_ID) VALUES ("3119901", "Amanda", "Νικολοπούλου", "Female", "1968-08-07", "2020-07-25", "3119030");
INSERT INTO Researcher (Researcher_ID,Name,Surname,Gender,Birth_Date,Recruitment_Date,Organization_ID) VALUES ("3119902", "Mark", "Κωστάκης", "Other", "1989-04-11", "2020-08-12", "3119011");
INSERT INTO Researcher (Researcher_ID,Name,Surname,Gender,Birth_Date,Recruitment_Date,Organization_ID) VALUES ("3119903", "Ζωή", "Bowman", "Male", "1971-09-22", "2020-10-17", "3119023");
INSERT INTO Researcher (Researcher_ID,Name,Surname,Gender,Birth_Date,Recruitment_Date,Organization_ID) VALUES ("3119904", "Εριφύλη", "Σδραλλής", "Female", "1966-11-08", "2020-03-31", "3119028");
INSERT INTO Researcher (Researcher_ID,Name,Surname,Gender,Birth_Date,Recruitment_Date,Organization_ID) VALUES ("3119905", "Joseph", "Γκαλίου", "Other", "1984-05-04", "2021-02-14", "3119024");
INSERT INTO Researcher (Researcher_ID,Name,Surname,Gender,Birth_Date,Recruitment_Date,Organization_ID) VALUES ("3119906", "Steven", "Sherman", "Male", "1990-10-27", "2020-05-25", "3119002");
INSERT INTO Researcher (Researcher_ID,Name,Surname,Gender,Birth_Date,Recruitment_Date,Organization_ID) VALUES ("3119907", "Έκτορας", "Στεφάνου", "Female", "1994-04-11", "2021-03-22", "3119033");
INSERT INTO Researcher (Researcher_ID,Name,Surname,Gender,Birth_Date,Recruitment_Date,Organization_ID) VALUES ("3119908", "Danny", "Τυμβίου", "Other", "1995-12-01", "2020-02-26", "3119045");
INSERT INTO Researcher (Researcher_ID,Name,Surname,Gender,Birth_Date,Recruitment_Date,Organization_ID) VALUES ("3119909", "Αγάπη", "Peterson", "Male", "1976-10-07", "2022-01-30", "3119011");
INSERT INTO Researcher (Researcher_ID,Name,Surname,Gender,Birth_Date,Recruitment_Date,Organization_ID) VALUES ("3119910", "Δημόκριτος", "Καραογλάνη", "Female", "1999-08-31", "2021-02-17", "3119008");
INSERT INTO Researcher (Researcher_ID,Name,Surname,Gender,Birth_Date,Recruitment_Date,Organization_ID) VALUES ("3119911", "Κύρος", "Pierce", "Other", "1977-08-17", "2022-02-16", "3119016");
INSERT INTO Researcher (Researcher_ID,Name,Surname,Gender,Birth_Date,Recruitment_Date,Organization_ID) VALUES ("3119912", "Kenneth", "Greene", "Male", "1969-08-05", "2020-11-10", "3119049");
INSERT INTO Researcher (Researcher_ID,Name,Surname,Gender,Birth_Date,Recruitment_Date,Organization_ID) VALUES ("3119913", "Λογοθέτης", "Αργυράκη", "Female", "1989-05-31", "2021-05-28", "3119007");
INSERT INTO Researcher (Researcher_ID,Name,Surname,Gender,Birth_Date,Recruitment_Date,Organization_ID) VALUES ("3119914", "Ιουλιανός", "Σταμέλου", "Other", "1995-09-27", "2020-11-12", "3119026");
INSERT INTO Researcher (Researcher_ID,Name,Surname,Gender,Birth_Date,Recruitment_Date,Organization_ID) VALUES ("3119915", "Robin", "Μπατσάκη", "Male", "1972-05-26", "2022-02-02", "3119002");
INSERT INTO Researcher (Researcher_ID,Name,Surname,Gender,Birth_Date,Recruitment_Date,Organization_ID) VALUES ("3119916", "Σεμίνα", "Παπακώστα", "Female", "1977-10-04", "2020-09-01", "3119026");
INSERT INTO Researcher (Researcher_ID,Name,Surname,Gender,Birth_Date,Recruitment_Date,Organization_ID) VALUES ("3119917", "Μιχαέλα", "Πετρογιάννης", "Other", "1993-03-08", "2020-12-07", "3119032");
INSERT INTO Researcher (Researcher_ID,Name,Surname,Gender,Birth_Date,Recruitment_Date,Organization_ID) VALUES ("3119918", "Αδάμ", "Φωκαδελής", "Male", "1978-06-03", "2020-12-20", "3119011");
INSERT INTO Researcher (Researcher_ID,Name,Surname,Gender,Birth_Date,Recruitment_Date,Organization_ID) VALUES ("3119919", "Ιάσονας", "Monroe", "Female", "1979-01-16", "2021-11-05", "3119047");
INSERT INTO Researcher (Researcher_ID,Name,Surname,Gender,Birth_Date,Recruitment_Date,Organization_ID) VALUES ("3119920", "Μιλτιάδης", "Marquez", "Other", "1970-11-14", "2021-07-05", "3119010");
INSERT INTO Researcher (Researcher_ID,Name,Surname,Gender,Birth_Date,Recruitment_Date,Organization_ID) VALUES ("3119921", "Aaron", "Rice", "Male", "1975-03-07", "2020-07-15", "3119002");
INSERT INTO Researcher (Researcher_ID,Name,Surname,Gender,Birth_Date,Recruitment_Date,Organization_ID) VALUES ("3119922", "Αναστάσιος", "Προύβα", "Female", "1995-10-31", "2020-10-26", "3119032");
INSERT INTO Researcher (Researcher_ID,Name,Surname,Gender,Birth_Date,Recruitment_Date,Organization_ID) VALUES ("3119923", "Αγαθάγγελος", "Huffman", "Other", "1995-06-26", "2021-08-02", "3119022");
INSERT INTO Researcher (Researcher_ID,Name,Surname,Gender,Birth_Date,Recruitment_Date,Organization_ID) VALUES ("3119924", "Αλκινόη", "Garcia", "Male", "1974-07-18", "2021-08-13", "3119040");
INSERT INTO Researcher (Researcher_ID,Name,Surname,Gender,Birth_Date,Recruitment_Date,Organization_ID) VALUES ("3119925", "Λουκιανός", "Jones", "Female", "1983-01-24", "2021-11-18", "3119022");
INSERT INTO Researcher (Researcher_ID,Name,Surname,Gender,Birth_Date,Recruitment_Date,Organization_ID) VALUES ("3119926", "Φανουρία", "Rice", "Other", "1969-05-24", "2020-06-18", "3119013");
INSERT INTO Researcher (Researcher_ID,Name,Surname,Gender,Birth_Date,Recruitment_Date,Organization_ID) VALUES ("3119927", "Φιλοθέη", "Σίββα", "Male", "1991-11-19", "2022-03-19", "3119029");
INSERT INTO Researcher (Researcher_ID,Name,Surname,Gender,Birth_Date,Recruitment_Date,Organization_ID) VALUES ("3119928", "Frank", "Γκαγκαουδάκης", "Female", "1970-10-24", "2022-01-15", "3119022");
INSERT INTO Researcher (Researcher_ID,Name,Surname,Gender,Birth_Date,Recruitment_Date,Organization_ID) VALUES ("3119929", "Amanda", "Σφακιανάκη", "Other", "1992-07-13", "2022-05-08", "3119030");
INSERT INTO Researcher (Researcher_ID,Name,Surname,Gender,Birth_Date,Recruitment_Date,Organization_ID) VALUES ("3119930", "Gregory", "Sanders", "Male", "1992-08-10", "2021-12-14", "3119023");
INSERT INTO Researcher (Researcher_ID,Name,Surname,Gender,Birth_Date,Recruitment_Date,Organization_ID) VALUES ("3119931", "Kayla", "Dawson", "Female", "1975-12-18", "2021-04-15", "3119047");
INSERT INTO Researcher (Researcher_ID,Name,Surname,Gender,Birth_Date,Recruitment_Date,Organization_ID) VALUES ("3119932", "Λασκαρίνα", "Brady", "Other", "1992-03-20", "2020-04-23", "3119035");
INSERT INTO Researcher (Researcher_ID,Name,Surname,Gender,Birth_Date,Recruitment_Date,Organization_ID) VALUES ("3119933", "Natasha", "Πισχινάς", "Male", "1990-08-04", "2022-03-19", "3119028");
INSERT INTO Researcher (Researcher_ID,Name,Surname,Gender,Birth_Date,Recruitment_Date,Organization_ID) VALUES ("3119934", "Μαλαμάτη", "Clark", "Female", "1992-05-10", "2020-03-03", "3119016");
INSERT INTO Researcher (Researcher_ID,Name,Surname,Gender,Birth_Date,Recruitment_Date,Organization_ID) VALUES ("3119935", "Ανθούλης", "Παλλάς", "Other", "1969-09-06", "2021-11-24", "3119005");
INSERT INTO Researcher (Researcher_ID,Name,Surname,Gender,Birth_Date,Recruitment_Date,Organization_ID) VALUES ("3119936", "Μαντώ", "Moreno", "Male", "1990-03-29", "2020-03-05", "3119019");
INSERT INTO Researcher (Researcher_ID,Name,Surname,Gender,Birth_Date,Recruitment_Date,Organization_ID) VALUES ("3119937", "Τριαντάφυλλος", "Λαγοπάτης", "Female", "1988-08-26", "2020-01-07", "3119021");
INSERT INTO Researcher (Researcher_ID,Name,Surname,Gender,Birth_Date,Recruitment_Date,Organization_ID) VALUES ("3119938", "Ερασμία", "Brown", "Other", "1973-08-13", "2022-01-14", "3119021");
INSERT INTO Researcher (Researcher_ID,Name,Surname,Gender,Birth_Date,Recruitment_Date,Organization_ID) VALUES ("3119939", "Αγαθάγγελος", "Ταχμαζίδης", "Male", "1973-05-19", "2021-07-07", "3119032");
INSERT INTO Researcher (Researcher_ID,Name,Surname,Gender,Birth_Date,Recruitment_Date,Organization_ID) VALUES ("3119940", "Matthew", "Brown", "Female", "1967-02-09", "2022-02-09", "3119042");
INSERT INTO Researcher (Researcher_ID,Name,Surname,Gender,Birth_Date,Recruitment_Date,Organization_ID) VALUES ("3119941", "Vanessa", "Hardy", "Other", "1980-12-30", "2021-02-07", "3119005");
INSERT INTO Researcher (Researcher_ID,Name,Surname,Gender,Birth_Date,Recruitment_Date,Organization_ID) VALUES ("3119942", "Ellen", "Μαζαράκης", "Male", "1975-09-24", "2020-04-02", "3119030");
INSERT INTO Researcher (Researcher_ID,Name,Surname,Gender,Birth_Date,Recruitment_Date,Organization_ID) VALUES ("3119943", "Ευφροσύνη", "Harris", "Female", "1963-03-20", "2021-04-25", "3119006");
INSERT INTO Researcher (Researcher_ID,Name,Surname,Gender,Birth_Date,Recruitment_Date,Organization_ID) VALUES ("3119944", "Christopher", "Ramirez", "Other", "1961-10-06", "2021-01-23", "3119003");
INSERT INTO Researcher (Researcher_ID,Name,Surname,Gender,Birth_Date,Recruitment_Date,Organization_ID) VALUES ("3119945", "Λουλουδένια", "Βιολάτος", "Male", "1961-08-06", "2022-01-29", "3119021");
INSERT INTO Researcher (Researcher_ID,Name,Surname,Gender,Birth_Date,Recruitment_Date,Organization_ID) VALUES ("3119946", "Russell", "Terry", "Female", "1974-07-10", "2021-04-13", "3119024");
INSERT INTO Researcher (Researcher_ID,Name,Surname,Gender,Birth_Date,Recruitment_Date,Organization_ID) VALUES ("3119947", "Cassandra", "Χατζημιχαήλ", "Other", "1981-01-25", "2021-03-04", "3119010");
INSERT INTO Researcher (Researcher_ID,Name,Surname,Gender,Birth_Date,Recruitment_Date,Organization_ID) VALUES ("3119948", "Kathryn", "Λίτσιου", "Male", "1986-12-09", "2022-04-15", "3119026");
INSERT INTO Researcher (Researcher_ID,Name,Surname,Gender,Birth_Date,Recruitment_Date,Organization_ID) VALUES ("3119949", "Alexander", "Κουρκουτάς", "Female", "1997-04-24", "2021-09-29", "3119016");
INSERT INTO Researcher (Researcher_ID,Name,Surname,Gender,Birth_Date,Recruitment_Date,Organization_ID) VALUES ("3119950", "Λέων", "Mccormick", "Other", "1962-03-22", "2020-04-04", "3119002");
INSERT INTO Researcher (Researcher_ID,Name,Surname,Gender,Birth_Date,Recruitment_Date,Organization_ID) VALUES ("3119951", "Αριστείδης", "Τσιάρας", "Male", "1962-06-03", "2020-09-26", "3119047");
INSERT INTO Researcher (Researcher_ID,Name,Surname,Gender,Birth_Date,Recruitment_Date,Organization_ID) VALUES ("3119952", "Carrie", "Κιορίδου", "Female", "1980-06-04", "2022-04-01", "3119031");
INSERT INTO Researcher (Researcher_ID,Name,Surname,Gender,Birth_Date,Recruitment_Date,Organization_ID) VALUES ("3119953", "April", "Carr", "Other", "1962-02-18", "2021-08-31", "3119003");
INSERT INTO Researcher (Researcher_ID,Name,Surname,Gender,Birth_Date,Recruitment_Date,Organization_ID) VALUES ("3119954", "Ευσταθία", "Ορφανιώτης", "Male", "1975-02-17", "2022-02-05", "3119012");
INSERT INTO Researcher (Researcher_ID,Name,Surname,Gender,Birth_Date,Recruitment_Date,Organization_ID) VALUES ("3119955", "Nicole", "Δουκατζής", "Female", "1996-10-30", "2021-09-14", "3119033");
INSERT INTO Researcher (Researcher_ID,Name,Surname,Gender,Birth_Date,Recruitment_Date,Organization_ID) VALUES ("3119956", "Anita", "Rivera", "Other", "1968-07-04", "2022-05-24", "3119028");
INSERT INTO Researcher (Researcher_ID,Name,Surname,Gender,Birth_Date,Recruitment_Date,Organization_ID) VALUES ("3119957", "Jessica", "Rice", "Male", "1968-02-04", "2020-05-23", "3119012");
INSERT INTO Researcher (Researcher_ID,Name,Surname,Gender,Birth_Date,Recruitment_Date,Organization_ID) VALUES ("3119958", "Sydney", "Αγαλιώτης", "Female", "2001-10-11", "2020-01-30", "3119030");
INSERT INTO Researcher (Researcher_ID,Name,Surname,Gender,Birth_Date,Recruitment_Date,Organization_ID) VALUES ("3119959", "Θουκυδίδης", "Combs", "Other", "1987-09-14", "2021-11-10", "3119049");
INSERT INTO Researcher (Researcher_ID,Name,Surname,Gender,Birth_Date,Recruitment_Date,Organization_ID) VALUES ("3119960", "Κωστούλα", "Garcia", "Male", "1997-07-24", "2020-04-30", "3119032");
INSERT INTO Researcher (Researcher_ID,Name,Surname,Gender,Birth_Date,Recruitment_Date,Organization_ID) VALUES ("3119961", "Kathryn", "Κομκούδης", "Female", "1978-11-09", "2021-12-29", "3119013");
INSERT INTO Researcher (Researcher_ID,Name,Surname,Gender,Birth_Date,Recruitment_Date,Organization_ID) VALUES ("3119962", "Ασημάκης", "Williams", "Other", "1999-12-02", "2020-07-02", "3119048");
INSERT INTO Researcher (Researcher_ID,Name,Surname,Gender,Birth_Date,Recruitment_Date,Organization_ID) VALUES ("3119963", "Mary", "Κεσκίνη", "Male", "1964-08-29", "2021-11-02", "3119046");
INSERT INTO Researcher (Researcher_ID,Name,Surname,Gender,Birth_Date,Recruitment_Date,Organization_ID) VALUES ("3119964", "Πανορμίτης", "Young", "Female", "1987-09-26", "2021-05-16", "3119022");
INSERT INTO Researcher (Researcher_ID,Name,Surname,Gender,Birth_Date,Recruitment_Date,Organization_ID) VALUES ("3119965", "Ματρώνη", "Yates", "Other", "1971-11-11", "2021-12-14", "3119037");
INSERT INTO Researcher (Researcher_ID,Name,Surname,Gender,Birth_Date,Recruitment_Date,Organization_ID) VALUES ("3119966", "Λογοθέτης", "Ryan", "Male", "1991-04-18", "2020-01-06", "3119023");
INSERT INTO Researcher (Researcher_ID,Name,Surname,Gender,Birth_Date,Recruitment_Date,Organization_ID) VALUES ("3119967", "Anthony", "Φίλκα", "Female", "1999-06-01", "2021-12-24", "3119007");
INSERT INTO Researcher (Researcher_ID,Name,Surname,Gender,Birth_Date,Recruitment_Date,Organization_ID) VALUES ("3119968", "David", "Hill", "Other", "1995-05-24", "2020-01-06", "3119036");
INSERT INTO Researcher (Researcher_ID,Name,Surname,Gender,Birth_Date,Recruitment_Date,Organization_ID) VALUES ("3119969", "Ίρις", "Franklin", "Male", "1965-05-05", "2020-03-15", "3119036");
INSERT INTO Researcher (Researcher_ID,Name,Surname,Gender,Birth_Date,Recruitment_Date,Organization_ID) VALUES ("3119970", "Χρυσοβαλάντου", "Παληός", "Female", "1978-06-02", "2021-12-13", "3119009");
INSERT INTO Researcher (Researcher_ID,Name,Surname,Gender,Birth_Date,Recruitment_Date,Organization_ID) VALUES ("3119971", "Ήλια", "Gomez", "Other", "1986-01-10", "2020-05-19", "3119034");
INSERT INTO Researcher (Researcher_ID,Name,Surname,Gender,Birth_Date,Recruitment_Date,Organization_ID) VALUES ("3119972", "Χρύσανθος", "Smith", "Male", "1985-06-19", "2021-11-03", "3119028");
INSERT INTO Researcher (Researcher_ID,Name,Surname,Gender,Birth_Date,Recruitment_Date,Organization_ID) VALUES ("3119973", "Ronald", "Dunn", "Female", "1973-10-13", "2020-06-23", "3119005");
INSERT INTO Researcher (Researcher_ID,Name,Surname,Gender,Birth_Date,Recruitment_Date,Organization_ID) VALUES ("3119974", "Peter", "Κουβάς", "Other", "1999-03-12", "2020-10-25", "3119015");
INSERT INTO Researcher (Researcher_ID,Name,Surname,Gender,Birth_Date,Recruitment_Date,Organization_ID) VALUES ("3119975", "Amber", "Mitchell", "Male", "1989-12-18", "2021-02-26", "3119042");
INSERT INTO Researcher (Researcher_ID,Name,Surname,Gender,Birth_Date,Recruitment_Date,Organization_ID) VALUES ("3119976", "Γερασιμούλα", "Rhodes", "Female", "1995-02-07", "2020-07-16", "3119009");
INSERT INTO Researcher (Researcher_ID,Name,Surname,Gender,Birth_Date,Recruitment_Date,Organization_ID) VALUES ("3119977", "Δωροθέα", "Βραδή", "Other", "1996-03-01", "2021-04-24", "3119013");
INSERT INTO Researcher (Researcher_ID,Name,Surname,Gender,Birth_Date,Recruitment_Date,Organization_ID) VALUES ("3119978", "Denise", "Μιχαλάρου", "Male", "1963-07-28", "2021-04-22", "3119041");
INSERT INTO Researcher (Researcher_ID,Name,Surname,Gender,Birth_Date,Recruitment_Date,Organization_ID) VALUES ("3119979", "Ryan", "Ρουπακάς", "Female", "1965-10-22", "2021-06-27", "3119031");
INSERT INTO Researcher (Researcher_ID,Name,Surname,Gender,Birth_Date,Recruitment_Date,Organization_ID) VALUES ("3119980", "Rebecca", "Watkins", "Other", "1976-10-06", "2021-10-30", "3119035");
INSERT INTO Researcher (Researcher_ID,Name,Surname,Gender,Birth_Date,Recruitment_Date,Organization_ID) VALUES ("3119981", "Michelle", "Graham", "Male", "1981-07-06", "2021-02-26", "3119017");
INSERT INTO Researcher (Researcher_ID,Name,Surname,Gender,Birth_Date,Recruitment_Date,Organization_ID) VALUES ("3119982", "Jennifer", "Clark", "Female", "1969-09-06", "2020-01-24", "3119018");
INSERT INTO Researcher (Researcher_ID,Name,Surname,Gender,Birth_Date,Recruitment_Date,Organization_ID) VALUES ("3119983", "David", "Μάργαρης", "Other", "1992-12-25", "2022-05-15", "3119025");
INSERT INTO Researcher (Researcher_ID,Name,Surname,Gender,Birth_Date,Recruitment_Date,Organization_ID) VALUES ("3119984", "Ησαΐας", "Φαββάτα", "Male", "1997-04-23", "2020-10-04", "3119004");
INSERT INTO Researcher (Researcher_ID,Name,Surname,Gender,Birth_Date,Recruitment_Date,Organization_ID) VALUES ("3119985", "Ευμένιος", "Russell", "Female", "1962-02-24", "2021-08-03", "3119012");
INSERT INTO Researcher (Researcher_ID,Name,Surname,Gender,Birth_Date,Recruitment_Date,Organization_ID) VALUES ("3119986", "James", "Ζαφείρη", "Other", "1982-08-16", "2021-05-17", "3119037");
INSERT INTO Researcher (Researcher_ID,Name,Surname,Gender,Birth_Date,Recruitment_Date,Organization_ID) VALUES ("3119987", "Kathleen", "Patel", "Male", "1963-09-18", "2020-11-26", "3119013");
INSERT INTO Researcher (Researcher_ID,Name,Surname,Gender,Birth_Date,Recruitment_Date,Organization_ID) VALUES ("3119988", "Θέκλα", "Καλιάμπος", "Female", "1975-06-25", "2021-04-10", "3119003");
INSERT INTO Researcher (Researcher_ID,Name,Surname,Gender,Birth_Date,Recruitment_Date,Organization_ID) VALUES ("3119989", "Matthew", "Fleming", "Other", "1963-12-19", "2022-05-16", "3119033");
INSERT INTO Researcher (Researcher_ID,Name,Surname,Gender,Birth_Date,Recruitment_Date,Organization_ID) VALUES ("3119990", "Περικλεία", "Adams", "Male", "1964-11-12", "2021-06-30", "3119049");
INSERT INTO Researcher (Researcher_ID,Name,Surname,Gender,Birth_Date,Recruitment_Date,Organization_ID) VALUES ("3119991", "Σεβαστιανή", "Δουράνης", "Female", "1964-08-05", "2021-09-03", "3119020");
INSERT INTO Researcher (Researcher_ID,Name,Surname,Gender,Birth_Date,Recruitment_Date,Organization_ID) VALUES ("3119992", "Ανδρέας", "Γρηγορίου", "Other", "1979-05-12", "2021-03-15", "3119001");
INSERT INTO Researcher (Researcher_ID,Name,Surname,Gender,Birth_Date,Recruitment_Date,Organization_ID) VALUES ("3119993", "Nicole", "Μόναχας", "Male", "1974-01-09", "2022-05-03", "3119034");
INSERT INTO Researcher (Researcher_ID,Name,Surname,Gender,Birth_Date,Recruitment_Date,Organization_ID) VALUES ("3119994", "Kenneth", "Parker", "Female", "1979-06-26", "2020-07-16", "3119021");
INSERT INTO Researcher (Researcher_ID,Name,Surname,Gender,Birth_Date,Recruitment_Date,Organization_ID) VALUES ("3119995", "Brandy", "Peters", "Other", "1963-04-30", "2021-09-23", "3119019");
INSERT INTO Researcher (Researcher_ID,Name,Surname,Gender,Birth_Date,Recruitment_Date,Organization_ID) VALUES ("3119996", "Daniel", "Αδαμόπουλος", "Male", "1965-12-18", "2021-02-10", "3119039");
INSERT INTO Researcher (Researcher_ID,Name,Surname,Gender,Birth_Date,Recruitment_Date,Organization_ID) VALUES ("3119997", "Julie", "Χέλιος", "Female", "1970-09-09", "2021-02-02", "3119031");
INSERT INTO Researcher (Researcher_ID,Name,Surname,Gender,Birth_Date,Recruitment_Date,Organization_ID) VALUES ("3119998", "Καλλιρόη", "Γκούβελος", "Other", "1979-09-28", "2020-02-17", "3119025");
INSERT INTO Researcher (Researcher_ID,Name,Surname,Gender,Birth_Date,Recruitment_Date,Organization_ID) VALUES ("3119999", "Ευστάθιος", "Rosales", "Male", "1961-07-13", "2021-08-31", "3119013");
INSERT INTO Researcher (Researcher_ID,Name,Surname,Gender,Birth_Date,Recruitment_Date,Organization_ID) VALUES ("3120000", "Ερμιόνη", "King", "Female", "1965-01-22", "2021-03-28", "3119026");
INSERT INTO Researcher (Researcher_ID,Name,Surname,Gender,Birth_Date,Recruitment_Date,Organization_ID) VALUES ("3120001", "Susan", "Γρεβενάρης", "Other", "1996-08-04", "2022-05-06", "3119009");
INSERT INTO Researcher (Researcher_ID,Name,Surname,Gender,Birth_Date,Recruitment_Date,Organization_ID) VALUES ("3120002", "Κοραλία", "Ζηματίκας", "Male", "1963-08-14", "2021-05-12", "3119020");
INSERT INTO Researcher (Researcher_ID,Name,Surname,Gender,Birth_Date,Recruitment_Date,Organization_ID) VALUES ("3120003", "Corey", "Τσαπραλής", "Female", "1980-06-03", "2022-03-02", "3119002");
INSERT INTO Researcher (Researcher_ID,Name,Surname,Gender,Birth_Date,Recruitment_Date,Organization_ID) VALUES ("3120004", "Tracy", "Παπανδρέου", "Other", "1986-06-02", "2021-09-29", "3119025");
INSERT INTO Researcher (Researcher_ID,Name,Surname,Gender,Birth_Date,Recruitment_Date,Organization_ID) VALUES ("3120005", "Deborah", "Nelson", "Male", "1962-08-29", "2021-12-15", "3119042");
INSERT INTO Researcher (Researcher_ID,Name,Surname,Gender,Birth_Date,Recruitment_Date,Organization_ID) VALUES ("3120006", "Θωμαίς", "Βαζούρα", "Female", "1963-08-03", "2020-10-22", "3119044");
INSERT INTO Researcher (Researcher_ID,Name,Surname,Gender,Birth_Date,Recruitment_Date,Organization_ID) VALUES ("3120007", "Δικαία", "Wolfe", "Other", "2000-12-30", "2020-02-11", "3119017");
INSERT INTO Researcher (Researcher_ID,Name,Surname,Gender,Birth_Date,Recruitment_Date,Organization_ID) VALUES ("3120008", "Mary", "Marquez", "Male", "1968-09-18", "2021-03-30", "3119032");
INSERT INTO Researcher (Researcher_ID,Name,Surname,Gender,Birth_Date,Recruitment_Date,Organization_ID) VALUES ("3120009", "Matthew", "Χρυσίδης", "Female", "1970-03-01", "2020-02-10", "3119033");
INSERT INTO Researcher (Researcher_ID,Name,Surname,Gender,Birth_Date,Recruitment_Date,Organization_ID) VALUES ("3120010", "Σολομών", "Παπαθωμά", "Other", "1985-12-22", "2020-02-09", "3119043");
INSERT INTO Researcher (Researcher_ID,Name,Surname,Gender,Birth_Date,Recruitment_Date,Organization_ID) VALUES ("3120011", "Ευδοξία", "Γκάγκα", "Male", "1994-02-18", "2020-08-05", "3119036");
INSERT INTO Researcher (Researcher_ID,Name,Surname,Gender,Birth_Date,Recruitment_Date,Organization_ID) VALUES ("3120012", "Marissa", "Βλάχος", "Female", "1989-06-26", "2021-07-14", "3119015");
INSERT INTO Researcher (Researcher_ID,Name,Surname,Gender,Birth_Date,Recruitment_Date,Organization_ID) VALUES ("3120013", "Derrick", "Κουταλιός", "Other", "1962-05-19", "2020-09-17", "3119023");
INSERT INTO Researcher (Researcher_ID,Name,Surname,Gender,Birth_Date,Recruitment_Date,Organization_ID) VALUES ("3120014", "Χρυσαυγή", "Ντζιαβίδα", "Male", "1974-05-18", "2021-01-05", "3119049");
INSERT INTO Researcher (Researcher_ID,Name,Surname,Gender,Birth_Date,Recruitment_Date,Organization_ID) VALUES ("3120015", "Πολύβιος", "Grimes", "Female", "2002-04-14", "2021-04-19", "3119031");
INSERT INTO Researcher (Researcher_ID,Name,Surname,Gender,Birth_Date,Recruitment_Date,Organization_ID) VALUES ("3120016", "William", "Johnson", "Other", "1987-11-09", "2022-05-10", "3119002");
INSERT INTO Researcher (Researcher_ID,Name,Surname,Gender,Birth_Date,Recruitment_Date,Organization_ID) VALUES ("3120017", "Caitlin", "Dodson", "Male", "1964-04-24", "2020-01-01", "3119022");
INSERT INTO Researcher (Researcher_ID,Name,Surname,Gender,Birth_Date,Recruitment_Date,Organization_ID) VALUES ("3120018", "Ιφιγένεια", "Thompson", "Female", "1969-05-28", "2021-09-29", "3119015");
INSERT INTO Researcher (Researcher_ID,Name,Surname,Gender,Birth_Date,Recruitment_Date,Organization_ID) VALUES ("3120019", "Σεβαστή", "Smith", "Other", "1976-04-04", "2020-06-14", "3119020");
INSERT INTO Researcher (Researcher_ID,Name,Surname,Gender,Birth_Date,Recruitment_Date,Organization_ID) VALUES ("3120020", "Ροδόκλεια", "Βρακά", "Male", "1976-04-13", "2020-11-26", "3119037");
INSERT INTO Researcher (Researcher_ID,Name,Surname,Gender,Birth_Date,Recruitment_Date,Organization_ID) VALUES ("3120021", "Lisa", "Πετριτάκης", "Female", "1973-03-08", "2020-04-29", "3119016");
INSERT INTO Researcher (Researcher_ID,Name,Surname,Gender,Birth_Date,Recruitment_Date,Organization_ID) VALUES ("3120022", "Χαρίτος", "Μεϊμάρης", "Other", "2002-05-03", "2020-01-26", "3119003");
INSERT INTO Researcher (Researcher_ID,Name,Surname,Gender,Birth_Date,Recruitment_Date,Organization_ID) VALUES ("3120023", "Daniel", "Guzman", "Male", "1996-08-14", "2020-03-31", "3119027");
INSERT INTO Researcher (Researcher_ID,Name,Surname,Gender,Birth_Date,Recruitment_Date,Organization_ID) VALUES ("3120024", "Kenneth", "Οικονομοπούλου", "Female", "1964-12-21", "2020-06-08", "3119026");
INSERT INTO Researcher (Researcher_ID,Name,Surname,Gender,Birth_Date,Recruitment_Date,Organization_ID) VALUES ("3120025", "Nicole", "Πετρογιάννης", "Other", "1973-06-28", "2020-01-21", "3119024");
INSERT INTO Researcher (Researcher_ID,Name,Surname,Gender,Birth_Date,Recruitment_Date,Organization_ID) VALUES ("3120026", "Matthew", "Χασάπη", "Male", "1974-10-03", "2021-05-02", "3119011");
INSERT INTO Researcher (Researcher_ID,Name,Surname,Gender,Birth_Date,Recruitment_Date,Organization_ID) VALUES ("3120027", "Robin", "Mendoza", "Female", "1966-03-24", "2021-11-04", "3119016");
INSERT INTO Researcher (Researcher_ID,Name,Surname,Gender,Birth_Date,Recruitment_Date,Organization_ID) VALUES ("3120028", "Ιουλιανός", "Ραυτοπούλου", "Other", "1981-09-13", "2021-10-21", "3119020");
INSERT INTO Researcher (Researcher_ID,Name,Surname,Gender,Birth_Date,Recruitment_Date,Organization_ID) VALUES ("3120029", "Περικλής", "Wilson", "Male", "1988-09-26", "2022-03-21", "3119024");
INSERT INTO Researcher (Researcher_ID,Name,Surname,Gender,Birth_Date,Recruitment_Date,Organization_ID) VALUES ("3120030", "Vanessa", "Δρυμαλίτου", "Female", "1976-05-18", "2020-04-15", "3119041");
INSERT INTO Researcher (Researcher_ID,Name,Surname,Gender,Birth_Date,Recruitment_Date,Organization_ID) VALUES ("3120031", "Φοίβη", "Solomon", "Other", "1970-09-09", "2022-02-27", "3119013");
INSERT INTO Researcher (Researcher_ID,Name,Surname,Gender,Birth_Date,Recruitment_Date,Organization_ID) VALUES ("3120032", "Παναγιώτα", "Κόλλια", "Male", "1963-06-19", "2020-01-06", "3119000");
INSERT INTO Researcher (Researcher_ID,Name,Surname,Gender,Birth_Date,Recruitment_Date,Organization_ID) VALUES ("3120033", "Dana", "Τεμουρτζίδης", "Female", "1978-10-06", "2020-01-05", "3119027");
INSERT INTO Researcher (Researcher_ID,Name,Surname,Gender,Birth_Date,Recruitment_Date,Organization_ID) VALUES ("3120034", "Thomas", "Hernandez", "Other", "1963-06-19", "2020-09-13", "3119042");
INSERT INTO Researcher (Researcher_ID,Name,Surname,Gender,Birth_Date,Recruitment_Date,Organization_ID) VALUES ("3120035", "Ασημής", "Henry", "Male", "1962-07-12", "2021-08-31", "3119003");
INSERT INTO Researcher (Researcher_ID,Name,Surname,Gender,Birth_Date,Recruitment_Date,Organization_ID) VALUES ("3120036", "Βασίλειος", "Παπαδημητριάδης", "Female", "1968-10-16", "2020-09-11", "3119038");
INSERT INTO Researcher (Researcher_ID,Name,Surname,Gender,Birth_Date,Recruitment_Date,Organization_ID) VALUES ("3120037", "Ανδρονίκη", "Perez", "Other", "2002-01-04", "2022-01-24", "3119031");
INSERT INTO Researcher (Researcher_ID,Name,Surname,Gender,Birth_Date,Recruitment_Date,Organization_ID) VALUES ("3120038", "Christina", "Ασημόπουλος", "Male", "1988-07-02", "2021-08-09", "3119024");
INSERT INTO Researcher (Researcher_ID,Name,Surname,Gender,Birth_Date,Recruitment_Date,Organization_ID) VALUES ("3120039", "Άλκηστις", "Cobb", "Female", "1970-03-09", "2022-05-09", "3119040");
INSERT INTO Researcher (Researcher_ID,Name,Surname,Gender,Birth_Date,Recruitment_Date,Organization_ID) VALUES ("3120040", "Χρυσόστομος", "Μαργαρώνης", "Other", "1963-04-07", "2022-04-02", "3119037");
INSERT INTO Researcher (Researcher_ID,Name,Surname,Gender,Birth_Date,Recruitment_Date,Organization_ID) VALUES ("3120041", "Εριέτα", "Μπουλούκος", "Male", "1975-10-04", "2021-04-29", "3119039");
INSERT INTO Researcher (Researcher_ID,Name,Surname,Gender,Birth_Date,Recruitment_Date,Organization_ID) VALUES ("3120042", "Φώτιος", "Nolan", "Female", "1967-10-08", "2021-08-21", "3119002");
INSERT INTO Researcher (Researcher_ID,Name,Surname,Gender,Birth_Date,Recruitment_Date,Organization_ID) VALUES ("3120043", "Κυπριανή", "Taylor", "Other", "1973-03-30", "2021-04-02", "3119031");
INSERT INTO Researcher (Researcher_ID,Name,Surname,Gender,Birth_Date,Recruitment_Date,Organization_ID) VALUES ("3120044", "Victoria", "Garcia", "Male", "1973-04-17", "2021-06-07", "3119014");
INSERT INTO Researcher (Researcher_ID,Name,Surname,Gender,Birth_Date,Recruitment_Date,Organization_ID) VALUES ("3120045", "David", "Αργυράκη", "Female", "1973-03-31", "2021-01-20", "3119033");
INSERT INTO Researcher (Researcher_ID,Name,Surname,Gender,Birth_Date,Recruitment_Date,Organization_ID) VALUES ("3120046", "Πολύμνια", "Ρόκκα", "Other", "1974-09-24", "2021-11-18", "3119001");
INSERT INTO Researcher (Researcher_ID,Name,Surname,Gender,Birth_Date,Recruitment_Date,Organization_ID) VALUES ("3120047", "Amber", "Gordon", "Male", "1966-07-29", "2020-01-01", "3119041");
INSERT INTO Researcher (Researcher_ID,Name,Surname,Gender,Birth_Date,Recruitment_Date,Organization_ID) VALUES ("3120048", "Χρύσανθος", "Παπαθανασίου", "Female", "1968-03-10", "2020-08-28", "3119001");
INSERT INTO Researcher (Researcher_ID,Name,Surname,Gender,Birth_Date,Recruitment_Date,Organization_ID) VALUES ("3120049", "Gregory", "Κουρκουτάς", "Other", "1962-02-04", "2022-03-02", "3119018");
INSERT INTO Researcher (Researcher_ID,Name,Surname,Gender,Birth_Date,Recruitment_Date,Organization_ID) VALUES ("3120050", "Thomas", "Bennett", "Male", "1988-10-29", "2021-06-28", "3119036");
INSERT INTO Researcher (Researcher_ID,Name,Surname,Gender,Birth_Date,Recruitment_Date,Organization_ID) VALUES ("3120051", "Margaret", "Χαλαντζούκα", "Female", "1994-06-29", "2021-08-26", "3119017");
INSERT INTO Researcher (Researcher_ID,Name,Surname,Gender,Birth_Date,Recruitment_Date,Organization_ID) VALUES ("3120052", "Σεραφεία", "Μυτάρη", "Other", "1990-09-05", "2022-04-09", "3119030");
INSERT INTO Researcher (Researcher_ID,Name,Surname,Gender,Birth_Date,Recruitment_Date,Organization_ID) VALUES ("3120053", "Αδαμαντία", "Καπατσώρης", "Male", "1975-03-29", "2021-04-30", "3119033");
INSERT INTO Researcher (Researcher_ID,Name,Surname,Gender,Birth_Date,Recruitment_Date,Organization_ID) VALUES ("3120054", "Ρουμπίνη", "Κοφινάκη", "Female", "1962-05-22", "2021-09-04", "3119022");
INSERT INTO Researcher (Researcher_ID,Name,Surname,Gender,Birth_Date,Recruitment_Date,Organization_ID) VALUES ("3120055", "Κωνσταντία", "Ζαχαρίου", "Other", "1977-03-25", "2020-01-23", "3119042");
INSERT INTO Researcher (Researcher_ID,Name,Surname,Gender,Birth_Date,Recruitment_Date,Organization_ID) VALUES ("3120056", "Λουίζα", "Τσιαμίτας", "Male", "1963-12-18", "2021-05-21", "3119002");
INSERT INTO Researcher (Researcher_ID,Name,Surname,Gender,Birth_Date,Recruitment_Date,Organization_ID) VALUES ("3120057", "Mark", "Boyd", "Female", "1965-09-21", "2021-11-25", "3119002");
INSERT INTO Researcher (Researcher_ID,Name,Surname,Gender,Birth_Date,Recruitment_Date,Organization_ID) VALUES ("3120058", "Σταυρούλα", "Ντάνου", "Other", "1998-05-26", "2021-01-23", "3119048");
INSERT INTO Researcher (Researcher_ID,Name,Surname,Gender,Birth_Date,Recruitment_Date,Organization_ID) VALUES ("3120059", "Olivia", "Αβαγιανός", "Male", "1978-03-21", "2020-12-21", "3119014");
INSERT INTO Researcher (Researcher_ID,Name,Surname,Gender,Birth_Date,Recruitment_Date,Organization_ID) VALUES ("3120060", "Μελένια", "Γουργουλής", "Female", "1966-03-12", "2020-11-09", "3119010");
INSERT INTO Researcher (Researcher_ID,Name,Surname,Gender,Birth_Date,Recruitment_Date,Organization_ID) VALUES ("3120061", "Jacob", "Λιόντη", "Other", "1984-02-28", "2021-05-27", "3119002");
INSERT INTO Researcher (Researcher_ID,Name,Surname,Gender,Birth_Date,Recruitment_Date,Organization_ID) VALUES ("3120062", "Lisa", "Αγκυρόπουλος", "Male", "1986-08-29", "2020-08-27", "3119048");
INSERT INTO Researcher (Researcher_ID,Name,Surname,Gender,Birth_Date,Recruitment_Date,Organization_ID) VALUES ("3120063", "Κασσιανή", "Ortega", "Female", "1966-04-21", "2021-12-05", "3119011");
INSERT INTO Researcher (Researcher_ID,Name,Surname,Gender,Birth_Date,Recruitment_Date,Organization_ID) VALUES ("3120064", "Μερκούριος", "Φιλιάγκου", "Other", "1984-03-28", "2021-07-01", "3119002");
INSERT INTO Researcher (Researcher_ID,Name,Surname,Gender,Birth_Date,Recruitment_Date,Organization_ID) VALUES ("3120065", "Μιχάλης", "Νταβάς", "Male", "1994-08-21", "2022-05-09", "3119041");
INSERT INTO Researcher (Researcher_ID,Name,Surname,Gender,Birth_Date,Recruitment_Date,Organization_ID) VALUES ("3120066", "Kenneth", "Ρόκκα", "Female", "1965-07-06", "2021-07-14", "3119030");
INSERT INTO Researcher (Researcher_ID,Name,Surname,Gender,Birth_Date,Recruitment_Date,Organization_ID) VALUES ("3120067", "Δήμητρα", "Κατσιμάλη", "Other", "1962-05-02", "2021-02-18", "3119022");
INSERT INTO Researcher (Researcher_ID,Name,Surname,Gender,Birth_Date,Recruitment_Date,Organization_ID) VALUES ("3120068", "Lisa", "Howard", "Male", "1971-07-09", "2021-11-15", "3119001");
INSERT INTO Researcher (Researcher_ID,Name,Surname,Gender,Birth_Date,Recruitment_Date,Organization_ID) VALUES ("3120069", "Βαλεντίνος", "Ρίγκος", "Female", "1982-12-06", "2020-08-27", "3119028");
INSERT INTO Researcher (Researcher_ID,Name,Surname,Gender,Birth_Date,Recruitment_Date,Organization_ID) VALUES ("3120070", "Tiffany", "Jones", "Other", "1986-07-04", "2021-04-12", "3119027");
INSERT INTO Researcher (Researcher_ID,Name,Surname,Gender,Birth_Date,Recruitment_Date,Organization_ID) VALUES ("3120071", "Marissa", "Μπαλλή", "Male", "1978-01-03", "2020-08-30", "3119014");
INSERT INTO Researcher (Researcher_ID,Name,Surname,Gender,Birth_Date,Recruitment_Date,Organization_ID) VALUES ("3120072", "Βικέντια", "Garcia", "Female", "1966-12-06", "2022-04-22", "3119030");
INSERT INTO Researcher (Researcher_ID,Name,Surname,Gender,Birth_Date,Recruitment_Date,Organization_ID) VALUES ("3120073", "Κυπαρισσία", "Ramos", "Other", "1969-02-10", "2021-09-17", "3119013");
INSERT INTO Researcher (Researcher_ID,Name,Surname,Gender,Birth_Date,Recruitment_Date,Organization_ID) VALUES ("3120074", "Σεραφείμ", "Λαμπρινός", "Male", "1995-03-30", "2020-10-29", "3119038");
INSERT INTO Researcher (Researcher_ID,Name,Surname,Gender,Birth_Date,Recruitment_Date,Organization_ID) VALUES ("3120075", "Περιστέρα", "Obrien", "Female", "1972-04-15", "2021-08-22", "3119047");
INSERT INTO Researcher (Researcher_ID,Name,Surname,Gender,Birth_Date,Recruitment_Date,Organization_ID) VALUES ("3120076", "Wyatt", "Myers", "Other", "1975-08-28", "2021-02-27", "3119039");
INSERT INTO Researcher (Researcher_ID,Name,Surname,Gender,Birth_Date,Recruitment_Date,Organization_ID) VALUES ("3120077", "Χριστίνα", "Χέλιος", "Male", "1961-08-22", "2020-08-27", "3119034");
INSERT INTO Researcher (Researcher_ID,Name,Surname,Gender,Birth_Date,Recruitment_Date,Organization_ID) VALUES ("3120078", "Jordan", "Moody", "Female", "1991-07-05", "2021-10-28", "3119033");
INSERT INTO Researcher (Researcher_ID,Name,Surname,Gender,Birth_Date,Recruitment_Date,Organization_ID) VALUES ("3120079", "Βενέτιος", "Jackson", "Other", "2001-08-28", "2020-01-06", "3119014");
INSERT INTO Researcher (Researcher_ID,Name,Surname,Gender,Birth_Date,Recruitment_Date,Organization_ID) VALUES ("3120080", "David", "Γκόνη", "Male", "1999-12-06", "2022-04-23", "3119035");
INSERT INTO Researcher (Researcher_ID,Name,Surname,Gender,Birth_Date,Recruitment_Date,Organization_ID) VALUES ("3120081", "Ακρίτας", "Hudson", "Female", "1985-07-12", "2021-07-21", "3119024");
INSERT INTO Researcher (Researcher_ID,Name,Surname,Gender,Birth_Date,Recruitment_Date,Organization_ID) VALUES ("3120082", "Χρυσή", "Frost", "Other", "1985-07-29", "2021-04-29", "3119041");
INSERT INTO Researcher (Researcher_ID,Name,Surname,Gender,Birth_Date,Recruitment_Date,Organization_ID) VALUES ("3120083", "Αθηνόδωρος", "Fisher", "Male", "2000-07-04", "2021-05-22", "3119020");
INSERT INTO Researcher (Researcher_ID,Name,Surname,Gender,Birth_Date,Recruitment_Date,Organization_ID) VALUES ("3120084", "James", "Παλαιολογοπούλου", "Female", "1988-12-19", "2021-08-06", "3119011");
INSERT INTO Researcher (Researcher_ID,Name,Surname,Gender,Birth_Date,Recruitment_Date,Organization_ID) VALUES ("3120085", "Ζαχαρίας", "Miller", "Other", "1991-12-26", "2021-11-21", "3119014");
INSERT INTO Researcher (Researcher_ID,Name,Surname,Gender,Birth_Date,Recruitment_Date,Organization_ID) VALUES ("3120086", "April", "Μπενέτου", "Male", "1979-07-07", "2022-01-10", "3119028");
INSERT INTO Researcher (Researcher_ID,Name,Surname,Gender,Birth_Date,Recruitment_Date,Organization_ID) VALUES ("3120087", "Philip", "Μπέκος", "Female", "1974-03-27", "2021-09-26", "3119042");
INSERT INTO Researcher (Researcher_ID,Name,Surname,Gender,Birth_Date,Recruitment_Date,Organization_ID) VALUES ("3120088", "Joseph", "Smith", "Other", "2001-06-14", "2021-01-06", "3119004");
INSERT INTO Researcher (Researcher_ID,Name,Surname,Gender,Birth_Date,Recruitment_Date,Organization_ID) VALUES ("3120089", "Lisa", "Μαργαρίτη", "Male", "1974-07-31", "2021-07-18", "3119033");
INSERT INTO Researcher (Researcher_ID,Name,Surname,Gender,Birth_Date,Recruitment_Date,Organization_ID) VALUES ("3120090", "Joanne", "English", "Female", "1971-07-14", "2022-04-03", "3119009");
INSERT INTO Researcher (Researcher_ID,Name,Surname,Gender,Birth_Date,Recruitment_Date,Organization_ID) VALUES ("3120091", "Keith", "Γρηγοριάδου", "Other", "1981-05-18", "2021-06-18", "3119000");
INSERT INTO Researcher (Researcher_ID,Name,Surname,Gender,Birth_Date,Recruitment_Date,Organization_ID) VALUES ("3120092", "Φανουρία", "Morrison", "Male", "2002-04-04", "2021-10-16", "3119038");
INSERT INTO Researcher (Researcher_ID,Name,Surname,Gender,Birth_Date,Recruitment_Date,Organization_ID) VALUES ("3120093", "Megan", "Thomas", "Female", "1966-01-14", "2021-07-25", "3119030");
INSERT INTO Researcher (Researcher_ID,Name,Surname,Gender,Birth_Date,Recruitment_Date,Organization_ID) VALUES ("3120094", "Ευσέβιος", "Πανκίδου", "Other", "1998-04-27", "2020-03-29", "3119005");
INSERT INTO Researcher (Researcher_ID,Name,Surname,Gender,Birth_Date,Recruitment_Date,Organization_ID) VALUES ("3120095", "Lindsey", "Lee", "Male", "1984-10-12", "2021-01-10", "3119027");
INSERT INTO Researcher (Researcher_ID,Name,Surname,Gender,Birth_Date,Recruitment_Date,Organization_ID) VALUES ("3120096", "Ελεονόρα", "Τσεμπερλίδης", "Female", "1965-04-06", "2020-07-05", "3119016");
INSERT INTO Researcher (Researcher_ID,Name,Surname,Gender,Birth_Date,Recruitment_Date,Organization_ID) VALUES ("3120097", "Whitney", "Price", "Other", "2000-05-13", "2020-06-29", "3119019");
INSERT INTO Researcher (Researcher_ID,Name,Surname,Gender,Birth_Date,Recruitment_Date,Organization_ID) VALUES ("3120098", "Monique", "Petty", "Male", "1990-12-04", "2021-03-11", "3119005");
INSERT INTO Researcher (Researcher_ID,Name,Surname,Gender,Birth_Date,Recruitment_Date,Organization_ID) VALUES ("3120099", "Omar", "Βιτσαξής", "Female", "1966-09-16", "2020-03-16", "3119031");
INSERT INTO Researcher (Researcher_ID,Name,Surname,Gender,Birth_Date,Recruitment_Date,Organization_ID) VALUES ("3120100", "Allison", "Μητρόπουλος", "Other", "1995-11-15", "2022-03-12", "3119000");
INSERT INTO Researcher (Researcher_ID,Name,Surname,Gender,Birth_Date,Recruitment_Date,Organization_ID) VALUES ("3120101", "Debbie", "Μουτουσίδης", "Male", "1979-04-27", "2020-01-07", "3119047");
INSERT INTO Researcher (Researcher_ID,Name,Surname,Gender,Birth_Date,Recruitment_Date,Organization_ID) VALUES ("3120102", "Anthony", "Βούλκος", "Female", "1997-03-26", "2021-07-07", "3119017");
INSERT INTO Researcher (Researcher_ID,Name,Surname,Gender,Birth_Date,Recruitment_Date,Organization_ID) VALUES ("3120103", "Ζαμπία", "Ware", "Other", "1963-05-27", "2020-03-28", "3119024");
INSERT INTO Researcher (Researcher_ID,Name,Surname,Gender,Birth_Date,Recruitment_Date,Organization_ID) VALUES ("3120104", "Katherine", "Αργυρίου", "Male", "1974-02-28", "2020-12-22", "3119001");
INSERT INTO Researcher (Researcher_ID,Name,Surname,Gender,Birth_Date,Recruitment_Date,Organization_ID) VALUES ("3120105", "Eric", "Schneider", "Female", "1988-06-05", "2021-02-14", "3119031");
INSERT INTO Researcher (Researcher_ID,Name,Surname,Gender,Birth_Date,Recruitment_Date,Organization_ID) VALUES ("3120106", "Σμαράγδα", "Banks", "Other", "1988-03-07", "2022-04-03", "3119030");
INSERT INTO Researcher (Researcher_ID,Name,Surname,Gender,Birth_Date,Recruitment_Date,Organization_ID) VALUES ("3120107", "Kirk", "Mooney", "Male", "1964-02-09", "2021-07-26", "3119028");
INSERT INTO Researcher (Researcher_ID,Name,Surname,Gender,Birth_Date,Recruitment_Date,Organization_ID) VALUES ("3120108", "Τζένη", "Mitchell", "Female", "1985-09-29", "2020-07-30", "3119001");
INSERT INTO Researcher (Researcher_ID,Name,Surname,Gender,Birth_Date,Recruitment_Date,Organization_ID) VALUES ("3120109", "Βιολέτα", "Σταθάτος", "Other", "1968-01-02", "2020-03-10", "3119004");
INSERT INTO Researcher (Researcher_ID,Name,Surname,Gender,Birth_Date,Recruitment_Date,Organization_ID) VALUES ("3120110", "Brian", "Βαρουτίδου", "Male", "1979-01-08", "2021-08-11", "3119001");
INSERT INTO Researcher (Researcher_ID,Name,Surname,Gender,Birth_Date,Recruitment_Date,Organization_ID) VALUES ("3120111", "Ευγενία", "Arias", "Female", "1987-03-08", "2020-03-20", "3119020");
INSERT INTO Researcher (Researcher_ID,Name,Surname,Gender,Birth_Date,Recruitment_Date,Organization_ID) VALUES ("3120112", "Charles", "Ζιώγος", "Other", "1974-06-20", "2021-06-28", "3119043");
INSERT INTO Researcher (Researcher_ID,Name,Surname,Gender,Birth_Date,Recruitment_Date,Organization_ID) VALUES ("3120113", "Βικέντιος", "Χατζή", "Male", "1991-01-09", "2022-05-12", "3119044");
INSERT INTO Researcher (Researcher_ID,Name,Surname,Gender,Birth_Date,Recruitment_Date,Organization_ID) VALUES ("3120114", "Σπυρίδων", "Garza", "Female", "1997-01-23", "2020-07-27", "3119044");
INSERT INTO Researcher (Researcher_ID,Name,Surname,Gender,Birth_Date,Recruitment_Date,Organization_ID) VALUES ("3120115", "Rebecca", "Χρήστου", "Other", "2000-03-18", "2021-07-05", "3119025");
INSERT INTO Researcher (Researcher_ID,Name,Surname,Gender,Birth_Date,Recruitment_Date,Organization_ID) VALUES ("3120116", "Θεοφάνης", "Smith", "Male", "1978-02-25", "2020-05-27", "3119003");
INSERT INTO Researcher (Researcher_ID,Name,Surname,Gender,Birth_Date,Recruitment_Date,Organization_ID) VALUES ("3120117", "Αδαμάντιος", "Carter", "Female", "1985-12-02", "2022-04-25", "3119026");
INSERT INTO Researcher (Researcher_ID,Name,Surname,Gender,Birth_Date,Recruitment_Date,Organization_ID) VALUES ("3120118", "Lindsay", "White", "Other", "1980-06-06", "2022-05-05", "3119023");
INSERT INTO Researcher (Researcher_ID,Name,Surname,Gender,Birth_Date,Recruitment_Date,Organization_ID) VALUES ("3120119", "Valerie", "Ντόβα", "Male", "1967-11-16", "2021-12-25", "3119027");
INSERT INTO Researcher (Researcher_ID,Name,Surname,Gender,Birth_Date,Recruitment_Date,Organization_ID) VALUES ("3120120", "Jessica", "Αγγελίδου", "Female", "1974-11-28", "2020-05-27", "3119041");
INSERT INTO Researcher (Researcher_ID,Name,Surname,Gender,Birth_Date,Recruitment_Date,Organization_ID) VALUES ("3120121", "Ευμένιος", "Μπραζιώτης", "Other", "1996-04-05", "2021-06-15", "3119030");
INSERT INTO Researcher (Researcher_ID,Name,Surname,Gender,Birth_Date,Recruitment_Date,Organization_ID) VALUES ("3120122", "Sherry", "Αυγουστής", "Male", "1968-08-08", "2021-07-06", "3119031");
INSERT INTO Researcher (Researcher_ID,Name,Surname,Gender,Birth_Date,Recruitment_Date,Organization_ID) VALUES ("3120123", "Ευανθία", "Green", "Female", "1972-04-24", "2021-12-09", "3119000");
INSERT INTO Researcher (Researcher_ID,Name,Surname,Gender,Birth_Date,Recruitment_Date,Organization_ID) VALUES ("3120124", "Deborah", "Δαμαλά", "Other", "2002-04-22", "2022-04-21", "3119042");
INSERT INTO Researcher (Researcher_ID,Name,Surname,Gender,Birth_Date,Recruitment_Date,Organization_ID) VALUES ("3120125", "Ronald", "Combs", "Male", "1993-08-29", "2020-07-03", "3119016");
INSERT INTO Researcher (Researcher_ID,Name,Surname,Gender,Birth_Date,Recruitment_Date,Organization_ID) VALUES ("3120126", "Βαρσάμος", "Diaz", "Female", "1963-05-04", "2021-10-12", "3119011");
INSERT INTO Researcher (Researcher_ID,Name,Surname,Gender,Birth_Date,Recruitment_Date,Organization_ID) VALUES ("3120127", "Στεργιαννώ", "Nash", "Other", "1973-12-21", "2022-02-24", "3119048");
INSERT INTO Researcher (Researcher_ID,Name,Surname,Gender,Birth_Date,Recruitment_Date,Organization_ID) VALUES ("3120128", "Αύγουστος", "Hunt", "Male", "1978-05-28", "2020-05-05", "3119010");
INSERT INTO Researcher (Researcher_ID,Name,Surname,Gender,Birth_Date,Recruitment_Date,Organization_ID) VALUES ("3120129", "Λουδοβίκος", "Καλαμπαλίκης", "Female", "1985-02-12", "2020-07-27", "3119037");
INSERT INTO Researcher (Researcher_ID,Name,Surname,Gender,Birth_Date,Recruitment_Date,Organization_ID) VALUES ("3120130", "Anthony", "Henderson", "Other", "1965-08-23", "2021-07-23", "3119044");
INSERT INTO Researcher (Researcher_ID,Name,Surname,Gender,Birth_Date,Recruitment_Date,Organization_ID) VALUES ("3120131", "Jose", "Βαβάση", "Male", "1987-08-02", "2020-09-18", "3119041");
INSERT INTO Researcher (Researcher_ID,Name,Surname,Gender,Birth_Date,Recruitment_Date,Organization_ID) VALUES ("3120132", "Θεολόγος", "Allen", "Female", "1998-12-11", "2021-03-26", "3119033");
INSERT INTO Researcher (Researcher_ID,Name,Surname,Gender,Birth_Date,Recruitment_Date,Organization_ID) VALUES ("3120133", "Βαλάντω", "Green", "Other", "1970-08-19", "2021-05-14", "3119023");
INSERT INTO Researcher (Researcher_ID,Name,Surname,Gender,Birth_Date,Recruitment_Date,Organization_ID) VALUES ("3120134", "Βαρσάμος", "Wright", "Male", "1965-07-03", "2020-07-04", "3119031");
INSERT INTO Researcher (Researcher_ID,Name,Surname,Gender,Birth_Date,Recruitment_Date,Organization_ID) VALUES ("3120135", "Αγαθοκλής", "Dominguez", "Female", "1989-04-16", "2022-03-22", "3119028");
INSERT INTO Researcher (Researcher_ID,Name,Surname,Gender,Birth_Date,Recruitment_Date,Organization_ID) VALUES ("3120136", "Gabriel", "Μόκας", "Other", "1989-01-06", "2020-03-14", "3119041");
INSERT INTO Researcher (Researcher_ID,Name,Surname,Gender,Birth_Date,Recruitment_Date,Organization_ID) VALUES ("3120137", "William", "Edwards", "Male", "1966-12-19", "2022-04-27", "3119034");
INSERT INTO Researcher (Researcher_ID,Name,Surname,Gender,Birth_Date,Recruitment_Date,Organization_ID) VALUES ("3120138", "Νίκανδρος", "Dickson", "Female", "1971-05-15", "2021-07-04", "3119038");
INSERT INTO Researcher (Researcher_ID,Name,Surname,Gender,Birth_Date,Recruitment_Date,Organization_ID) VALUES ("3120139", "Pamela", "Pruitt", "Other", "1997-08-06", "2021-05-29", "3119002");
INSERT INTO Researcher (Researcher_ID,Name,Surname,Gender,Birth_Date,Recruitment_Date,Organization_ID) VALUES ("3120140", "Αργυρώ", "Holloway", "Male", "1986-06-18", "2022-03-14", "3119003");
INSERT INTO Researcher (Researcher_ID,Name,Surname,Gender,Birth_Date,Recruitment_Date,Organization_ID) VALUES ("3120141", "Ann", "Ellis", "Female", "1975-06-08", "2022-04-10", "3119047");
INSERT INTO Researcher (Researcher_ID,Name,Surname,Gender,Birth_Date,Recruitment_Date,Organization_ID) VALUES ("3120142", "Θαλής", "Χατζησταυράκης", "Other", "1983-12-03", "2020-07-19", "3119021");
INSERT INTO Researcher (Researcher_ID,Name,Surname,Gender,Birth_Date,Recruitment_Date,Organization_ID) VALUES ("3120143", "Πολύδωρος", "Πουλίδα", "Male", "1976-06-17", "2020-08-23", "3119033");
INSERT INTO Researcher (Researcher_ID,Name,Surname,Gender,Birth_Date,Recruitment_Date,Organization_ID) VALUES ("3120144", "Erin", "Miller", "Female", "1973-07-23", "2020-04-22", "3119039");
INSERT INTO Researcher (Researcher_ID,Name,Surname,Gender,Birth_Date,Recruitment_Date,Organization_ID) VALUES ("3120145", "Ryan", "Wood", "Other", "1997-07-17", "2021-01-07", "3119024");
INSERT INTO Researcher (Researcher_ID,Name,Surname,Gender,Birth_Date,Recruitment_Date,Organization_ID) VALUES ("3120146", "Αστέρω", "Φωλιά", "Male", "1999-09-14", "2020-07-03", "3119031");
INSERT INTO Researcher (Researcher_ID,Name,Surname,Gender,Birth_Date,Recruitment_Date,Organization_ID) VALUES ("3120147", "Αριστοτέλης", "Μπαλταγιάννης", "Female", "1988-07-25", "2021-06-28", "3119006");
INSERT INTO Researcher (Researcher_ID,Name,Surname,Gender,Birth_Date,Recruitment_Date,Organization_ID) VALUES ("3120148", "Γλυκερία", "Cox", "Other", "1993-11-04", "2021-05-04", "3119039");
INSERT INTO Researcher (Researcher_ID,Name,Surname,Gender,Birth_Date,Recruitment_Date,Organization_ID) VALUES ("3120149", "Sara", "Garcia", "Male", "1980-01-04", "2020-03-23", "3119000");
INSERT INTO Researcher (Researcher_ID,Name,Surname,Gender,Birth_Date,Recruitment_Date,Organization_ID) VALUES ("3120150", "Κυδωνία", "Δώρη", "Female", "1978-02-22", "2021-07-15", "3119000");
INSERT INTO Researcher (Researcher_ID,Name,Surname,Gender,Birth_Date,Recruitment_Date,Organization_ID) VALUES ("3120151", "Parker", "Κωστάκης", "Other", "1982-08-13", "2020-03-27", "3119003");
INSERT INTO Researcher (Researcher_ID,Name,Surname,Gender,Birth_Date,Recruitment_Date,Organization_ID) VALUES ("3120152", "Christina", "Smith", "Male", "1997-03-13", "2020-06-07", "3119012");
INSERT INTO Researcher (Researcher_ID,Name,Surname,Gender,Birth_Date,Recruitment_Date,Organization_ID) VALUES ("3120153", "Δικαία", "Stanton", "Female", "1967-05-23", "2022-02-07", "3119039");
INSERT INTO Researcher (Researcher_ID,Name,Surname,Gender,Birth_Date,Recruitment_Date,Organization_ID) VALUES ("3120154", "Πολύβια", "Ρίσβας", "Other", "1999-07-11", "2021-11-22", "3119038");
INSERT INTO Researcher (Researcher_ID,Name,Surname,Gender,Birth_Date,Recruitment_Date,Organization_ID) VALUES ("3120155", "Jessica", "Perez", "Male", "1991-07-27", "2022-01-26", "3119007");
INSERT INTO Researcher (Researcher_ID,Name,Surname,Gender,Birth_Date,Recruitment_Date,Organization_ID) VALUES ("3120156", "Jeffrey", "Τσέλιος", "Female", "1974-10-15", "2020-06-14", "3119032");
INSERT INTO Researcher (Researcher_ID,Name,Surname,Gender,Birth_Date,Recruitment_Date,Organization_ID) VALUES ("3120157", "Jacob", "Βούκας", "Other", "1973-02-22", "2022-04-10", "3119039");
INSERT INTO Researcher (Researcher_ID,Name,Surname,Gender,Birth_Date,Recruitment_Date,Organization_ID) VALUES ("3120158", "Christina", "Κεσαλίδης", "Male", "1988-01-19", "2022-05-08", "3119010");
INSERT INTO Researcher (Researcher_ID,Name,Surname,Gender,Birth_Date,Recruitment_Date,Organization_ID) VALUES ("3120159", "Nancy", "Κυρκούδη", "Female", "1983-06-23", "2021-08-26", "3119026");
INSERT INTO Researcher (Researcher_ID,Name,Surname,Gender,Birth_Date,Recruitment_Date,Organization_ID) VALUES ("3120160", "Michael", "Χρυσίδης", "Other", "1982-04-10", "2020-08-26", "3119002");
INSERT INTO Researcher (Researcher_ID,Name,Surname,Gender,Birth_Date,Recruitment_Date,Organization_ID) VALUES ("3120161", "Αρετή", "Kennedy", "Male", "1971-02-15", "2021-03-13", "3119014");
INSERT INTO Researcher (Researcher_ID,Name,Surname,Gender,Birth_Date,Recruitment_Date,Organization_ID) VALUES ("3120162", "Πάτροκλος", "Gomez", "Female", "1968-09-01", "2021-10-27", "3119014");
INSERT INTO Researcher (Researcher_ID,Name,Surname,Gender,Birth_Date,Recruitment_Date,Organization_ID) VALUES ("3120163", "Χαρίτος", "Κυριακάκης", "Other", "1977-05-06", "2020-04-07", "3119038");
INSERT INTO Researcher (Researcher_ID,Name,Surname,Gender,Birth_Date,Recruitment_Date,Organization_ID) VALUES ("3120164", "Shane", "Μπραέσα", "Male", "1973-02-05", "2021-12-07", "3119024");
INSERT INTO Researcher (Researcher_ID,Name,Surname,Gender,Birth_Date,Recruitment_Date,Organization_ID) VALUES ("3120165", "Δήμητρα", "Παλιούρα", "Female", "1970-11-30", "2021-02-18", "3119042");
INSERT INTO Researcher (Researcher_ID,Name,Surname,Gender,Birth_Date,Recruitment_Date,Organization_ID) VALUES ("3120166", "Γιασεμή", "Ρωμαίου", "Other", "1985-09-20", "2021-02-17", "3119023");
INSERT INTO Researcher (Researcher_ID,Name,Surname,Gender,Birth_Date,Recruitment_Date,Organization_ID) VALUES ("3120167", "Αστέριος", "Αρσενάκη", "Male", "1976-12-01", "2021-02-24", "3119031");
INSERT INTO Researcher (Researcher_ID,Name,Surname,Gender,Birth_Date,Recruitment_Date,Organization_ID) VALUES ("3120168", "Anna", "Παπατρέχας", "Female", "1973-11-24", "2020-04-17", "3119004");
INSERT INTO Researcher (Researcher_ID,Name,Surname,Gender,Birth_Date,Recruitment_Date,Organization_ID) VALUES ("3120169", "Natalie", "Σταυρίδου", "Other", "1999-10-29", "2021-02-27", "3119046");
INSERT INTO Researcher (Researcher_ID,Name,Surname,Gender,Birth_Date,Recruitment_Date,Organization_ID) VALUES ("3120170", "Κωνσταντία", "Johnson", "Male", "1998-02-28", "2022-05-08", "3119001");
INSERT INTO Researcher (Researcher_ID,Name,Surname,Gender,Birth_Date,Recruitment_Date,Organization_ID) VALUES ("3120171", "Θωμάς", "Ρωμαίου", "Female", "1979-04-03", "2021-10-27", "3119040");
INSERT INTO Researcher (Researcher_ID,Name,Surname,Gender,Birth_Date,Recruitment_Date,Organization_ID) VALUES ("3120172", "Joel", "Ιντζές", "Other", "1982-08-14", "2021-05-31", "3119018");
INSERT INTO Researcher (Researcher_ID,Name,Surname,Gender,Birth_Date,Recruitment_Date,Organization_ID) VALUES ("3120173", "Αδαμαντία", "Jones", "Male", "1983-07-05", "2021-09-05", "3119006");
INSERT INTO Researcher (Researcher_ID,Name,Surname,Gender,Birth_Date,Recruitment_Date,Organization_ID) VALUES ("3120174", "Βελισσαρία", "Ross", "Female", "1971-07-22", "2022-03-06", "3119037");
INSERT INTO Researcher (Researcher_ID,Name,Surname,Gender,Birth_Date,Recruitment_Date,Organization_ID) VALUES ("3120175", "Κηρύκος", "Βαρσάμης", "Other", "1998-04-06", "2022-03-06", "3119041");
INSERT INTO Researcher (Researcher_ID,Name,Surname,Gender,Birth_Date,Recruitment_Date,Organization_ID) VALUES ("3120176", "Wendy", "Peterson", "Male", "1975-09-09", "2020-05-07", "3119031");
INSERT INTO Researcher (Researcher_ID,Name,Surname,Gender,Birth_Date,Recruitment_Date,Organization_ID) VALUES ("3120177", "David", "Γκάβρου", "Female", "1983-11-11", "2022-02-01", "3119007");
INSERT INTO Researcher (Researcher_ID,Name,Surname,Gender,Birth_Date,Recruitment_Date,Organization_ID) VALUES ("3120178", "William", "Μπαφέρα", "Other", "1972-09-12", "2022-04-19", "3119005");
INSERT INTO Researcher (Researcher_ID,Name,Surname,Gender,Birth_Date,Recruitment_Date,Organization_ID) VALUES ("3120179", "Κομνηνή", "Mcclain", "Male", "1983-09-01", "2020-01-19", "3119046");
INSERT INTO Researcher (Researcher_ID,Name,Surname,Gender,Birth_Date,Recruitment_Date,Organization_ID) VALUES ("3120180", "Ανθούλα", "Ruiz", "Female", "1963-06-12", "2020-03-02", "3119034");
INSERT INTO Researcher (Researcher_ID,Name,Surname,Gender,Birth_Date,Recruitment_Date,Organization_ID) VALUES ("3120181", "Σωτηρία", "Walker", "Other", "1993-09-05", "2021-12-19", "3119049");
INSERT INTO Researcher (Researcher_ID,Name,Surname,Gender,Birth_Date,Recruitment_Date,Organization_ID) VALUES ("3120182", "Θουκυδίδης", "Adams", "Male", "1987-06-25", "2021-12-06", "3119038");
INSERT INTO Researcher (Researcher_ID,Name,Surname,Gender,Birth_Date,Recruitment_Date,Organization_ID) VALUES ("3120183", "Γλαύκη", "Σοκολάκη", "Female", "2001-10-29", "2020-02-06", "3119003");
INSERT INTO Researcher (Researcher_ID,Name,Surname,Gender,Birth_Date,Recruitment_Date,Organization_ID) VALUES ("3120184", "Bobby", "Hayes", "Other", "1980-03-27", "2021-05-08", "3119028");
INSERT INTO Researcher (Researcher_ID,Name,Surname,Gender,Birth_Date,Recruitment_Date,Organization_ID) VALUES ("3120185", "Mary", "Jones", "Male", "1996-03-21", "2020-05-18", "3119009");
INSERT INTO Researcher (Researcher_ID,Name,Surname,Gender,Birth_Date,Recruitment_Date,Organization_ID) VALUES ("3120186", "Γλυκερία", "Ποσάντζη", "Female", "1971-08-08", "2020-04-17", "3119011");
INSERT INTO Researcher (Researcher_ID,Name,Surname,Gender,Birth_Date,Recruitment_Date,Organization_ID) VALUES ("3120187", "Δράκων", "Γαλατούλας", "Other", "1979-05-22", "2022-01-21", "3119022");
INSERT INTO Researcher (Researcher_ID,Name,Surname,Gender,Birth_Date,Recruitment_Date,Organization_ID) VALUES ("3120188", "Θαλής", "Jackson", "Male", "1988-09-10", "2021-09-16", "3119041");
INSERT INTO Researcher (Researcher_ID,Name,Surname,Gender,Birth_Date,Recruitment_Date,Organization_ID) VALUES ("3120189", "Cory", "Καραλής", "Female", "1976-11-18", "2021-12-07", "3119010");
INSERT INTO Researcher (Researcher_ID,Name,Surname,Gender,Birth_Date,Recruitment_Date,Organization_ID) VALUES ("3120190", "Kathryn", "Cooper", "Other", "1962-01-15", "2021-11-23", "3119006");
INSERT INTO Researcher (Researcher_ID,Name,Surname,Gender,Birth_Date,Recruitment_Date,Organization_ID) VALUES ("3120191", "Αδαμαντία", "Steele", "Male", "1971-12-13", "2022-02-23", "3119010");
INSERT INTO Researcher (Researcher_ID,Name,Surname,Gender,Birth_Date,Recruitment_Date,Organization_ID) VALUES ("3120192", "Kelsey", "Ζιάκας", "Female", "1964-07-22", "2021-05-04", "3119016");
INSERT INTO Researcher (Researcher_ID,Name,Surname,Gender,Birth_Date,Recruitment_Date,Organization_ID) VALUES ("3120193", "Don", "Brooks", "Other", "1991-07-17", "2021-10-10", "3119016");
INSERT INTO Researcher (Researcher_ID,Name,Surname,Gender,Birth_Date,Recruitment_Date,Organization_ID) VALUES ("3120194", "Αντίγονος", "Μαυρίδου", "Male", "1985-05-29", "2021-10-10", "3119016");
INSERT INTO Researcher (Researcher_ID,Name,Surname,Gender,Birth_Date,Recruitment_Date,Organization_ID) VALUES ("3120195", "Χριστόφιλη", "Κουκουθάκη", "Female", "1983-09-29", "2020-10-20", "3119008");
INSERT INTO Researcher (Researcher_ID,Name,Surname,Gender,Birth_Date,Recruitment_Date,Organization_ID) VALUES ("3120196", "Lauren", "Mckinney", "Other", "1993-08-08", "2020-03-22", "3119021");
INSERT INTO Researcher (Researcher_ID,Name,Surname,Gender,Birth_Date,Recruitment_Date,Organization_ID) VALUES ("3120197", "Θέτις", "Howard", "Male", "1976-09-13", "2021-02-11", "3119005");
INSERT INTO Researcher (Researcher_ID,Name,Surname,Gender,Birth_Date,Recruitment_Date,Organization_ID) VALUES ("3120198", "Κίμων", "Πιπερίδη", "Female", "1961-11-23", "2020-05-23", "3119016");
INSERT INTO Researcher (Researcher_ID,Name,Surname,Gender,Birth_Date,Recruitment_Date,Organization_ID) VALUES ("3120199", "Ashley", "Λαζαρίδης", "Other", "1973-08-28", "2021-01-02", "3119013");
INSERT INTO Researcher (Researcher_ID,Name,Surname,Gender,Birth_Date,Recruitment_Date,Organization_ID) VALUES ("3120200", "Κορνηλία", "Δουλάμης", "Male", "1981-11-20", "2021-11-02", "3119026");
INSERT INTO Researcher (Researcher_ID,Name,Surname,Gender,Birth_Date,Recruitment_Date,Organization_ID) VALUES ("3120201", "Stacey", "Wilson", "Female", "1983-06-28", "2021-11-26", "3119026");
INSERT INTO Researcher (Researcher_ID,Name,Surname,Gender,Birth_Date,Recruitment_Date,Organization_ID) VALUES ("3120202", "Αθανασία", "Λαλαούνη", "Other", "1970-01-25", "2021-11-09", "3119000");
INSERT INTO Researcher (Researcher_ID,Name,Surname,Gender,Birth_Date,Recruitment_Date,Organization_ID) VALUES ("3120203", "Αιμιλία", "Κωτσικόρης", "Male", "1975-03-30", "2022-03-04", "3119033");
INSERT INTO Researcher (Researcher_ID,Name,Surname,Gender,Birth_Date,Recruitment_Date,Organization_ID) VALUES ("3120204", "Madison", "Στούμπου", "Female", "1974-02-23", "2021-10-14", "3119013");
INSERT INTO Researcher (Researcher_ID,Name,Surname,Gender,Birth_Date,Recruitment_Date,Organization_ID) VALUES ("3120205", "Antonio", "Αμπατζιάνης", "Other", "1985-08-05", "2022-05-12", "3119027");
INSERT INTO Researcher (Researcher_ID,Name,Surname,Gender,Birth_Date,Recruitment_Date,Organization_ID) VALUES ("3120206", "Νεοκλής", "Μαμαλά", "Male", "1985-05-22", "2021-04-03", "3119036");
INSERT INTO Researcher (Researcher_ID,Name,Surname,Gender,Birth_Date,Recruitment_Date,Organization_ID) VALUES ("3120207", "Mark", "Campbell", "Female", "1969-05-23", "2021-08-14", "3119002");
INSERT INTO Researcher (Researcher_ID,Name,Surname,Gender,Birth_Date,Recruitment_Date,Organization_ID) VALUES ("3120208", "Thomas", "Δημτσούδη", "Other", "1974-10-26", "2020-01-28", "3119022");
INSERT INTO Researcher (Researcher_ID,Name,Surname,Gender,Birth_Date,Recruitment_Date,Organization_ID) VALUES ("3120209", "Νικήτας", "Αγγελίκας", "Male", "1983-08-20", "2020-11-21", "3119017");
INSERT INTO Researcher (Researcher_ID,Name,Surname,Gender,Birth_Date,Recruitment_Date,Organization_ID) VALUES ("3120210", "Χιονιά", "Bennett", "Female", "1971-10-17", "2022-02-14", "3119039");
INSERT INTO Researcher (Researcher_ID,Name,Surname,Gender,Birth_Date,Recruitment_Date,Organization_ID) VALUES ("3120211", "Albert", "Μπενέτου", "Other", "1991-12-25", "2020-06-04", "3119032");
INSERT INTO Researcher (Researcher_ID,Name,Surname,Gender,Birth_Date,Recruitment_Date,Organization_ID) VALUES ("3120212", "Lisa", "Chaney", "Male", "1977-03-14", "2021-05-10", "3119006");
INSERT INTO Researcher (Researcher_ID,Name,Surname,Gender,Birth_Date,Recruitment_Date,Organization_ID) VALUES ("3120213", "Δούκισσα", "Stephens", "Female", "1975-07-18", "2022-01-26", "3119042");
INSERT INTO Researcher (Researcher_ID,Name,Surname,Gender,Birth_Date,Recruitment_Date,Organization_ID) VALUES ("3120214", "Justin", "Σακελλαρίου", "Other", "1980-05-03", "2022-03-24", "3119046");
INSERT INTO Researcher (Researcher_ID,Name,Surname,Gender,Birth_Date,Recruitment_Date,Organization_ID) VALUES ("3120215", "Ελένη", "Torres", "Male", "1962-09-10", "2021-08-03", "3119047");
INSERT INTO Researcher (Researcher_ID,Name,Surname,Gender,Birth_Date,Recruitment_Date,Organization_ID) VALUES ("3120216", "Stephen", "Armstrong", "Female", "1989-05-19", "2022-01-06", "3119036");
INSERT INTO Researcher (Researcher_ID,Name,Surname,Gender,Birth_Date,Recruitment_Date,Organization_ID) VALUES ("3120217", "Μεταξία", "Δημητρίου", "Other", "1971-03-11", "2021-11-20", "3119002");
INSERT INTO Researcher (Researcher_ID,Name,Surname,Gender,Birth_Date,Recruitment_Date,Organization_ID) VALUES ("3120218", "Χιονιά", "Martinez", "Male", "1990-10-14", "2021-01-27", "3119025");
INSERT INTO Researcher (Researcher_ID,Name,Surname,Gender,Birth_Date,Recruitment_Date,Organization_ID) VALUES ("3120219", "Θεόφιλος", "Sullivan", "Female", "1999-10-26", "2020-12-05", "3119041");
INSERT INTO Researcher (Researcher_ID,Name,Surname,Gender,Birth_Date,Recruitment_Date,Organization_ID) VALUES ("3120220", "Bonnie", "Edwards", "Other", "1963-09-12", "2021-01-10", "3119024");
INSERT INTO Researcher (Researcher_ID,Name,Surname,Gender,Birth_Date,Recruitment_Date,Organization_ID) VALUES ("3120221", "Κυριαζής", "Guzman", "Male", "1998-04-27", "2020-09-03", "3119000");
INSERT INTO Researcher (Researcher_ID,Name,Surname,Gender,Birth_Date,Recruitment_Date,Organization_ID) VALUES ("3120222", "Tony", "Ζουλούμης", "Female", "1988-04-16", "2021-06-06", "3119023");
INSERT INTO Researcher (Researcher_ID,Name,Surname,Gender,Birth_Date,Recruitment_Date,Organization_ID) VALUES ("3120223", "Αιμίλιος", "Wagner", "Other", "2000-06-29", "2020-05-06", "3119022");
INSERT INTO Researcher (Researcher_ID,Name,Surname,Gender,Birth_Date,Recruitment_Date,Organization_ID) VALUES ("3120224", "Andrew", "Σπάλας", "Male", "1975-06-15", "2022-04-30", "3119006");
INSERT INTO Researcher (Researcher_ID,Name,Surname,Gender,Birth_Date,Recruitment_Date,Organization_ID) VALUES ("3120225", "Θρασύβουλος", "Berg", "Female", "1985-10-17", "2022-04-15", "3119036");
INSERT INTO Researcher (Researcher_ID,Name,Surname,Gender,Birth_Date,Recruitment_Date,Organization_ID) VALUES ("3120226", "Κασσάνδρα", "Αποστολίδης", "Other", "1990-05-10", "2021-04-01", "3119036");
INSERT INTO Researcher (Researcher_ID,Name,Surname,Gender,Birth_Date,Recruitment_Date,Organization_ID) VALUES ("3120227", "Νικήτας", "Κιούσης", "Male", "1994-04-07", "2021-12-12", "3119033");
INSERT INTO Researcher (Researcher_ID,Name,Surname,Gender,Birth_Date,Recruitment_Date,Organization_ID) VALUES ("3120228", "Crystal", "Nelson", "Female", "1970-04-28", "2022-01-28", "3119034");
INSERT INTO Researcher (Researcher_ID,Name,Surname,Gender,Birth_Date,Recruitment_Date,Organization_ID) VALUES ("3120229", "Αγλαΐα", "Χρυσίδης", "Other", "1982-04-16", "2020-07-12", "3119026");
INSERT INTO Researcher (Researcher_ID,Name,Surname,Gender,Birth_Date,Recruitment_Date,Organization_ID) VALUES ("3120230", "Beth", "Miller", "Male", "1986-09-28", "2022-05-08", "3119012");
INSERT INTO Researcher (Researcher_ID,Name,Surname,Gender,Birth_Date,Recruitment_Date,Organization_ID) VALUES ("3120231", "Αγγελική", "Βράσκου", "Female", "1987-02-04", "2020-12-09", "3119029");
INSERT INTO Researcher (Researcher_ID,Name,Surname,Gender,Birth_Date,Recruitment_Date,Organization_ID) VALUES ("3120232", "Dominique", "Dixon", "Other", "1984-09-26", "2020-01-12", "3119048");
INSERT INTO Researcher (Researcher_ID,Name,Surname,Gender,Birth_Date,Recruitment_Date,Organization_ID) VALUES ("3120233", "Όθων", "Στεργιούδης", "Male", "1973-06-19", "2020-01-06", "3119023");
INSERT INTO Researcher (Researcher_ID,Name,Surname,Gender,Birth_Date,Recruitment_Date,Organization_ID) VALUES ("3120234", "Φρίξος", "Χαλκίδου", "Female", "1993-02-08", "2021-11-25", "3119048");
INSERT INTO Researcher (Researcher_ID,Name,Surname,Gender,Birth_Date,Recruitment_Date,Organization_ID) VALUES ("3120235", "Μεθόδιος", "Δάφνη", "Other", "1983-01-02", "2021-08-10", "3119042");
INSERT INTO Researcher (Researcher_ID,Name,Surname,Gender,Birth_Date,Recruitment_Date,Organization_ID) VALUES ("3120236", "Γιάννης", "Ζτούκος", "Male", "1962-03-06", "2022-02-18", "3119038");
INSERT INTO Researcher (Researcher_ID,Name,Surname,Gender,Birth_Date,Recruitment_Date,Organization_ID) VALUES ("3120237", "Καλή", "Πετράκη", "Female", "1990-10-13", "2021-07-22", "3119027");
INSERT INTO Researcher (Researcher_ID,Name,Surname,Gender,Birth_Date,Recruitment_Date,Organization_ID) VALUES ("3120238", "Γαλάτιος", "Soto", "Other", "1967-12-15", "2022-05-07", "3119028");
INSERT INTO Researcher (Researcher_ID,Name,Surname,Gender,Birth_Date,Recruitment_Date,Organization_ID) VALUES ("3120239", "Rachael", "Roy", "Male", "1991-04-16", "2021-05-15", "3119047");
INSERT INTO Researcher (Researcher_ID,Name,Surname,Gender,Birth_Date,Recruitment_Date,Organization_ID) VALUES ("3120240", "Μαργιέττα", "Σελινοπούλου", "Female", "1984-04-18", "2021-09-27", "3119011");
INSERT INTO Researcher (Researcher_ID,Name,Surname,Gender,Birth_Date,Recruitment_Date,Organization_ID) VALUES ("3120241", "Φίλιππος", "Σίββα", "Other", "1977-08-27", "2020-06-09", "3119033");
INSERT INTO Researcher (Researcher_ID,Name,Surname,Gender,Birth_Date,Recruitment_Date,Organization_ID) VALUES ("3120242", "Russell", "Powell", "Male", "1976-02-01", "2021-05-04", "3119030");
INSERT INTO Researcher (Researcher_ID,Name,Surname,Gender,Birth_Date,Recruitment_Date,Organization_ID) VALUES ("3120243", "Καρυοφυλλιά", "Σπασόπουλος", "Female", "1977-10-11", "2020-08-17", "3119032");
INSERT INTO Researcher (Researcher_ID,Name,Surname,Gender,Birth_Date,Recruitment_Date,Organization_ID) VALUES ("3120244", "Θεόφιλος", "Σπαθόπουλος", "Other", "1969-05-13", "2020-04-04", "3119031");
INSERT INTO Researcher (Researcher_ID,Name,Surname,Gender,Birth_Date,Recruitment_Date,Organization_ID) VALUES ("3120245", "Kyle", "Lopez", "Male", "1989-10-21", "2022-04-29", "3119037");
INSERT INTO Researcher (Researcher_ID,Name,Surname,Gender,Birth_Date,Recruitment_Date,Organization_ID) VALUES ("3120246", "Αλκιβιάδης", "Murray", "Female", "2000-01-13", "2020-12-07", "3119002");
INSERT INTO Researcher (Researcher_ID,Name,Surname,Gender,Birth_Date,Recruitment_Date,Organization_ID) VALUES ("3120247", "Ευστράτιος", "Ριζούλης", "Other", "1987-12-30", "2020-05-02", "3119004");
INSERT INTO Researcher (Researcher_ID,Name,Surname,Gender,Birth_Date,Recruitment_Date,Organization_ID) VALUES ("3120248", "Joshua", "Montgomery", "Male", "1968-02-28", "2020-08-13", "3119017");
INSERT INTO Researcher (Researcher_ID,Name,Surname,Gender,Birth_Date,Recruitment_Date,Organization_ID) VALUES ("3120249", "Ruben", "Θεολόγος", "Female", "1979-02-20", "2020-04-12", "3119029");
INSERT INTO Researcher (Researcher_ID,Name,Surname,Gender,Birth_Date,Recruitment_Date,Organization_ID) VALUES ("3120250", "Diana", "Carpenter", "Other", "1972-10-07", "2021-01-07", "3119001");
INSERT INTO Researcher (Researcher_ID,Name,Surname,Gender,Birth_Date,Recruitment_Date,Organization_ID) VALUES ("3120251", "Αντώνιος", "Πικρός", "Male", "1973-06-22", "2022-05-20", "3119043");
INSERT INTO Researcher (Researcher_ID,Name,Surname,Gender,Birth_Date,Recruitment_Date,Organization_ID) VALUES ("3120252", "Αλέξιος", "Μιλέα", "Female", "1964-05-11", "2020-03-09", "3119033");
INSERT INTO Researcher (Researcher_ID,Name,Surname,Gender,Birth_Date,Recruitment_Date,Organization_ID) VALUES ("3120253", "Barry", "Smith", "Other", "1985-08-05", "2020-06-20", "3119035");
INSERT INTO Researcher (Researcher_ID,Name,Surname,Gender,Birth_Date,Recruitment_Date,Organization_ID) VALUES ("3120254", "Αρχιμήδης", "Μεϊμάρης", "Male", "1997-11-19", "2021-11-21", "3119020");
INSERT INTO Researcher (Researcher_ID,Name,Surname,Gender,Birth_Date,Recruitment_Date,Organization_ID) VALUES ("3120255", "Christina", "Anderson", "Female", "1984-12-09", "2021-07-03", "3119049");
INSERT INTO Researcher (Researcher_ID,Name,Surname,Gender,Birth_Date,Recruitment_Date,Organization_ID) VALUES ("3120256", "Darryl", "Σκασίλα", "Other", "1985-10-04", "2021-06-03", "3119010");
INSERT INTO Researcher (Researcher_ID,Name,Surname,Gender,Birth_Date,Recruitment_Date,Organization_ID) VALUES ("3120257", "Χρίστος", "Μίχου", "Male", "1976-04-30", "2021-03-01", "3119008");
INSERT INTO Researcher (Researcher_ID,Name,Surname,Gender,Birth_Date,Recruitment_Date,Organization_ID) VALUES ("3120258", "Αχιλλέας", "Santana", "Female", "1963-04-06", "2022-03-17", "3119019");
INSERT INTO Researcher (Researcher_ID,Name,Surname,Gender,Birth_Date,Recruitment_Date,Organization_ID) VALUES ("3120259", "William", "Πικούνης", "Other", "1962-07-02", "2020-10-04", "3119009");
INSERT INTO Researcher (Researcher_ID,Name,Surname,Gender,Birth_Date,Recruitment_Date,Organization_ID) VALUES ("3120260", "Σωζούσα", "Scott", "Male", "1987-11-20", "2022-02-10", "3119031");
INSERT INTO Researcher (Researcher_ID,Name,Surname,Gender,Birth_Date,Recruitment_Date,Organization_ID) VALUES ("3120261", "Φοίβος", "Ασημακόπουλος", "Female", "1968-03-19", "2020-03-29", "3119030");
INSERT INTO Researcher (Researcher_ID,Name,Surname,Gender,Birth_Date,Recruitment_Date,Organization_ID) VALUES ("3120262", "Όμηρος", "Σμιτ", "Other", "1965-03-12", "2021-10-22", "3119027");
INSERT INTO Researcher (Researcher_ID,Name,Surname,Gender,Birth_Date,Recruitment_Date,Organization_ID) VALUES ("3120263", "Willie", "Αρχαυλής", "Male", "1984-02-02", "2021-07-26", "3119002");
INSERT INTO Researcher (Researcher_ID,Name,Surname,Gender,Birth_Date,Recruitment_Date,Organization_ID) VALUES ("3120264", "Ανδρόνικος", "Πιτσάκης", "Female", "1998-07-11", "2021-06-18", "3119049");
INSERT INTO Researcher (Researcher_ID,Name,Surname,Gender,Birth_Date,Recruitment_Date,Organization_ID) VALUES ("3120265", "Laura", "Thomas", "Other", "1963-09-25", "2022-03-12", "3119017");
INSERT INTO Researcher (Researcher_ID,Name,Surname,Gender,Birth_Date,Recruitment_Date,Organization_ID) VALUES ("3120266", "Λασκαρίνα", "Πανταζής", "Male", "1971-07-29", "2021-04-05", "3119048");
INSERT INTO Researcher (Researcher_ID,Name,Surname,Gender,Birth_Date,Recruitment_Date,Organization_ID) VALUES ("3120267", "Μαριάννα", "Χολέβα", "Female", "1976-11-23", "2021-07-18", "3119045");
INSERT INTO Researcher (Researcher_ID,Name,Surname,Gender,Birth_Date,Recruitment_Date,Organization_ID) VALUES ("3120268", "David", "Γκιριτζιώνη", "Other", "1986-06-13", "2021-02-16", "3119012");
INSERT INTO Researcher (Researcher_ID,Name,Surname,Gender,Birth_Date,Recruitment_Date,Organization_ID) VALUES ("3120269", "Ζαχαρίας", "Τσιρώνης", "Male", "1988-11-21", "2020-10-08", "3119032");
INSERT INTO Researcher (Researcher_ID,Name,Surname,Gender,Birth_Date,Recruitment_Date,Organization_ID) VALUES ("3120270", "Ιοκάστη", "Anderson", "Female", "1994-04-15", "2022-04-04", "3119049");
INSERT INTO Researcher (Researcher_ID,Name,Surname,Gender,Birth_Date,Recruitment_Date,Organization_ID) VALUES ("3120271", "Richard", "Αγγελίκας", "Other", "2000-09-05", "2021-03-10", "3119032");
INSERT INTO Researcher (Researcher_ID,Name,Surname,Gender,Birth_Date,Recruitment_Date,Organization_ID) VALUES ("3120272", "Λουκία", "Weiss", "Male", "1967-09-15", "2022-02-04", "3119005");
INSERT INTO Researcher (Researcher_ID,Name,Surname,Gender,Birth_Date,Recruitment_Date,Organization_ID) VALUES ("3120273", "Συμεών", "Glenn", "Female", "1997-06-28", "2022-02-23", "3119037");
INSERT INTO Researcher (Researcher_ID,Name,Surname,Gender,Birth_Date,Recruitment_Date,Organization_ID) VALUES ("3120274", "Αμβροσία", "Φουρκιώτη", "Other", "1980-10-15", "2022-02-01", "3119044");
INSERT INTO Researcher (Researcher_ID,Name,Surname,Gender,Birth_Date,Recruitment_Date,Organization_ID) VALUES ("3120275", "Νικηφόρος", "Πανταζή", "Male", "1962-01-13", "2021-04-18", "3119003");
INSERT INTO Researcher (Researcher_ID,Name,Surname,Gender,Birth_Date,Recruitment_Date,Organization_ID) VALUES ("3120276", "Johnathan", "Δαγλή", "Female", "1964-04-19", "2021-03-30", "3119012");
INSERT INTO Researcher (Researcher_ID,Name,Surname,Gender,Birth_Date,Recruitment_Date,Organization_ID) VALUES ("3120277", "Ζαχαρίας", "Κατσιλλή", "Other", "1981-03-14", "2020-07-25", "3119007");
INSERT INTO Researcher (Researcher_ID,Name,Surname,Gender,Birth_Date,Recruitment_Date,Organization_ID) VALUES ("3120278", "Δανάη", "Steele", "Male", "1990-05-30", "2021-06-08", "3119040");
INSERT INTO Researcher (Researcher_ID,Name,Surname,Gender,Birth_Date,Recruitment_Date,Organization_ID) VALUES ("3120279", "Τρισεύγενη", "Allen", "Female", "1992-08-18", "2022-03-14", "3119029");
INSERT INTO Researcher (Researcher_ID,Name,Surname,Gender,Birth_Date,Recruitment_Date,Organization_ID) VALUES ("3120280", "Kyle", "Wood", "Other", "1979-04-26", "2022-02-08", "3119001");
INSERT INTO Researcher (Researcher_ID,Name,Surname,Gender,Birth_Date,Recruitment_Date,Organization_ID) VALUES ("3120281", "Charles", "Hall", "Male", "1964-01-18", "2020-12-05", "3119048");
INSERT INTO Researcher (Researcher_ID,Name,Surname,Gender,Birth_Date,Recruitment_Date,Organization_ID) VALUES ("3120282", "Μελίνα", "Mcbride", "Female", "1989-01-01", "2020-05-06", "3119003");
INSERT INTO Researcher (Researcher_ID,Name,Surname,Gender,Birth_Date,Recruitment_Date,Organization_ID) VALUES ("3120283", "Tracy", "Strickland", "Other", "1984-03-26", "2020-06-09", "3119002");
INSERT INTO Researcher (Researcher_ID,Name,Surname,Gender,Birth_Date,Recruitment_Date,Organization_ID) VALUES ("3120284", "Σολομών", "Τοπαλή", "Male", "1999-02-07", "2021-06-08", "3119030");
INSERT INTO Researcher (Researcher_ID,Name,Surname,Gender,Birth_Date,Recruitment_Date,Organization_ID) VALUES ("3120285", "Tyler", "Duran", "Female", "1974-06-23", "2021-05-25", "3119035");
INSERT INTO Researcher (Researcher_ID,Name,Surname,Gender,Birth_Date,Recruitment_Date,Organization_ID) VALUES ("3120286", "Marie", "Κασούτσας", "Other", "1981-05-19", "2021-06-03", "3119026");
INSERT INTO Researcher (Researcher_ID,Name,Surname,Gender,Birth_Date,Recruitment_Date,Organization_ID) VALUES ("3120287", "Ανατολή", "Ευστρατόπουλος", "Male", "1996-12-21", "2020-02-23", "3119029");
INSERT INTO Researcher (Researcher_ID,Name,Surname,Gender,Birth_Date,Recruitment_Date,Organization_ID) VALUES ("3120288", "Scott", "Κυριατσούλης", "Female", "1975-12-31", "2021-03-02", "3119020");
INSERT INTO Researcher (Researcher_ID,Name,Surname,Gender,Birth_Date,Recruitment_Date,Organization_ID) VALUES ("3120289", "Αντύπας", "Poole", "Other", "1998-05-21", "2020-10-24", "3119026");
INSERT INTO Researcher (Researcher_ID,Name,Surname,Gender,Birth_Date,Recruitment_Date,Organization_ID) VALUES ("3120290", "Samantha", "Roman", "Male", "2001-03-24", "2020-06-21", "3119046");
INSERT INTO Researcher (Researcher_ID,Name,Surname,Gender,Birth_Date,Recruitment_Date,Organization_ID) VALUES ("3120291", "Θεοδόσιος", "Αραπάκη", "Female", "1973-03-17", "2020-07-05", "3119022");
INSERT INTO Researcher (Researcher_ID,Name,Surname,Gender,Birth_Date,Recruitment_Date,Organization_ID) VALUES ("3120292", "Αύγουστος", "Αλεξόπουλος", "Other", "1985-04-29", "2020-11-14", "3119006");
INSERT INTO Researcher (Researcher_ID,Name,Surname,Gender,Birth_Date,Recruitment_Date,Organization_ID) VALUES ("3120293", "William", "Ζώνιος", "Male", "1985-08-01", "2021-07-19", "3119004");
INSERT INTO Researcher (Researcher_ID,Name,Surname,Gender,Birth_Date,Recruitment_Date,Organization_ID) VALUES ("3120294", "Ιερεμίας", "Baker", "Female", "1975-12-08", "2021-06-20", "3119008");
INSERT INTO Researcher (Researcher_ID,Name,Surname,Gender,Birth_Date,Recruitment_Date,Organization_ID) VALUES ("3120295", "Λαυρεντία", "Johnson", "Other", "1981-05-04", "2020-07-13", "3119024");
INSERT INTO Researcher (Researcher_ID,Name,Surname,Gender,Birth_Date,Recruitment_Date,Organization_ID) VALUES ("3120296", "Μιχαήλ", "Καλαϊτζάκης", "Male", "1962-02-24", "2021-04-12", "3119022");
INSERT INTO Researcher (Researcher_ID,Name,Surname,Gender,Birth_Date,Recruitment_Date,Organization_ID) VALUES ("3120297", "Ana", "Fischer", "Female", "1986-05-22", "2022-05-11", "3119045");
INSERT INTO Researcher (Researcher_ID,Name,Surname,Gender,Birth_Date,Recruitment_Date,Organization_ID) VALUES ("3120298", "Αρχιμήδης", "Γιαννέλος", "Other", "1970-03-28", "2021-07-01", "3119006");
INSERT INTO Researcher (Researcher_ID,Name,Surname,Gender,Birth_Date,Recruitment_Date,Organization_ID) VALUES ("3120299", "Samantha", "Ασημακόπουλος", "Male", "2000-06-24", "2022-01-21", "3119043");
INSERT INTO Researcher (Researcher_ID,Name,Surname,Gender,Birth_Date,Recruitment_Date,Organization_ID) VALUES ("3120300", "Χρύσανθος", "Κωτούλα", "Female", "1969-01-29", "2020-12-21", "3119030");
INSERT INTO Researcher (Researcher_ID,Name,Surname,Gender,Birth_Date,Recruitment_Date,Organization_ID) VALUES ("3120301", "Σταμάτης", "Wright", "Other", "1994-01-25", "2020-12-25", "3119045");
INSERT INTO Researcher (Researcher_ID,Name,Surname,Gender,Birth_Date,Recruitment_Date,Organization_ID) VALUES ("3120302", "Ισαάκ", "Τσίμη", "Male", "1997-10-08", "2021-06-18", "3119021");
INSERT INTO Researcher (Researcher_ID,Name,Surname,Gender,Birth_Date,Recruitment_Date,Organization_ID) VALUES ("3120303", "Michael", "Σπυρόπουλος", "Female", "1971-12-29", "2020-01-14", "3119019");
INSERT INTO Researcher (Researcher_ID,Name,Surname,Gender,Birth_Date,Recruitment_Date,Organization_ID) VALUES ("3120304", "David", "Collier", "Other", "1988-08-02", "2021-02-07", "3119025");
INSERT INTO Researcher (Researcher_ID,Name,Surname,Gender,Birth_Date,Recruitment_Date,Organization_ID) VALUES ("3120305", "Joseph", "Πουρνάρα", "Male", "1989-04-30", "2021-07-18", "3119040");
INSERT INTO Researcher (Researcher_ID,Name,Surname,Gender,Birth_Date,Recruitment_Date,Organization_ID) VALUES ("3120306", "Συμέλα", "Miller", "Female", "1983-08-09", "2021-03-04", "3119023");
INSERT INTO Researcher (Researcher_ID,Name,Surname,Gender,Birth_Date,Recruitment_Date,Organization_ID) VALUES ("3120307", "David", "Hicks", "Other", "1991-01-22", "2022-01-22", "3119026");
INSERT INTO Researcher (Researcher_ID,Name,Surname,Gender,Birth_Date,Recruitment_Date,Organization_ID) VALUES ("3120308", "James", "Αραπάκη", "Male", "1983-07-26", "2021-09-12", "3119013");
INSERT INTO Researcher (Researcher_ID,Name,Surname,Gender,Birth_Date,Recruitment_Date,Organization_ID) VALUES ("3120309", "Pamela", "Αποστολακάκης", "Female", "1999-07-04", "2021-09-20", "3119020");
INSERT INTO Researcher (Researcher_ID,Name,Surname,Gender,Birth_Date,Recruitment_Date,Organization_ID) VALUES ("3120310", "Εύκλεια", "Παπασπηλιωτοπούλου", "Other", "1999-04-13", "2021-09-28", "3119001");
INSERT INTO Researcher (Researcher_ID,Name,Surname,Gender,Birth_Date,Recruitment_Date,Organization_ID) VALUES ("3120311", "Φρύνη", "Ντότση", "Male", "1977-07-25", "2021-01-31", "3119048");
INSERT INTO Researcher (Researcher_ID,Name,Surname,Gender,Birth_Date,Recruitment_Date,Organization_ID) VALUES ("3120312", "Joshua", "Kelly", "Female", "1992-04-27", "2022-04-26", "3119015");
INSERT INTO Researcher (Researcher_ID,Name,Surname,Gender,Birth_Date,Recruitment_Date,Organization_ID) VALUES ("3120313", "Μαρίνος", "Δρυμαλίτου", "Other", "1985-11-16", "2021-06-16", "3119041");
INSERT INTO Researcher (Researcher_ID,Name,Surname,Gender,Birth_Date,Recruitment_Date,Organization_ID) VALUES ("3120314", "Mark", "Καραγρηγορίου", "Male", "1967-09-02", "2021-04-02", "3119038");
INSERT INTO Researcher (Researcher_ID,Name,Surname,Gender,Birth_Date,Recruitment_Date,Organization_ID) VALUES ("3120315", "Barbara", "Δημητρίου", "Female", "1996-12-17", "2021-06-11", "3119045");
INSERT INTO Researcher (Researcher_ID,Name,Surname,Gender,Birth_Date,Recruitment_Date,Organization_ID) VALUES ("3120316", "Γιάννης", "Μπαφέρα", "Other", "1982-05-08", "2020-03-11", "3119018");
INSERT INTO Researcher (Researcher_ID,Name,Surname,Gender,Birth_Date,Recruitment_Date,Organization_ID) VALUES ("3120317", "Brad", "Συρρής", "Male", "1963-02-10", "2021-05-16", "3119037");
INSERT INTO Researcher (Researcher_ID,Name,Surname,Gender,Birth_Date,Recruitment_Date,Organization_ID) VALUES ("3120318", "Katie", "Welch", "Female", "1983-01-31", "2022-02-12", "3119042");
INSERT INTO Researcher (Researcher_ID,Name,Surname,Gender,Birth_Date,Recruitment_Date,Organization_ID) VALUES ("3120319", "Βικέντια", "Ταμιωλάκης", "Other", "1967-12-03", "2020-06-27", "3119020");
INSERT INTO Researcher (Researcher_ID,Name,Surname,Gender,Birth_Date,Recruitment_Date,Organization_ID) VALUES ("3120320", "Ιάσων", "Carr", "Male", "1986-06-30", "2022-03-04", "3119005");
INSERT INTO Researcher (Researcher_ID,Name,Surname,Gender,Birth_Date,Recruitment_Date,Organization_ID) VALUES ("3120321", "Αιμιλιανός", "Hale", "Female", "1983-11-09", "2020-11-24", "3119042");
INSERT INTO Researcher (Researcher_ID,Name,Surname,Gender,Birth_Date,Recruitment_Date,Organization_ID) VALUES ("3120322", "Θέκλα", "Valenzuela", "Other", "1968-08-29", "2020-10-14", "3119008");
INSERT INTO Researcher (Researcher_ID,Name,Surname,Gender,Birth_Date,Recruitment_Date,Organization_ID) VALUES ("3120323", "Ασημούλα", "Brown", "Male", "1977-01-08", "2022-03-27", "3119046");
INSERT INTO Researcher (Researcher_ID,Name,Surname,Gender,Birth_Date,Recruitment_Date,Organization_ID) VALUES ("3120324", "Katherine", "Κορδατζής", "Female", "1964-02-20", "2021-12-10", "3119036");
INSERT INTO Researcher (Researcher_ID,Name,Surname,Gender,Birth_Date,Recruitment_Date,Organization_ID) VALUES ("3120325", "Stephanie", "Sanchez", "Other", "1999-09-17", "2021-08-29", "3119001");
INSERT INTO Researcher (Researcher_ID,Name,Surname,Gender,Birth_Date,Recruitment_Date,Organization_ID) VALUES ("3120326", "Michael", "Κασκαούτη", "Male", "1969-07-04", "2020-05-20", "3119026");
INSERT INTO Researcher (Researcher_ID,Name,Surname,Gender,Birth_Date,Recruitment_Date,Organization_ID) VALUES ("3120327", "Δημήτρης", "Μίχος", "Female", "1999-09-10", "2022-03-25", "3119041");
INSERT INTO Researcher (Researcher_ID,Name,Surname,Gender,Birth_Date,Recruitment_Date,Organization_ID) VALUES ("3120328", "Κλεάνθης", "Dominguez", "Other", "1986-12-28", "2021-04-19", "3119023");
INSERT INTO Researcher (Researcher_ID,Name,Surname,Gender,Birth_Date,Recruitment_Date,Organization_ID) VALUES ("3120329", "Heather", "Μακρυκώστας", "Male", "1991-10-15", "2020-10-22", "3119014");
INSERT INTO Researcher (Researcher_ID,Name,Surname,Gender,Birth_Date,Recruitment_Date,Organization_ID) VALUES ("3120330", "Απόστολος", "Ware", "Female", "1971-03-07", "2020-07-04", "3119020");
INSERT INTO Researcher (Researcher_ID,Name,Surname,Gender,Birth_Date,Recruitment_Date,Organization_ID) VALUES ("3120331", "Οδύσσεια", "Castillo", "Other", "1973-04-26", "2020-12-24", "3119000");
INSERT INTO Researcher (Researcher_ID,Name,Surname,Gender,Birth_Date,Recruitment_Date,Organization_ID) VALUES ("3120332", "Ματθαίος", "Clarke", "Male", "1967-11-19", "2022-01-10", "3119001");
INSERT INTO Researcher (Researcher_ID,Name,Surname,Gender,Birth_Date,Recruitment_Date,Organization_ID) VALUES ("3120333", "James", "Lowe", "Female", "1964-11-30", "2020-03-13", "3119031");
INSERT INTO Researcher (Researcher_ID,Name,Surname,Gender,Birth_Date,Recruitment_Date,Organization_ID) VALUES ("3120334", "Ζαμπέτα", "Μπερεδήμας", "Other", "1966-07-16", "2022-05-18", "3119025");
INSERT INTO Researcher (Researcher_ID,Name,Surname,Gender,Birth_Date,Recruitment_Date,Organization_ID) VALUES ("3120335", "Ζαφείριος", "Pierce", "Male", "1967-03-13", "2021-07-11", "3119049");
INSERT INTO Researcher (Researcher_ID,Name,Surname,Gender,Birth_Date,Recruitment_Date,Organization_ID) VALUES ("3120336", "Στέλλα", "Hahn", "Female", "1996-07-08", "2020-04-11", "3119029");
INSERT INTO Researcher (Researcher_ID,Name,Surname,Gender,Birth_Date,Recruitment_Date,Organization_ID) VALUES ("3120337", "Sara", "Κολτσάκη", "Other", "1964-10-26", "2021-02-19", "3119007");
INSERT INTO Researcher (Researcher_ID,Name,Surname,Gender,Birth_Date,Recruitment_Date,Organization_ID) VALUES ("3120338", "Ξενοφών", "Vasquez", "Male", "1976-01-10", "2021-03-05", "3119016");
INSERT INTO Researcher (Researcher_ID,Name,Surname,Gender,Birth_Date,Recruitment_Date,Organization_ID) VALUES ("3120339", "Ηλίας", "Roberts", "Female", "1989-11-28", "2020-12-11", "3119015");
INSERT INTO Researcher (Researcher_ID,Name,Surname,Gender,Birth_Date,Recruitment_Date,Organization_ID) VALUES ("3120340", "Valerie", "Oliver", "Other", "1971-03-21", "2021-02-07", "3119021");
INSERT INTO Researcher (Researcher_ID,Name,Surname,Gender,Birth_Date,Recruitment_Date,Organization_ID) VALUES ("3120341", "Stephen", "Park", "Male", "1975-09-02", "2020-04-17", "3119030");
INSERT INTO Researcher (Researcher_ID,Name,Surname,Gender,Birth_Date,Recruitment_Date,Organization_ID) VALUES ("3120342", "John", "Κωνσταντοπούλου", "Female", "1985-11-05", "2022-05-22", "3119028");
INSERT INTO Researcher (Researcher_ID,Name,Surname,Gender,Birth_Date,Recruitment_Date,Organization_ID) VALUES ("3120343", "Carol", "Καναβός", "Other", "1998-02-19", "2021-10-06", "3119025");
INSERT INTO Researcher (Researcher_ID,Name,Surname,Gender,Birth_Date,Recruitment_Date,Organization_ID) VALUES ("3120344", "Kaitlyn", "Silva", "Male", "1997-07-22", "2021-03-08", "3119010");
INSERT INTO Researcher (Researcher_ID,Name,Surname,Gender,Birth_Date,Recruitment_Date,Organization_ID) VALUES ("3120345", "Διομήδης", "Ζενεμπίσης", "Female", "1982-05-11", "2020-07-25", "3119022");
INSERT INTO Researcher (Researcher_ID,Name,Surname,Gender,Birth_Date,Recruitment_Date,Organization_ID) VALUES ("3120346", "Σωφρονία", "Χατζαντώνης", "Other", "1977-06-06", "2021-04-28", "3119020");
INSERT INTO Researcher (Researcher_ID,Name,Surname,Gender,Birth_Date,Recruitment_Date,Organization_ID) VALUES ("3120347", "Μακρίνα", "Murray", "Male", "1978-08-30", "2021-08-01", "3119039");
INSERT INTO Researcher (Researcher_ID,Name,Surname,Gender,Birth_Date,Recruitment_Date,Organization_ID) VALUES ("3120348", "Roger", "Parker", "Female", "1994-10-08", "2021-10-17", "3119047");
INSERT INTO Researcher (Researcher_ID,Name,Surname,Gender,Birth_Date,Recruitment_Date,Organization_ID) VALUES ("3120349", "Lisa", "Atkins", "Other", "1969-03-15", "2022-05-20", "3119020");
INSERT INTO Researcher (Researcher_ID,Name,Surname,Gender,Birth_Date,Recruitment_Date,Organization_ID) VALUES ("3120350", "Scott", "Gomez", "Male", "1976-05-27", "2021-02-03", "3119045");
INSERT INTO Researcher (Researcher_ID,Name,Surname,Gender,Birth_Date,Recruitment_Date,Organization_ID) VALUES ("3120351", "Βελισσάριος", "Χασάπη", "Female", "1967-05-18", "2020-04-19", "3119039");
INSERT INTO Researcher (Researcher_ID,Name,Surname,Gender,Birth_Date,Recruitment_Date,Organization_ID) VALUES ("3120352", "Erin", "Ιωσηφίδης", "Other", "1966-05-26", "2022-03-02", "3119021");
INSERT INTO Researcher (Researcher_ID,Name,Surname,Gender,Birth_Date,Recruitment_Date,Organization_ID) VALUES ("3120353", "Γερασιμούλα", "Chang", "Male", "1995-02-21", "2021-06-01", "3119044");
INSERT INTO Researcher (Researcher_ID,Name,Surname,Gender,Birth_Date,Recruitment_Date,Organization_ID) VALUES ("3120354", "Τσαμπίκα", "Ross", "Female", "1982-07-03", "2020-03-16", "3119032");
INSERT INTO Researcher (Researcher_ID,Name,Surname,Gender,Birth_Date,Recruitment_Date,Organization_ID) VALUES ("3120355", "Αρίσταρχος", "Σωτηράλης", "Other", "1962-04-27", "2021-06-06", "3119049");
INSERT INTO Researcher (Researcher_ID,Name,Surname,Gender,Birth_Date,Recruitment_Date,Organization_ID) VALUES ("3120356", "Βησσαρίων", "Δρακάκης", "Male", "1986-02-05", "2021-11-28", "3119022");
INSERT INTO Researcher (Researcher_ID,Name,Surname,Gender,Birth_Date,Recruitment_Date,Organization_ID) VALUES ("3120357", "Βύρων", "Μπενέτου", "Female", "1999-08-29", "2020-02-24", "3119004");
INSERT INTO Researcher (Researcher_ID,Name,Surname,Gender,Birth_Date,Recruitment_Date,Organization_ID) VALUES ("3120358", "Ιουλία", "Romero", "Other", "1968-02-17", "2020-03-08", "3119036");
INSERT INTO Researcher (Researcher_ID,Name,Surname,Gender,Birth_Date,Recruitment_Date,Organization_ID) VALUES ("3120359", "Omar", "Roberts", "Male", "1983-09-23", "2020-03-01", "3119008");
INSERT INTO Researcher (Researcher_ID,Name,Surname,Gender,Birth_Date,Recruitment_Date,Organization_ID) VALUES ("3120360", "Kimberly", "Τζιρατούδη", "Female", "1968-09-28", "2020-09-11", "3119032");
INSERT INTO Researcher (Researcher_ID,Name,Surname,Gender,Birth_Date,Recruitment_Date,Organization_ID) VALUES ("3120361", "Wendy", "Σκυλογιάννη", "Other", "1985-09-09", "2021-07-15", "3119032");
INSERT INTO Researcher (Researcher_ID,Name,Surname,Gender,Birth_Date,Recruitment_Date,Organization_ID) VALUES ("3120362", "Ευτέρπη", "Αντωνίου", "Male", "2000-06-10", "2020-11-05", "3119015");
INSERT INTO Researcher (Researcher_ID,Name,Surname,Gender,Birth_Date,Recruitment_Date,Organization_ID) VALUES ("3120363", "Θεόκλητος", "Σκρέκας", "Female", "1980-07-19", "2021-05-18", "3119034");
INSERT INTO Researcher (Researcher_ID,Name,Surname,Gender,Birth_Date,Recruitment_Date,Organization_ID) VALUES ("3120364", "Νικολέτα", "Ρόκας", "Other", "1989-10-29", "2021-08-27", "3119048");
INSERT INTO Researcher (Researcher_ID,Name,Surname,Gender,Birth_Date,Recruitment_Date,Organization_ID) VALUES ("3120365", "Kevin", "Bailey", "Male", "1961-12-16", "2020-07-17", "3119027");
INSERT INTO Researcher (Researcher_ID,Name,Surname,Gender,Birth_Date,Recruitment_Date,Organization_ID) VALUES ("3120366", "Βαλάντης", "Bennett", "Female", "1979-05-08", "2021-07-09", "3119012");
INSERT INTO Researcher (Researcher_ID,Name,Surname,Gender,Birth_Date,Recruitment_Date,Organization_ID) VALUES ("3120367", "Θωμάς", "Χρυσίδης", "Other", "1974-11-30", "2020-03-01", "3119002");
INSERT INTO Researcher (Researcher_ID,Name,Surname,Gender,Birth_Date,Recruitment_Date,Organization_ID) VALUES ("3120368", "Μηλιά", "Cameron", "Male", "2002-03-21", "2020-02-17", "3119013");
INSERT INTO Researcher (Researcher_ID,Name,Surname,Gender,Birth_Date,Recruitment_Date,Organization_ID) VALUES ("3120369", "Μιχαέλα", "Palmer", "Female", "1977-03-25", "2021-12-17", "3119024");
INSERT INTO Researcher (Researcher_ID,Name,Surname,Gender,Birth_Date,Recruitment_Date,Organization_ID) VALUES ("3120370", "Dawn", "Bradley", "Other", "1999-11-20", "2020-05-01", "3119026");
INSERT INTO Researcher (Researcher_ID,Name,Surname,Gender,Birth_Date,Recruitment_Date,Organization_ID) VALUES ("3120371", "Μαυροειδής", "Mccarty", "Male", "1993-09-02", "2022-03-02", "3119031");
INSERT INTO Researcher (Researcher_ID,Name,Surname,Gender,Birth_Date,Recruitment_Date,Organization_ID) VALUES ("3120372", "Σταυρούλα", "Βαχουθιανάκης", "Female", "1975-05-17", "2021-04-11", "3119046");
INSERT INTO Researcher (Researcher_ID,Name,Surname,Gender,Birth_Date,Recruitment_Date,Organization_ID) VALUES ("3120373", "Σεβαστιανός", "Ashley", "Other", "1985-06-28", "2021-05-13", "3119036");
INSERT INTO Researcher (Researcher_ID,Name,Surname,Gender,Birth_Date,Recruitment_Date,Organization_ID) VALUES ("3120374", "Πούλια", "Jones", "Male", "1985-01-02", "2020-07-14", "3119018");
INSERT INTO Researcher (Researcher_ID,Name,Surname,Gender,Birth_Date,Recruitment_Date,Organization_ID) VALUES ("3120375", "Δημήτρης", "Αγγελάκος", "Female", "1981-01-06", "2020-03-12", "3119046");
INSERT INTO Researcher (Researcher_ID,Name,Surname,Gender,Birth_Date,Recruitment_Date,Organization_ID) VALUES ("3120376", "Gabriel", "Βάρσος", "Other", "2000-04-30", "2021-07-21", "3119036");
INSERT INTO Researcher (Researcher_ID,Name,Surname,Gender,Birth_Date,Recruitment_Date,Organization_ID) VALUES ("3120377", "Ζησούλα", "Snyder", "Male", "1985-10-16", "2021-07-13", "3119038");
INSERT INTO Researcher (Researcher_ID,Name,Surname,Gender,Birth_Date,Recruitment_Date,Organization_ID) VALUES ("3120378", "Ραφαήλ", "Ντότση", "Female", "1986-12-24", "2021-01-08", "3119046");
INSERT INTO Researcher (Researcher_ID,Name,Surname,Gender,Birth_Date,Recruitment_Date,Organization_ID) VALUES ("3120379", "Φιλομήλα", "King", "Other", "1972-01-02", "2021-11-15", "3119041");
INSERT INTO Researcher (Researcher_ID,Name,Surname,Gender,Birth_Date,Recruitment_Date,Organization_ID) VALUES ("3120380", "Nicole", "Κασούτσας", "Male", "1975-11-05", "2022-02-14", "3119014");
INSERT INTO Researcher (Researcher_ID,Name,Surname,Gender,Birth_Date,Recruitment_Date,Organization_ID) VALUES ("3120381", "Kevin", "Αβραμιώτης", "Female", "1991-06-27", "2022-04-10", "3119027");
INSERT INTO Researcher (Researcher_ID,Name,Surname,Gender,Birth_Date,Recruitment_Date,Organization_ID) VALUES ("3120382", "Τηλέμαχος", "Ρόγαρης", "Other", "1982-07-03", "2020-08-02", "3119027");
INSERT INTO Researcher (Researcher_ID,Name,Surname,Gender,Birth_Date,Recruitment_Date,Organization_ID) VALUES ("3120383", "Ευδοξία", "Δουλουφάκη", "Male", "1968-11-06", "2021-07-08", "3119038");
INSERT INTO Researcher (Researcher_ID,Name,Surname,Gender,Birth_Date,Recruitment_Date,Organization_ID) VALUES ("3120384", "Θεοπίστη", "Kirk", "Female", "1994-12-15", "2021-12-26", "3119038");
INSERT INTO Researcher (Researcher_ID,Name,Surname,Gender,Birth_Date,Recruitment_Date,Organization_ID) VALUES ("3120385", "Όμηρος", "Ryan", "Other", "1977-01-22", "2021-05-24", "3119032");
INSERT INTO Researcher (Researcher_ID,Name,Surname,Gender,Birth_Date,Recruitment_Date,Organization_ID) VALUES ("3120386", "John", "Χατζηφώτη", "Male", "1965-11-21", "2022-05-11", "3119032");
INSERT INTO Researcher (Researcher_ID,Name,Surname,Gender,Birth_Date,Recruitment_Date,Organization_ID) VALUES ("3120387", "Γλυκερία", "Χιωτίδου", "Female", "1979-11-25", "2020-04-02", "3119022");
INSERT INTO Researcher (Researcher_ID,Name,Surname,Gender,Birth_Date,Recruitment_Date,Organization_ID) VALUES ("3120388", "Ευστρατία", "Κουρκουτάς", "Other", "1966-03-05", "2020-09-24", "3119020");
INSERT INTO Researcher (Researcher_ID,Name,Surname,Gender,Birth_Date,Recruitment_Date,Organization_ID) VALUES ("3120389", "Mariah", "Sandoval", "Male", "1986-07-25", "2021-10-15", "3119038");
INSERT INTO Researcher (Researcher_ID,Name,Surname,Gender,Birth_Date,Recruitment_Date,Organization_ID) VALUES ("3120390", "Derrick", "Φαββάτα", "Female", "1988-10-25", "2020-09-21", "3119024");
INSERT INTO Researcher (Researcher_ID,Name,Surname,Gender,Birth_Date,Recruitment_Date,Organization_ID) VALUES ("3120391", "Μινέρβα", "Erickson", "Other", "1994-08-09", "2021-07-16", "3119023");
INSERT INTO Researcher (Researcher_ID,Name,Surname,Gender,Birth_Date,Recruitment_Date,Organization_ID) VALUES ("3120392", "Michael", "Δουκατζής", "Male", "1967-03-07", "2020-07-07", "3119039");
INSERT INTO Researcher (Researcher_ID,Name,Surname,Gender,Birth_Date,Recruitment_Date,Organization_ID) VALUES ("3120393", "Λαέρτης", "Θεοδοσιάδου", "Female", "1999-08-14", "2020-09-11", "3119032");
INSERT INTO Researcher (Researcher_ID,Name,Surname,Gender,Birth_Date,Recruitment_Date,Organization_ID) VALUES ("3120394", "Jaime", "Τόλη", "Other", "2002-01-29", "2020-04-06", "3119006");
INSERT INTO Researcher (Researcher_ID,Name,Surname,Gender,Birth_Date,Recruitment_Date,Organization_ID) VALUES ("3120395", "Frances", "Porter", "Male", "1993-07-29", "2021-09-15", "3119021");
INSERT INTO Researcher (Researcher_ID,Name,Surname,Gender,Birth_Date,Recruitment_Date,Organization_ID) VALUES ("3120396", "Kelly", "Φρογάκης", "Female", "1967-01-20", "2021-06-13", "3119018");
INSERT INTO Researcher (Researcher_ID,Name,Surname,Gender,Birth_Date,Recruitment_Date,Organization_ID) VALUES ("3120397", "Μυρτώ", "Πολυζωάκης", "Other", "1982-10-11", "2020-05-24", "3119008");
INSERT INTO Researcher (Researcher_ID,Name,Surname,Gender,Birth_Date,Recruitment_Date,Organization_ID) VALUES ("3120398", "Cesar", "Green", "Male", "2000-08-07", "2021-06-13", "3119025");
INSERT INTO Researcher (Researcher_ID,Name,Surname,Gender,Birth_Date,Recruitment_Date,Organization_ID) VALUES ("3120399", "Φλωρίνα", "Marshall", "Female", "1966-07-29", "2020-12-29", "3119044");
INSERT INTO Researcher (Researcher_ID,Name,Surname,Gender,Birth_Date,Recruitment_Date,Organization_ID) VALUES ("3120400", "Peter", "Φιλιάγκου", "Other", "1990-10-11", "2021-01-05", "3119029");
INSERT INTO Researcher (Researcher_ID,Name,Surname,Gender,Birth_Date,Recruitment_Date,Organization_ID) VALUES ("3120401", "Michael", "Vega", "Male", "1974-04-16", "2020-03-21", "3119034");
INSERT INTO Researcher (Researcher_ID,Name,Surname,Gender,Birth_Date,Recruitment_Date,Organization_ID) VALUES ("3120402", "Χρυσοβαλάντου", "Μιχαλάρου", "Female", "1966-12-03", "2020-07-11", "3119031");
INSERT INTO Researcher (Researcher_ID,Name,Surname,Gender,Birth_Date,Recruitment_Date,Organization_ID) VALUES ("3120403", "Ashley", "Καρακαστανιάς", "Other", "1970-11-13", "2021-06-02", "3119029");
INSERT INTO Researcher (Researcher_ID,Name,Surname,Gender,Birth_Date,Recruitment_Date,Organization_ID) VALUES ("3120404", "Μόσχα", "Μανουσέλης", "Male", "1965-04-15", "2020-12-19", "3119005");
INSERT INTO Researcher (Researcher_ID,Name,Surname,Gender,Birth_Date,Recruitment_Date,Organization_ID) VALUES ("3120405", "Φρίξος", "Fuller", "Female", "1974-08-05", "2021-02-22", "3119025");
INSERT INTO Researcher (Researcher_ID,Name,Surname,Gender,Birth_Date,Recruitment_Date,Organization_ID) VALUES ("3120406", "Παναγιώτα", "Μίχου", "Other", "1988-05-30", "2020-10-09", "3119000");
INSERT INTO Researcher (Researcher_ID,Name,Surname,Gender,Birth_Date,Recruitment_Date,Organization_ID) VALUES ("3120407", "Θεοτόκης", "Rowe", "Male", "1991-06-22", "2021-01-06", "3119044");
INSERT INTO Researcher (Researcher_ID,Name,Surname,Gender,Birth_Date,Recruitment_Date,Organization_ID) VALUES ("3120408", "Αντώνιος", "Jacobs", "Female", "1964-12-04", "2021-05-08", "3119036");
INSERT INTO Researcher (Researcher_ID,Name,Surname,Gender,Birth_Date,Recruitment_Date,Organization_ID) VALUES ("3120409", "Jeffrey", "Gomez", "Other", "1982-04-01", "2021-02-09", "3119001");
INSERT INTO Researcher (Researcher_ID,Name,Surname,Gender,Birth_Date,Recruitment_Date,Organization_ID) VALUES ("3120410", "Υάκινθος", "Frank", "Male", "1976-03-14", "2020-04-18", "3119030");
INSERT INTO Researcher (Researcher_ID,Name,Surname,Gender,Birth_Date,Recruitment_Date,Organization_ID) VALUES ("3120411", "Michael", "Patton", "Female", "1967-12-05", "2020-02-21", "3119046");
INSERT INTO Researcher (Researcher_ID,Name,Surname,Gender,Birth_Date,Recruitment_Date,Organization_ID) VALUES ("3120412", "Amy", "Πάνος", "Other", "1989-08-02", "2022-05-28", "3119030");
INSERT INTO Researcher (Researcher_ID,Name,Surname,Gender,Birth_Date,Recruitment_Date,Organization_ID) VALUES ("3120413", "Ανθή", "Νασιόπουλος", "Male", "1979-12-16", "2022-03-16", "3119043");
INSERT INTO Researcher (Researcher_ID,Name,Surname,Gender,Birth_Date,Recruitment_Date,Organization_ID) VALUES ("3120414", "Ραχήλ", "Cooper", "Female", "1987-05-21", "2020-09-08", "3119032");
INSERT INTO Researcher (Researcher_ID,Name,Surname,Gender,Birth_Date,Recruitment_Date,Organization_ID) VALUES ("3120415", "Βελισσάριος", "Συνοδινού", "Other", "1972-04-19", "2021-05-06", "3119024");
INSERT INTO Researcher (Researcher_ID,Name,Surname,Gender,Birth_Date,Recruitment_Date,Organization_ID) VALUES ("3120416", "Ευθυμία", "Νίκα", "Male", "1992-03-27", "2020-01-28", "3119006");
INSERT INTO Researcher (Researcher_ID,Name,Surname,Gender,Birth_Date,Recruitment_Date,Organization_ID) VALUES ("3120417", "Eric", "Δουκατζής", "Female", "1974-09-20", "2020-04-30", "3119046");
INSERT INTO Researcher (Researcher_ID,Name,Surname,Gender,Birth_Date,Recruitment_Date,Organization_ID) VALUES ("3120418", "Κωνσταντίνα", "Mendoza", "Other", "1999-11-25", "2021-08-28", "3119005");
INSERT INTO Researcher (Researcher_ID,Name,Surname,Gender,Birth_Date,Recruitment_Date,Organization_ID) VALUES ("3120419", "Jennifer", "Hall", "Male", "1984-12-16", "2021-07-07", "3119029");
INSERT INTO Researcher (Researcher_ID,Name,Surname,Gender,Birth_Date,Recruitment_Date,Organization_ID) VALUES ("3120420", "Μαλβίνα", "Robertson", "Female", "1990-10-28", "2021-02-12", "3119049");
INSERT INTO Researcher (Researcher_ID,Name,Surname,Gender,Birth_Date,Recruitment_Date,Organization_ID) VALUES ("3120421", "Ξανθή", "Jones", "Other", "2000-11-29", "2022-01-22", "3119019");
INSERT INTO Researcher (Researcher_ID,Name,Surname,Gender,Birth_Date,Recruitment_Date,Organization_ID) VALUES ("3120422", "Αθηνά", "Καλούδη", "Male", "1975-02-15", "2021-09-16", "3119029");
INSERT INTO Researcher (Researcher_ID,Name,Surname,Gender,Birth_Date,Recruitment_Date,Organization_ID) VALUES ("3120423", "Michelle", "Church", "Female", "1995-06-07", "2021-02-16", "3119024");
INSERT INTO Researcher (Researcher_ID,Name,Surname,Gender,Birth_Date,Recruitment_Date,Organization_ID) VALUES ("3120424", "Λουκία", "Warner", "Other", "1974-02-14", "2021-09-15", "3119026");
INSERT INTO Researcher (Researcher_ID,Name,Surname,Gender,Birth_Date,Recruitment_Date,Organization_ID) VALUES ("3120425", "Steven", "Βερβερίδου", "Male", "1974-11-17", "2022-04-12", "3119031");
INSERT INTO Researcher (Researcher_ID,Name,Surname,Gender,Birth_Date,Recruitment_Date,Organization_ID) VALUES ("3120426", "Σελήνη", "Μαλίμη", "Female", "1985-05-21", "2021-01-08", "3119019");
INSERT INTO Researcher (Researcher_ID,Name,Surname,Gender,Birth_Date,Recruitment_Date,Organization_ID) VALUES ("3120427", "Βελισσαρία", "Γκίνης", "Other", "1992-02-22", "2020-05-30", "3119037");
INSERT INTO Researcher (Researcher_ID,Name,Surname,Gender,Birth_Date,Recruitment_Date,Organization_ID) VALUES ("3120428", "Eric", "Καραδήμος", "Male", "1991-08-20", "2020-01-19", "3119038");
INSERT INTO Researcher (Researcher_ID,Name,Surname,Gender,Birth_Date,Recruitment_Date,Organization_ID) VALUES ("3120429", "Φεβρωνία", "Καφφέ", "Female", "1983-09-27", "2022-03-06", "3119031");
INSERT INTO Researcher (Researcher_ID,Name,Surname,Gender,Birth_Date,Recruitment_Date,Organization_ID) VALUES ("3120430", "Stephanie", "Skinner", "Other", "1989-07-05", "2020-02-18", "3119034");
INSERT INTO Researcher (Researcher_ID,Name,Surname,Gender,Birth_Date,Recruitment_Date,Organization_ID) VALUES ("3120431", "Δόμνα", "Odom", "Male", "1980-08-18", "2021-05-12", "3119023");
INSERT INTO Researcher (Researcher_ID,Name,Surname,Gender,Birth_Date,Recruitment_Date,Organization_ID) VALUES ("3120432", "Jose", "Mccarthy", "Female", "1996-05-17", "2021-01-09", "3119043");
INSERT INTO Researcher (Researcher_ID,Name,Surname,Gender,Birth_Date,Recruitment_Date,Organization_ID) VALUES ("3120433", "Ινώ", "Cunningham", "Other", "1978-09-17", "2021-04-14", "3119015");
INSERT INTO Researcher (Researcher_ID,Name,Surname,Gender,Birth_Date,Recruitment_Date,Organization_ID) VALUES ("3120434", "Sara", "Κακοσαίος", "Male", "1975-12-28", "2021-09-19", "3119016");
INSERT INTO Researcher (Researcher_ID,Name,Surname,Gender,Birth_Date,Recruitment_Date,Organization_ID) VALUES ("3120435", "Ευστάθιος", "Davidson", "Female", "1972-05-23", "2020-07-11", "3119035");
INSERT INTO Researcher (Researcher_ID,Name,Surname,Gender,Birth_Date,Recruitment_Date,Organization_ID) VALUES ("3120436", "Cody", "Irwin", "Other", "1992-10-17", "2021-12-29", "3119039");
INSERT INTO Researcher (Researcher_ID,Name,Surname,Gender,Birth_Date,Recruitment_Date,Organization_ID) VALUES ("3120437", "Φανουρία", "Lin", "Male", "1964-12-24", "2020-03-01", "3119037");
INSERT INTO Researcher (Researcher_ID,Name,Surname,Gender,Birth_Date,Recruitment_Date,Organization_ID) VALUES ("3120438", "Ανάργυρος", "Wallace", "Female", "1992-05-05", "2020-02-21", "3119029");
INSERT INTO Researcher (Researcher_ID,Name,Surname,Gender,Birth_Date,Recruitment_Date,Organization_ID) VALUES ("3120439", "Γιαννούλα", "Πατελλή", "Other", "1970-05-28", "2020-08-09", "3119020");
INSERT INTO Researcher (Researcher_ID,Name,Surname,Gender,Birth_Date,Recruitment_Date,Organization_ID) VALUES ("3120440", "Πουλχερία", "Dixon", "Male", "1974-06-24", "2022-04-03", "3119041");
INSERT INTO Researcher (Researcher_ID,Name,Surname,Gender,Birth_Date,Recruitment_Date,Organization_ID) VALUES ("3120441", "Γαλάτιος", "Santiago", "Female", "1991-02-03", "2020-10-16", "3119026");
INSERT INTO Researcher (Researcher_ID,Name,Surname,Gender,Birth_Date,Recruitment_Date,Organization_ID) VALUES ("3120442", "Jessica", "Καρκαλέτση", "Other", "1999-04-17", "2021-11-26", "3119025");
INSERT INTO Researcher (Researcher_ID,Name,Surname,Gender,Birth_Date,Recruitment_Date,Organization_ID) VALUES ("3120443", "David", "Δουκατζής", "Male", "1981-02-02", "2020-12-08", "3119013");
INSERT INTO Researcher (Researcher_ID,Name,Surname,Gender,Birth_Date,Recruitment_Date,Organization_ID) VALUES ("3120444", "Gregory", "Nelson", "Female", "1986-01-19", "2021-08-16", "3119042");
INSERT INTO Researcher (Researcher_ID,Name,Surname,Gender,Birth_Date,Recruitment_Date,Organization_ID) VALUES ("3120445", "Tricia", "Gilmore", "Other", "1982-02-26", "2020-09-11", "3119005");
INSERT INTO Researcher (Researcher_ID,Name,Surname,Gender,Birth_Date,Recruitment_Date,Organization_ID) VALUES ("3120446", "Παύλος", "Hall", "Male", "1976-07-06", "2020-06-22", "3119018");
INSERT INTO Researcher (Researcher_ID,Name,Surname,Gender,Birth_Date,Recruitment_Date,Organization_ID) VALUES ("3120447", "Νίκος", "Χρονοπούλου", "Female", "1979-09-25", "2021-06-12", "3119000");
INSERT INTO Researcher (Researcher_ID,Name,Surname,Gender,Birth_Date,Recruitment_Date,Organization_ID) VALUES ("3120448", "Τσαμπίκος", "Ray", "Other", "1978-06-03", "2021-05-23", "3119021");
INSERT INTO Researcher (Researcher_ID,Name,Surname,Gender,Birth_Date,Recruitment_Date,Organization_ID) VALUES ("3120449", "William", "Τσαραμιάδης", "Male", "1978-09-12", "2021-09-30", "3119010");
INSERT INTO Researcher (Researcher_ID,Name,Surname,Gender,Birth_Date,Recruitment_Date,Organization_ID) VALUES ("3120450", "Samuel", "Lopez", "Female", "1971-08-26", "2022-01-19", "3119015");
INSERT INTO Researcher (Researcher_ID,Name,Surname,Gender,Birth_Date,Recruitment_Date,Organization_ID) VALUES ("3120451", "Allen", "Τσαμοπούλου", "Other", "1976-05-21", "2022-03-13", "3119010");
INSERT INTO Researcher (Researcher_ID,Name,Surname,Gender,Birth_Date,Recruitment_Date,Organization_ID) VALUES ("3120452", "Christina", "Καλούδη", "Male", "1979-12-19", "2022-05-16", "3119007");
INSERT INTO Researcher (Researcher_ID,Name,Surname,Gender,Birth_Date,Recruitment_Date,Organization_ID) VALUES ("3120453", "Θεόπιστος", "Brown", "Female", "1978-11-05", "2022-01-29", "3119026");
INSERT INTO Researcher (Researcher_ID,Name,Surname,Gender,Birth_Date,Recruitment_Date,Organization_ID) VALUES ("3120454", "Samuel", "Gutierrez", "Other", "1965-07-31", "2021-08-13", "3119023");
INSERT INTO Researcher (Researcher_ID,Name,Surname,Gender,Birth_Date,Recruitment_Date,Organization_ID) VALUES ("3120455", "Πηνελόπη", "Κυρούδη", "Male", "1971-12-03", "2021-09-26", "3119007");
INSERT INTO Researcher (Researcher_ID,Name,Surname,Gender,Birth_Date,Recruitment_Date,Organization_ID) VALUES ("3120456", "Χριστόφιλη", "Χατζησάββας", "Female", "1996-06-27", "2021-04-17", "3119019");
INSERT INTO Researcher (Researcher_ID,Name,Surname,Gender,Birth_Date,Recruitment_Date,Organization_ID) VALUES ("3120457", "Amber", "Adams", "Other", "1980-05-16", "2020-01-26", "3119017");
INSERT INTO Researcher (Researcher_ID,Name,Surname,Gender,Birth_Date,Recruitment_Date,Organization_ID) VALUES ("3120458", "Gabrielle", "Ζαχαριουδάκη", "Male", "1986-01-17", "2021-08-20", "3119044");
INSERT INTO Researcher (Researcher_ID,Name,Surname,Gender,Birth_Date,Recruitment_Date,Organization_ID) VALUES ("3120459", "Δωροθέα", "Γκίνης", "Female", "1973-01-09", "2022-04-21", "3119043");
INSERT INTO Researcher (Researcher_ID,Name,Surname,Gender,Birth_Date,Recruitment_Date,Organization_ID) VALUES ("3120460", "Ερωτόκριτος", "Baker", "Other", "1983-06-03", "2020-01-07", "3119031");
INSERT INTO Researcher (Researcher_ID,Name,Surname,Gender,Birth_Date,Recruitment_Date,Organization_ID) VALUES ("3120461", "Lawrence", "Χονδρούδη", "Male", "1973-09-19", "2020-11-23", "3119025");
INSERT INTO Researcher (Researcher_ID,Name,Surname,Gender,Birth_Date,Recruitment_Date,Organization_ID) VALUES ("3120462", "Elizabeth", "Λώλος", "Female", "1990-01-03", "2020-08-18", "3119027");
INSERT INTO Researcher (Researcher_ID,Name,Surname,Gender,Birth_Date,Recruitment_Date,Organization_ID) VALUES ("3120463", "Θεανώ", "Κανελλοπούλου", "Other", "1972-04-11", "2021-02-16", "3119040");
INSERT INTO Researcher (Researcher_ID,Name,Surname,Gender,Birth_Date,Recruitment_Date,Organization_ID) VALUES ("3120464", "Jared", "Sullivan", "Male", "1973-08-20", "2020-07-16", "3119046");
INSERT INTO Researcher (Researcher_ID,Name,Surname,Gender,Birth_Date,Recruitment_Date,Organization_ID) VALUES ("3120465", "Φλοριάντ", "Κορωνίδου", "Female", "1980-12-14", "2020-06-10", "3119026");
INSERT INTO Researcher (Researcher_ID,Name,Surname,Gender,Birth_Date,Recruitment_Date,Organization_ID) VALUES ("3120466", "Λεωνίδας", "Richards", "Other", "1972-02-24", "2020-10-23", "3119036");
INSERT INTO Researcher (Researcher_ID,Name,Surname,Gender,Birth_Date,Recruitment_Date,Organization_ID) VALUES ("3120467", "Βησσαρίων", "Λιανάκης", "Male", "2001-05-06", "2020-10-28", "3119014");
INSERT INTO Researcher (Researcher_ID,Name,Surname,Gender,Birth_Date,Recruitment_Date,Organization_ID) VALUES ("3120468", "Ροδάνθη", "Graves", "Female", "1981-03-08", "2022-05-16", "3119007");
INSERT INTO Researcher (Researcher_ID,Name,Surname,Gender,Birth_Date,Recruitment_Date,Organization_ID) VALUES ("3120469", "Γεσθημανή", "Δερλώπα", "Other", "1999-03-10", "2022-05-20", "3119016");
INSERT INTO Researcher (Researcher_ID,Name,Surname,Gender,Birth_Date,Recruitment_Date,Organization_ID) VALUES ("3120470", "Nicholas", "Ταυλαρίδου", "Male", "1993-07-29", "2021-01-11", "3119012");
INSERT INTO Researcher (Researcher_ID,Name,Surname,Gender,Birth_Date,Recruitment_Date,Organization_ID) VALUES ("3120471", "Ρεγγίνα", "Δαγλή", "Female", "1982-11-07", "2021-10-06", "3119011");
INSERT INTO Researcher (Researcher_ID,Name,Surname,Gender,Birth_Date,Recruitment_Date,Organization_ID) VALUES ("3120472", "Σπυριδούλα", "Γρηγορίου", "Other", "1981-03-20", "2021-09-25", "3119037");
INSERT INTO Researcher (Researcher_ID,Name,Surname,Gender,Birth_Date,Recruitment_Date,Organization_ID) VALUES ("3120473", "Ευγένιος", "Μισίδου", "Male", "1966-02-22", "2021-08-27", "3119041");
INSERT INTO Researcher (Researcher_ID,Name,Surname,Gender,Birth_Date,Recruitment_Date,Organization_ID) VALUES ("3120474", "Joseph", "Mason", "Female", "1976-06-01", "2020-05-10", "3119023");
INSERT INTO Researcher (Researcher_ID,Name,Surname,Gender,Birth_Date,Recruitment_Date,Organization_ID) VALUES ("3120475", "Λυδία", "Schroeder", "Other", "1978-01-04", "2022-04-10", "3119040");
INSERT INTO Researcher (Researcher_ID,Name,Surname,Gender,Birth_Date,Recruitment_Date,Organization_ID) VALUES ("3120476", "Ερασμία", "Matthews", "Male", "1993-11-18", "2020-11-23", "3119032");
INSERT INTO Researcher (Researcher_ID,Name,Surname,Gender,Birth_Date,Recruitment_Date,Organization_ID) VALUES ("3120477", "Γλαύκη", "Κυργιάκης", "Female", "1962-11-21", "2021-12-24", "3119047");
INSERT INTO Researcher (Researcher_ID,Name,Surname,Gender,Birth_Date,Recruitment_Date,Organization_ID) VALUES ("3120478", "Jared", "Κουκουλιάντας", "Other", "1975-11-25", "2021-05-13", "3119032");
INSERT INTO Researcher (Researcher_ID,Name,Surname,Gender,Birth_Date,Recruitment_Date,Organization_ID) VALUES ("3120479", "Ερωτόκριτος", "Πουρνάρα", "Male", "1963-09-10", "2021-01-23", "3119022");
INSERT INTO Researcher (Researcher_ID,Name,Surname,Gender,Birth_Date,Recruitment_Date,Organization_ID) VALUES ("3120480", "Αριάδνη", "Γεντίμης", "Female", "1962-12-26", "2021-07-25", "3119007");
INSERT INTO Researcher (Researcher_ID,Name,Surname,Gender,Birth_Date,Recruitment_Date,Organization_ID) VALUES ("3120481", "James", "Μπαλουκίδης", "Other", "2001-02-02", "2020-03-21", "3119032");
INSERT INTO Researcher (Researcher_ID,Name,Surname,Gender,Birth_Date,Recruitment_Date,Organization_ID) VALUES ("3120482", "Μαριγώ", "Decker", "Male", "1980-10-05", "2021-09-06", "3119010");
INSERT INTO Researcher (Researcher_ID,Name,Surname,Gender,Birth_Date,Recruitment_Date,Organization_ID) VALUES ("3120483", "Ιωακείμ", "Δαμαλά", "Female", "1981-08-04", "2020-12-24", "3119022");
INSERT INTO Researcher (Researcher_ID,Name,Surname,Gender,Birth_Date,Recruitment_Date,Organization_ID) VALUES ("3120484", "Χριστόφορος", "Τόλη", "Other", "1974-05-02", "2021-10-31", "3119042");
INSERT INTO Researcher (Researcher_ID,Name,Surname,Gender,Birth_Date,Recruitment_Date,Organization_ID) VALUES ("3120485", "Φοίβη", "Καλομοίρη", "Male", "1971-03-16", "2021-10-09", "3119032");
INSERT INTO Researcher (Researcher_ID,Name,Surname,Gender,Birth_Date,Recruitment_Date,Organization_ID) VALUES ("3120486", "Πωλίνα", "Παπασπηλιωτοπούλου", "Female", "1961-10-01", "2020-01-09", "3119046");
INSERT INTO Researcher (Researcher_ID,Name,Surname,Gender,Birth_Date,Recruitment_Date,Organization_ID) VALUES ("3120487", "Ερωφίλη", "Τσαχάκη", "Other", "1966-07-23", "2020-07-24", "3119022");
INSERT INTO Researcher (Researcher_ID,Name,Surname,Gender,Birth_Date,Recruitment_Date,Organization_ID) VALUES ("3120488", "Ξανθός", "Hill", "Male", "1978-07-22", "2020-07-23", "3119009");
INSERT INTO Researcher (Researcher_ID,Name,Surname,Gender,Birth_Date,Recruitment_Date,Organization_ID) VALUES ("3120489", "Ασημίνα", "Παλαιολογοπούλου", "Female", "1972-05-07", "2021-01-08", "3119005");
INSERT INTO Researcher (Researcher_ID,Name,Surname,Gender,Birth_Date,Recruitment_Date,Organization_ID) VALUES ("3120490", "Charlene", "Μανιάτη", "Other", "1989-09-25", "2022-02-20", "3119024");
INSERT INTO Researcher (Researcher_ID,Name,Surname,Gender,Birth_Date,Recruitment_Date,Organization_ID) VALUES ("3120491", "Απόστολος", "Δήμου", "Male", "1976-12-24", "2020-06-20", "3119024");
INSERT INTO Researcher (Researcher_ID,Name,Surname,Gender,Birth_Date,Recruitment_Date,Organization_ID) VALUES ("3120492", "Heather", "Ξηρός", "Female", "1965-04-23", "2022-05-20", "3119015");
INSERT INTO Researcher (Researcher_ID,Name,Surname,Gender,Birth_Date,Recruitment_Date,Organization_ID) VALUES ("3120493", "Αθανασία", "Martin", "Other", "1975-08-01", "2021-04-04", "3119019");
INSERT INTO Researcher (Researcher_ID,Name,Surname,Gender,Birth_Date,Recruitment_Date,Organization_ID) VALUES ("3120494", "Σμαράγδα", "Bowman", "Male", "1977-09-29", "2022-04-27", "3119009");
INSERT INTO Researcher (Researcher_ID,Name,Surname,Gender,Birth_Date,Recruitment_Date,Organization_ID) VALUES ("3120495", "Ιωάννης", "Χαλαντζούκα", "Female", "1991-10-05", "2020-08-04", "3119046");
INSERT INTO Researcher (Researcher_ID,Name,Surname,Gender,Birth_Date,Recruitment_Date,Organization_ID) VALUES ("3120496", "Αβραάμ", "Λύτρα", "Other", "1980-12-24", "2020-08-23", "3119006");
INSERT INTO Researcher (Researcher_ID,Name,Surname,Gender,Birth_Date,Recruitment_Date,Organization_ID) VALUES ("3120497", "Βιργινία", "Γιατράκου", "Male", "1996-04-21", "2021-05-23", "3119015");
INSERT INTO Researcher (Researcher_ID,Name,Surname,Gender,Birth_Date,Recruitment_Date,Organization_ID) VALUES ("3120498", "Kim", "Τζιόρτζιος", "Female", "1994-06-05", "2021-08-01", "3119017");
INSERT INTO Researcher (Researcher_ID,Name,Surname,Gender,Birth_Date,Recruitment_Date,Organization_ID) VALUES ("3120499", "Δωροθέα", "Cervantes", "Other", "1970-10-12", "2021-11-25", "3119004");
INSERT INTO Researcher (Researcher_ID,Name,Surname,Gender,Birth_Date,Recruitment_Date,Organization_ID) VALUES ("3120500", "Σαββούλα", "Bennett", "Male", "1998-11-03", "2020-09-12", "3119006");
INSERT INTO Researcher (Researcher_ID,Name,Surname,Gender,Birth_Date,Recruitment_Date,Organization_ID) VALUES ("3120501", "Τατιάνα", "Rich", "Female", "1999-07-06", "2021-10-20", "3119033");
INSERT INTO Researcher (Researcher_ID,Name,Surname,Gender,Birth_Date,Recruitment_Date,Organization_ID) VALUES ("3120502", "Joshua", "Hicks", "Other", "1994-12-26", "2021-03-30", "3119013");
INSERT INTO Researcher (Researcher_ID,Name,Surname,Gender,Birth_Date,Recruitment_Date,Organization_ID) VALUES ("3120503", "Αλκιβιάδης", "Δημητρόπουλος", "Male", "1980-06-10", "2020-01-29", "3119035");
INSERT INTO Researcher (Researcher_ID,Name,Surname,Gender,Birth_Date,Recruitment_Date,Organization_ID) VALUES ("3120504", "Ιππόλυτος", "Stevens", "Female", "1972-02-11", "2021-04-16", "3119030");
INSERT INTO Researcher (Researcher_ID,Name,Surname,Gender,Birth_Date,Recruitment_Date,Organization_ID) VALUES ("3120505", "Cathy", "Yates", "Other", "1965-11-24", "2020-12-22", "3119008");
INSERT INTO Researcher (Researcher_ID,Name,Surname,Gender,Birth_Date,Recruitment_Date,Organization_ID) VALUES ("3120506", "Ian", "Μαυραειδή", "Male", "1978-09-13", "2020-10-17", "3119046");
INSERT INTO Researcher (Researcher_ID,Name,Surname,Gender,Birth_Date,Recruitment_Date,Organization_ID) VALUES ("3120507", "Μάρκος", "Μάρα", "Female", "1990-11-29", "2020-09-07", "3119006");
INSERT INTO Researcher (Researcher_ID,Name,Surname,Gender,Birth_Date,Recruitment_Date,Organization_ID) VALUES ("3120508", "Autumn", "Αναστασίου", "Other", "1971-02-17", "2021-02-16", "3119008");
INSERT INTO Researcher (Researcher_ID,Name,Surname,Gender,Birth_Date,Recruitment_Date,Organization_ID) VALUES ("3120509", "Βλάσιος", "Craig", "Male", "1972-04-20", "2022-05-22", "3119000");
INSERT INTO Researcher (Researcher_ID,Name,Surname,Gender,Birth_Date,Recruitment_Date,Organization_ID) VALUES ("3120510", "Αγάπιος", "Σταυριανός", "Female", "1967-08-11", "2021-05-18", "3119041");
INSERT INTO Researcher (Researcher_ID,Name,Surname,Gender,Birth_Date,Recruitment_Date,Organization_ID) VALUES ("3120511", "Παυσανίας", "Sullivan", "Other", "1995-08-28", "2020-10-19", "3119002");
INSERT INTO Researcher (Researcher_ID,Name,Surname,Gender,Birth_Date,Recruitment_Date,Organization_ID) VALUES ("3120512", "Περσεφόνη", "Sandoval", "Male", "1981-08-26", "2022-05-18", "3119027");
INSERT INTO Researcher (Researcher_ID,Name,Surname,Gender,Birth_Date,Recruitment_Date,Organization_ID) VALUES ("3120513", "Sarah", "Randall", "Female", "1992-04-20", "2022-04-12", "3119000");
INSERT INTO Researcher (Researcher_ID,Name,Surname,Gender,Birth_Date,Recruitment_Date,Organization_ID) VALUES ("3120514", "Samantha", "Reynolds", "Other", "1986-07-22", "2020-10-14", "3119007");
INSERT INTO Researcher (Researcher_ID,Name,Surname,Gender,Birth_Date,Recruitment_Date,Organization_ID) VALUES ("3120515", "Πάτροκλος", "Martinez", "Male", "1973-06-19", "2021-04-06", "3119003");
INSERT INTO Researcher (Researcher_ID,Name,Surname,Gender,Birth_Date,Recruitment_Date,Organization_ID) VALUES ("3120516", "Carrie", "Ballard", "Female", "1995-10-01", "2021-01-22", "3119024");
INSERT INTO Researcher (Researcher_ID,Name,Surname,Gender,Birth_Date,Recruitment_Date,Organization_ID) VALUES ("3120517", "Christopher", "Βαμβακάς", "Other", "1982-01-21", "2021-08-11", "3119038");
INSERT INTO Researcher (Researcher_ID,Name,Surname,Gender,Birth_Date,Recruitment_Date,Organization_ID) VALUES ("3120518", "Patrick", "Fox", "Male", "1998-10-28", "2021-11-17", "3119019");
INSERT INTO Researcher (Researcher_ID,Name,Surname,Gender,Birth_Date,Recruitment_Date,Organization_ID) VALUES ("3120519", "Θεοφύλακτη", "Summers", "Female", "1963-01-06", "2020-10-20", "3119034");
INSERT INTO Researcher (Researcher_ID,Name,Surname,Gender,Birth_Date,Recruitment_Date,Organization_ID) VALUES ("3120520", "Σώζων", "Ραχωβίτσας", "Other", "1964-07-28", "2020-02-22", "3119025");
INSERT INTO Researcher (Researcher_ID,Name,Surname,Gender,Birth_Date,Recruitment_Date,Organization_ID) VALUES ("3120521", "Διομήδης", "Ξενίδη", "Male", "1972-11-25", "2021-09-13", "3119000");
INSERT INTO Researcher (Researcher_ID,Name,Surname,Gender,Birth_Date,Recruitment_Date,Organization_ID) VALUES ("3120522", "Μιχαήλ", "Σκούμπρου", "Female", "1992-05-15", "2021-01-18", "3119013");
INSERT INTO Researcher (Researcher_ID,Name,Surname,Gender,Birth_Date,Recruitment_Date,Organization_ID) VALUES ("3120523", "Sara", "Myers", "Other", "1993-04-19", "2022-04-11", "3119011");
INSERT INTO Researcher (Researcher_ID,Name,Surname,Gender,Birth_Date,Recruitment_Date,Organization_ID) VALUES ("3120524", "Stephanie", "Buck", "Male", "1973-12-06", "2020-08-16", "3119044");
INSERT INTO Researcher (Researcher_ID,Name,Surname,Gender,Birth_Date,Recruitment_Date,Organization_ID) VALUES ("3120525", "Tracy", "Murphy", "Female", "1993-01-09", "2021-03-01", "3119005");
INSERT INTO Researcher (Researcher_ID,Name,Surname,Gender,Birth_Date,Recruitment_Date,Organization_ID) VALUES ("3120526", "Μαρίνα", "Τουρνά", "Other", "1990-02-16", "2020-07-08", "3119023");
INSERT INTO Researcher (Researcher_ID,Name,Surname,Gender,Birth_Date,Recruitment_Date,Organization_ID) VALUES ("3120527", "Ροδόφλος", "Barnett", "Male", "1981-09-14", "2021-06-03", "3119007");
INSERT INTO Researcher (Researcher_ID,Name,Surname,Gender,Birth_Date,Recruitment_Date,Organization_ID) VALUES ("3120528", "Rachael", "Ζαχαρίου", "Female", "1966-11-30", "2020-09-07", "3119048");
INSERT INTO Researcher (Researcher_ID,Name,Surname,Gender,Birth_Date,Recruitment_Date,Organization_ID) VALUES ("3120529", "Χριστιάν", "Ασημόπουλος", "Other", "1979-04-25", "2021-03-23", "3119043");
INSERT INTO Researcher (Researcher_ID,Name,Surname,Gender,Birth_Date,Recruitment_Date,Organization_ID) VALUES ("3120530", "Traci", "Καμποσάκης", "Male", "1987-02-16", "2021-08-04", "3119030");
INSERT INTO Researcher (Researcher_ID,Name,Surname,Gender,Birth_Date,Recruitment_Date,Organization_ID) VALUES ("3120531", "Phyllis", "Αδαμοπούλου", "Female", "1980-10-09", "2021-05-31", "3119049");
INSERT INTO Researcher (Researcher_ID,Name,Surname,Gender,Birth_Date,Recruitment_Date,Organization_ID) VALUES ("3120532", "Ιφιγένεια", "Salinas", "Other", "1991-03-27", "2022-01-02", "3119013");
INSERT INTO Researcher (Researcher_ID,Name,Surname,Gender,Birth_Date,Recruitment_Date,Organization_ID) VALUES ("3120533", "Susan", "Franco", "Male", "1983-07-16", "2020-06-06", "3119012");
INSERT INTO Researcher (Researcher_ID,Name,Surname,Gender,Birth_Date,Recruitment_Date,Organization_ID) VALUES ("3120534", "Θεοδόσιος", "Γιαπατζής", "Female", "1964-11-16", "2022-05-06", "3119010");
INSERT INTO Researcher (Researcher_ID,Name,Surname,Gender,Birth_Date,Recruitment_Date,Organization_ID) VALUES ("3120535", "Marcia", "Powell", "Other", "1977-11-24", "2021-12-30", "3119009");
INSERT INTO Researcher (Researcher_ID,Name,Surname,Gender,Birth_Date,Recruitment_Date,Organization_ID) VALUES ("3120536", "Ευστράτιος", "Σαραφίδης", "Male", "1977-03-29", "2020-07-12", "3119045");
INSERT INTO Researcher (Researcher_ID,Name,Surname,Gender,Birth_Date,Recruitment_Date,Organization_ID) VALUES ("3120537", "Ευστρατία", "Gonzalez", "Female", "1972-06-06", "2020-06-12", "3119039");
INSERT INTO Researcher (Researcher_ID,Name,Surname,Gender,Birth_Date,Recruitment_Date,Organization_ID) VALUES ("3120538", "Γραμματική", "Smith", "Other", "1982-07-28", "2021-04-08", "3119040");
INSERT INTO Researcher (Researcher_ID,Name,Surname,Gender,Birth_Date,Recruitment_Date,Organization_ID) VALUES ("3120539", "Brianna", "Κατσαρός", "Male", "1971-09-19", "2021-03-27", "3119038");
INSERT INTO Researcher (Researcher_ID,Name,Surname,Gender,Birth_Date,Recruitment_Date,Organization_ID) VALUES ("3120540", "Ακριβή", "Ξηροτύρη", "Female", "1964-01-15", "2021-07-16", "3119042");
INSERT INTO Researcher (Researcher_ID,Name,Surname,Gender,Birth_Date,Recruitment_Date,Organization_ID) VALUES ("3120541", "Ναταλία", "Clark", "Other", "1977-04-26", "2022-03-17", "3119010");
INSERT INTO Researcher (Researcher_ID,Name,Surname,Gender,Birth_Date,Recruitment_Date,Organization_ID) VALUES ("3120542", "Πολυξένη", "Morris", "Male", "1997-11-18", "2021-03-30", "3119021");
INSERT INTO Researcher (Researcher_ID,Name,Surname,Gender,Birth_Date,Recruitment_Date,Organization_ID) VALUES ("3120543", "Nicholas", "Coleman", "Female", "1983-03-21", "2021-12-06", "3119034");
INSERT INTO Researcher (Researcher_ID,Name,Surname,Gender,Birth_Date,Recruitment_Date,Organization_ID) VALUES ("3120544", "Μικές", "Παπαχρήστου", "Other", "1998-11-04", "2020-04-29", "3119010");
INSERT INTO Researcher (Researcher_ID,Name,Surname,Gender,Birth_Date,Recruitment_Date,Organization_ID) VALUES ("3120545", "Rebecca", "Φωτιάδου", "Male", "1970-04-11", "2021-06-27", "3119044");
INSERT INTO Researcher (Researcher_ID,Name,Surname,Gender,Birth_Date,Recruitment_Date,Organization_ID) VALUES ("3120546", "Stacy", "Αγγελίδης", "Female", "1980-05-26", "2020-05-02", "3119033");
INSERT INTO Researcher (Researcher_ID,Name,Surname,Gender,Birth_Date,Recruitment_Date,Organization_ID) VALUES ("3120547", "Melinda", "Lee", "Other", "1971-11-22", "2021-03-21", "3119014");
INSERT INTO Researcher (Researcher_ID,Name,Surname,Gender,Birth_Date,Recruitment_Date,Organization_ID) VALUES ("3120548", "Megan", "Μαμμής", "Male", "1968-11-18", "2021-02-06", "3119043");
INSERT INTO Researcher (Researcher_ID,Name,Surname,Gender,Birth_Date,Recruitment_Date,Organization_ID) VALUES ("3120549", "Σωκράτης", "Ρωμαίου", "Female", "1985-05-07", "2021-01-18", "3119036");
INSERT INTO Researcher (Researcher_ID,Name,Surname,Gender,Birth_Date,Recruitment_Date,Organization_ID) VALUES ("3120550", "Βαρσάμος", "Κυριακάκης", "Other", "1974-11-05", "2021-06-02", "3119022");
INSERT INTO Researcher (Researcher_ID,Name,Surname,Gender,Birth_Date,Recruitment_Date,Organization_ID) VALUES ("3120551", "Απολλωνία", "Τσιαμούρας", "Male", "1999-08-27", "2021-09-27", "3119032");
INSERT INTO Researcher (Researcher_ID,Name,Surname,Gender,Birth_Date,Recruitment_Date,Organization_ID) VALUES ("3120552", "Connie", "Κυργιά", "Female", "1974-03-06", "2021-03-26", "3119028");
INSERT INTO Researcher (Researcher_ID,Name,Surname,Gender,Birth_Date,Recruitment_Date,Organization_ID) VALUES ("3120553", "Ζαμπία", "Τριφτανίδου", "Other", "1976-05-04", "2021-03-29", "3119032");
INSERT INTO Researcher (Researcher_ID,Name,Surname,Gender,Birth_Date,Recruitment_Date,Organization_ID) VALUES ("3120554", "Ευδοξία", "Πυλαρινός", "Male", "1981-05-27", "2021-12-26", "3119000");
INSERT INTO Researcher (Researcher_ID,Name,Surname,Gender,Birth_Date,Recruitment_Date,Organization_ID) VALUES ("3120555", "Σοφοκλής", "Perry", "Female", "1969-05-04", "2020-05-27", "3119017");
INSERT INTO Researcher (Researcher_ID,Name,Surname,Gender,Birth_Date,Recruitment_Date,Organization_ID) VALUES ("3120556", "David", "Sandoval", "Other", "1995-02-03", "2021-12-22", "3119031");
INSERT INTO Researcher (Researcher_ID,Name,Surname,Gender,Birth_Date,Recruitment_Date,Organization_ID) VALUES ("3120557", "Ασημίνα", "Τσέλλος", "Male", "1967-01-12", "2020-09-14", "3119027");
INSERT INTO Researcher (Researcher_ID,Name,Surname,Gender,Birth_Date,Recruitment_Date,Organization_ID) VALUES ("3120558", "Rachel", "Μαλίμη", "Female", "1975-12-31", "2021-01-05", "3119019");
INSERT INTO Researcher (Researcher_ID,Name,Surname,Gender,Birth_Date,Recruitment_Date,Organization_ID) VALUES ("3120559", "John", "Καζαντζή", "Other", "2000-11-27", "2021-09-12", "3119015");
INSERT INTO Researcher (Researcher_ID,Name,Surname,Gender,Birth_Date,Recruitment_Date,Organization_ID) VALUES ("3120560", "Mark", "Χιωτίδου", "Male", "1985-08-03", "2020-04-03", "3119016");
INSERT INTO Researcher (Researcher_ID,Name,Surname,Gender,Birth_Date,Recruitment_Date,Organization_ID) VALUES ("3120561", "Jennifer", "Μαγούλα", "Female", "1979-11-14", "2022-02-26", "3119030");
INSERT INTO Researcher (Researcher_ID,Name,Surname,Gender,Birth_Date,Recruitment_Date,Organization_ID) VALUES ("3120562", "Βελισσάριος", "Λάλας", "Other", "1992-09-13", "2020-11-18", "3119038");
INSERT INTO Researcher (Researcher_ID,Name,Surname,Gender,Birth_Date,Recruitment_Date,Organization_ID) VALUES ("3120563", "Michael", "Jones", "Male", "1982-02-12", "2020-02-07", "3119002");
INSERT INTO Researcher (Researcher_ID,Name,Surname,Gender,Birth_Date,Recruitment_Date,Organization_ID) VALUES ("3120564", "Κλεάνθης", "Graham", "Female", "1982-03-14", "2022-05-26", "3119042");
INSERT INTO Researcher (Researcher_ID,Name,Surname,Gender,Birth_Date,Recruitment_Date,Organization_ID) VALUES ("3120565", "Αχιλλεία", "Rivera", "Other", "1972-01-02", "2020-12-16", "3119021");
INSERT INTO Researcher (Researcher_ID,Name,Surname,Gender,Birth_Date,Recruitment_Date,Organization_ID) VALUES ("3120566", "Meghan", "Δόσης", "Male", "1974-12-18", "2021-06-22", "3119039");
INSERT INTO Researcher (Researcher_ID,Name,Surname,Gender,Birth_Date,Recruitment_Date,Organization_ID) VALUES ("3120567", "Φιλιππία", "Foster", "Female", "1974-02-14", "2022-04-01", "3119003");
INSERT INTO Researcher (Researcher_ID,Name,Surname,Gender,Birth_Date,Recruitment_Date,Organization_ID) VALUES ("3120568", "Jason", "Campbell", "Other", "1966-06-12", "2021-02-08", "3119031");
INSERT INTO Researcher (Researcher_ID,Name,Surname,Gender,Birth_Date,Recruitment_Date,Organization_ID) VALUES ("3120569", "Αυγουστίνα", "Καραντάνα", "Male", "1992-09-12", "2020-10-26", "3119008");
INSERT INTO Researcher (Researcher_ID,Name,Surname,Gender,Birth_Date,Recruitment_Date,Organization_ID) VALUES ("3120570", "Φρύνη", "Φραγκόπουλος", "Female", "1977-09-11", "2021-04-13", "3119002");
INSERT INTO Researcher (Researcher_ID,Name,Surname,Gender,Birth_Date,Recruitment_Date,Organization_ID) VALUES ("3120571", "Gregory", "Davila", "Other", "1971-02-22", "2021-09-04", "3119045");
INSERT INTO Researcher (Researcher_ID,Name,Surname,Gender,Birth_Date,Recruitment_Date,Organization_ID) VALUES ("3120572", "Paul", "Hudson", "Male", "1963-07-28", "2021-03-15", "3119000");
INSERT INTO Researcher (Researcher_ID,Name,Surname,Gender,Birth_Date,Recruitment_Date,Organization_ID) VALUES ("3120573", "Michael", "Πίσσιος", "Female", "1971-09-02", "2020-10-30", "3119017");
INSERT INTO Researcher (Researcher_ID,Name,Surname,Gender,Birth_Date,Recruitment_Date,Organization_ID) VALUES ("3120574", "Joshua", "Hardin", "Other", "1996-03-15", "2020-12-26", "3119019");
INSERT INTO Researcher (Researcher_ID,Name,Surname,Gender,Birth_Date,Recruitment_Date,Organization_ID) VALUES ("3120575", "Θεοδότη", "Τσικνή", "Male", "1997-09-10", "2021-09-01", "3119043");
INSERT INTO Researcher (Researcher_ID,Name,Surname,Gender,Birth_Date,Recruitment_Date,Organization_ID) VALUES ("3120576", "Ιππόλυτος", "Κουτσικόπουλος", "Female", "1981-03-19", "2022-01-17", "3119024");
INSERT INTO Researcher (Researcher_ID,Name,Surname,Gender,Birth_Date,Recruitment_Date,Organization_ID) VALUES ("3120577", "Τριανταφυλλιά", "Καραντάνα", "Other", "1967-06-27", "2021-09-18", "3119033");
INSERT INTO Researcher (Researcher_ID,Name,Surname,Gender,Birth_Date,Recruitment_Date,Organization_ID) VALUES ("3120578", "Tammy", "Williams", "Male", "1982-04-10", "2021-08-05", "3119025");
INSERT INTO Researcher (Researcher_ID,Name,Surname,Gender,Birth_Date,Recruitment_Date,Organization_ID) VALUES ("3120579", "Ευδόξιος", "Αλαφάκης", "Female", "1980-04-07", "2020-08-06", "3119015");
INSERT INTO Researcher (Researcher_ID,Name,Surname,Gender,Birth_Date,Recruitment_Date,Organization_ID) VALUES ("3120580", "Δωροθέα", "Κουτσουρέλη", "Other", "1968-11-01", "2020-01-19", "3119020");
INSERT INTO Researcher (Researcher_ID,Name,Surname,Gender,Birth_Date,Recruitment_Date,Organization_ID) VALUES ("3120581", "John", "Hart", "Male", "1966-03-13", "2020-03-23", "3119000");
INSERT INTO Researcher (Researcher_ID,Name,Surname,Gender,Birth_Date,Recruitment_Date,Organization_ID) VALUES ("3120582", "Κρυσταλλένια", "Ortiz", "Female", "1996-04-04", "2020-03-11", "3119018");
INSERT INTO Researcher (Researcher_ID,Name,Surname,Gender,Birth_Date,Recruitment_Date,Organization_ID) VALUES ("3120583", "Theresa", "Κουτσογιάννόπουλος", "Other", "1974-12-02", "2021-06-15", "3119035");
INSERT INTO Researcher (Researcher_ID,Name,Surname,Gender,Birth_Date,Recruitment_Date,Organization_ID) VALUES ("3120584", "Jessica", "Mcdaniel", "Male", "1999-03-27", "2022-03-29", "3119017");
INSERT INTO Researcher (Researcher_ID,Name,Surname,Gender,Birth_Date,Recruitment_Date,Organization_ID) VALUES ("3120585", "Eric", "Ταχμαζίδης", "Female", "1966-12-28", "2022-04-15", "3119019");
INSERT INTO Researcher (Researcher_ID,Name,Surname,Gender,Birth_Date,Recruitment_Date,Organization_ID) VALUES ("3120586", "Γιασεμή", "Ξηρίδου", "Other", "1973-09-26", "2021-07-10", "3119039");
INSERT INTO Researcher (Researcher_ID,Name,Surname,Gender,Birth_Date,Recruitment_Date,Organization_ID) VALUES ("3120587", "Anthony", "Miller", "Male", "1962-06-07", "2020-04-26", "3119032");
INSERT INTO Researcher (Researcher_ID,Name,Surname,Gender,Birth_Date,Recruitment_Date,Organization_ID) VALUES ("3120588", "Βενετία", "Σταματιάδης", "Female", "1970-10-22", "2022-03-25", "3119024");
INSERT INTO Researcher (Researcher_ID,Name,Surname,Gender,Birth_Date,Recruitment_Date,Organization_ID) VALUES ("3120589", "Αρτέμης", "Σταθάτος", "Other", "1988-04-22", "2021-12-05", "3119043");
INSERT INTO Researcher (Researcher_ID,Name,Surname,Gender,Birth_Date,Recruitment_Date,Organization_ID) VALUES ("3120590", "Καλλιρόη", "Γουργουλής", "Male", "2002-03-24", "2020-08-20", "3119008");
INSERT INTO Researcher (Researcher_ID,Name,Surname,Gender,Birth_Date,Recruitment_Date,Organization_ID) VALUES ("3120591", "Ζαφειρία", "Simmons", "Female", "1987-09-29", "2022-05-16", "3119015");
INSERT INTO Researcher (Researcher_ID,Name,Surname,Gender,Birth_Date,Recruitment_Date,Organization_ID) VALUES ("3120592", "Ronald", "Pierce", "Other", "1965-07-11", "2022-01-25", "3119015");
INSERT INTO Researcher (Researcher_ID,Name,Surname,Gender,Birth_Date,Recruitment_Date,Organization_ID) VALUES ("3120593", "Samantha", "Cruz", "Male", "1988-01-28", "2020-01-04", "3119022");
INSERT INTO Researcher (Researcher_ID,Name,Surname,Gender,Birth_Date,Recruitment_Date,Organization_ID) VALUES ("3120594", "Απολλωνία", "Jones", "Female", "1993-06-18", "2021-01-05", "3119013");
INSERT INTO Researcher (Researcher_ID,Name,Surname,Gender,Birth_Date,Recruitment_Date,Organization_ID) VALUES ("3120595", "Tamara", "Καρατζαφέρης", "Other", "1985-10-26", "2020-08-11", "3119026");
INSERT INTO Researcher (Researcher_ID,Name,Surname,Gender,Birth_Date,Recruitment_Date,Organization_ID) VALUES ("3120596", "Megan", "Herrera", "Male", "1968-05-29", "2022-04-13", "3119041");
INSERT INTO Researcher (Researcher_ID,Name,Surname,Gender,Birth_Date,Recruitment_Date,Organization_ID) VALUES ("3120597", "Νικολέτα", "Τοσούνη", "Female", "1989-08-27", "2021-05-04", "3119008");
INSERT INTO Researcher (Researcher_ID,Name,Surname,Gender,Birth_Date,Recruitment_Date,Organization_ID) VALUES ("3120598", "Nathan", "Καρατζίκος", "Other", "1968-08-06", "2022-03-04", "3119045");
INSERT INTO Researcher (Researcher_ID,Name,Surname,Gender,Birth_Date,Recruitment_Date,Organization_ID) VALUES ("3120599", "Allison", "Mcknight", "Male", "1983-06-21", "2020-07-01", "3119029");
INSERT INTO Project (Project_ID,Name,Summary,Project_Funds,Start_Date,End_Date,Executive_ID,Program_ID,Organization_ID,Research_Manager_ID) VALUES ("3119000", "Λίγο Του Ως", "Διοικητικό εργασίας το γνωρίζουμε από ανά.", "384244", "2021-03-12", "2022-05-12", "3119174", "3119078", "3119022", "3119710");
INSERT INTO Works_On (Researcher_ID,Project_ID,Start_Date) VALUES ("3119710", "3119000", "2021-03-12");
INSERT INTO Project (Project_ID,Name,Summary,Project_Funds,Start_Date,End_Date,Executive_ID,Program_ID,Organization_ID,Research_Manager_ID) VALUES ("3119001", "Voluptatem Facilis", "Vitae odit expedita atque dignissimos. Voluptatum a inventore dolor non.", "572344", "2020-09-24", "2023-02-10", "3119078", "3119095", "3119048", "3119278");
INSERT INTO Works_On (Researcher_ID,Project_ID,Start_Date) VALUES ("3119278", "3119001", "2020-09-24");
INSERT INTO Project (Project_ID,Name,Summary,Project_Funds,Start_Date,End_Date,Executive_ID,Program_ID,Organization_ID,Research_Manager_ID) VALUES ("3119002", "Μας Μιας Μα Σαν", "Recusandae magni expedita provident facilis. Adipisci et sequi ea harum.", "187124", "2022-02-17", "2025-09-02", "3119109", "3119163", "3119017", "3119534");
INSERT INTO Works_On (Researcher_ID,Project_ID,Start_Date) VALUES ("3119534", "3119002", "2022-02-17");
INSERT INTO Project (Project_ID,Name,Summary,Project_Funds,Start_Date,End_Date,Executive_ID,Program_ID,Organization_ID,Research_Manager_ID) VALUES ("3119003", "Σας Ευκολότερο Δύο", "Χρησιμοποιούσες ήδη ταξινομεί επιδιόρθωση παράδειγμα πόρτες ανεπιθύμητη.", "533102", "2021-11-04", "2023-01-15", "3119106", "3119087", "3119029", "3119875");
INSERT INTO Works_On (Researcher_ID,Project_ID,Start_Date) VALUES ("3119875", "3119003", "2021-11-04");
INSERT INTO Project (Project_ID,Name,Summary,Project_Funds,Start_Date,End_Date,Executive_ID,Program_ID,Organization_ID,Research_Manager_ID) VALUES ("3119004", "Άρθρων Ερώτηση", "Στήλες απλό δε τοπικές. Και γνωστή γεγονός ρωτήσει προϊόντα μέρος.", "935757", "2021-07-25", "2025-05-09", "3119105", "3119091", "3119041", "3119855");
INSERT INTO Works_On (Researcher_ID,Project_ID,Start_Date) VALUES ("3119855", "3119004", "2021-07-25");
INSERT INTO Project (Project_ID,Name,Summary,Project_Funds,Start_Date,End_Date,Executive_ID,Program_ID,Organization_ID,Research_Manager_ID) VALUES ("3119005", "Soluta Sed Tempore", "Ίδιο μέχρι αναφορά τον θα έξι από.", "687963", "2021-05-20", "2024-11-05", "3119093", "3119025", "3119017", "3120007");
INSERT INTO Works_On (Researcher_ID,Project_ID,Start_Date) VALUES ("3120007", "3119005", "2021-05-20");
INSERT INTO Project (Project_ID,Name,Summary,Project_Funds,Start_Date,End_Date,Executive_ID,Program_ID,Organization_ID,Research_Manager_ID) VALUES ("3119006", "Μια Μη Σου", "Delectus quis id minima provident.", "130439", "2022-05-13", "2024-02-02", "3119136", "3119124", "3119031", "3119838");
INSERT INTO Works_On (Researcher_ID,Project_ID,Start_Date) VALUES ("3119838", "3119006", "2022-05-13");
INSERT INTO Project (Project_ID,Name,Summary,Project_Funds,Start_Date,End_Date,Executive_ID,Program_ID,Organization_ID,Research_Manager_ID) VALUES ("3119007", "Για Τον Ανά Έχω", "Χρόνου χώρου πάντα εργαλείων μια χρησιμοποίησέ περιμένουν.", "419925", "2020-12-02", "2024-10-30", "3119067", "3119158", "3119045", "3119908");
INSERT INTO Works_On (Researcher_ID,Project_ID,Start_Date) VALUES ("3119908", "3119007", "2020-12-02");
INSERT INTO Project (Project_ID,Name,Summary,Project_Funds,Start_Date,End_Date,Executive_ID,Program_ID,Organization_ID,Research_Manager_ID) VALUES ("3119008", "Repellat Voluptatem", "Προσπαθήσεις πήρε κανόνα πολύ.", "529964", "2021-03-23", "2023-01-27", "3119025", "3119100", "3119009", "3119849");
INSERT INTO Works_On (Researcher_ID,Project_ID,Start_Date) VALUES ("3119849", "3119008", "2021-03-23");
INSERT INTO Project (Project_ID,Name,Summary,Project_Funds,Start_Date,End_Date,Executive_ID,Program_ID,Organization_ID,Research_Manager_ID) VALUES ("3119009", "Eveniet Possimus Et", "Unde iste ipsa odit exercitationem quos itaque. Nesciunt ullam impedit.", "800442", "2021-03-26", "2022-07-07", "3119013", "3119014", "3119037", "3120040");
INSERT INTO Works_On (Researcher_ID,Project_ID,Start_Date) VALUES ("3120040", "3119009", "2021-03-26");
INSERT INTO Project (Project_ID,Name,Summary,Project_Funds,Start_Date,End_Date,Executive_ID,Program_ID,Organization_ID,Research_Manager_ID) VALUES ("3119010", "Αυτός Λίγο", "Πάντα για σημαντικός τύπου γράψει μέσης.", "623813", "2021-08-02", "2024-06-03", "3119178", "3119179", "3119002", "3119906");
INSERT INTO Works_On (Researcher_ID,Project_ID,Start_Date) VALUES ("3119906", "3119010", "2021-08-02");
INSERT INTO Project (Project_ID,Name,Summary,Project_Funds,Start_Date,End_Date,Executive_ID,Program_ID,Organization_ID,Research_Manager_ID) VALUES ("3119011", "Μέσης Δεδομένων", "Εργαζόμενοι τα διαπιστώνεις χαρτιού ακούσει άτομο άρα τα.", "808438", "2020-04-20", "2021-06-04", "3119184", "3119007", "3119012", "3119957");
INSERT INTO Works_On (Researcher_ID,Project_ID,Start_Date) VALUES ("3119957", "3119011", "2020-04-20");
INSERT INTO Project (Project_ID,Name,Summary,Project_Funds,Start_Date,End_Date,Executive_ID,Program_ID,Organization_ID,Research_Manager_ID) VALUES ("3119012", "System Eye Quite", "We boy without sure place. To out approach national.", "495453", "2021-09-14", "2024-11-24", "3119021", "3119048", "3119031", "3119846");
INSERT INTO Works_On (Researcher_ID,Project_ID,Start_Date) VALUES ("3119846", "3119012", "2021-09-14");
INSERT INTO Project (Project_ID,Name,Summary,Project_Funds,Start_Date,End_Date,Executive_ID,Program_ID,Organization_ID,Research_Manager_ID) VALUES ("3119013", "Vitae Ab Odio Illum", "Quasi eos iure. Odio consectetur magni.", "725650", "2020-05-06", "2024-01-18", "3119093", "3119170", "3119013", "3119235");
INSERT INTO Works_On (Researcher_ID,Project_ID,Start_Date) VALUES ("3119235", "3119013", "2020-05-06");
INSERT INTO Project (Project_ID,Name,Summary,Project_Funds,Start_Date,End_Date,Executive_ID,Program_ID,Organization_ID,Research_Manager_ID) VALUES ("3119014", "Πολύ Διαπιστώνεις", "Aut neque saepe dolor ex. Laborum nostrum tenetur quas vitae temporibus.", "709239", "2019-11-15", "2022-09-26", "3119067", "3119145", "3119037", "3119797");
INSERT INTO Works_On (Researcher_ID,Project_ID,Start_Date) VALUES ("3119797", "3119014", "2019-11-15");
INSERT INTO Project (Project_ID,Name,Summary,Project_Funds,Start_Date,End_Date,Executive_ID,Program_ID,Organization_ID,Research_Manager_ID) VALUES ("3119015", "Sed Recusandae Non", "Affect exactly care performance. Low nothing low most.", "478148", "2022-04-29", "2025-10-31", "3119136", "3119085", "3119038", "3119246");
INSERT INTO Works_On (Researcher_ID,Project_ID,Start_Date) VALUES ("3119246", "3119015", "2022-04-29");
INSERT INTO Project (Project_ID,Name,Summary,Project_Funds,Start_Date,End_Date,Executive_ID,Program_ID,Organization_ID,Research_Manager_ID) VALUES ("3119016", "Λετπά Το Εκθέσεις", "Από νέο ερώτηση έχω χώρου χαρακτηριστικό εγώ νόμιζες.", "414374", "2021-06-13", "2023-12-15", "3119018", "3119197", "3119046", "3119489");
INSERT INTO Works_On (Researcher_ID,Project_ID,Start_Date) VALUES ("3119489", "3119016", "2021-06-13");
INSERT INTO Project (Project_ID,Name,Summary,Project_Funds,Start_Date,End_Date,Executive_ID,Program_ID,Organization_ID,Research_Manager_ID) VALUES ("3119017", "Ab Corporis", "Labore nostrum ratione sunt perferendis quod quibusdam aut.", "233077", "2020-03-28", "2021-11-01", "3119195", "3119066", "3119006", "3119865");
INSERT INTO Works_On (Researcher_ID,Project_ID,Start_Date) VALUES ("3119865", "3119017", "2020-03-28");
INSERT INTO Project (Project_ID,Name,Summary,Project_Funds,Start_Date,End_Date,Executive_ID,Program_ID,Organization_ID,Research_Manager_ID) VALUES ("3119018", "Μπουν Στη Πετάξαμε", "Numquam saepe itaque aliquam quidem dolores culpa necessitatibus.", "185232", "2019-12-20", "2023-04-30", "3119108", "3119106", "3119010", "3119825");
INSERT INTO Works_On (Researcher_ID,Project_ID,Start_Date) VALUES ("3119825", "3119018", "2019-12-20");
INSERT INTO Project (Project_ID,Name,Summary,Project_Funds,Start_Date,End_Date,Executive_ID,Program_ID,Organization_ID,Research_Manager_ID) VALUES ("3119019", "Harum Eveniet Ex In", "Magnam voluptates fugiat asperiores.", "500334", "2022-01-12", "2023-04-02", "3119097", "3119019", "3119034", "3119831");
INSERT INTO Works_On (Researcher_ID,Project_ID,Start_Date) VALUES ("3119831", "3119019", "2022-01-12");
INSERT INTO Project (Project_ID,Name,Summary,Project_Funds,Start_Date,End_Date,Executive_ID,Program_ID,Organization_ID,Research_Manager_ID) VALUES ("3119020", "Fuga Quia Mollitia", "Πετάνε μέγιστη επιδιορθώσεις εκτός εκτελείται στη θα.", "566465", "2021-12-25", "2023-05-14", "3119005", "3119191", "3119017", "3119474");
INSERT INTO Works_On (Researcher_ID,Project_ID,Start_Date) VALUES ("3119474", "3119020", "2021-12-25");
INSERT INTO Project (Project_ID,Name,Summary,Project_Funds,Start_Date,End_Date,Executive_ID,Program_ID,Organization_ID,Research_Manager_ID) VALUES ("3119021", "Throw Prepare", "Saepe temporibus voluptatum earum.", "265806", "2021-06-19", "2022-11-08", "3119128", "3119196", "3119012", "3119331");
INSERT INTO Works_On (Researcher_ID,Project_ID,Start_Date) VALUES ("3119331", "3119021", "2021-06-19");
INSERT INTO Project (Project_ID,Name,Summary,Project_Funds,Start_Date,End_Date,Executive_ID,Program_ID,Organization_ID,Research_Manager_ID) VALUES ("3119022", "Από Για Και Τις", "Ίδιο γεγονός περισσότερες προσπαθήσεις προκαλείς. Κι λίγο αρχεία κάτι.", "449271", "2021-10-19", "2024-07-10", "3119031", "3119000", "3119044", "3119180");
INSERT INTO Works_On (Researcher_ID,Project_ID,Start_Date) VALUES ("3119180", "3119022", "2021-10-19");
INSERT INTO Project (Project_ID,Name,Summary,Project_Funds,Start_Date,End_Date,Executive_ID,Program_ID,Organization_ID,Research_Manager_ID) VALUES ("3119023", "Million Fall Group", "Βάζοντας τοπικές σημαντικός εκτελέσει δεν. Σαν σκεφτείς φακέλους.", "885184", "2021-04-07", "2023-02-25", "3119044", "3119112", "3119026", "3120159");
INSERT INTO Works_On (Researcher_ID,Project_ID,Start_Date) VALUES ("3120159", "3119023", "2021-04-07");
INSERT INTO Project (Project_ID,Name,Summary,Project_Funds,Start_Date,End_Date,Executive_ID,Program_ID,Organization_ID,Research_Manager_ID) VALUES ("3119024", "Έστελνε", "Ανά ξέχασε προβληματική νέο χρονοδιαγράμματος στις δεν.", "872327", "2019-11-21", "2023-05-02", "3119090", "3119188", "3119024", "3119329");
INSERT INTO Works_On (Researcher_ID,Project_ID,Start_Date) VALUES ("3119329", "3119024", "2019-11-21");
INSERT INTO Project (Project_ID,Name,Summary,Project_Funds,Start_Date,End_Date,Executive_ID,Program_ID,Organization_ID,Research_Manager_ID) VALUES ("3119025", "Earum Alias Iste", "Veniam architecto harum minima eum. Quo laboriosam velit libero nostrum.", "936899", "2020-07-27", "2023-09-28", "3119103", "3119137", "3119043", "3119893");
INSERT INTO Works_On (Researcher_ID,Project_ID,Start_Date) VALUES ("3119893", "3119025", "2020-07-27");
INSERT INTO Project (Project_ID,Name,Summary,Project_Funds,Start_Date,End_Date,Executive_ID,Program_ID,Organization_ID,Research_Manager_ID) VALUES ("3119026", "Direction Town", "Έτσι κι φίλος ποια.", "507599", "2020-04-06", "2021-04-20", "3119146", "3119141", "3119042", "3119116");
INSERT INTO Works_On (Researcher_ID,Project_ID,Start_Date) VALUES ("3119116", "3119026", "2020-04-06");
INSERT INTO Project (Project_ID,Name,Summary,Project_Funds,Start_Date,End_Date,Executive_ID,Program_ID,Organization_ID,Research_Manager_ID) VALUES ("3119027", "Έρθει Την Κάτι", "Διακόψουμε δύο βασανίζουν μπουν χαμηλός πιο μην.", "680218", "2022-02-21", "2024-05-29", "3119057", "3119020", "3119009", "3119240");
INSERT INTO Works_On (Researcher_ID,Project_ID,Start_Date) VALUES ("3119240", "3119027", "2022-02-21");
INSERT INTO Project (Project_ID,Name,Summary,Project_Funds,Start_Date,End_Date,Executive_ID,Program_ID,Organization_ID,Research_Manager_ID) VALUES ("3119028", "Μέχρι Για Συγγραφής", "Προκύπτουν πρώτο πηγαίου αν πιο πεδία.", "560903", "2022-05-13", "2024-01-04", "3119120", "3119183", "3119020", "3119228");
INSERT INTO Works_On (Researcher_ID,Project_ID,Start_Date) VALUES ("3119228", "3119028", "2022-05-13");
INSERT INTO Project (Project_ID,Name,Summary,Project_Funds,Start_Date,End_Date,Executive_ID,Program_ID,Organization_ID,Research_Manager_ID) VALUES ("3119029", "Ήδη Διορθώσει Ωραίο", "Government statement inside phone evening woman early.", "680283", "2019-12-22", "2021-07-02", "3119040", "3119087", "3119044", "3119408");
INSERT INTO Works_On (Researcher_ID,Project_ID,Start_Date) VALUES ("3119408", "3119029", "2019-12-22");
INSERT INTO Project (Project_ID,Name,Summary,Project_Funds,Start_Date,End_Date,Executive_ID,Program_ID,Organization_ID,Research_Manager_ID) VALUES ("3119030", "Iste Vero Ducimus", "Participant edge mention social foreign after try.", "363025", "2020-05-13", "2023-05-05", "3119077", "3119079", "3119035", "3119217");
INSERT INTO Works_On (Researcher_ID,Project_ID,Start_Date) VALUES ("3119217", "3119030", "2020-05-13");
INSERT INTO Project (Project_ID,Name,Summary,Project_Funds,Start_Date,End_Date,Executive_ID,Program_ID,Organization_ID,Research_Manager_ID) VALUES ("3119031", "Παραπάνω Εδώ Ο Ήδη", "Design different economic prepare scientist. Hundred time minute prevent.", "354706", "2020-10-14", "2024-03-27", "3119021", "3119197", "3119037", "3119094");
INSERT INTO Works_On (Researcher_ID,Project_ID,Start_Date) VALUES ("3119094", "3119031", "2020-10-14");
INSERT INTO Project (Project_ID,Name,Summary,Project_Funds,Start_Date,End_Date,Executive_ID,Program_ID,Organization_ID,Research_Manager_ID) VALUES ("3119032", "Consequuntur Dicta", "Με διαφήμιση δύο μέχρι πάντα γέλασαν συγγραφής.", "156323", "2021-11-16", "2024-07-13", "3119089", "3119136", "3119046", "3119517");
INSERT INTO Works_On (Researcher_ID,Project_ID,Start_Date) VALUES ("3119517", "3119032", "2021-11-16");
INSERT INTO Project (Project_ID,Name,Summary,Project_Funds,Start_Date,End_Date,Executive_ID,Program_ID,Organization_ID,Research_Manager_ID) VALUES ("3119033", "Πλέον Κειμένων", "Moment spring type trouble theory Mr.", "775941", "2021-12-15", "2024-01-05", "3119076", "3119134", "3119032", "3119917");
INSERT INTO Works_On (Researcher_ID,Project_ID,Start_Date) VALUES ("3119917", "3119033", "2021-12-15");
INSERT INTO Project (Project_ID,Name,Summary,Project_Funds,Start_Date,End_Date,Executive_ID,Program_ID,Organization_ID,Research_Manager_ID) VALUES ("3119034", "Εκτελέσει Χαρτιού", "Program child weight section draw toward treat.", "459280", "2020-10-06", "2021-12-04", "3119175", "3119001", "3119038", "3120163");
INSERT INTO Works_On (Researcher_ID,Project_ID,Start_Date) VALUES ("3120163", "3119034", "2020-10-06");
INSERT INTO Project (Project_ID,Name,Summary,Project_Funds,Start_Date,End_Date,Executive_ID,Program_ID,Organization_ID,Research_Manager_ID) VALUES ("3119035", "Accusantium", "Eum repellendus ratione quod repudiandae.", "285021", "2021-03-15", "2024-08-29", "3119019", "3119015", "3119043", "3120010");
INSERT INTO Works_On (Researcher_ID,Project_ID,Start_Date) VALUES ("3120010", "3119035", "2021-03-15");
INSERT INTO Project (Project_ID,Name,Summary,Project_Funds,Start_Date,End_Date,Executive_ID,Program_ID,Organization_ID,Research_Manager_ID) VALUES ("3119036", "Million Tough", "Amet maiores accusantium odit placeat.", "347469", "2020-06-30", "2023-07-25", "3119159", "3119120", "3119028", "3119763");
INSERT INTO Works_On (Researcher_ID,Project_ID,Start_Date) VALUES ("3119763", "3119036", "2020-06-30");
INSERT INTO Project (Project_ID,Name,Summary,Project_Funds,Start_Date,End_Date,Executive_ID,Program_ID,Organization_ID,Research_Manager_ID) VALUES ("3119037", "Θέματα Κώδικα Μέχρι", "Δε ήδη κανόνα κόψεις. Μην εγώ προσπαθούν όταν όσο γνωστή.", "464298", "2019-11-20", "2023-10-13", "3119004", "3119083", "3119040", "3119891");
INSERT INTO Works_On (Researcher_ID,Project_ID,Start_Date) VALUES ("3119891", "3119037", "2019-11-20");
INSERT INTO Project (Project_ID,Name,Summary,Project_Funds,Start_Date,End_Date,Executive_ID,Program_ID,Organization_ID,Research_Manager_ID) VALUES ("3119038", "Autem Alias Ex", "Νέων μέχρι τα γειτονιάς. Προσπαθήσεις μέγιστη τις το δύο.", "427024", "2021-08-16", "2024-12-13", "3119139", "3119001", "3119015", "3119317");
INSERT INTO Works_On (Researcher_ID,Project_ID,Start_Date) VALUES ("3119317", "3119038", "2021-08-16");
INSERT INTO Project (Project_ID,Name,Summary,Project_Funds,Start_Date,End_Date,Executive_ID,Program_ID,Organization_ID,Research_Manager_ID) VALUES ("3119039", "Δεδομένων Ένας Μη", "Nisi saepe expedita. Consequuntur nulla a corrupti saepe totam quam.", "667142", "2020-11-07", "2024-07-11", "3119061", "3119067", "3119048", "3119835");
INSERT INTO Works_On (Researcher_ID,Project_ID,Start_Date) VALUES ("3119835", "3119039", "2020-11-07");
INSERT INTO Project (Project_ID,Name,Summary,Project_Funds,Start_Date,End_Date,Executive_ID,Program_ID,Organization_ID,Research_Manager_ID) VALUES ("3119040", "Recusandae Et Amet", "Εσωτερικών συνεντεύξεις περιβάλλον νέων σημαντικό μαγικά.", "291303", "2020-08-18", "2023-10-31", "3119173", "3119111", "3119032", "3119073");
INSERT INTO Works_On (Researcher_ID,Project_ID,Start_Date) VALUES ("3119073", "3119040", "2020-08-18");
INSERT INTO Project (Project_ID,Name,Summary,Project_Funds,Start_Date,End_Date,Executive_ID,Program_ID,Organization_ID,Research_Manager_ID) VALUES ("3119041", "Saepe Velit Unde", "Former today need every production college serve.", "926369", "2020-02-02", "2023-08-22", "3119095", "3119046", "3119018", "3119871");
INSERT INTO Works_On (Researcher_ID,Project_ID,Start_Date) VALUES ("3119871", "3119041", "2020-02-02");
INSERT INTO Project (Project_ID,Name,Summary,Project_Funds,Start_Date,End_Date,Executive_ID,Program_ID,Organization_ID,Research_Manager_ID) VALUES ("3119042", "Πες Δημιουργείς", "Άρα αναγκάζονται θα την τα.", "576930", "2020-06-04", "2022-06-09", "3119118", "3119048", "3119030", "3119471");
INSERT INTO Works_On (Researcher_ID,Project_ID,Start_Date) VALUES ("3119471", "3119042", "2020-06-04");
INSERT INTO Project (Project_ID,Name,Summary,Project_Funds,Start_Date,End_Date,Executive_ID,Program_ID,Organization_ID,Research_Manager_ID) VALUES ("3119043", "Χαμηλός Μετράει", "Υψηλότερη της γειτονιάς εργασίας μου διαδίκτυο.", "769496", "2021-03-10", "2022-07-09", "3119073", "3119027", "3119022", "3120187");
INSERT INTO Works_On (Researcher_ID,Project_ID,Start_Date) VALUES ("3120187", "3119043", "2021-03-10");
INSERT INTO Project (Project_ID,Name,Summary,Project_Funds,Start_Date,End_Date,Executive_ID,Program_ID,Organization_ID,Research_Manager_ID) VALUES ("3119044", "Vero Nobis Vero", "A quam quasi culpa aut similique beatae.", "907465", "2021-02-07", "2022-03-28", "3119161", "3119059", "3119046", "3120179");
INSERT INTO Works_On (Researcher_ID,Project_ID,Start_Date) VALUES ("3120179", "3119044", "2021-02-07");
INSERT INTO Project (Project_ID,Name,Summary,Project_Funds,Start_Date,End_Date,Executive_ID,Program_ID,Organization_ID,Research_Manager_ID) VALUES ("3119045", "Περισσότερη", "Τοπικές μηχανής παραπάνω γιαυτό. Νέου θέμα εικόνες για έτσι τα απόλαυσε.", "653700", "2020-12-20", "2022-02-22", "3119109", "3119173", "3119008", "3119565");
INSERT INTO Works_On (Researcher_ID,Project_ID,Start_Date) VALUES ("3119565", "3119045", "2020-12-20");
INSERT INTO Project (Project_ID,Name,Summary,Project_Funds,Start_Date,End_Date,Executive_ID,Program_ID,Organization_ID,Research_Manager_ID) VALUES ("3119046", "Porro Dolores", "Vitae architecto sit laborum recusandae possimus voluptatibus.", "306134", "2020-12-12", "2023-07-11", "3119122", "3119163", "3119011", "3120084");
INSERT INTO Works_On (Researcher_ID,Project_ID,Start_Date) VALUES ("3120084", "3119046", "2020-12-12");
INSERT INTO Project (Project_ID,Name,Summary,Project_Funds,Start_Date,End_Date,Executive_ID,Program_ID,Organization_ID,Research_Manager_ID) VALUES ("3119047", "Πολύ Βουτήξουν Άρα", "Γραμμή ένας μέχρι παραδώσεις.", "966322", "2020-02-21", "2021-03-16", "3119169", "3119132", "3119014", "3119765");
INSERT INTO Works_On (Researcher_ID,Project_ID,Start_Date) VALUES ("3119765", "3119047", "2020-02-21");
INSERT INTO Project (Project_ID,Name,Summary,Project_Funds,Start_Date,End_Date,Executive_ID,Program_ID,Organization_ID,Research_Manager_ID) VALUES ("3119048", "Πιο Με Προσοχή", "Ανταγωνιστής εξακολουθεί για προγραμματιστές.", "747448", "2019-12-04", "2023-11-25", "3119126", "3119099", "3119011", "3119013");
INSERT INTO Works_On (Researcher_ID,Project_ID,Start_Date) VALUES ("3119013", "3119048", "2019-12-04");
INSERT INTO Project (Project_ID,Name,Summary,Project_Funds,Start_Date,End_Date,Executive_ID,Program_ID,Organization_ID,Research_Manager_ID) VALUES ("3119049", "Qui Officiis Esse", "Qui est molestiae consequuntur assumenda deleniti illum.", "209955", "2020-06-20", "2022-04-08", "3119087", "3119108", "3119035", "3119589");
INSERT INTO Works_On (Researcher_ID,Project_ID,Start_Date) VALUES ("3119589", "3119049", "2020-06-20");
INSERT INTO Project (Project_ID,Name,Summary,Project_Funds,Start_Date,End_Date,Executive_ID,Program_ID,Organization_ID,Research_Manager_ID) VALUES ("3119050", "Temporibus Natus", "Defense conference save decade low unit.", "962690", "2020-11-26", "2023-12-24", "3119086", "3119105", "3119023", "3119409");
INSERT INTO Works_On (Researcher_ID,Project_ID,Start_Date) VALUES ("3119409", "3119050", "2020-11-26");
INSERT INTO Project (Project_ID,Name,Summary,Project_Funds,Start_Date,End_Date,Executive_ID,Program_ID,Organization_ID,Research_Manager_ID) VALUES ("3119051", "Aspernatur", "Aspernatur sed eveniet at et.", "466415", "2021-02-25", "2023-11-29", "3119027", "3119064", "3119004", "3119552");
INSERT INTO Works_On (Researcher_ID,Project_ID,Start_Date) VALUES ("3119552", "3119051", "2021-02-25");
INSERT INTO Project (Project_ID,Name,Summary,Project_Funds,Start_Date,End_Date,Executive_ID,Program_ID,Organization_ID,Research_Manager_ID) VALUES ("3119052", "Δυστυχώς Ανά", "Γνωρίζουμε ρωτάει εικόνες τρόπο προγραμματιστής μάλλον.", "504998", "2020-07-12", "2023-02-03", "3119037", "3119081", "3119022", "3119654");
INSERT INTO Works_On (Researcher_ID,Project_ID,Start_Date) VALUES ("3119654", "3119052", "2020-07-12");
INSERT INTO Project (Project_ID,Name,Summary,Project_Funds,Start_Date,End_Date,Executive_ID,Program_ID,Organization_ID,Research_Manager_ID) VALUES ("3119053", "Της Παραγωγικής", "Πετούν εξοργιστικά υπηρεσία πες έχω. Διακόψουμε φράση βρίσκονται πιο.", "727409", "2020-06-03", "2023-12-12", "3119185", "3119189", "3119012", "3119436");
INSERT INTO Works_On (Researcher_ID,Project_ID,Start_Date) VALUES ("3119436", "3119053", "2020-06-03");
INSERT INTO Project (Project_ID,Name,Summary,Project_Funds,Start_Date,End_Date,Executive_ID,Program_ID,Organization_ID,Research_Manager_ID) VALUES ("3119054", "Άλγεβρα Έτσι Πάρα", "Χαρτιού το υπηρεσία χάος των.", "900981", "2021-08-26", "2023-09-10", "3119034", "3119136", "3119039", "3119195");
INSERT INTO Works_On (Researcher_ID,Project_ID,Start_Date) VALUES ("3119195", "3119054", "2021-08-26");
INSERT INTO Project (Project_ID,Name,Summary,Project_Funds,Start_Date,End_Date,Executive_ID,Program_ID,Organization_ID,Research_Manager_ID) VALUES ("3119055", "Κανένας Τι Μετράει", "Ήδη άλγεβρα ίδιο εταιρείες λίγο πήρε άρα.", "818874", "2021-12-10", "2023-08-03", "3119048", "3119128", "3119014", "3119851");
INSERT INTO Works_On (Researcher_ID,Project_ID,Start_Date) VALUES ("3119851", "3119055", "2021-12-10");
INSERT INTO Project (Project_ID,Name,Summary,Project_Funds,Start_Date,End_Date,Executive_ID,Program_ID,Organization_ID,Research_Manager_ID) VALUES ("3119056", "Τα Κώδικα Ήδη Μέρος", "Εργοστασίου εργαλείων προσεκτικά στέλνοντάς προσθέσει μερικούς ποια.", "416452", "2022-04-22", "2023-10-22", "3119108", "3119122", "3119042", "3119404");
INSERT INTO Works_On (Researcher_ID,Project_ID,Start_Date) VALUES ("3119404", "3119056", "2022-04-22");
INSERT INTO Project (Project_ID,Name,Summary,Project_Funds,Start_Date,End_Date,Executive_ID,Program_ID,Organization_ID,Research_Manager_ID) VALUES ("3119057", "Έγραψες Πετούν", "Across watch teach bring everything us peace.", "248566", "2021-10-03", "2024-02-11", "3119073", "3119112", "3119024", "3119784");
INSERT INTO Works_On (Researcher_ID,Project_ID,Start_Date) VALUES ("3119784", "3119057", "2021-10-03");
INSERT INTO Project (Project_ID,Name,Summary,Project_Funds,Start_Date,End_Date,Executive_ID,Program_ID,Organization_ID,Research_Manager_ID) VALUES ("3119058", "Ημέρα", "Saepe facilis magni cumque eius.", "795068", "2021-02-02", "2024-05-02", "3119172", "3119197", "3119036", "3120050");
INSERT INTO Works_On (Researcher_ID,Project_ID,Start_Date) VALUES ("3120050", "3119058", "2021-02-02");
INSERT INTO Project (Project_ID,Name,Summary,Project_Funds,Start_Date,End_Date,Executive_ID,Program_ID,Organization_ID,Research_Manager_ID) VALUES ("3119059", "Fugit Nam Et", "Γραμμής εταιρείες πρώτης πάντα απόλαυσε.", "553398", "2021-04-09", "2024-01-17", "3119045", "3119051", "3119028", "3119054");
INSERT INTO Works_On (Researcher_ID,Project_ID,Start_Date) VALUES ("3119054", "3119059", "2021-04-09");
INSERT INTO Project (Project_ID,Name,Summary,Project_Funds,Start_Date,End_Date,Executive_ID,Program_ID,Organization_ID,Research_Manager_ID) VALUES ("3119060", "Earum Possimus Modi", "Ανακλύψεις πλέον δε. Απλό ας χάος ατόμου. Δύο εγώ μου συνέχεια.", "644237", "2022-02-25", "2023-10-08", "3119090", "3119112", "3119040", "3119515");
INSERT INTO Works_On (Researcher_ID,Project_ID,Start_Date) VALUES ("3119515", "3119060", "2022-02-25");
INSERT INTO Project (Project_ID,Name,Summary,Project_Funds,Start_Date,End_Date,Executive_ID,Program_ID,Organization_ID,Research_Manager_ID) VALUES ("3119061", "Τύπους Στήλες", "Dolore laboriosam optio eius delectus ipsam. Quasi rem quo quisquam.", "627286", "2021-02-13", "2023-03-18", "3119089", "3119171", "3119002", "3119478");
INSERT INTO Works_On (Researcher_ID,Project_ID,Start_Date) VALUES ("3119478", "3119061", "2021-02-13");
INSERT INTO Project (Project_ID,Name,Summary,Project_Funds,Start_Date,End_Date,Executive_ID,Program_ID,Organization_ID,Research_Manager_ID) VALUES ("3119062", "Consectetur Sed Ea", "Ποια διορθώσεις πως πετάξαμε. Γεύματος τι διασφαλίζεται αποφάσισε πολύ.", "761490", "2020-07-12", "2023-09-17", "3119036", "3119032", "3119000", "3120150");
INSERT INTO Works_On (Researcher_ID,Project_ID,Start_Date) VALUES ("3120150", "3119062", "2020-07-12");
INSERT INTO Project (Project_ID,Name,Summary,Project_Funds,Start_Date,End_Date,Executive_ID,Program_ID,Organization_ID,Research_Manager_ID) VALUES ("3119063", "Aperiam Sint Ullam", "Temporibus laboriosam maxime vero necessitatibus.", "547646", "2021-10-15", "2022-11-17", "3119126", "3119001", "3119041", "3119877");
INSERT INTO Works_On (Researcher_ID,Project_ID,Start_Date) VALUES ("3119877", "3119063", "2021-10-15");
INSERT INTO Project (Project_ID,Name,Summary,Project_Funds,Start_Date,End_Date,Executive_ID,Program_ID,Organization_ID,Research_Manager_ID) VALUES ("3119064", "Training Appear In", "Γειτονιάς χαρακτηριστικών μην σχεδιαστής εργοστασίου των των.", "399005", "2021-10-26", "2023-11-27", "3119141", "3119032", "3119023", "3120133");
INSERT INTO Works_On (Researcher_ID,Project_ID,Start_Date) VALUES ("3120133", "3119064", "2021-10-26");
INSERT INTO Project (Project_ID,Name,Summary,Project_Funds,Start_Date,End_Date,Executive_ID,Program_ID,Organization_ID,Research_Manager_ID) VALUES ("3119065", "Περιβάλλον Την", "Προσπαθήσεις άρα πάντως βγήκε μεταγλωτιστής χαρακτηριστικών.", "202581", "2021-01-27", "2023-04-19", "3119004", "3119085", "3119042", "3119061");
INSERT INTO Works_On (Researcher_ID,Project_ID,Start_Date) VALUES ("3119061", "3119065", "2021-01-27");
INSERT INTO Project (Project_ID,Name,Summary,Project_Funds,Start_Date,End_Date,Executive_ID,Program_ID,Organization_ID,Research_Manager_ID) VALUES ("3119066", "World Lot Parent", "Molestiae qui amet odio voluptatibus impedit repellendus consequatur.", "826518", "2021-02-06", "2024-04-19", "3119126", "3119138", "3119000", "3120100");
INSERT INTO Works_On (Researcher_ID,Project_ID,Start_Date) VALUES ("3120100", "3119066", "2021-02-06");
INSERT INTO Project (Project_ID,Name,Summary,Project_Funds,Start_Date,End_Date,Executive_ID,Program_ID,Organization_ID,Research_Manager_ID) VALUES ("3119067", "Προβληματική Έχω", "Με μάλλον χαρτιού κάτι. Κι παραδοτέου όσο άρα τι τα κάνε.", "216210", "2020-08-09", "2022-11-15", "3119039", "3119060", "3119017", "3119791");
INSERT INTO Works_On (Researcher_ID,Project_ID,Start_Date) VALUES ("3119791", "3119067", "2020-08-09");
INSERT INTO Project (Project_ID,Name,Summary,Project_Funds,Start_Date,End_Date,Executive_ID,Program_ID,Organization_ID,Research_Manager_ID) VALUES ("3119068", "Κι Δείξει Δεδομένων", "Βαθμό έξι με νέα στα. Άρα ως μεταγλωτιστής ιδιαίτερα.", "208802", "2020-07-27", "2021-10-02", "3119021", "3119199", "3119012", "3119634");
INSERT INTO Works_On (Researcher_ID,Project_ID,Start_Date) VALUES ("3119634", "3119068", "2020-07-27");
INSERT INTO Project (Project_ID,Name,Summary,Project_Funds,Start_Date,End_Date,Executive_ID,Program_ID,Organization_ID,Research_Manager_ID) VALUES ("3119069", "Απαράδεκτη Έτσι", "Έτσι μπουν πάντα πόρτες κάτι μάτσο μέσης ποια.", "266473", "2020-05-26", "2024-04-16", "3119073", "3119164", "3119031", "3120099");
INSERT INTO Works_On (Researcher_ID,Project_ID,Start_Date) VALUES ("3120099", "3119069", "2020-05-26");
INSERT INTO Project (Project_ID,Name,Summary,Project_Funds,Start_Date,End_Date,Executive_ID,Program_ID,Organization_ID,Research_Manager_ID) VALUES ("3119070", "Προσοχή Θέλεις", "Modi eveniet quos quo deleniti incidunt molestias consequatur.", "439704", "2020-09-28", "2023-04-02", "3119121", "3119173", "3119010", "3119549");
INSERT INTO Works_On (Researcher_ID,Project_ID,Start_Date) VALUES ("3119549", "3119070", "2020-09-28");
INSERT INTO Project (Project_ID,Name,Summary,Project_Funds,Start_Date,End_Date,Executive_ID,Program_ID,Organization_ID,Research_Manager_ID) VALUES ("3119071", "Fugiat Deserunt", "Του προγραμματιστής διαδίκτυο βάζοντας μεταγλωτιστής ύψος.", "792859", "2022-01-25", "2023-06-22", "3119150", "3119184", "3119027", "3119052");
INSERT INTO Works_On (Researcher_ID,Project_ID,Start_Date) VALUES ("3119052", "3119071", "2022-01-25");
INSERT INTO Project (Project_ID,Name,Summary,Project_Funds,Start_Date,End_Date,Executive_ID,Program_ID,Organization_ID,Research_Manager_ID) VALUES ("3119072", "Ταξινομεί Πηγαίου", "Πάντα φακέλους ποια. Για χρησιμοποίησέ πάντως επιδιόρθωση νέο.", "337673", "2021-06-19", "2022-09-10", "3119138", "3119166", "3119030", "3120121");
INSERT INTO Works_On (Researcher_ID,Project_ID,Start_Date) VALUES ("3120121", "3119072", "2021-06-19");
INSERT INTO Project (Project_ID,Name,Summary,Project_Funds,Start_Date,End_Date,Executive_ID,Program_ID,Organization_ID,Research_Manager_ID) VALUES ("3119073", "Ήδη Δε Θέματα Εγώ", "Μεταγλωτιστής πεδία πως διαδίκτυο πλέον ιδιαίτερα εργαζόμενοι. Για κι και.", "862105", "2019-12-26", "2021-07-01", "3119046", "3119097", "3119042", "3119330");
INSERT INTO Works_On (Researcher_ID,Project_ID,Start_Date) VALUES ("3119330", "3119073", "2019-12-26");
INSERT INTO Project (Project_ID,Name,Summary,Project_Funds,Start_Date,End_Date,Executive_ID,Program_ID,Organization_ID,Research_Manager_ID) VALUES ("3119074", "Εταιρείες Στις", "Ήδη έξι προσθέσει εγώ βασανίζουν χρόνου.", "428874", "2021-08-08", "2023-09-10", "3119105", "3119047", "3119043", "3119564");
INSERT INTO Works_On (Researcher_ID,Project_ID,Start_Date) VALUES ("3119564", "3119074", "2021-08-08");
INSERT INTO Project (Project_ID,Name,Summary,Project_Funds,Start_Date,End_Date,Executive_ID,Program_ID,Organization_ID,Research_Manager_ID) VALUES ("3119075", "Cupiditate", "Των από δημιουργια έτσι.", "653152", "2021-02-20", "2023-06-17", "3119104", "3119183", "3119039", "3119316");
INSERT INTO Works_On (Researcher_ID,Project_ID,Start_Date) VALUES ("3119316", "3119075", "2021-02-20");
INSERT INTO Project (Project_ID,Name,Summary,Project_Funds,Start_Date,End_Date,Executive_ID,Program_ID,Organization_ID,Research_Manager_ID) VALUES ("3119076", "Everyone Manager", "Id itaque quos mollitia. Cum enim hic.", "684153", "2020-12-04", "2023-03-14", "3119093", "3119000", "3119033", "3120132");
INSERT INTO Works_On (Researcher_ID,Project_ID,Start_Date) VALUES ("3120132", "3119076", "2020-12-04");
INSERT INTO Project (Project_ID,Name,Summary,Project_Funds,Start_Date,End_Date,Executive_ID,Program_ID,Organization_ID,Research_Manager_ID) VALUES ("3119077", "Έγραψες Και Κι", "Left including good edge. Modern manage market hard off.", "337919", "2021-03-04", "2024-03-27", "3119038", "3119150", "3119010", "3119224");
INSERT INTO Works_On (Researcher_ID,Project_ID,Start_Date) VALUES ("3119224", "3119077", "2021-03-04");
INSERT INTO Project (Project_ID,Name,Summary,Project_Funds,Start_Date,End_Date,Executive_ID,Program_ID,Organization_ID,Research_Manager_ID) VALUES ("3119078", "Tree Nothing", "Ρουτίνα αυτός γεύματος πάρα την. Δεδομένων πετάνε πολύ στο.", "374447", "2020-03-22", "2021-12-16", "3119041", "3119122", "3119042", "3120055");
INSERT INTO Works_On (Researcher_ID,Project_ID,Start_Date) VALUES ("3120055", "3119078", "2020-03-22");
INSERT INTO Project (Project_ID,Name,Summary,Project_Funds,Start_Date,End_Date,Executive_ID,Program_ID,Organization_ID,Research_Manager_ID) VALUES ("3119079", "Συγκεντρωμένοι", "Reiciendis nostrum facere officiis fugit accusantium consequatur.", "878147", "2021-10-10", "2023-12-15", "3119056", "3119078", "3119014", "3120079");
INSERT INTO Works_On (Researcher_ID,Project_ID,Start_Date) VALUES ("3120079", "3119079", "2021-10-10");
INSERT INTO Project (Project_ID,Name,Summary,Project_Funds,Start_Date,End_Date,Executive_ID,Program_ID,Organization_ID,Research_Manager_ID) VALUES ("3119080", "Culture Everyone", "Condition great occur prove recent interesting music.", "358077", "2020-12-25", "2022-02-10", "3119115", "3119101", "3119008", "3119852");
INSERT INTO Works_On (Researcher_ID,Project_ID,Start_Date) VALUES ("3119852", "3119080", "2020-12-25");
INSERT INTO Project (Project_ID,Name,Summary,Project_Funds,Start_Date,End_Date,Executive_ID,Program_ID,Organization_ID,Research_Manager_ID) VALUES ("3119081", "Διοικητικό Διακοπή", "Νέο βιβλίο μια έχω πολύ βαθμό και.", "109155", "2021-03-16", "2024-10-22", "3119154", "3119087", "3119022", "3119197");
INSERT INTO Works_On (Researcher_ID,Project_ID,Start_Date) VALUES ("3119197", "3119081", "2021-03-16");
INSERT INTO Project (Project_ID,Name,Summary,Project_Funds,Start_Date,End_Date,Executive_ID,Program_ID,Organization_ID,Research_Manager_ID) VALUES ("3119082", "Sunt Omnis Numquam", "Quae enim hic animi. Numquam fugit commodi voluptates molestiae unde.", "906421", "2021-11-04", "2024-04-13", "3119161", "3119098", "3119037", "3119496");
INSERT INTO Works_On (Researcher_ID,Project_ID,Start_Date) VALUES ("3119496", "3119082", "2021-11-04");
INSERT INTO Project (Project_ID,Name,Summary,Project_Funds,Start_Date,End_Date,Executive_ID,Program_ID,Organization_ID,Research_Manager_ID) VALUES ("3119083", "Εργαλείων Μας Σας", "Περιεχόμενα τους νέο διαδίκτυο. Πετάνε πετάνε τον πρώτο.", "588414", "2020-02-25", "2021-12-06", "3119047", "3119019", "3119036", "3119199");
INSERT INTO Works_On (Researcher_ID,Project_ID,Start_Date) VALUES ("3119199", "3119083", "2020-02-25");
INSERT INTO Project (Project_ID,Name,Summary,Project_Funds,Start_Date,End_Date,Executive_ID,Program_ID,Organization_ID,Research_Manager_ID) VALUES ("3119084", "Ground Top With", "Επενδυτής στα λετπά προσλάμβανες θυμάμαι συγκεντρωμένοι.", "516435", "2021-08-14", "2025-06-25", "3119088", "3119165", "3119014", "3119086");
INSERT INTO Works_On (Researcher_ID,Project_ID,Start_Date) VALUES ("3119086", "3119084", "2021-08-14");
INSERT INTO Project (Project_ID,Name,Summary,Project_Funds,Start_Date,End_Date,Executive_ID,Program_ID,Organization_ID,Research_Manager_ID) VALUES ("3119085", "Eight They Father", "Aut officiis dolorum mollitia ad recusandae accusantium cumque.", "744096", "2022-03-01", "2023-05-11", "3119154", "3119025", "3119003", "3119108");
INSERT INTO Works_On (Researcher_ID,Project_ID,Start_Date) VALUES ("3119108", "3119085", "2022-03-01");
INSERT INTO Project (Project_ID,Name,Summary,Project_Funds,Start_Date,End_Date,Executive_ID,Program_ID,Organization_ID,Research_Manager_ID) VALUES ("3119086", "Κώδικάς Τις Τη Δε", "Perspiciatis nam aut quod minus tempora.", "370749", "2020-09-29", "2024-08-28", "3119193", "3119173", "3119033", "3120009");
INSERT INTO Works_On (Researcher_ID,Project_ID,Start_Date) VALUES ("3120009", "3119086", "2020-09-29");
INSERT INTO Project (Project_ID,Name,Summary,Project_Funds,Start_Date,End_Date,Executive_ID,Program_ID,Organization_ID,Research_Manager_ID) VALUES ("3119087", "Αυτός Προσλάμβανες", "Repellendus placeat inventore quibusdam reiciendis eius.", "429239", "2022-01-31", "2024-08-24", "3119064", "3119106", "3119025", "3119983");
INSERT INTO Works_On (Researcher_ID,Project_ID,Start_Date) VALUES ("3119983", "3119087", "2022-01-31");
INSERT INTO Project (Project_ID,Name,Summary,Project_Funds,Start_Date,End_Date,Executive_ID,Program_ID,Organization_ID,Research_Manager_ID) VALUES ("3119088", "Ας Μάτσο Κάτι Ένας", "Staff anyone performance design win mean.", "300903", "2021-09-20", "2023-06-27", "3119151", "3119098", "3119032", "3119192");
INSERT INTO Works_On (Researcher_ID,Project_ID,Start_Date) VALUES ("3119192", "3119088", "2021-09-20");
INSERT INTO Project (Project_ID,Name,Summary,Project_Funds,Start_Date,End_Date,Executive_ID,Program_ID,Organization_ID,Research_Manager_ID) VALUES ("3119089", "Culture Activity", "Nobis necessitatibus et aperiam facilis.", "787281", "2020-04-28", "2024-04-27", "3119128", "3119130", "3119009", "3120090");
INSERT INTO Works_On (Researcher_ID,Project_ID,Start_Date) VALUES ("3120090", "3119089", "2020-04-28");
INSERT INTO Project (Project_ID,Name,Summary,Project_Funds,Start_Date,End_Date,Executive_ID,Program_ID,Organization_ID,Research_Manager_ID) VALUES ("3119090", "Fugit Numquam", "Τύπου αναγκάζονται όταν έστειλε τι άρα περισσότερες.", "884803", "2021-04-28", "2024-09-03", "3119087", "3119178", "3119003", "3120116");
INSERT INTO Works_On (Researcher_ID,Project_ID,Start_Date) VALUES ("3120116", "3119090", "2021-04-28");
INSERT INTO Project (Project_ID,Name,Summary,Project_Funds,Start_Date,End_Date,Executive_ID,Program_ID,Organization_ID,Research_Manager_ID) VALUES ("3119091", "Αναγκάζονται Και", "Learn front environment rest cut new. Middle side message whom and make.", "653518", "2021-02-02", "2024-06-29", "3119169", "3119182", "3119022", "3119562");
INSERT INTO Works_On (Researcher_ID,Project_ID,Start_Date) VALUES ("3119562", "3119091", "2021-02-02");
INSERT INTO Project (Project_ID,Name,Summary,Project_Funds,Start_Date,End_Date,Executive_ID,Program_ID,Organization_ID,Research_Manager_ID) VALUES ("3119092", "Smile Almost", "Debitis voluptatem dolores nostrum qui quidem. Numquam iste sint eius.", "382372", "2020-12-18", "2023-07-31", "3119050", "3119115", "3119039", "3119145");
INSERT INTO Works_On (Researcher_ID,Project_ID,Start_Date) VALUES ("3119145", "3119092", "2020-12-18");
INSERT INTO Project (Project_ID,Name,Summary,Project_Funds,Start_Date,End_Date,Executive_ID,Program_ID,Organization_ID,Research_Manager_ID) VALUES ("3119093", "Tempore Eligendi", "Εδώ ήδη που γράψει. Διάβασε μεταφραστής απομόνωση δε στα παραδοτέου ας.", "138180", "2021-04-06", "2024-03-16", "3119139", "3119197", "3119021", "3120142");
INSERT INTO Works_On (Researcher_ID,Project_ID,Start_Date) VALUES ("3120142", "3119093", "2021-04-06");
INSERT INTO Project (Project_ID,Name,Summary,Project_Funds,Start_Date,End_Date,Executive_ID,Program_ID,Organization_ID,Research_Manager_ID) VALUES ("3119094", "Placeat Nostrum", "Necessitatibus voluptatem mollitia. Occaecati saepe officiis numquam.", "972106", "2020-01-08", "2022-05-08", "3119128", "3119056", "3119049", "3119498");
INSERT INTO Works_On (Researcher_ID,Project_ID,Start_Date) VALUES ("3119498", "3119094", "2020-01-08");
INSERT INTO Project (Project_ID,Name,Summary,Project_Funds,Start_Date,End_Date,Executive_ID,Program_ID,Organization_ID,Research_Manager_ID) VALUES ("3119095", "Type Ago Again", "Quo atque pariatur modi incidunt unde.", "630031", "2020-09-24", "2024-04-21", "3119063", "3119120", "3119035", "3119431");
INSERT INTO Works_On (Researcher_ID,Project_ID,Start_Date) VALUES ("3119431", "3119095", "2020-09-24");
INSERT INTO Project (Project_ID,Name,Summary,Project_Funds,Start_Date,End_Date,Executive_ID,Program_ID,Organization_ID,Research_Manager_ID) VALUES ("3119096", "Free Stay Ahead Buy", "Consequatur ad minus enim.", "973782", "2020-12-14", "2023-10-04", "3119160", "3119081", "3119043", "3119087");
INSERT INTO Works_On (Researcher_ID,Project_ID,Start_Date) VALUES ("3119087", "3119096", "2020-12-14");
INSERT INTO Project (Project_ID,Name,Summary,Project_Funds,Start_Date,End_Date,Executive_ID,Program_ID,Organization_ID,Research_Manager_ID) VALUES ("3119097", "Χρόνου Φακέλους", "Δεν μέρος αναγκάζονται λιγότερο. Περισσότερες ρωτήσει εκτελείται κόλπα.", "456058", "2020-10-27", "2021-12-08", "3119174", "3119110", "3119048", "3120127");
INSERT INTO Works_On (Researcher_ID,Project_ID,Start_Date) VALUES ("3120127", "3119097", "2020-10-27");
INSERT INTO Project (Project_ID,Name,Summary,Project_Funds,Start_Date,End_Date,Executive_ID,Program_ID,Organization_ID,Research_Manager_ID) VALUES ("3119098", "Sint Enim Labore", "Iusto quam dolores aperiam sit nemo. Nemo sed quaerat.", "798631", "2020-02-25", "2023-04-02", "3119028", "3119019", "3119038", "3120092");
INSERT INTO Works_On (Researcher_ID,Project_ID,Start_Date) VALUES ("3120092", "3119098", "2020-02-25");
INSERT INTO Project (Project_ID,Name,Summary,Project_Funds,Start_Date,End_Date,Executive_ID,Program_ID,Organization_ID,Research_Manager_ID) VALUES ("3119099", "Ratione Saepe", "Τις δημιουργήσεις ότι ήδη κρατήσουν συνεντεύξεις μέχρι.", "274576", "2019-11-17", "2022-07-02", "3119002", "3119030", "3119035", "3119672");
INSERT INTO Works_On (Researcher_ID,Project_ID,Start_Date) VALUES ("3119672", "3119099", "2019-11-17");
INSERT INTO Project (Project_ID,Name,Summary,Project_Funds,Start_Date,End_Date,Executive_ID,Program_ID,Organization_ID,Research_Manager_ID) VALUES ("3119100", "Dignissimos Eos", "Ήδη ρουτίνα κάτι ωραίο. Ρουτίνα δυστυχώς οι πρόσληψη κάνε ότι.", "773832", "2021-12-15", "2024-09-30", "3119112", "3119037", "3119016", "3119081");
INSERT INTO Works_On (Researcher_ID,Project_ID,Start_Date) VALUES ("3119081", "3119100", "2021-12-15");
INSERT INTO Project (Project_ID,Name,Summary,Project_Funds,Start_Date,End_Date,Executive_ID,Program_ID,Organization_ID,Research_Manager_ID) VALUES ("3119101", "Play Value Need", "Κι ότι πάρεις μου μια ερώτηση. Μαγικά συγχωνευτεί κλπ διάβασε.", "653370", "2021-09-17", "2025-02-15", "3119069", "3119046", "3119015", "3119758");
INSERT INTO Works_On (Researcher_ID,Project_ID,Start_Date) VALUES ("3119758", "3119101", "2021-09-17");
INSERT INTO Project (Project_ID,Name,Summary,Project_Funds,Start_Date,End_Date,Executive_ID,Program_ID,Organization_ID,Research_Manager_ID) VALUES ("3119102", "Στήλες Μηχανής Από", "Θα σου χώρου προσλάμβανες αν. Συνεχώς διάσημα τύπους σίγουρος πακέτων.", "785821", "2020-05-06", "2023-07-11", "3119086", "3119124", "3119032", "3119225");
INSERT INTO Works_On (Researcher_ID,Project_ID,Start_Date) VALUES ("3119225", "3119102", "2020-05-06");
INSERT INTO Project (Project_ID,Name,Summary,Project_Funds,Start_Date,End_Date,Executive_ID,Program_ID,Organization_ID,Research_Manager_ID) VALUES ("3119103", "Πόρτες Καταλάθος", "Περιμένουν μιας παραπάνω έχω βρίσκονται πετάνε στις.", "687732", "2020-02-05", "2021-12-09", "3119141", "3119120", "3119030", "3119391");
INSERT INTO Works_On (Researcher_ID,Project_ID,Start_Date) VALUES ("3119391", "3119103", "2020-02-05");
INSERT INTO Project (Project_ID,Name,Summary,Project_Funds,Start_Date,End_Date,Executive_ID,Program_ID,Organization_ID,Research_Manager_ID) VALUES ("3119104", "Commercial Game", "Ίδιο φακέλους λέει ατόμου γνωστή στο ίδιο.", "723686", "2021-11-25", "2024-10-04", "3119170", "3119175", "3119046", "3119341");
INSERT INTO Works_On (Researcher_ID,Project_ID,Start_Date) VALUES ("3119341", "3119104", "2021-11-25");
INSERT INTO Project (Project_ID,Name,Summary,Project_Funds,Start_Date,End_Date,Executive_ID,Program_ID,Organization_ID,Research_Manager_ID) VALUES ("3119105", "Exercitationem", "Own range list. Design around source throughout player.", "563142", "2022-04-19", "2025-12-27", "3119002", "3119025", "3119035", "3119590");
INSERT INTO Works_On (Researcher_ID,Project_ID,Start_Date) VALUES ("3119590", "3119105", "2022-04-19");
INSERT INTO Project (Project_ID,Name,Summary,Project_Funds,Start_Date,End_Date,Executive_ID,Program_ID,Organization_ID,Research_Manager_ID) VALUES ("3119106", "Identify Hundred", "Συνεντεύξεις ανακλύψεις διαπιστώνεις μιας.", "946305", "2021-12-10", "2025-03-28", "3119146", "3119008", "3119022", "3120017");
INSERT INTO Works_On (Researcher_ID,Project_ID,Start_Date) VALUES ("3120017", "3119106", "2021-12-10");
INSERT INTO Project (Project_ID,Name,Summary,Project_Funds,Start_Date,End_Date,Executive_ID,Program_ID,Organization_ID,Research_Manager_ID) VALUES ("3119107", "Quam Illum Quae", "Από και αυτός τον τοπικές δε δωροδοκηθούν. Συγκεντρωμένοι απαρατήρητο εδώ.", "479134", "2021-06-18", "2022-08-01", "3119123", "3119052", "3119004", "3119274");
INSERT INTO Works_On (Researcher_ID,Project_ID,Start_Date) VALUES ("3119274", "3119107", "2021-06-18");
INSERT INTO Project (Project_ID,Name,Summary,Project_Funds,Start_Date,End_Date,Executive_ID,Program_ID,Organization_ID,Research_Manager_ID) VALUES ("3119108", "Βάζοντας Πες", "Συγχρόνως διαχειριστής πετάξαμε αναφορά πάντως.", "205166", "2020-05-26", "2023-04-11", "3119011", "3119039", "3119003", "3119000");
INSERT INTO Works_On (Researcher_ID,Project_ID,Start_Date) VALUES ("3119000", "3119108", "2020-05-26");
INSERT INTO Project (Project_ID,Name,Summary,Project_Funds,Start_Date,End_Date,Executive_ID,Program_ID,Organization_ID,Research_Manager_ID) VALUES ("3119109", "Λες Έτσι Εδώ", "Κύκλο επιδιορθώσεις χρόνου συγγραφής.", "502151", "2020-08-11", "2024-01-04", "3119027", "3119159", "3119045", "3119698");
INSERT INTO Works_On (Researcher_ID,Project_ID,Start_Date) VALUES ("3119698", "3119109", "2020-08-11");
INSERT INTO Project (Project_ID,Name,Summary,Project_Funds,Start_Date,End_Date,Executive_ID,Program_ID,Organization_ID,Research_Manager_ID) VALUES ("3119110", "Εργαζόμενοι", "Τους απαρατήρητο πάρα γραμμή διακόψουμε προκαλείς.", "608379", "2020-04-09", "2022-01-10", "3119087", "3119096", "3119008", "3119585");
INSERT INTO Works_On (Researcher_ID,Project_ID,Start_Date) VALUES ("3119585", "3119110", "2020-04-09");
INSERT INTO Project (Project_ID,Name,Summary,Project_Funds,Start_Date,End_Date,Executive_ID,Program_ID,Organization_ID,Research_Manager_ID) VALUES ("3119111", "Σε Σαν Μιας", "Rerum minus eligendi itaque. At quia facere in occaecati earum eligendi.", "847122", "2021-10-29", "2024-06-06", "3119149", "3119025", "3119021", "3119506");
INSERT INTO Works_On (Researcher_ID,Project_ID,Start_Date) VALUES ("3119506", "3119111", "2021-10-29");
INSERT INTO Project (Project_ID,Name,Summary,Project_Funds,Start_Date,End_Date,Executive_ID,Program_ID,Organization_ID,Research_Manager_ID) VALUES ("3119112", "Θα Μετρήσεις", "Quis illo maxime magni ducimus sint nihil.", "574848", "2020-07-28", "2022-01-27", "3119020", "3119016", "3119002", "3119832");
INSERT INTO Works_On (Researcher_ID,Project_ID,Start_Date) VALUES ("3119832", "3119112", "2020-07-28");
INSERT INTO Project (Project_ID,Name,Summary,Project_Funds,Start_Date,End_Date,Executive_ID,Program_ID,Organization_ID,Research_Manager_ID) VALUES ("3119113", "Quibusdam", "Quod commodi non magnam natus repellat sint. Ullam ex occaecati ex.", "731784", "2020-11-29", "2022-03-24", "3119083", "3119120", "3119001", "3119553");
INSERT INTO Works_On (Researcher_ID,Project_ID,Start_Date) VALUES ("3119553", "3119113", "2020-11-29");
INSERT INTO Project (Project_ID,Name,Summary,Project_Funds,Start_Date,End_Date,Executive_ID,Program_ID,Organization_ID,Research_Manager_ID) VALUES ("3119114", "Season Fast Person", "What opportunity onto sell entire pick future.", "390595", "2020-01-14", "2024-01-09", "3119162", "3119121", "3119042", "3119714");
INSERT INTO Works_On (Researcher_ID,Project_ID,Start_Date) VALUES ("3119714", "3119114", "2020-01-14");
INSERT INTO Project (Project_ID,Name,Summary,Project_Funds,Start_Date,End_Date,Executive_ID,Program_ID,Organization_ID,Research_Manager_ID) VALUES ("3119115", "Debitis Iste Quasi", "Energy brother ahead respond south measure.", "218443", "2021-12-22", "2023-06-06", "3119178", "3119198", "3119017", "3119437");
INSERT INTO Works_On (Researcher_ID,Project_ID,Start_Date) VALUES ("3119437", "3119115", "2021-12-22");
INSERT INTO Project (Project_ID,Name,Summary,Project_Funds,Start_Date,End_Date,Executive_ID,Program_ID,Organization_ID,Research_Manager_ID) VALUES ("3119116", "Ut Commodi", "Διάσημα ποια έτσι με. Έτσι εσωτερικών ένας γραμμές. Αυτός σου σκεφτείς το.", "841006", "2020-12-30", "2023-03-06", "3119170", "3119136", "3119005", "3119214");
INSERT INTO Works_On (Researcher_ID,Project_ID,Start_Date) VALUES ("3119214", "3119116", "2020-12-30");
INSERT INTO Project (Project_ID,Name,Summary,Project_Funds,Start_Date,End_Date,Executive_ID,Program_ID,Organization_ID,Research_Manager_ID) VALUES ("3119117", "Ο Εγώ Ήδη Πες", "Βασανίζουν από προσπαθήσεις είχαμε ορίστε περιβάλλον.", "407445", "2020-11-04", "2023-01-27", "3119114", "3119062", "3119017", "3119385");
INSERT INTO Works_On (Researcher_ID,Project_ID,Start_Date) VALUES ("3119385", "3119117", "2020-11-04");
INSERT INTO Project (Project_ID,Name,Summary,Project_Funds,Start_Date,End_Date,Executive_ID,Program_ID,Organization_ID,Research_Manager_ID) VALUES ("3119118", "Τεκμηριώνει Τέλειοι", "Sort soldier soon American risk article.", "785994", "2020-04-10", "2022-03-15", "3119173", "3119075", "3119025", "3119883");
INSERT INTO Works_On (Researcher_ID,Project_ID,Start_Date) VALUES ("3119883", "3119118", "2020-04-10");
INSERT INTO Project (Project_ID,Name,Summary,Project_Funds,Start_Date,End_Date,Executive_ID,Program_ID,Organization_ID,Research_Manager_ID) VALUES ("3119119", "Που Εσωτερικών", "Interview market night despite newspaper.", "511828", "2021-02-21", "2024-07-24", "3119177", "3119003", "3119009", "3119805");
INSERT INTO Works_On (Researcher_ID,Project_ID,Start_Date) VALUES ("3119805", "3119119", "2021-02-21");
INSERT INTO Project (Project_ID,Name,Summary,Project_Funds,Start_Date,End_Date,Executive_ID,Program_ID,Organization_ID,Research_Manager_ID) VALUES ("3119120", "Βουτήξουν", "Corporis quaerat perspiciatis optio voluptas hic est.", "802830", "2021-03-10", "2024-11-10", "3119003", "3119195", "3119016", "3119911");
INSERT INTO Works_On (Researcher_ID,Project_ID,Start_Date) VALUES ("3119911", "3119120", "2021-03-10");
INSERT INTO Project (Project_ID,Name,Summary,Project_Funds,Start_Date,End_Date,Executive_ID,Program_ID,Organization_ID,Research_Manager_ID) VALUES ("3119121", "Ατόμου Περίπου", "Για πιο στέλνοντάς εφαρμογής.", "274598", "2022-03-31", "2023-09-13", "3119051", "3119058", "3119027", "3119416");
INSERT INTO Works_On (Researcher_ID,Project_ID,Start_Date) VALUES ("3119416", "3119121", "2022-03-31");
INSERT INTO Project (Project_ID,Name,Summary,Project_Funds,Start_Date,End_Date,Executive_ID,Program_ID,Organization_ID,Research_Manager_ID) VALUES ("3119122", "Dolor Atque", "Thank discover health she some. Cut suffer individual.", "284725", "2020-06-29", "2022-01-12", "3119075", "3119065", "3119029", "3119045");
INSERT INTO Works_On (Researcher_ID,Project_ID,Start_Date) VALUES ("3119045", "3119122", "2020-06-29");
INSERT INTO Project (Project_ID,Name,Summary,Project_Funds,Start_Date,End_Date,Executive_ID,Program_ID,Organization_ID,Research_Manager_ID) VALUES ("3119123", "Distinctio Ipsam", "Σας προσλάμβανες αν στα περισσότερη υποψήφιο στις.", "852205", "2021-01-06", "2022-08-29", "3119008", "3119189", "3119014", "3119124");
INSERT INTO Works_On (Researcher_ID,Project_ID,Start_Date) VALUES ("3119124", "3119123", "2021-01-06");
INSERT INTO Project (Project_ID,Name,Summary,Project_Funds,Start_Date,End_Date,Executive_ID,Program_ID,Organization_ID,Research_Manager_ID) VALUES ("3119124", "Ήδη Χειρότερα Έξι", "Από βιαστικά πετούν κειμένων.", "796828", "2020-12-01", "2022-12-27", "3119082", "3119180", "3119003", "3119663");
INSERT INTO Works_On (Researcher_ID,Project_ID,Start_Date) VALUES ("3119663", "3119124", "2020-12-01");
INSERT INTO Project (Project_ID,Name,Summary,Project_Funds,Start_Date,End_Date,Executive_ID,Program_ID,Organization_ID,Research_Manager_ID) VALUES ("3119125", "Δίνοντας Βουτήξουν", "Περιμένουν στα τι ερωτήσεις εδώ.", "393646", "2021-01-28", "2022-02-25", "3119119", "3119177", "3119022", "3119318");
INSERT INTO Works_On (Researcher_ID,Project_ID,Start_Date) VALUES ("3119318", "3119125", "2021-01-28");
INSERT INTO Project (Project_ID,Name,Summary,Project_Funds,Start_Date,End_Date,Executive_ID,Program_ID,Organization_ID,Research_Manager_ID) VALUES ("3119126", "Μη Εγώ Νόμιζες", "Φίλος κανόνα όταν μια κρατάει. Φίλος λετπά διαχειριστής γνωρίζουμε.", "262031", "2021-09-09", "2024-03-26", "3119038", "3119070", "3119023", "3120166");
INSERT INTO Works_On (Researcher_ID,Project_ID,Start_Date) VALUES ("3120166", "3119126", "2021-09-09");
INSERT INTO Project (Project_ID,Name,Summary,Project_Funds,Start_Date,End_Date,Executive_ID,Program_ID,Organization_ID,Research_Manager_ID) VALUES ("3119127", "Επιστρέφουν Πλέον", "Various rest significant under there skill start.", "949001", "2020-01-27", "2022-12-17", "3119094", "3119130", "3119022", "3119923");
INSERT INTO Works_On (Researcher_ID,Project_ID,Start_Date) VALUES ("3119923", "3119127", "2020-01-27");
INSERT INTO Project (Project_ID,Name,Summary,Project_Funds,Start_Date,End_Date,Executive_ID,Program_ID,Organization_ID,Research_Manager_ID) VALUES ("3119128", "Kind We Gun Sister", "Impedit ducimus debitis culpa aliquid omnis id.", "892727", "2020-03-19", "2021-08-28", "3119078", "3119193", "3119018", "3119873");
INSERT INTO Works_On (Researcher_ID,Project_ID,Start_Date) VALUES ("3119873", "3119128", "2020-03-19");
INSERT INTO Project (Project_ID,Name,Summary,Project_Funds,Start_Date,End_Date,Executive_ID,Program_ID,Organization_ID,Research_Manager_ID) VALUES ("3119129", "Μας Και Περισσότερη", "Μιας σε επί πάντως. Δε ρωτήσει μάτσο διορθώσει ναι.", "200510", "2020-10-10", "2024-06-07", "3119016", "3119131", "3119039", "3119062");
INSERT INTO Works_On (Researcher_ID,Project_ID,Start_Date) VALUES ("3119062", "3119129", "2020-10-10");
INSERT INTO Project (Project_ID,Name,Summary,Project_Funds,Start_Date,End_Date,Executive_ID,Program_ID,Organization_ID,Research_Manager_ID) VALUES ("3119130", "Κώδικα Εκτός", "Who forget get end. Buy wait need thing teach.", "365392", "2021-04-07", "2024-04-17", "3119021", "3119068", "3119004", "3120168");
INSERT INTO Works_On (Researcher_ID,Project_ID,Start_Date) VALUES ("3120168", "3119130", "2021-04-07");
INSERT INTO Project (Project_ID,Name,Summary,Project_Funds,Start_Date,End_Date,Executive_ID,Program_ID,Organization_ID,Research_Manager_ID) VALUES ("3119131", "Την Προσεκτικά Ως", "Χρησιμοποιούνταν εγώ αγοράζοντας σχεδιαστής έξι.", "270708", "2020-09-06", "2023-08-06", "3119079", "3119191", "3119033", "3119888");
INSERT INTO Works_On (Researcher_ID,Project_ID,Start_Date) VALUES ("3119888", "3119131", "2020-09-06");
INSERT INTO Project (Project_ID,Name,Summary,Project_Funds,Start_Date,End_Date,Executive_ID,Program_ID,Organization_ID,Research_Manager_ID) VALUES ("3119132", "Όχι Λίγο Ξέχασε", "Παίρνουν ζητήσεις περισσότερες παραδώσεις εργασίας εδώ για.", "591978", "2021-04-28", "2023-05-25", "3119143", "3119105", "3119029", "3119445");
INSERT INTO Works_On (Researcher_ID,Project_ID,Start_Date) VALUES ("3119445", "3119132", "2021-04-28");
INSERT INTO Project (Project_ID,Name,Summary,Project_Funds,Start_Date,End_Date,Executive_ID,Program_ID,Organization_ID,Research_Manager_ID) VALUES ("3119133", "Ακούσει Με", "Αναφέρονται γεγονός εξακολουθεί διορθώσει.", "588548", "2020-06-23", "2023-04-10", "3119127", "3119134", "3119025", "3119039");
INSERT INTO Works_On (Researcher_ID,Project_ID,Start_Date) VALUES ("3119039", "3119133", "2020-06-23");
INSERT INTO Project (Project_ID,Name,Summary,Project_Funds,Start_Date,End_Date,Executive_ID,Program_ID,Organization_ID,Research_Manager_ID) VALUES ("3119134", "Ο Μην Εξοργιστικά", "Culpa illum temporibus quibusdam exercitationem quae in ea.", "404093", "2019-11-13", "2022-07-23", "3119082", "3119116", "3119029", "3119433");
INSERT INTO Works_On (Researcher_ID,Project_ID,Start_Date) VALUES ("3119433", "3119134", "2019-11-13");
INSERT INTO Project (Project_ID,Name,Summary,Project_Funds,Start_Date,End_Date,Executive_ID,Program_ID,Organization_ID,Research_Manager_ID) VALUES ("3119135", "Quaerat Ea Ad", "Συγκεντρωμένοι μάτσο ρωτάει διολισθήσεις. Ατόμου όσο γνωστή.", "612064", "2020-06-21", "2022-02-18", "3119060", "3119091", "3119024", "3120025");
INSERT INTO Works_On (Researcher_ID,Project_ID,Start_Date) VALUES ("3120025", "3119135", "2020-06-21");
INSERT INTO Project (Project_ID,Name,Summary,Project_Funds,Start_Date,End_Date,Executive_ID,Program_ID,Organization_ID,Research_Manager_ID) VALUES ("3119136", "Μα Επεξεργασία", "Sit porro vero consequatur quod.", "267904", "2019-11-16", "2022-08-04", "3119084", "3119021", "3119035", "3119886");
INSERT INTO Works_On (Researcher_ID,Project_ID,Start_Date) VALUES ("3119886", "3119136", "2019-11-16");
INSERT INTO Project (Project_ID,Name,Summary,Project_Funds,Start_Date,End_Date,Executive_ID,Program_ID,Organization_ID,Research_Manager_ID) VALUES ("3119137", "Σημαντικός", "Nisi cumque molestias ex ea non non nemo. Perferendis fugiat perspiciatis.", "331974", "2020-09-17", "2023-03-17", "3119094", "3119075", "3119000", "3119209");
INSERT INTO Works_On (Researcher_ID,Project_ID,Start_Date) VALUES ("3119209", "3119137", "2020-09-17");
INSERT INTO Project (Project_ID,Name,Summary,Project_Funds,Start_Date,End_Date,Executive_ID,Program_ID,Organization_ID,Research_Manager_ID) VALUES ("3119138", "Explicabo Sed", "Σίγουρος έλεγχος δύο περίπου εδώ.", "781049", "2020-05-14", "2022-02-12", "3119162", "3119010", "3119034", "3120180");
INSERT INTO Works_On (Researcher_ID,Project_ID,Start_Date) VALUES ("3120180", "3119138", "2020-05-14");
INSERT INTO Project (Project_ID,Name,Summary,Project_Funds,Start_Date,End_Date,Executive_ID,Program_ID,Organization_ID,Research_Manager_ID) VALUES ("3119139", "Final Someone Whom", "Voluptates perspiciatis maxime illo consectetur voluptatem expedita.", "264060", "2020-04-03", "2021-07-31", "3119183", "3119093", "3119022", "3119271");
INSERT INTO Works_On (Researcher_ID,Project_ID,Start_Date) VALUES ("3119271", "3119139", "2020-04-03");
INSERT INTO Project (Project_ID,Name,Summary,Project_Funds,Start_Date,End_Date,Executive_ID,Program_ID,Organization_ID,Research_Manager_ID) VALUES ("3119140", "Σωστά Έστειλε Δε", "Cupiditate quos inventore animi iusto.", "742935", "2020-12-26", "2022-07-29", "3119153", "3119075", "3119023", "3120013");
INSERT INTO Works_On (Researcher_ID,Project_ID,Start_Date) VALUES ("3120013", "3119140", "2020-12-26");
INSERT INTO Project (Project_ID,Name,Summary,Project_Funds,Start_Date,End_Date,Executive_ID,Program_ID,Organization_ID,Research_Manager_ID) VALUES ("3119141", "Ξέχασε Ως Δε Στα", "Συνέχεια ίδιο αυτός. Εδώ περιβάλλοντος γεύματος σημαντικό στο την.", "871995", "2021-08-24", "2024-06-23", "3119069", "3119159", "3119024", "3119273");
INSERT INTO Works_On (Researcher_ID,Project_ID,Start_Date) VALUES ("3119273", "3119141", "2021-08-24");
INSERT INTO Project (Project_ID,Name,Summary,Project_Funds,Start_Date,End_Date,Executive_ID,Program_ID,Organization_ID,Research_Manager_ID) VALUES ("3119142", "Εδώ Μια Στις", "Πηγαίου λες τα απίστευτα διάσημα.", "576639", "2020-08-26", "2024-04-08", "3119046", "3119146", "3119027", "3119720");
INSERT INTO Works_On (Researcher_ID,Project_ID,Start_Date) VALUES ("3119720", "3119142", "2020-08-26");
INSERT INTO Project (Project_ID,Name,Summary,Project_Funds,Start_Date,End_Date,Executive_ID,Program_ID,Organization_ID,Research_Manager_ID) VALUES ("3119143", "Πετούν Καλύτερο", "Πολύ χρειάζονται ανά βουτήξουν εργαζόμενοι.", "334718", "2020-10-08", "2023-06-09", "3119084", "3119030", "3119043", "3119002");
INSERT INTO Works_On (Researcher_ID,Project_ID,Start_Date) VALUES ("3119002", "3119143", "2020-10-08");
INSERT INTO Project (Project_ID,Name,Summary,Project_Funds,Start_Date,End_Date,Executive_ID,Program_ID,Organization_ID,Research_Manager_ID) VALUES ("3119144", "Νόμιζες Γέλασαν Το", "Officia esse consectetur soluta unde.", "218300", "2022-02-23", "2023-08-10", "3119160", "3119177", "3119029", "3119143");
INSERT INTO Works_On (Researcher_ID,Project_ID,Start_Date) VALUES ("3119143", "3119144", "2022-02-23");
INSERT INTO Project (Project_ID,Name,Summary,Project_Funds,Start_Date,End_Date,Executive_ID,Program_ID,Organization_ID,Research_Manager_ID) VALUES ("3119145", "Ποια Πως Όταν Πεδία", "Gun soldier clear past example doctor surface.", "368104", "2020-08-13", "2024-05-03", "3119066", "3119033", "3119028", "3119933");
INSERT INTO Works_On (Researcher_ID,Project_ID,Start_Date) VALUES ("3119933", "3119145", "2020-08-13");
INSERT INTO Project (Project_ID,Name,Summary,Project_Funds,Start_Date,End_Date,Executive_ID,Program_ID,Organization_ID,Research_Manager_ID) VALUES ("3119146", "Ρουτίνα Συγχωνευτεί", "Occaecati doloremque ipsam laboriosam qui fugiat corporis.", "194225", "2020-07-04", "2022-03-04", "3119156", "3119043", "3119025", "3119019");
INSERT INTO Works_On (Researcher_ID,Project_ID,Start_Date) VALUES ("3119019", "3119146", "2020-07-04");
INSERT INTO Project (Project_ID,Name,Summary,Project_Funds,Start_Date,End_Date,Executive_ID,Program_ID,Organization_ID,Research_Manager_ID) VALUES ("3119147", "Πάντα Θυμάμαι Ίδιο", "Soldier stop with beat. Miss against world. Important himself myself item.", "700017", "2022-04-14", "2024-02-22", "3119157", "3119003", "3119018", "3119982");
INSERT INTO Works_On (Researcher_ID,Project_ID,Start_Date) VALUES ("3119982", "3119147", "2022-04-14");
INSERT INTO Project (Project_ID,Name,Summary,Project_Funds,Start_Date,End_Date,Executive_ID,Program_ID,Organization_ID,Research_Manager_ID) VALUES ("3119148", "Quis Esse", "Νέων εργαλείων ακούσει χρόνου και δύο ποια. Μην παραδοτέου οι.", "345312", "2022-04-16", "2024-12-03", "3119146", "3119187", "3119017", "3119035");
INSERT INTO Works_On (Researcher_ID,Project_ID,Start_Date) VALUES ("3119035", "3119148", "2022-04-16");
INSERT INTO Project (Project_ID,Name,Summary,Project_Funds,Start_Date,End_Date,Executive_ID,Program_ID,Organization_ID,Research_Manager_ID) VALUES ("3119149", "Προγραμματιστής", "Απόλαυσε κάτι διευθυντές σαν στη τρέξει δείξει πες.", "613877", "2021-09-06", "2023-10-29", "3119060", "3119164", "3119026", "3119444");
INSERT INTO Works_On (Researcher_ID,Project_ID,Start_Date) VALUES ("3119444", "3119149", "2021-09-06");
INSERT INTO Project (Project_ID,Name,Summary,Project_Funds,Start_Date,End_Date,Executive_ID,Program_ID,Organization_ID,Research_Manager_ID) VALUES ("3119150", "Could Camera See", "Των δημιουργια ίδιο εταιρείες πρώτο. Σωστά προϊόντα σε ξέχασε.", "269187", "2022-01-10", "2025-07-20", "3119170", "3119118", "3119020", "3120111");
INSERT INTO Works_On (Researcher_ID,Project_ID,Start_Date) VALUES ("3120111", "3119150", "2022-01-10");
INSERT INTO Project (Project_ID,Name,Summary,Project_Funds,Start_Date,End_Date,Executive_ID,Program_ID,Organization_ID,Research_Manager_ID) VALUES ("3119151", "Τεκμηριώνει", "Itaque sequi accusantium voluptas corporis corrupti quibusdam ex.", "974329", "2021-07-01", "2023-02-12", "3119094", "3119109", "3119001", "3119783");
INSERT INTO Works_On (Researcher_ID,Project_ID,Start_Date) VALUES ("3119783", "3119151", "2021-07-01");
INSERT INTO Project (Project_ID,Name,Summary,Project_Funds,Start_Date,End_Date,Executive_ID,Program_ID,Organization_ID,Research_Manager_ID) VALUES ("3119152", "Κρατήσουν Υπηρεσία", "Γνωρίζουμε συγγραφείς απόλαυσε. Εδώ ατόμου να έχω πρώτης πήρε.", "832904", "2020-07-27", "2023-02-26", "3119120", "3119065", "3119031", "3119071");
INSERT INTO Works_On (Researcher_ID,Project_ID,Start_Date) VALUES ("3119071", "3119152", "2020-07-27");
INSERT INTO Project (Project_ID,Name,Summary,Project_Funds,Start_Date,End_Date,Executive_ID,Program_ID,Organization_ID,Research_Manager_ID) VALUES ("3119153", "Ιδιαίτερα", "Έχω έχω συγκεντρωμένοι αποδείξεις περίπου αλγόριθμου μην.", "147270", "2020-05-07", "2023-08-03", "3119087", "3119133", "3119044", "3120130");
INSERT INTO Works_On (Researcher_ID,Project_ID,Start_Date) VALUES ("3120130", "3119153", "2020-05-07");
INSERT INTO Project (Project_ID,Name,Summary,Project_Funds,Start_Date,End_Date,Executive_ID,Program_ID,Organization_ID,Research_Manager_ID) VALUES ("3119154", "Βγήκε Μου Τους", "Iure voluptas blanditiis laborum sint quo.", "966844", "2021-03-19", "2023-09-17", "3119197", "3119173", "3119014", "3119351");
INSERT INTO Works_On (Researcher_ID,Project_ID,Start_Date) VALUES ("3119351", "3119154", "2021-03-19");
INSERT INTO Project (Project_ID,Name,Summary,Project_Funds,Start_Date,End_Date,Executive_ID,Program_ID,Organization_ID,Research_Manager_ID) VALUES ("3119155", "Γραμμής Την", "Arrive remain trouble reality. Data key manager use.", "385676", "2020-04-08", "2023-11-04", "3119120", "3119096", "3119012", "3119389");
INSERT INTO Works_On (Researcher_ID,Project_ID,Start_Date) VALUES ("3119389", "3119155", "2020-04-08");
INSERT INTO Project (Project_ID,Name,Summary,Project_Funds,Start_Date,End_Date,Executive_ID,Program_ID,Organization_ID,Research_Manager_ID) VALUES ("3119156", "Κάτι Σου Όταν Ναι", "Repudiandae reprehenderit quisquam saepe repellat cum omnis.", "534011", "2020-04-13", "2022-07-05", "3119155", "3119191", "3119005", "3119239");
INSERT INTO Works_On (Researcher_ID,Project_ID,Start_Date) VALUES ("3119239", "3119156", "2020-04-13");
INSERT INTO Project (Project_ID,Name,Summary,Project_Funds,Start_Date,End_Date,Executive_ID,Program_ID,Organization_ID,Research_Manager_ID) VALUES ("3119157", "Ερώτηση Μας", "Ρωτάει διορθώσει διάβασε. Σαν έλεγχος τους την. Μπουν μπουν στη τεσσαρών.", "480128", "2020-06-11", "2022-07-22", "3119099", "3119038", "3119011", "3119182");
INSERT INTO Works_On (Researcher_ID,Project_ID,Start_Date) VALUES ("3119182", "3119157", "2020-06-11");
INSERT INTO Project (Project_ID,Name,Summary,Project_Funds,Start_Date,End_Date,Executive_ID,Program_ID,Organization_ID,Research_Manager_ID) VALUES ("3119158", "Καλύτερο Κάτι", "Θυμάμαι λοιπόν μέχρι ερωτήσεις να.", "647050", "2020-04-16", "2024-03-29", "3119148", "3119065", "3119007", "3119377");
INSERT INTO Works_On (Researcher_ID,Project_ID,Start_Date) VALUES ("3119377", "3119158", "2020-04-16");
INSERT INTO Project (Project_ID,Name,Summary,Project_Funds,Start_Date,End_Date,Executive_ID,Program_ID,Organization_ID,Research_Manager_ID) VALUES ("3119159", "Esse Nesciunt", "Παίξουν απίστευτα πακέτων ήδη που πιο τη.", "670275", "2021-06-03", "2023-12-30", "3119019", "3119061", "3119010", "3119428");
INSERT INTO Works_On (Researcher_ID,Project_ID,Start_Date) VALUES ("3119428", "3119159", "2021-06-03");
INSERT INTO Project (Project_ID,Name,Summary,Project_Funds,Start_Date,End_Date,Executive_ID,Program_ID,Organization_ID,Research_Manager_ID) VALUES ("3119160", "Perferendis", "Ο δίνοντας πόρτες γνωρίζουμε απαρατήρητο εδώ θέλεις.", "727899", "2022-01-11", "2023-09-09", "3119162", "3119026", "3119046", "3119017");
INSERT INTO Works_On (Researcher_ID,Project_ID,Start_Date) VALUES ("3119017", "3119160", "2022-01-11");
INSERT INTO Project (Project_ID,Name,Summary,Project_Funds,Start_Date,End_Date,Executive_ID,Program_ID,Organization_ID,Research_Manager_ID) VALUES ("3119161", "Exercitationem", "Στο στο μη μέχρι δούλευε γειτονιάς.", "198661", "2020-06-09", "2022-03-24", "3119198", "3119178", "3119033", "3119523");
INSERT INTO Works_On (Researcher_ID,Project_ID,Start_Date) VALUES ("3119523", "3119161", "2020-06-09");
INSERT INTO Project (Project_ID,Name,Summary,Project_Funds,Start_Date,End_Date,Executive_ID,Program_ID,Organization_ID,Research_Manager_ID) VALUES ("3119162", "Σίγουρος Πιο Πήρε", "Dark myself concern attack recognize. Mean keep serve born.", "694786", "2021-10-07", "2024-02-14", "3119159", "3119182", "3119015", "3119149");
INSERT INTO Works_On (Researcher_ID,Project_ID,Start_Date) VALUES ("3119149", "3119162", "2021-10-07");
INSERT INTO Project (Project_ID,Name,Summary,Project_Funds,Start_Date,End_Date,Executive_ID,Program_ID,Organization_ID,Research_Manager_ID) VALUES ("3119163", "Two Administration", "Praesentium omnis eaque suscipit aliquam nihil fugit.", "793621", "2020-06-13", "2023-12-02", "3119148", "3119128", "3119038", "3120074");
INSERT INTO Works_On (Researcher_ID,Project_ID,Start_Date) VALUES ("3120074", "3119163", "2020-06-13");
INSERT INTO Project (Project_ID,Name,Summary,Project_Funds,Start_Date,End_Date,Executive_ID,Program_ID,Organization_ID,Research_Manager_ID) VALUES ("3119164", "Inventore Nam Nam", "Hic facere nemo et quasi commodi.", "774033", "2020-04-19", "2023-08-01", "3119108", "3119092", "3119038", "3119403");
INSERT INTO Works_On (Researcher_ID,Project_ID,Start_Date) VALUES ("3119403", "3119164", "2020-04-19");
INSERT INTO Project (Project_ID,Name,Summary,Project_Funds,Start_Date,End_Date,Executive_ID,Program_ID,Organization_ID,Research_Manager_ID) VALUES ("3119165", "Χώρου Των Αποφάσισε", "Quasi quas nulla inventore exercitationem quibusdam nihil.", "606225", "2020-07-28", "2024-02-29", "3119094", "3119088", "3119015", "3119788");
INSERT INTO Works_On (Researcher_ID,Project_ID,Start_Date) VALUES ("3119788", "3119165", "2020-07-28");
INSERT INTO Project (Project_ID,Name,Summary,Project_Funds,Start_Date,End_Date,Executive_ID,Program_ID,Organization_ID,Research_Manager_ID) VALUES ("3119166", "Πλέον Φράση", "Cause family walk plan lot. Get explain ago.", "430051", "2021-05-22", "2025-04-09", "3119120", "3119171", "3119012", "3119051");
INSERT INTO Works_On (Researcher_ID,Project_ID,Start_Date) VALUES ("3119051", "3119166", "2021-05-22");
INSERT INTO Project (Project_ID,Name,Summary,Project_Funds,Start_Date,End_Date,Executive_ID,Program_ID,Organization_ID,Research_Manager_ID) VALUES ("3119167", "Now Customer Once", "Discussion when ability seven sell join nor.", "553809", "2021-09-06", "2024-08-22", "3119128", "3119071", "3119046", "3119042");
INSERT INTO Works_On (Researcher_ID,Project_ID,Start_Date) VALUES ("3119042", "3119167", "2021-09-06");
INSERT INTO Project (Project_ID,Name,Summary,Project_Funds,Start_Date,End_Date,Executive_ID,Program_ID,Organization_ID,Research_Manager_ID) VALUES ("3119168", "Απαραίτητο", "Suscipit suscipit animi quasi placeat ducimus excepturi.", "964037", "2020-01-28", "2023-11-06", "3119071", "3119130", "3119042", "3120005");
INSERT INTO Works_On (Researcher_ID,Project_ID,Start_Date) VALUES ("3120005", "3119168", "2020-01-28");
INSERT INTO Project (Project_ID,Name,Summary,Project_Funds,Start_Date,End_Date,Executive_ID,Program_ID,Organization_ID,Research_Manager_ID) VALUES ("3119169", "Ποια Ναι Ίδιο", "Story once able other. Paper usually involve over.", "550430", "2022-04-14", "2023-09-19", "3119074", "3119047", "3119040", "3119319");
INSERT INTO Works_On (Researcher_ID,Project_ID,Start_Date) VALUES ("3119319", "3119169", "2022-04-14");
INSERT INTO Project (Project_ID,Name,Summary,Project_Funds,Start_Date,End_Date,Executive_ID,Program_ID,Organization_ID,Research_Manager_ID) VALUES ("3119170", "Άτομο Κλπ", "Reprehenderit dolore porro maxime saepe facilis.", "964653", "2020-12-06", "2022-02-12", "3119057", "3119116", "3119039", "3119485");
INSERT INTO Works_On (Researcher_ID,Project_ID,Start_Date) VALUES ("3119485", "3119170", "2020-12-06");
INSERT INTO Project (Project_ID,Name,Summary,Project_Funds,Start_Date,End_Date,Executive_ID,Program_ID,Organization_ID,Research_Manager_ID) VALUES ("3119171", "Δύο Πρόσληψη Κι", "Consectetur eligendi est consequatur eveniet exercitationem impedit.", "336083", "2020-05-20", "2022-05-05", "3119152", "3119066", "3119021", "3119684");
INSERT INTO Works_On (Researcher_ID,Project_ID,Start_Date) VALUES ("3119684", "3119171", "2020-05-20");
INSERT INTO Project (Project_ID,Name,Summary,Project_Funds,Start_Date,End_Date,Executive_ID,Program_ID,Organization_ID,Research_Manager_ID) VALUES ("3119172", "Totam Earum", "Μιας κώδικάς εσωτερικών αυτήν.", "842337", "2020-07-03", "2022-01-22", "3119159", "3119041", "3119014", "3119074");
INSERT INTO Works_On (Researcher_ID,Project_ID,Start_Date) VALUES ("3119074", "3119172", "2020-07-03");
INSERT INTO Project (Project_ID,Name,Summary,Project_Funds,Start_Date,End_Date,Executive_ID,Program_ID,Organization_ID,Research_Manager_ID) VALUES ("3119173", "What Option Six Red", "Exercitationem magni excepturi voluptatum iste dicta voluptatem vero.", "537648", "2019-11-23", "2022-05-28", "3119101", "3119181", "3119033", "3119499");
INSERT INTO Works_On (Researcher_ID,Project_ID,Start_Date) VALUES ("3119499", "3119173", "2019-11-23");
INSERT INTO Project (Project_ID,Name,Summary,Project_Funds,Start_Date,End_Date,Executive_ID,Program_ID,Organization_ID,Research_Manager_ID) VALUES ("3119174", "Μέρος Κόψεις Ίδιο", "Assumenda dolorem delectus necessitatibus. At beatae unde aspernatur.", "747560", "2021-09-26", "2024-04-06", "3119117", "3119057", "3119018", "3119219");
INSERT INTO Works_On (Researcher_ID,Project_ID,Start_Date) VALUES ("3119219", "3119174", "2021-09-26");
INSERT INTO Project (Project_ID,Name,Summary,Project_Funds,Start_Date,End_Date,Executive_ID,Program_ID,Organization_ID,Research_Manager_ID) VALUES ("3119175", "Τον Κειμένων", "Εταιρείες προσπαθούν χρονοδιαγράμματα μιας. Μια ίδιο μέσης.", "476783", "2020-09-13", "2024-04-17", "3119175", "3119139", "3119001", "3120068");
INSERT INTO Works_On (Researcher_ID,Project_ID,Start_Date) VALUES ("3120068", "3119175", "2020-09-13");
INSERT INTO Project (Project_ID,Name,Summary,Project_Funds,Start_Date,End_Date,Executive_ID,Program_ID,Organization_ID,Research_Manager_ID) VALUES ("3119176", "Fugit Labore", "Laudantium laboriosam libero corporis consectetur.", "860837", "2019-12-13", "2023-04-05", "3119034", "3119195", "3119024", "3119138");
INSERT INTO Works_On (Researcher_ID,Project_ID,Start_Date) VALUES ("3119138", "3119176", "2019-12-13");
INSERT INTO Project (Project_ID,Name,Summary,Project_Funds,Start_Date,End_Date,Executive_ID,Program_ID,Organization_ID,Research_Manager_ID) VALUES ("3119177", "Εφαρμογής Τρόποι", "Reprehenderit placeat ut. Eius eius nisi. Aperiam culpa ex.", "845329", "2019-12-05", "2023-07-21", "3119122", "3119095", "3119011", "3119707");
INSERT INTO Works_On (Researcher_ID,Project_ID,Start_Date) VALUES ("3119707", "3119177", "2019-12-05");
INSERT INTO Project (Project_ID,Name,Summary,Project_Funds,Start_Date,End_Date,Executive_ID,Program_ID,Organization_ID,Research_Manager_ID) VALUES ("3119178", "Διάσημα Πολύ", "Nam iure expedita unde laudantium.", "376622", "2021-10-21", "2025-09-17", "3119018", "3119017", "3119034", "3119338");
INSERT INTO Works_On (Researcher_ID,Project_ID,Start_Date) VALUES ("3119338", "3119178", "2021-10-21");
INSERT INTO Project (Project_ID,Name,Summary,Project_Funds,Start_Date,End_Date,Executive_ID,Program_ID,Organization_ID,Research_Manager_ID) VALUES ("3119179", "Ίδιο Μην Μέσης", "Ipsam deserunt fuga temporibus assumenda blanditiis.", "320768", "2021-12-12", "2025-02-25", "3119177", "3119127", "3119009", "3119247");
INSERT INTO Works_On (Researcher_ID,Project_ID,Start_Date) VALUES ("3119247", "3119179", "2021-12-12");
INSERT INTO Project (Project_ID,Name,Summary,Project_Funds,Start_Date,End_Date,Executive_ID,Program_ID,Organization_ID,Research_Manager_ID) VALUES ("3119180", "Μας Τα Αναφέρονται", "Χρησιμοποίησέ μιας πρώτο συγχωνευτεί εκτός διαχειριστής τους.", "442373", "2021-09-24", "2023-03-15", "3119169", "3119070", "3119004", "3119984");
INSERT INTO Works_On (Researcher_ID,Project_ID,Start_Date) VALUES ("3119984", "3119180", "2021-09-24");
INSERT INTO Project (Project_ID,Name,Summary,Project_Funds,Start_Date,End_Date,Executive_ID,Program_ID,Organization_ID,Research_Manager_ID) VALUES ("3119181", "Βασανίζουν Πάντα", "Απαρατήρητο θέματα για εργοστασίου τι. Άρα τύπου εκδόσεις ένα ανά εγώ.", "682506", "2020-02-21", "2021-11-28", "3119102", "3119166", "3119009", "3119429");
INSERT INTO Works_On (Researcher_ID,Project_ID,Start_Date) VALUES ("3119429", "3119181", "2020-02-21");
INSERT INTO Project (Project_ID,Name,Summary,Project_Funds,Start_Date,End_Date,Executive_ID,Program_ID,Organization_ID,Research_Manager_ID) VALUES ("3119182", "Assumenda Minus", "Την και κάτι μετρήσεις εδώ νόμιζες.", "519229", "2022-05-21", "2024-04-27", "3119061", "3119107", "3119030", "3120093");
INSERT INTO Works_On (Researcher_ID,Project_ID,Start_Date) VALUES ("3120093", "3119182", "2022-05-21");
INSERT INTO Project (Project_ID,Name,Summary,Project_Funds,Start_Date,End_Date,Executive_ID,Program_ID,Organization_ID,Research_Manager_ID) VALUES ("3119183", "Nostrum Impedit", "Σπίτι ένα περιμένουν πάντα κειμένων προκύπτουν ημέρα κειμένων.", "720345", "2021-09-09", "2025-07-27", "3119007", "3119058", "3119003", "3119078");
INSERT INTO Works_On (Researcher_ID,Project_ID,Start_Date) VALUES ("3119078", "3119183", "2021-09-09");
INSERT INTO Project (Project_ID,Name,Summary,Project_Funds,Start_Date,End_Date,Executive_ID,Program_ID,Organization_ID,Research_Manager_ID) VALUES ("3119184", "Εδώ Βασανίζουν Έξι", "Απίστευτα αποθηκευτικού σου δύο διοικητικό για εγώ.", "952863", "2021-11-07", "2023-04-08", "3119152", "3119144", "3119015", "3119056");
INSERT INTO Works_On (Researcher_ID,Project_ID,Start_Date) VALUES ("3119056", "3119184", "2021-11-07");
INSERT INTO Project (Project_ID,Name,Summary,Project_Funds,Start_Date,End_Date,Executive_ID,Program_ID,Organization_ID,Research_Manager_ID) VALUES ("3119185", "Εργοστασίου", "Δείξει τους πιο δυστυχώς διακοπής στα. Σπίτι ο κι τα. Δε νέα κώδικα πάντα.", "211860", "2019-12-27", "2023-11-03", "3119138", "3119042", "3119045", "3119075");
INSERT INTO Works_On (Researcher_ID,Project_ID,Start_Date) VALUES ("3119075", "3119185", "2019-12-27");
INSERT INTO Project (Project_ID,Name,Summary,Project_Funds,Start_Date,End_Date,Executive_ID,Program_ID,Organization_ID,Research_Manager_ID) VALUES ("3119186", "War Through", "Enough example collection you low hospital.", "795545", "2022-03-22", "2024-02-09", "3119131", "3119025", "3119015", "3120012");
INSERT INTO Works_On (Researcher_ID,Project_ID,Start_Date) VALUES ("3120012", "3119186", "2022-03-22");
INSERT INTO Project (Project_ID,Name,Summary,Project_Funds,Start_Date,End_Date,Executive_ID,Program_ID,Organization_ID,Research_Manager_ID) VALUES ("3119187", "Συνάδελφος Ρουτίνα", "Accusamus voluptatem fugit culpa et totam repellat.", "305278", "2021-05-01", "2025-02-24", "3119001", "3119153", "3119000", "3119628");
INSERT INTO Works_On (Researcher_ID,Project_ID,Start_Date) VALUES ("3119628", "3119187", "2021-05-01");
INSERT INTO Project (Project_ID,Name,Summary,Project_Funds,Start_Date,End_Date,Executive_ID,Program_ID,Organization_ID,Research_Manager_ID) VALUES ("3119188", "Όσο Εργαλείων Ποια", "Δείξει βουτήξουν υόρκη διάσημα. Διάβασε ποια μου έτσι.", "768622", "2021-10-24", "2025-07-09", "3119100", "3119065", "3119006", "3119355");
INSERT INTO Works_On (Researcher_ID,Project_ID,Start_Date) VALUES ("3119355", "3119188", "2021-10-24");
INSERT INTO Project (Project_ID,Name,Summary,Project_Funds,Start_Date,End_Date,Executive_ID,Program_ID,Organization_ID,Research_Manager_ID) VALUES ("3119189", "All Wrong Six Along", "Available only up turn scene leave especially. Two few morning very.", "910900", "2020-06-12", "2021-07-22", "3119149", "3119027", "3119033", "3120143");
INSERT INTO Works_On (Researcher_ID,Project_ID,Start_Date) VALUES ("3120143", "3119189", "2020-06-12");
INSERT INTO Project (Project_ID,Name,Summary,Project_Funds,Start_Date,End_Date,Executive_ID,Program_ID,Organization_ID,Research_Manager_ID) VALUES ("3119190", "Συγγραφείς Καλύτερο", "Reduce three prevent management nearly court alone.", "759611", "2020-03-10", "2023-04-22", "3119064", "3119014", "3119034", "3119638");
INSERT INTO Works_On (Researcher_ID,Project_ID,Start_Date) VALUES ("3119638", "3119190", "2020-03-10");
INSERT INTO Project (Project_ID,Name,Summary,Project_Funds,Start_Date,End_Date,Executive_ID,Program_ID,Organization_ID,Research_Manager_ID) VALUES ("3119191", "Πλέον Πρώτοι Μαγικά", "Create ahead dinner agency country. Cause thing training that.", "758408", "2020-10-18", "2024-01-20", "3119002", "3119125", "3119005", "3119740");
INSERT INTO Works_On (Researcher_ID,Project_ID,Start_Date) VALUES ("3119740", "3119191", "2020-10-18");
INSERT INTO Project (Project_ID,Name,Summary,Project_Funds,Start_Date,End_Date,Executive_ID,Program_ID,Organization_ID,Research_Manager_ID) VALUES ("3119192", "Stand Book Top Go", "Est provident occaecati dolores beatae. Qui quos delectus.", "511144", "2021-01-12", "2022-01-31", "3119093", "3119121", "3119039", "3120041");
INSERT INTO Works_On (Researcher_ID,Project_ID,Start_Date) VALUES ("3120041", "3119192", "2021-01-12");
INSERT INTO Project (Project_ID,Name,Summary,Project_Funds,Start_Date,End_Date,Executive_ID,Program_ID,Organization_ID,Research_Manager_ID) VALUES ("3119193", "Κανόνα Μέσης Για", "Εκτός μάτσο έξι πλέον αλγόριθμου.", "976110", "2020-09-21", "2022-09-16", "3119109", "3119108", "3119037", "3119986");
INSERT INTO Works_On (Researcher_ID,Project_ID,Start_Date) VALUES ("3119986", "3119193", "2020-09-21");
INSERT INTO Project (Project_ID,Name,Summary,Project_Funds,Start_Date,End_Date,Executive_ID,Program_ID,Organization_ID,Research_Manager_ID) VALUES ("3119194", "Φίλος Αγοράζοντας", "Βρίσκονται ξέχασε επί μέγιστη έγραψες προσπαθούν δύο.", "195991", "2020-02-15", "2021-08-29", "3119131", "3119009", "3119000", "3119252");
INSERT INTO Works_On (Researcher_ID,Project_ID,Start_Date) VALUES ("3119252", "3119194", "2020-02-15");
INSERT INTO Project (Project_ID,Name,Summary,Project_Funds,Start_Date,End_Date,Executive_ID,Program_ID,Organization_ID,Research_Manager_ID) VALUES ("3119195", "Σπίτι Εξαρτάται", "Personal light skill their democratic color election.", "837629", "2021-02-10", "2022-02-17", "3119127", "3119160", "3119038", "3119339");
INSERT INTO Works_On (Researcher_ID,Project_ID,Start_Date) VALUES ("3119339", "3119195", "2021-02-10");
INSERT INTO Project (Project_ID,Name,Summary,Project_Funds,Start_Date,End_Date,Executive_ID,Program_ID,Organization_ID,Research_Manager_ID) VALUES ("3119196", "Προσπαθούν Στα", "Suscipit omnis expedita distinctio blanditiis porro consequuntur.", "588940", "2020-03-17", "2023-03-23", "3119179", "3119024", "3119006", "3119601");
INSERT INTO Works_On (Researcher_ID,Project_ID,Start_Date) VALUES ("3119601", "3119196", "2020-03-17");
INSERT INTO Project (Project_ID,Name,Summary,Project_Funds,Start_Date,End_Date,Executive_ID,Program_ID,Organization_ID,Research_Manager_ID) VALUES ("3119197", "Democrat Kitchen", "When base number late military conference.", "134027", "2020-07-19", "2024-04-08", "3119126", "3119005", "3119014", "3119360");
INSERT INTO Works_On (Researcher_ID,Project_ID,Start_Date) VALUES ("3119360", "3119197", "2020-07-19");
INSERT INTO Project (Project_ID,Name,Summary,Project_Funds,Start_Date,End_Date,Executive_ID,Program_ID,Organization_ID,Research_Manager_ID) VALUES ("3119198", "Εκτός Τα Δίνοντας", "Μέχρι χρησιμοποίησέ πετάνε κλπ περιμένουν. Έξι εκθέσεις προϊόντα δε.", "155303", "2020-11-22", "2022-09-15", "3119063", "3119009", "3119028", "3119625");
INSERT INTO Works_On (Researcher_ID,Project_ID,Start_Date) VALUES ("3119625", "3119198", "2020-11-22");
INSERT INTO Project (Project_ID,Name,Summary,Project_Funds,Start_Date,End_Date,Executive_ID,Program_ID,Organization_ID,Research_Manager_ID) VALUES ("3119199", "Quibusdam", "Vel amet sapiente sint aliquid repellat. Sed dolor ipsa enim optio.", "273687", "2021-01-10", "2024-01-23", "3119115", "3119165", "3119028", "3120107");
INSERT INTO Works_On (Researcher_ID,Project_ID,Start_Date) VALUES ("3120107", "3119199", "2021-01-10");
INSERT INTO Project (Project_ID,Name,Summary,Project_Funds,Start_Date,End_Date,Executive_ID,Program_ID,Organization_ID,Research_Manager_ID) VALUES ("3119200", "Σαν Πολύ Υόρκη Θα", "Asperiores laboriosam aut dicta.", "892242", "2022-04-29", "2023-07-02", "3119129", "3119192", "3119002", "3120003");
INSERT INTO Works_On (Researcher_ID,Project_ID,Start_Date) VALUES ("3120003", "3119200", "2022-04-29");
INSERT INTO Project (Project_ID,Name,Summary,Project_Funds,Start_Date,End_Date,Executive_ID,Program_ID,Organization_ID,Research_Manager_ID) VALUES ("3119201", "Reduce Turn Big", "Πρώτης χρειάζονται σημαντικός πολύ. Ένας πρώτης σου.", "495933", "2021-01-02", "2022-08-30", "3119107", "3119191", "3119022", "3119050");
INSERT INTO Works_On (Researcher_ID,Project_ID,Start_Date) VALUES ("3119050", "3119201", "2021-01-02");
INSERT INTO Project (Project_ID,Name,Summary,Project_Funds,Start_Date,End_Date,Executive_ID,Program_ID,Organization_ID,Research_Manager_ID) VALUES ("3119202", "Quisquam Quidem", "Pariatur voluptatum magnam occaecati. Doloremque libero autem ut.", "707828", "2021-10-08", "2024-03-22", "3119024", "3119020", "3119048", "3119841");
INSERT INTO Works_On (Researcher_ID,Project_ID,Start_Date) VALUES ("3119841", "3119202", "2021-10-08");
INSERT INTO Project (Project_ID,Name,Summary,Project_Funds,Start_Date,End_Date,Executive_ID,Program_ID,Organization_ID,Research_Manager_ID) VALUES ("3119203", "Ut Atque Blanditiis", "Μην ώρα σε. Στα ανταγωνιστής τρόπο πετάνε μου στραβά μια.", "308378", "2021-02-18", "2023-06-24", "3119064", "3119157", "3119024", "3119472");
INSERT INTO Works_On (Researcher_ID,Project_ID,Start_Date) VALUES ("3119472", "3119203", "2021-02-18");
INSERT INTO Project (Project_ID,Name,Summary,Project_Funds,Start_Date,End_Date,Executive_ID,Program_ID,Organization_ID,Research_Manager_ID) VALUES ("3119204", "Διαπιστώνεις", "Late kitchen audience stock game tend role.", "100336", "2020-05-02", "2022-08-19", "3119074", "3119177", "3119010", "3119001");
INSERT INTO Works_On (Researcher_ID,Project_ID,Start_Date) VALUES ("3119001", "3119204", "2020-05-02");
INSERT INTO Project (Project_ID,Name,Summary,Project_Funds,Start_Date,End_Date,Executive_ID,Program_ID,Organization_ID,Research_Manager_ID) VALUES ("3119205", "Wear His Response", "Odio qui rerum doloribus hic ad culpa.", "397935", "2020-05-12", "2022-09-14", "3119118", "3119193", "3119038", "3120154");
INSERT INTO Works_On (Researcher_ID,Project_ID,Start_Date) VALUES ("3120154", "3119205", "2020-05-12");
INSERT INTO Project (Project_ID,Name,Summary,Project_Funds,Start_Date,End_Date,Executive_ID,Program_ID,Organization_ID,Research_Manager_ID) VALUES ("3119206", "Περιμένουν Ερώτηση", "Vero vel asperiores blanditiis perferendis.", "576939", "2021-05-06", "2023-10-05", "3119134", "3119059", "3119036", "3119789");
INSERT INTO Works_On (Researcher_ID,Project_ID,Start_Date) VALUES ("3119789", "3119206", "2021-05-06");
INSERT INTO Project (Project_ID,Name,Summary,Project_Funds,Start_Date,End_Date,Executive_ID,Program_ID,Organization_ID,Research_Manager_ID) VALUES ("3119207", "Sint Voluptatem", "Quam atque error sequi nihil ipsa.", "932955", "2021-04-10", "2022-06-10", "3119197", "3119057", "3119024", "3119376");
INSERT INTO Works_On (Researcher_ID,Project_ID,Start_Date) VALUES ("3119376", "3119207", "2021-04-10");
INSERT INTO Project (Project_ID,Name,Summary,Project_Funds,Start_Date,End_Date,Executive_ID,Program_ID,Organization_ID,Research_Manager_ID) VALUES ("3119208", "Δε Στη Ανώδυνη", "Rock forward by radio us whose. Account goal save trip believe hot.", "146183", "2020-01-10", "2023-12-06", "3119018", "3119146", "3119012", "3119954");
INSERT INTO Works_On (Researcher_ID,Project_ID,Start_Date) VALUES ("3119954", "3119208", "2020-01-10");
INSERT INTO Project (Project_ID,Name,Summary,Project_Funds,Start_Date,End_Date,Executive_ID,Program_ID,Organization_ID,Research_Manager_ID) VALUES ("3119209", "Similique Eligendi", "Εντολές έρθει επεξεργασία εδώ χώρου.", "751641", "2021-01-06", "2023-07-31", "3119157", "3119063", "3119021", "3119808");
INSERT INTO Works_On (Researcher_ID,Project_ID,Start_Date) VALUES ("3119808", "3119209", "2021-01-06");
INSERT INTO Project (Project_ID,Name,Summary,Project_Funds,Start_Date,End_Date,Executive_ID,Program_ID,Organization_ID,Research_Manager_ID) VALUES ("3119210", "Finish Peace Coach", "Reiciendis voluptas modi et natus.", "677087", "2021-09-16", "2024-12-28", "3119086", "3119173", "3119028", "3119904");
INSERT INTO Works_On (Researcher_ID,Project_ID,Start_Date) VALUES ("3119904", "3119210", "2021-09-16");
INSERT INTO Project (Project_ID,Name,Summary,Project_Funds,Start_Date,End_Date,Executive_ID,Program_ID,Organization_ID,Research_Manager_ID) VALUES ("3119211", "Temporibus Nisi", "Αυτός υψηλότερη πρώτοι στήλες. Μάλλον τα μια στις ναι παίρνει ροή σας.", "259134", "2021-10-19", "2023-06-09", "3119140", "3119139", "3119025", "3119183");
INSERT INTO Works_On (Researcher_ID,Project_ID,Start_Date) VALUES ("3119183", "3119211", "2021-10-19");
INSERT INTO Project (Project_ID,Name,Summary,Project_Funds,Start_Date,End_Date,Executive_ID,Program_ID,Organization_ID,Research_Manager_ID) VALUES ("3119212", "Έτοιμος Νέου Άρα", "Possimus deleniti ducimus velit dignissimos placeat culpa accusantium.", "130609", "2021-04-17", "2023-10-10", "3119130", "3119179", "3119042", "3119940");
INSERT INTO Works_On (Researcher_ID,Project_ID,Start_Date) VALUES ("3119940", "3119212", "2021-04-17");
INSERT INTO Project (Project_ID,Name,Summary,Project_Funds,Start_Date,End_Date,Executive_ID,Program_ID,Organization_ID,Research_Manager_ID) VALUES ("3119213", "Παράγοντες", "Απλό μεταγλωτιστής εξοργιστικά εκτός.", "212532", "2021-04-20", "2023-10-22", "3119079", "3119131", "3119037", "3119787");
INSERT INTO Works_On (Researcher_ID,Project_ID,Start_Date) VALUES ("3119787", "3119213", "2021-04-20");
INSERT INTO Project (Project_ID,Name,Summary,Project_Funds,Start_Date,End_Date,Executive_ID,Program_ID,Organization_ID,Research_Manager_ID) VALUES ("3119214", "Τύπου Επιστρέφουν", "Εφαρμογή ύψος πιο απόλαυσε οι.", "611299", "2020-11-22", "2023-02-13", "3119021", "3119126", "3119031", "3119673");
INSERT INTO Works_On (Researcher_ID,Project_ID,Start_Date) VALUES ("3119673", "3119214", "2020-11-22");
INSERT INTO Project (Project_ID,Name,Summary,Project_Funds,Start_Date,End_Date,Executive_ID,Program_ID,Organization_ID,Research_Manager_ID) VALUES ("3119215", "Κλπ Επιδιορθώσεις", "Harum veniam ipsam amet incidunt praesentium.", "163748", "2021-05-17", "2023-01-21", "3119002", "3119046", "3119014", "3120071");
INSERT INTO Works_On (Researcher_ID,Project_ID,Start_Date) VALUES ("3120071", "3119215", "2021-05-17");
INSERT INTO Project (Project_ID,Name,Summary,Project_Funds,Start_Date,End_Date,Executive_ID,Program_ID,Organization_ID,Research_Manager_ID) VALUES ("3119216", "Raise Sit Skin Vote", "Nisi veritatis expedita nulla. Incidunt necessitatibus quos repellat.", "139333", "2021-05-11", "2024-06-06", "3119156", "3119047", "3119041", "3119136");
INSERT INTO Works_On (Researcher_ID,Project_ID,Start_Date) VALUES ("3119136", "3119216", "2021-05-11");
INSERT INTO Project (Project_ID,Name,Summary,Project_Funds,Start_Date,End_Date,Executive_ID,Program_ID,Organization_ID,Research_Manager_ID) VALUES ("3119217", "Modern View Produce", "Τρόποι μια βασανίζουν δε κι μια προσοχή εξακολουθεί.", "159951", "2022-03-30", "2025-02-03", "3119094", "3119179", "3119044", "3119664");
INSERT INTO Works_On (Researcher_ID,Project_ID,Start_Date) VALUES ("3119664", "3119217", "2022-03-30");
INSERT INTO Project (Project_ID,Name,Summary,Project_Funds,Start_Date,End_Date,Executive_ID,Program_ID,Organization_ID,Research_Manager_ID) VALUES ("3119218", "In Nesciunt Numquam", "Distinctio fugiat quia facere ex quam molestias fugit.", "116535", "2021-01-19", "2024-07-10", "3119046", "3119025", "3119026", "3119110");
INSERT INTO Works_On (Researcher_ID,Project_ID,Start_Date) VALUES ("3119110", "3119218", "2021-01-19");
INSERT INTO Project (Project_ID,Name,Summary,Project_Funds,Start_Date,End_Date,Executive_ID,Program_ID,Organization_ID,Research_Manager_ID) VALUES ("3119219", "Quae Consequuntur", "Praesentium totam ullam.", "574018", "2021-12-29", "2023-12-01", "3119109", "3119079", "3119026", "3119721");
INSERT INTO Works_On (Researcher_ID,Project_ID,Start_Date) VALUES ("3119721", "3119219", "2021-12-29");
INSERT INTO Project (Project_ID,Name,Summary,Project_Funds,Start_Date,End_Date,Executive_ID,Program_ID,Organization_ID,Research_Manager_ID) VALUES ("3119220", "Ab Eligendi", "Repudiandae rem odio.", "239735", "2021-10-14", "2025-02-12", "3119167", "3119035", "3119048", "3120062");
INSERT INTO Works_On (Researcher_ID,Project_ID,Start_Date) VALUES ("3120062", "3119220", "2021-10-14");
INSERT INTO Project (Project_ID,Name,Summary,Project_Funds,Start_Date,End_Date,Executive_ID,Program_ID,Organization_ID,Research_Manager_ID) VALUES ("3119221", "Though One Brother", "Minus velit in dignissimos tempore dignissimos.", "989816", "2021-08-01", "2024-06-02", "3119072", "3119180", "3119004", "3119723");
INSERT INTO Works_On (Researcher_ID,Project_ID,Start_Date) VALUES ("3119723", "3119221", "2021-08-01");
INSERT INTO Project (Project_ID,Name,Summary,Project_Funds,Start_Date,End_Date,Executive_ID,Program_ID,Organization_ID,Research_Manager_ID) VALUES ("3119222", "Εργαλείων", "Στη μα ήδη προσλάμβανες. Έτσι προσπαθήσεις λέει γραμμές αν νιρβάνα.", "606472", "2022-05-25", "2025-04-15", "3119044", "3119000", "3119031", "3120015");
INSERT INTO Works_On (Researcher_ID,Project_ID,Start_Date) VALUES ("3120015", "3119222", "2022-05-25");
INSERT INTO Project (Project_ID,Name,Summary,Project_Funds,Start_Date,End_Date,Executive_ID,Program_ID,Organization_ID,Research_Manager_ID) VALUES ("3119223", "A Vitae Illum", "Δημιουργια εντολές μέγιστη λαμβάνουν μηχανής κόψεις τύπου.", "566981", "2020-12-06", "2022-11-21", "3119199", "3119074", "3119025", "3119718");
INSERT INTO Works_On (Researcher_ID,Project_ID,Start_Date) VALUES ("3119718", "3119223", "2020-12-06");
INSERT INTO Project (Project_ID,Name,Summary,Project_Funds,Start_Date,End_Date,Executive_ID,Program_ID,Organization_ID,Research_Manager_ID) VALUES ("3119224", "Έρθει Παραπάνω", "Κανόνα πακέτων ναι. Τρέξει στο ίδιο εκτός τις παράδειγμα ζητήσεις.", "447564", "2021-10-30", "2024-06-26", "3119025", "3119053", "3119037", "3119733");
INSERT INTO Works_On (Researcher_ID,Project_ID,Start_Date) VALUES ("3119733", "3119224", "2021-10-30");
INSERT INTO Project (Project_ID,Name,Summary,Project_Funds,Start_Date,End_Date,Executive_ID,Program_ID,Organization_ID,Research_Manager_ID) VALUES ("3119225", "Συγκεντρωμένοι", "Rem a nesciunt harum. Sed labore soluta.", "700788", "2021-12-16", "2025-01-02", "3119098", "3119012", "3119031", "3119879");
INSERT INTO Works_On (Researcher_ID,Project_ID,Start_Date) VALUES ("3119879", "3119225", "2021-12-16");
INSERT INTO Project (Project_ID,Name,Summary,Project_Funds,Start_Date,End_Date,Executive_ID,Program_ID,Organization_ID,Research_Manager_ID) VALUES ("3119226", "Foreign Grow Red", "Incidunt eligendi sed beatae voluptatem tempora sapiente.", "949495", "2020-08-24", "2024-05-25", "3119171", "3119071", "3119033", "3119129");
INSERT INTO Works_On (Researcher_ID,Project_ID,Start_Date) VALUES ("3119129", "3119226", "2020-08-24");
INSERT INTO Project (Project_ID,Name,Summary,Project_Funds,Start_Date,End_Date,Executive_ID,Program_ID,Organization_ID,Research_Manager_ID) VALUES ("3119227", "Προσπαθήσεις", "Officiis quisquam ut rerum quam qui.", "810737", "2021-09-24", "2025-07-05", "3119163", "3119193", "3119018", "3119885");
INSERT INTO Works_On (Researcher_ID,Project_ID,Start_Date) VALUES ("3119885", "3119227", "2021-09-24");
INSERT INTO Project (Project_ID,Name,Summary,Project_Funds,Start_Date,End_Date,Executive_ID,Program_ID,Organization_ID,Research_Manager_ID) VALUES ("3119228", "Έχω Εγώ Που Ακούσει", "Αρχεία παραδώσεις βάζοντας ναι έτσι με ναι εκτελείται.", "462671", "2021-02-26", "2023-08-21", "3119108", "3119073", "3119040", "3119924");
INSERT INTO Works_On (Researcher_ID,Project_ID,Start_Date) VALUES ("3119924", "3119228", "2021-02-26");
INSERT INTO Project (Project_ID,Name,Summary,Project_Funds,Start_Date,End_Date,Executive_ID,Program_ID,Organization_ID,Research_Manager_ID) VALUES ("3119229", "Voluptas Iusto", "Necessitatibus voluptates quis magni.", "828376", "2022-04-18", "2025-10-23", "3119006", "3119081", "3119002", "3120057");
INSERT INTO Works_On (Researcher_ID,Project_ID,Start_Date) VALUES ("3120057", "3119229", "2022-04-18");
INSERT INTO Project (Project_ID,Name,Summary,Project_Funds,Start_Date,End_Date,Executive_ID,Program_ID,Organization_ID,Research_Manager_ID) VALUES ("3119230", "Βγήκε Κανείς", "Αρέσει χρονοδιαγράμματα καταλάθος επί νέα. Γραμμή οι τη ρουτίνα το.", "376255", "2021-03-04", "2022-11-28", "3119016", "3119124", "3119020", "3119095");
INSERT INTO Works_On (Researcher_ID,Project_ID,Start_Date) VALUES ("3119095", "3119230", "2021-03-04");
INSERT INTO Project (Project_ID,Name,Summary,Project_Funds,Start_Date,End_Date,Executive_ID,Program_ID,Organization_ID,Research_Manager_ID) VALUES ("3119231", "Συνεχώς Επεξεργασία", "Αποθηκευτικού δύο καταλάθος διακοπή κειμένων πες συγχρόνως.", "540547", "2022-02-06", "2024-12-19", "3119064", "3119072", "3119015", "3119242");
INSERT INTO Works_On (Researcher_ID,Project_ID,Start_Date) VALUES ("3119242", "3119231", "2022-02-06");
INSERT INTO Project (Project_ID,Name,Summary,Project_Funds,Start_Date,End_Date,Executive_ID,Program_ID,Organization_ID,Research_Manager_ID) VALUES ("3119232", "Συγγραφείς Πες", "Sunt vero ut magnam necessitatibus cupiditate iste eum.", "882210", "2021-08-09", "2024-05-29", "3119016", "3119069", "3119037", "3119840");
INSERT INTO Works_On (Researcher_ID,Project_ID,Start_Date) VALUES ("3119840", "3119232", "2021-08-09");
INSERT INTO Project (Project_ID,Name,Summary,Project_Funds,Start_Date,End_Date,Executive_ID,Program_ID,Organization_ID,Research_Manager_ID) VALUES ("3119233", "Beatae At Non", "Μια κάνεις προσεκτικά. Να διοικητικό ημέρα δεδομένων.", "217520", "2022-04-16", "2024-02-29", "3119158", "3119036", "3119003", "3119561");
INSERT INTO Works_On (Researcher_ID,Project_ID,Start_Date) VALUES ("3119561", "3119233", "2022-04-16");
INSERT INTO Project (Project_ID,Name,Summary,Project_Funds,Start_Date,End_Date,Executive_ID,Program_ID,Organization_ID,Research_Manager_ID) VALUES ("3119234", "Χρησιμοποιούνταν", "Odit quaerat voluptatibus occaecati. Mollitia consequuntur eius odit.", "435884", "2020-04-04", "2023-11-03", "3119007", "3119088", "3119030", "3119168");
INSERT INTO Works_On (Researcher_ID,Project_ID,Start_Date) VALUES ("3119168", "3119234", "2020-04-04");
INSERT INTO Project (Project_ID,Name,Summary,Project_Funds,Start_Date,End_Date,Executive_ID,Program_ID,Organization_ID,Research_Manager_ID) VALUES ("3119235", "Εξοργιστικά", "Light respond charge appear life world.", "566592", "2020-06-24", "2023-06-07", "3119157", "3119196", "3119014", "3119301");
INSERT INTO Works_On (Researcher_ID,Project_ID,Start_Date) VALUES ("3119301", "3119235", "2020-06-24");
INSERT INTO Project (Project_ID,Name,Summary,Project_Funds,Start_Date,End_Date,Executive_ID,Program_ID,Organization_ID,Research_Manager_ID) VALUES ("3119236", "Απόλαυσε", "Standard figure relationship perform pattern series.", "863762", "2021-03-31", "2025-03-05", "3119150", "3119083", "3119041", "3119294");
INSERT INTO Works_On (Researcher_ID,Project_ID,Start_Date) VALUES ("3119294", "3119236", "2021-03-31");
INSERT INTO Project (Project_ID,Name,Summary,Project_Funds,Start_Date,End_Date,Executive_ID,Program_ID,Organization_ID,Research_Manager_ID) VALUES ("3119237", "Dignissimos Eum", "Daughter protect goal individual conference.", "800459", "2021-05-05", "2023-05-26", "3119161", "3119022", "3119002", "3120016");
INSERT INTO Works_On (Researcher_ID,Project_ID,Start_Date) VALUES ("3120016", "3119237", "2021-05-05");
INSERT INTO Project (Project_ID,Name,Summary,Project_Funds,Start_Date,End_Date,Executive_ID,Program_ID,Organization_ID,Research_Manager_ID) VALUES ("3119238", "Voluptatibus Vel", "Πιο μερικούς αυτήν καλύτερο τα.", "119138", "2020-09-21", "2022-07-22", "3119142", "3119116", "3119027", "3120070");
INSERT INTO Works_On (Researcher_ID,Project_ID,Start_Date) VALUES ("3120070", "3119238", "2020-09-21");
INSERT INTO Project (Project_ID,Name,Summary,Project_Funds,Start_Date,End_Date,Executive_ID,Program_ID,Organization_ID,Research_Manager_ID) VALUES ("3119239", "Laboriosam", "Sequi esse omnis recusandae doloribus ut repellat.", "278922", "2020-09-23", "2023-02-16", "3119129", "3119007", "3119044", "3119874");
INSERT INTO Works_On (Researcher_ID,Project_ID,Start_Date) VALUES ("3119874", "3119239", "2020-09-23");
INSERT INTO Project (Project_ID,Name,Summary,Project_Funds,Start_Date,End_Date,Executive_ID,Program_ID,Organization_ID,Research_Manager_ID) VALUES ("3119240", "Ad Pariatur Quo", "Excepturi natus temporibus atque.", "857335", "2020-02-11", "2022-02-02", "3119169", "3119134", "3119006", "3119144");
INSERT INTO Works_On (Researcher_ID,Project_ID,Start_Date) VALUES ("3119144", "3119240", "2020-02-11");
INSERT INTO Project (Project_ID,Name,Summary,Project_Funds,Start_Date,End_Date,Executive_ID,Program_ID,Organization_ID,Research_Manager_ID) VALUES ("3119241", "Ανώδυνη Περιβάλλον", "Blue probably speech development point seek.", "544722", "2021-10-30", "2024-08-01", "3119039", "3119076", "3119009", "3119617");
INSERT INTO Works_On (Researcher_ID,Project_ID,Start_Date) VALUES ("3119617", "3119241", "2021-10-30");
INSERT INTO Project (Project_ID,Name,Summary,Project_Funds,Start_Date,End_Date,Executive_ID,Program_ID,Organization_ID,Research_Manager_ID) VALUES ("3119242", "Libero Cumque Non", "American then here peace feeling woman.", "134279", "2021-03-09", "2023-05-31", "3119194", "3119080", "3119029", "3119509");
INSERT INTO Works_On (Researcher_ID,Project_ID,Start_Date) VALUES ("3119509", "3119242", "2021-03-09");
INSERT INTO Project (Project_ID,Name,Summary,Project_Funds,Start_Date,End_Date,Executive_ID,Program_ID,Organization_ID,Research_Manager_ID) VALUES ("3119243", "Συγγραφής Ταξινομεί", "Daughter full hand stage. Ready conference future hear success.", "548420", "2020-03-30", "2022-02-13", "3119175", "3119131", "3119022", "3119068");
INSERT INTO Works_On (Researcher_ID,Project_ID,Start_Date) VALUES ("3119068", "3119243", "2020-03-30");
INSERT INTO Project (Project_ID,Name,Summary,Project_Funds,Start_Date,End_Date,Executive_ID,Program_ID,Organization_ID,Research_Manager_ID) VALUES ("3119244", "Τοπικές Γνωρίζουμε", "Nam incidunt animi hic excepturi.", "804428", "2021-10-25", "2024-08-12", "3119063", "3119080", "3119000", "3120032");
INSERT INTO Works_On (Researcher_ID,Project_ID,Start_Date) VALUES ("3120032", "3119244", "2021-10-25");
INSERT INTO Project (Project_ID,Name,Summary,Project_Funds,Start_Date,End_Date,Executive_ID,Program_ID,Organization_ID,Research_Manager_ID) VALUES ("3119245", "Big Especially Then", "Της κάτι πιο αλγόριθμου μέχρι έτσι.", "248849", "2021-03-07", "2022-04-08", "3119150", "3119107", "3119025", "3119827");
INSERT INTO Works_On (Researcher_ID,Project_ID,Start_Date) VALUES ("3119827", "3119245", "2021-03-07");
INSERT INTO Project (Project_ID,Name,Summary,Project_Funds,Start_Date,End_Date,Executive_ID,Program_ID,Organization_ID,Research_Manager_ID) VALUES ("3119246", "Magni Eius Dolore", "Structure down phone leg. Tv conference popular there. After really turn.", "254329", "2021-01-17", "2024-02-10", "3119099", "3119193", "3119033", "3119308");
INSERT INTO Works_On (Researcher_ID,Project_ID,Start_Date) VALUES ("3119308", "3119246", "2021-01-17");
INSERT INTO Project (Project_ID,Name,Summary,Project_Funds,Start_Date,End_Date,Executive_ID,Program_ID,Organization_ID,Research_Manager_ID) VALUES ("3119247", "Μερικούς Προσθέσει", "Με ότι κάτι. Συνάδελφος παραπάνω περιβάλλον σταματάς.", "964161", "2019-12-30", "2021-02-25", "3119031", "3119019", "3119010", "3119751");
INSERT INTO Works_On (Researcher_ID,Project_ID,Start_Date) VALUES ("3119751", "3119247", "2019-12-30");
INSERT INTO Project (Project_ID,Name,Summary,Project_Funds,Start_Date,End_Date,Executive_ID,Program_ID,Organization_ID,Research_Manager_ID) VALUES ("3119248", "Κι Κόλπα Χάος", "Μια μπορούσες τον συγχωνευτεί βαθμό.", "184987", "2021-04-16", "2024-03-08", "3119176", "3119169", "3119044", "3119112");
INSERT INTO Works_On (Researcher_ID,Project_ID,Start_Date) VALUES ("3119112", "3119248", "2021-04-16");
INSERT INTO Project (Project_ID,Name,Summary,Project_Funds,Start_Date,End_Date,Executive_ID,Program_ID,Organization_ID,Research_Manager_ID) VALUES ("3119249", "Μη Να Λίγο Σου", "Έγραψες τεσσαρών έτσι ανεπιθύμητη συνηθίζουν.", "392804", "2021-07-25", "2025-07-21", "3119095", "3119189", "3119012", "3119747");
INSERT INTO Works_On (Researcher_ID,Project_ID,Start_Date) VALUES ("3119747", "3119249", "2021-07-25");
INSERT INTO Project (Project_ID,Name,Summary,Project_Funds,Start_Date,End_Date,Executive_ID,Program_ID,Organization_ID,Research_Manager_ID) VALUES ("3119250", "Artist Ground Field", "Σωστά απλό πάντως ήδη πολύ μπορούσες και.", "855357", "2021-04-29", "2024-01-19", "3119144", "3119071", "3119033", "3119955");
INSERT INTO Works_On (Researcher_ID,Project_ID,Start_Date) VALUES ("3119955", "3119250", "2021-04-29");
INSERT INTO Project (Project_ID,Name,Summary,Project_Funds,Start_Date,End_Date,Executive_ID,Program_ID,Organization_ID,Research_Manager_ID) VALUES ("3119251", "Animi Vitae", "Say coach car old leg message financial weight.", "769626", "2021-09-28", "2024-04-19", "3119088", "3119152", "3119038", "3119211");
INSERT INTO Works_On (Researcher_ID,Project_ID,Start_Date) VALUES ("3119211", "3119251", "2021-09-28");
INSERT INTO Project (Project_ID,Name,Summary,Project_Funds,Start_Date,End_Date,Executive_ID,Program_ID,Organization_ID,Research_Manager_ID) VALUES ("3119252", "Rerum Vero", "Παράγοντες προκαλείς μου ένας εξοργιστικά της βρίσκονται.", "820089", "2021-07-24", "2023-03-04", "3119008", "3119176", "3119031", "3120146");
INSERT INTO Works_On (Researcher_ID,Project_ID,Start_Date) VALUES ("3120146", "3119252", "2021-07-24");
INSERT INTO Project (Project_ID,Name,Summary,Project_Funds,Start_Date,End_Date,Executive_ID,Program_ID,Organization_ID,Research_Manager_ID) VALUES ("3119253", "Χαρακτηριστικών", "Quibusdam distinctio beatae illum sed error assumenda ullam.", "810958", "2022-01-04", "2024-11-11", "3119062", "3119029", "3119048", "3119079");
INSERT INTO Works_On (Researcher_ID,Project_ID,Start_Date) VALUES ("3119079", "3119253", "2022-01-04");
INSERT INTO Project (Project_ID,Name,Summary,Project_Funds,Start_Date,End_Date,Executive_ID,Program_ID,Organization_ID,Research_Manager_ID) VALUES ("3119254", "Θέλεις Πλέον", "Maiores ad voluptatem molestias consectetur quo consequatur.", "576909", "2020-01-18", "2023-03-28", "3119002", "3119060", "3119000", "3120149");
INSERT INTO Works_On (Researcher_ID,Project_ID,Start_Date) VALUES ("3120149", "3119254", "2020-01-18");
INSERT INTO Project (Project_ID,Name,Summary,Project_Funds,Start_Date,End_Date,Executive_ID,Program_ID,Organization_ID,Research_Manager_ID) VALUES ("3119255", "Ανά Γειτονιάς Από", "Παράδειγμα κειμένων ακούσει σταματάς μέχρι την ζητήσεις μεταγλωτιστής.", "364906", "2020-03-27", "2023-01-30", "3119185", "3119196", "3119019", "3120097");
INSERT INTO Works_On (Researcher_ID,Project_ID,Start_Date) VALUES ("3120097", "3119255", "2020-03-27");
INSERT INTO Project (Project_ID,Name,Summary,Project_Funds,Start_Date,End_Date,Executive_ID,Program_ID,Organization_ID,Research_Manager_ID) VALUES ("3119256", "Time However", "Υψηλότερη πλέον επιχείριση πετάνε για.", "292954", "2021-03-11", "2023-02-04", "3119095", "3119126", "3119043", "3119680");
INSERT INTO Works_On (Researcher_ID,Project_ID,Start_Date) VALUES ("3119680", "3119256", "2021-03-11");
INSERT INTO Project (Project_ID,Name,Summary,Project_Funds,Start_Date,End_Date,Executive_ID,Program_ID,Organization_ID,Research_Manager_ID) VALUES ("3119257", "Work Probably Hour", "Εκτός ανά κόψεις συγχρόνως συγγραφείς δωροδοκηθούν.", "252632", "2021-02-04", "2024-05-01", "3119054", "3119127", "3119000", "3119366");
INSERT INTO Works_On (Researcher_ID,Project_ID,Start_Date) VALUES ("3119366", "3119257", "2021-02-04");
INSERT INTO Project (Project_ID,Name,Summary,Project_Funds,Start_Date,End_Date,Executive_ID,Program_ID,Organization_ID,Research_Manager_ID) VALUES ("3119258", "Της Αρπάζεις", "Πρώτης τον θέματα περίπου διακοπή πλέον.", "919286", "2020-10-23", "2024-02-11", "3119185", "3119146", "3119033", "3119907");
INSERT INTO Works_On (Researcher_ID,Project_ID,Start_Date) VALUES ("3119907", "3119258", "2020-10-23");
INSERT INTO Project (Project_ID,Name,Summary,Project_Funds,Start_Date,End_Date,Executive_ID,Program_ID,Organization_ID,Research_Manager_ID) VALUES ("3119259", "Προσλάμβανες", "Αναφορά δουλεύει ως χρονοδιαγράμματος δυστυχώς παραδοτέου χαρακτηριστικό.", "488692", "2022-02-19", "2024-05-28", "3119055", "3119059", "3119042", "3120034");
INSERT INTO Works_On (Researcher_ID,Project_ID,Start_Date) VALUES ("3120034", "3119259", "2022-02-19");
INSERT INTO Project (Project_ID,Name,Summary,Project_Funds,Start_Date,End_Date,Executive_ID,Program_ID,Organization_ID,Research_Manager_ID) VALUES ("3119260", "Του Δύο Πολύ", "Μέχρι ίδιο γνωρίζουμε θέμα κανόνα. Μιας με χώρου εγώ πιο.", "198014", "2021-01-31", "2024-06-08", "3119194", "3119140", "3119029", "3119153");
INSERT INTO Works_On (Researcher_ID,Project_ID,Start_Date) VALUES ("3119153", "3119260", "2021-01-31");
INSERT INTO Project (Project_ID,Name,Summary,Project_Funds,Start_Date,End_Date,Executive_ID,Program_ID,Organization_ID,Research_Manager_ID) VALUES ("3119261", "Ναι Εκθέσεις Ειδικά", "Γεύματος υποψήφιο διοικητικό. Τις εκτός ναι διακοπή τα.", "998265", "2020-01-13", "2022-10-08", "3119123", "3119098", "3119002", "3119179");
INSERT INTO Works_On (Researcher_ID,Project_ID,Start_Date) VALUES ("3119179", "3119261", "2020-01-13");
INSERT INTO Project (Project_ID,Name,Summary,Project_Funds,Start_Date,End_Date,Executive_ID,Program_ID,Organization_ID,Research_Manager_ID) VALUES ("3119262", "Ea Veniam Veniam", "Veniam fuga fugiat voluptatum quaerat laudantium quis.", "525034", "2020-08-12", "2023-09-26", "3119005", "3119008", "3119037", "3120129");
INSERT INTO Works_On (Researcher_ID,Project_ID,Start_Date) VALUES ("3120129", "3119262", "2020-08-12");
INSERT INTO Project (Project_ID,Name,Summary,Project_Funds,Start_Date,End_Date,Executive_ID,Program_ID,Organization_ID,Research_Manager_ID) VALUES ("3119263", "Omnis Accusamus", "Μέχρι βαθμό τύπους έτσι βιαστικά. Ας χαρτιού άρθρων όσο στις.", "832176", "2020-04-26", "2022-05-22", "3119104", "3119062", "3119049", "3119959");
INSERT INTO Works_On (Researcher_ID,Project_ID,Start_Date) VALUES ("3119959", "3119263", "2020-04-26");
INSERT INTO Project (Project_ID,Name,Summary,Project_Funds,Start_Date,End_Date,Executive_ID,Program_ID,Organization_ID,Research_Manager_ID) VALUES ("3119264", "Στα Ημέρα Αρπάζεις", "Sapiente aut soluta tenetur quae a.", "274712", "2020-02-17", "2023-07-16", "3119100", "3119068", "3119019", "3119703");
INSERT INTO Works_On (Researcher_ID,Project_ID,Start_Date) VALUES ("3119703", "3119264", "2020-02-17");
INSERT INTO Project (Project_ID,Name,Summary,Project_Funds,Start_Date,End_Date,Executive_ID,Program_ID,Organization_ID,Research_Manager_ID) VALUES ("3119265", "Event Sit Whether", "Quas aut nemo quidem doloremque nulla.", "608261", "2021-11-19", "2023-03-31", "3119027", "3119145", "3119042", "3119769");
INSERT INTO Works_On (Researcher_ID,Project_ID,Start_Date) VALUES ("3119769", "3119265", "2021-11-19");
INSERT INTO Project (Project_ID,Name,Summary,Project_Funds,Start_Date,End_Date,Executive_ID,Program_ID,Organization_ID,Research_Manager_ID) VALUES ("3119266", "Purpose Pay Plant", "Κι μην για σε εφαρμογής πρόσληψη. Βασανίζουν σαν να.", "241488", "2021-08-30", "2024-11-09", "3119017", "3119164", "3119000", "3119345");
INSERT INTO Works_On (Researcher_ID,Project_ID,Start_Date) VALUES ("3119345", "3119266", "2021-08-30");
INSERT INTO Project (Project_ID,Name,Summary,Project_Funds,Start_Date,End_Date,Executive_ID,Program_ID,Organization_ID,Research_Manager_ID) VALUES ("3119267", "Tempora", "Δοκιμάσεις παίρνουν τρόποι γεγονός γεύματος τα.", "518919", "2021-06-28", "2025-05-18", "3119140", "3119018", "3119033", "3119291");
INSERT INTO Works_On (Researcher_ID,Project_ID,Start_Date) VALUES ("3119291", "3119267", "2021-06-28");
INSERT INTO Project (Project_ID,Name,Summary,Project_Funds,Start_Date,End_Date,Executive_ID,Program_ID,Organization_ID,Research_Manager_ID) VALUES ("3119268", "Ready Candidate", "Est magni repellat quis voluptate ea laborum.", "927246", "2021-01-29", "2022-11-12", "3119122", "3119189", "3119019", "3119483");
INSERT INTO Works_On (Researcher_ID,Project_ID,Start_Date) VALUES ("3119483", "3119268", "2021-01-29");
INSERT INTO Project (Project_ID,Name,Summary,Project_Funds,Start_Date,End_Date,Executive_ID,Program_ID,Organization_ID,Research_Manager_ID) VALUES ("3119269", "Nobis Aut Similique", "Πλέον γειτονιάς γειτονιάς πιο άρθρων.", "363109", "2021-12-22", "2025-08-15", "3119039", "3119026", "3119010", "3119947");
INSERT INTO Works_On (Researcher_ID,Project_ID,Start_Date) VALUES ("3119947", "3119269", "2021-12-22");
INSERT INTO Project (Project_ID,Name,Summary,Project_Funds,Start_Date,End_Date,Executive_ID,Program_ID,Organization_ID,Research_Manager_ID) VALUES ("3119270", "Γειτονιάς Πάντως", "Ήδη γραμμή έτσι χαμηλός.", "111827", "2019-11-08", "2023-07-26", "3119074", "3119040", "3119021", "3119945");
INSERT INTO Works_On (Researcher_ID,Project_ID,Start_Date) VALUES ("3119945", "3119270", "2019-11-08");
INSERT INTO Project (Project_ID,Name,Summary,Project_Funds,Start_Date,End_Date,Executive_ID,Program_ID,Organization_ID,Research_Manager_ID) VALUES ("3119271", "Ποια Χάος Ναι Κι", "Παραγωγικής εικόνες κανένας ευκολότερο σας.", "167273", "2021-05-16", "2023-01-07", "3119046", "3119055", "3119008", "3119545");
INSERT INTO Works_On (Researcher_ID,Project_ID,Start_Date) VALUES ("3119545", "3119271", "2021-05-16");
INSERT INTO Project (Project_ID,Name,Summary,Project_Funds,Start_Date,End_Date,Executive_ID,Program_ID,Organization_ID,Research_Manager_ID) VALUES ("3119272", "Rerum Nostrum Ab", "Πεδία δύο αποθηκευτικού σου των τρέξει δημιουργήσεις.", "901615", "2020-06-02", "2022-04-17", "3119153", "3119059", "3119034", "3119070");
INSERT INTO Works_On (Researcher_ID,Project_ID,Start_Date) VALUES ("3119070", "3119272", "2020-06-02");
INSERT INTO Project (Project_ID,Name,Summary,Project_Funds,Start_Date,End_Date,Executive_ID,Program_ID,Organization_ID,Research_Manager_ID) VALUES ("3119273", "History Energy", "Aspernatur totam totam ducimus nesciunt aperiam adipisci.", "816384", "2021-09-07", "2023-10-06", "3119047", "3119129", "3119041", "3119407");
INSERT INTO Works_On (Researcher_ID,Project_ID,Start_Date) VALUES ("3119407", "3119273", "2021-09-07");
INSERT INTO Project (Project_ID,Name,Summary,Project_Funds,Start_Date,End_Date,Executive_ID,Program_ID,Organization_ID,Research_Manager_ID) VALUES ("3119274", "Odit Facilis", "Paper cover many during and foot.", "975385", "2020-10-19", "2024-05-31", "3119028", "3119036", "3119046", "3120169");
INSERT INTO Works_On (Researcher_ID,Project_ID,Start_Date) VALUES ("3120169", "3119274", "2020-10-19");
INSERT INTO Project (Project_ID,Name,Summary,Project_Funds,Start_Date,End_Date,Executive_ID,Program_ID,Organization_ID,Research_Manager_ID) VALUES ("3119275", "Beatae Repellat", "Κλπ προσθέσει κάνε χαρακτηριστικό ένας μαγικά εργαζόμενοι.", "320429", "2022-03-16", "2023-04-21", "3119019", "3119038", "3119047", "3119135");
INSERT INTO Works_On (Researcher_ID,Project_ID,Start_Date) VALUES ("3119135", "3119275", "2022-03-16");
INSERT INTO Project (Project_ID,Name,Summary,Project_Funds,Start_Date,End_Date,Executive_ID,Program_ID,Organization_ID,Research_Manager_ID) VALUES ("3119276", "Στα Κανόνα Μέχρι", "Sint nemo eveniet iure eum maxime pariatur quas.", "532454", "2022-05-16", "2025-03-23", "3119032", "3119140", "3119036", "3119677");
INSERT INTO Works_On (Researcher_ID,Project_ID,Start_Date) VALUES ("3119677", "3119276", "2022-05-16");
INSERT INTO Project (Project_ID,Name,Summary,Project_Funds,Start_Date,End_Date,Executive_ID,Program_ID,Organization_ID,Research_Manager_ID) VALUES ("3119277", "Officia Quos Quis", "Wear such bed agreement large. Everything identify blood.", "776632", "2021-05-06", "2024-06-16", "3119188", "3119035", "3119048", "3119882");
INSERT INTO Works_On (Researcher_ID,Project_ID,Start_Date) VALUES ("3119882", "3119277", "2021-05-06");
INSERT INTO Project (Project_ID,Name,Summary,Project_Funds,Start_Date,End_Date,Executive_ID,Program_ID,Organization_ID,Research_Manager_ID) VALUES ("3119278", "Ως Εργαζόμενοι Έτσι", "Tv two consider interview. Half staff easy mother.", "311408", "2020-03-03", "2021-03-16", "3119005", "3119085", "3119016", "3119372");
INSERT INTO Works_On (Researcher_ID,Project_ID,Start_Date) VALUES ("3119372", "3119278", "2020-03-03");
INSERT INTO Project (Project_ID,Name,Summary,Project_Funds,Start_Date,End_Date,Executive_ID,Program_ID,Organization_ID,Research_Manager_ID) VALUES ("3119279", "Harum Doloribus", "Ullam quidem dicta velit perspiciatis laboriosam sint. Corrupti et est.", "191859", "2021-11-14", "2023-06-02", "3119197", "3119146", "3119006", "3119494");
INSERT INTO Works_On (Researcher_ID,Project_ID,Start_Date) VALUES ("3119494", "3119279", "2021-11-14");
INSERT INTO Project (Project_ID,Name,Summary,Project_Funds,Start_Date,End_Date,Executive_ID,Program_ID,Organization_ID,Research_Manager_ID) VALUES ("3119280", "Παραδοτέου", "Eius placeat dolore ullam. Natus error libero iure.", "246989", "2021-07-22", "2023-01-27", "3119178", "3119035", "3119029", "3119111");
INSERT INTO Works_On (Researcher_ID,Project_ID,Start_Date) VALUES ("3119111", "3119280", "2021-07-22");
INSERT INTO Project (Project_ID,Name,Summary,Project_Funds,Start_Date,End_Date,Executive_ID,Program_ID,Organization_ID,Research_Manager_ID) VALUES ("3119281", "Αναγκάζονται", "Deleniti ad enim sed. Totam omnis neque consectetur dolorem.", "507358", "2021-02-15", "2024-05-11", "3119156", "3119164", "3119038", "3120036");
INSERT INTO Works_On (Researcher_ID,Project_ID,Start_Date) VALUES ("3120036", "3119281", "2021-02-15");
INSERT INTO Project (Project_ID,Name,Summary,Project_Funds,Start_Date,End_Date,Executive_ID,Program_ID,Organization_ID,Research_Manager_ID) VALUES ("3119282", "Error Nulla Beatae", "Φαινόμενο σου πες βουτήξουν εικόνες χειρότερα έτοιμος υπηρεσία.", "506180", "2022-05-06", "2024-04-17", "3119066", "3119051", "3119039", "3120144");
INSERT INTO Works_On (Researcher_ID,Project_ID,Start_Date) VALUES ("3120144", "3119282", "2022-05-06");
INSERT INTO Project (Project_ID,Name,Summary,Project_Funds,Start_Date,End_Date,Executive_ID,Program_ID,Organization_ID,Research_Manager_ID) VALUES ("3119283", "Quas Maxime", "Παραδοτέου κι εσωτερικών.", "611233", "2021-03-25", "2024-07-12", "3119096", "3119145", "3119020", "3119234");
INSERT INTO Works_On (Researcher_ID,Project_ID,Start_Date) VALUES ("3119234", "3119283", "2021-03-25");
INSERT INTO Project (Project_ID,Name,Summary,Project_Funds,Start_Date,End_Date,Executive_ID,Program_ID,Organization_ID,Research_Manager_ID) VALUES ("3119284", "Γέλασαν Τρόποι Μια", "Τα σε παραγωγικής αρέσει διάβασε κόλπα άτομο.", "505681", "2021-12-13", "2024-07-24", "3119196", "3119076", "3119035", "3119287");
INSERT INTO Works_On (Researcher_ID,Project_ID,Start_Date) VALUES ("3119287", "3119284", "2021-12-13");
INSERT INTO Project (Project_ID,Name,Summary,Project_Funds,Start_Date,End_Date,Executive_ID,Program_ID,Organization_ID,Research_Manager_ID) VALUES ("3119285", "Περιμένουν Εκθέσεις", "Έρθει κόλπα στο υπηρεσία μου κανόνα.", "841265", "2021-03-17", "2022-09-11", "3119017", "3119138", "3119019", "3119669");
INSERT INTO Works_On (Researcher_ID,Project_ID,Start_Date) VALUES ("3119669", "3119285", "2021-03-17");
INSERT INTO Project (Project_ID,Name,Summary,Project_Funds,Start_Date,End_Date,Executive_ID,Program_ID,Organization_ID,Research_Manager_ID) VALUES ("3119286", "Σημαντικό Διαδίκτυο", "Quidem illum dolorum accusantium culpa.", "515030", "2022-03-08", "2023-07-22", "3119095", "3119151", "3119029", "3119335");
INSERT INTO Works_On (Researcher_ID,Project_ID,Start_Date) VALUES ("3119335", "3119286", "2022-03-08");
INSERT INTO Project (Project_ID,Name,Summary,Project_Funds,Start_Date,End_Date,Executive_ID,Program_ID,Organization_ID,Research_Manager_ID) VALUES ("3119287", "Ducimus Consequatur", "Veritatis voluptatem inventore similique. Dolor ipsam eum incidunt.", "797602", "2022-04-03", "2023-06-04", "3119029", "3119003", "3119015", "3119799");
INSERT INTO Works_On (Researcher_ID,Project_ID,Start_Date) VALUES ("3119799", "3119287", "2022-04-03");
INSERT INTO Project (Project_ID,Name,Summary,Project_Funds,Start_Date,End_Date,Executive_ID,Program_ID,Organization_ID,Research_Manager_ID) VALUES ("3119288", "Πως Στο Πλέον Νέο", "Διάβασε να τα. Ελέγχου εργάστηκε φακέλους τι χρόνου έτοιμος.", "735413", "2021-04-23", "2022-05-19", "3119088", "3119127", "3119023", "3119966");
INSERT INTO Works_On (Researcher_ID,Project_ID,Start_Date) VALUES ("3119966", "3119288", "2021-04-23");
INSERT INTO Project (Project_ID,Name,Summary,Project_Funds,Start_Date,End_Date,Executive_ID,Program_ID,Organization_ID,Research_Manager_ID) VALUES ("3119289", "Aspernatur", "Μιας απαρατήρητο ανά αποθηκευτικού διαπιστώνεις έξι επενδυτής.", "620988", "2020-05-07", "2022-02-21", "3119175", "3119090", "3119019", "3119147");
INSERT INTO Works_On (Researcher_ID,Project_ID,Start_Date) VALUES ("3119147", "3119289", "2020-05-07");
INSERT INTO Project (Project_ID,Name,Summary,Project_Funds,Start_Date,End_Date,Executive_ID,Program_ID,Organization_ID,Research_Manager_ID) VALUES ("3119290", "Λίγο Μάτσο Τα Ήδη", "Unde alias deserunt voluptates est fugit. Nostrum eum blanditiis enim.", "826095", "2020-02-17", "2022-04-26", "3119003", "3119072", "3119016", "3120194");
INSERT INTO Works_On (Researcher_ID,Project_ID,Start_Date) VALUES ("3120194", "3119290", "2020-02-17");
INSERT INTO Project (Project_ID,Name,Summary,Project_Funds,Start_Date,End_Date,Executive_ID,Program_ID,Organization_ID,Research_Manager_ID) VALUES ("3119291", "Drug Reveal Budget", "Quia ipsum eius voluptatibus. Placeat deserunt nemo.", "355653", "2020-02-05", "2023-10-29", "3119076", "3119103", "3119037", "3119717");
INSERT INTO Works_On (Researcher_ID,Project_ID,Start_Date) VALUES ("3119717", "3119291", "2020-02-05");
INSERT INTO Project (Project_ID,Name,Summary,Project_Funds,Start_Date,End_Date,Executive_ID,Program_ID,Organization_ID,Research_Manager_ID) VALUES ("3119292", "Assume Me", "Labore repellendus quia tempora.", "516167", "2019-12-14", "2023-06-24", "3119098", "3119115", "3119024", "3119636");
INSERT INTO Works_On (Researcher_ID,Project_ID,Start_Date) VALUES ("3119636", "3119292", "2019-12-14");
INSERT INTO Project (Project_ID,Name,Summary,Project_Funds,Start_Date,End_Date,Executive_ID,Program_ID,Organization_ID,Research_Manager_ID) VALUES ("3119293", "Αν Όσο Τις Ελέγχου", "Διακοπή μέχρι με παραδοτέου ευκολότερο αναγκάζονται.", "573727", "2021-05-28", "2022-09-25", "3119142", "3119192", "3119004", "3119382");
INSERT INTO Works_On (Researcher_ID,Project_ID,Start_Date) VALUES ("3119382", "3119293", "2021-05-28");
INSERT INTO Project (Project_ID,Name,Summary,Project_Funds,Start_Date,End_Date,Executive_ID,Program_ID,Organization_ID,Research_Manager_ID) VALUES ("3119294", "Mission Show Appear", "Εργαλείων ιδιαίτερα γιαυτό πάρα πλέον. Ύψος συγγραφείς εργάστηκε.", "346657", "2020-04-04", "2023-08-09", "3119041", "3119105", "3119022", "3120067");
INSERT INTO Works_On (Researcher_ID,Project_ID,Start_Date) VALUES ("3120067", "3119294", "2020-04-04");
INSERT INTO Project (Project_ID,Name,Summary,Project_Funds,Start_Date,End_Date,Executive_ID,Program_ID,Organization_ID,Research_Manager_ID) VALUES ("3119295", "Εκτελέσεις Επί", "Nihil amet tenetur adipisci debitis.", "109707", "2020-10-24", "2022-12-09", "3119104", "3119053", "3119043", "3119576");
INSERT INTO Works_On (Researcher_ID,Project_ID,Start_Date) VALUES ("3119576", "3119295", "2020-10-24");
INSERT INTO Project (Project_ID,Name,Summary,Project_Funds,Start_Date,End_Date,Executive_ID,Program_ID,Organization_ID,Research_Manager_ID) VALUES ("3119296", "Ζητήσεις Λοιπόν", "Δοκιμάσεις νέων αποκλειστικούς κάνεις ανταγωνιστής εκτελέσεις το.", "818460", "2021-03-13", "2023-03-22", "3119089", "3119148", "3119033", "3119546");
INSERT INTO Works_On (Researcher_ID,Project_ID,Start_Date) VALUES ("3119546", "3119296", "2021-03-13");
INSERT INTO Project (Project_ID,Name,Summary,Project_Funds,Start_Date,End_Date,Executive_ID,Program_ID,Organization_ID,Research_Manager_ID) VALUES ("3119297", "Expedita Placeat", "Της χαρτιού παίρνουν αποφάσισε εφαρμογή.", "339566", "2021-12-23", "2023-04-28", "3119143", "3119077", "3119037", "3119093");
INSERT INTO Works_On (Researcher_ID,Project_ID,Start_Date) VALUES ("3119093", "3119297", "2021-12-23");
INSERT INTO Project (Project_ID,Name,Summary,Project_Funds,Start_Date,End_Date,Executive_ID,Program_ID,Organization_ID,Research_Manager_ID) VALUES ("3119298", "Έξι Έγραψες Σαν Με", "Σπίτι σημεία μέχρι μεταφραστής. Την τη λέει έχω πως.", "408913", "2020-07-22", "2023-08-09", "3119004", "3119121", "3119046", "3119295");
INSERT INTO Works_On (Researcher_ID,Project_ID,Start_Date) VALUES ("3119295", "3119298", "2020-07-22");
INSERT INTO Project (Project_ID,Name,Summary,Project_Funds,Start_Date,End_Date,Executive_ID,Program_ID,Organization_ID,Research_Manager_ID) VALUES ("3119299", "Iure Doloribus Ipsa", "Πάντα νέα πηγαίου όταν. Κάνεις μιας έχω εδώ δύο υπηρεσία εικόνες κι.", "751223", "2020-06-25", "2023-05-21", "3119157", "3119198", "3119003", "3119737");
INSERT INTO Works_On (Researcher_ID,Project_ID,Start_Date) VALUES ("3119737", "3119299", "2020-06-25");
INSERT INTO Project (Project_ID,Name,Summary,Project_Funds,Start_Date,End_Date,Executive_ID,Program_ID,Organization_ID,Research_Manager_ID) VALUES ("3119300", "Voluptatem Illo", "Illum neque possimus impedit harum iste facere.", "851610", "2020-12-24", "2022-06-03", "3119185", "3119131", "3119018", "3119085");
INSERT INTO Works_On (Researcher_ID,Project_ID,Start_Date) VALUES ("3119085", "3119300", "2020-12-24");
INSERT INTO Project (Project_ID,Name,Summary,Project_Funds,Start_Date,End_Date,Executive_ID,Program_ID,Organization_ID,Research_Manager_ID) VALUES ("3119301", "Άρα Και Εδώ Εδώ", "Προσπαθήσεις ερώτηση επί μια.", "691139", "2021-09-13", "2024-09-25", "3119013", "3119091", "3119018", "3119462");
INSERT INTO Works_On (Researcher_ID,Project_ID,Start_Date) VALUES ("3119462", "3119301", "2021-09-13");
INSERT INTO Project (Project_ID,Name,Summary,Project_Funds,Start_Date,End_Date,Executive_ID,Program_ID,Organization_ID,Research_Manager_ID) VALUES ("3119302", "Σωστά Πάντα", "Αποφάσισε γεύματος πόρτες δε. Συγχρόνως ατόμου συνηθίζουν δύο.", "430014", "2019-11-16", "2022-06-18", "3119001", "3119041", "3119010", "3119241");
INSERT INTO Works_On (Researcher_ID,Project_ID,Start_Date) VALUES ("3119241", "3119302", "2019-11-16");
INSERT INTO Project (Project_ID,Name,Summary,Project_Funds,Start_Date,End_Date,Executive_ID,Program_ID,Organization_ID,Research_Manager_ID) VALUES ("3119303", "Στο Αρέσει Ατόμου", "Ας πεδία μας πολύ παραγωγικής. Υπηρεσία τα μεταγλωτιστής γιαυτό γράψει.", "988528", "2021-02-23", "2022-04-28", "3119037", "3119193", "3119019", "3119176");
INSERT INTO Works_On (Researcher_ID,Project_ID,Start_Date) VALUES ("3119176", "3119303", "2021-02-23");
INSERT INTO Project (Project_ID,Name,Summary,Project_Funds,Start_Date,End_Date,Executive_ID,Program_ID,Organization_ID,Research_Manager_ID) VALUES ("3119304", "Enim Inventore", "Data watch similar. Sign soon little walk his.", "426066", "2022-04-23", "2025-04-18", "3119026", "3119104", "3119016", "3119539");
INSERT INTO Works_On (Researcher_ID,Project_ID,Start_Date) VALUES ("3119539", "3119304", "2022-04-23");
INSERT INTO Project (Project_ID,Name,Summary,Project_Funds,Start_Date,End_Date,Executive_ID,Program_ID,Organization_ID,Research_Manager_ID) VALUES ("3119305", "Στα Τους Μετράει", "Nobis ab eum autem corporis nemo.", "922504", "2020-09-19", "2024-06-15", "3119178", "3119087", "3119036", "3119969");
INSERT INTO Works_On (Researcher_ID,Project_ID,Start_Date) VALUES ("3119969", "3119305", "2020-09-19");
INSERT INTO Project (Project_ID,Name,Summary,Project_Funds,Start_Date,End_Date,Executive_ID,Program_ID,Organization_ID,Research_Manager_ID) VALUES ("3119306", "Eaque Voluptates", "Λίγο πετούν προκαλείς πάντως λοιπόν πετούν κώδικα εγώ.", "345418", "2021-02-18", "2022-12-12", "3119092", "3119090", "3119036", "3119196");
INSERT INTO Works_On (Researcher_ID,Project_ID,Start_Date) VALUES ("3119196", "3119306", "2021-02-18");
INSERT INTO Project (Project_ID,Name,Summary,Project_Funds,Start_Date,End_Date,Executive_ID,Program_ID,Organization_ID,Research_Manager_ID) VALUES ("3119307", "Μεταγλωτιστής", "Quae animi quas blanditiis aliquid debitis recusandae.", "326179", "2021-07-06", "2022-07-18", "3119112", "3119124", "3119031", "3119790");
INSERT INTO Works_On (Researcher_ID,Project_ID,Start_Date) VALUES ("3119790", "3119307", "2021-07-06");
INSERT INTO Project (Project_ID,Name,Summary,Project_Funds,Start_Date,End_Date,Executive_ID,Program_ID,Organization_ID,Research_Manager_ID) VALUES ("3119308", "Απομόνωση Πήρε", "Neque eaque harum ducimus. Maiores deleniti rerum impedit dolorem ratione.", "574424", "2020-04-13", "2022-05-12", "3119057", "3119017", "3119033", "3120053");
INSERT INTO Works_On (Researcher_ID,Project_ID,Start_Date) VALUES ("3120053", "3119308", "2020-04-13");
INSERT INTO Project (Project_ID,Name,Summary,Project_Funds,Start_Date,End_Date,Executive_ID,Program_ID,Organization_ID,Research_Manager_ID) VALUES ("3119309", "Βαθμό Αρέσει Μέσης", "Μέχρι ότι σαν απομόνωση ήδη. Παίρνουν εγώ κι αλγόριθμου εφαρμογή.", "333300", "2020-07-25", "2021-08-18", "3119098", "3119135", "3119049", "3119342");
INSERT INTO Works_On (Researcher_ID,Project_ID,Start_Date) VALUES ("3119342", "3119309", "2020-07-25");
INSERT INTO Project (Project_ID,Name,Summary,Project_Funds,Start_Date,End_Date,Executive_ID,Program_ID,Organization_ID,Research_Manager_ID) VALUES ("3119310", "Soon Move Central", "Σαν ατόμου ρωτάει. Περίπου λίγο δείξει κώδικα θα ρωτάει άρα.", "323761", "2021-06-21", "2022-10-24", "3119097", "3119120", "3119020", "3119522");
INSERT INTO Works_On (Researcher_ID,Project_ID,Start_Date) VALUES ("3119522", "3119310", "2021-06-21");
INSERT INTO Project (Project_ID,Name,Summary,Project_Funds,Start_Date,End_Date,Executive_ID,Program_ID,Organization_ID,Research_Manager_ID) VALUES ("3119311", "Eveniet Quia", "Υόρκη ατόμου πολύ λέει πάρα.", "177803", "2021-07-15", "2024-08-08", "3119120", "3119192", "3119030", "3120072");
INSERT INTO Works_On (Researcher_ID,Project_ID,Start_Date) VALUES ("3120072", "3119311", "2021-07-15");
INSERT INTO Project (Project_ID,Name,Summary,Project_Funds,Start_Date,End_Date,Executive_ID,Program_ID,Organization_ID,Research_Manager_ID) VALUES ("3119312", "Ερωτήσεις Μας Του", "Interview then mean box concern she.", "360790", "2020-11-28", "2023-01-29", "3119129", "3119074", "3119003", "3119109");
INSERT INTO Works_On (Researcher_ID,Project_ID,Start_Date) VALUES ("3119109", "3119312", "2020-11-28");
INSERT INTO Project (Project_ID,Name,Summary,Project_Funds,Start_Date,End_Date,Executive_ID,Program_ID,Organization_ID,Research_Manager_ID) VALUES ("3119313", "Molestiae", "Κόλπα χαρτιού συγκεντρωμένοι όχι συνάδελφος. Της στο ροή μου ως.", "462250", "2020-08-21", "2024-02-26", "3119032", "3119048", "3119047", "3119584");
INSERT INTO Works_On (Researcher_ID,Project_ID,Start_Date) VALUES ("3119584", "3119313", "2020-08-21");
INSERT INTO Project (Project_ID,Name,Summary,Project_Funds,Start_Date,End_Date,Executive_ID,Program_ID,Organization_ID,Research_Manager_ID) VALUES ("3119314", "Issue Peace", "Αποκλειστικούς λοιπόν πρώτοι τρόποι επιδιορθώσεις τρόποι.", "155738", "2019-12-07", "2021-06-17", "3119080", "3119188", "3119012", "3119374");
INSERT INTO Works_On (Researcher_ID,Project_ID,Start_Date) VALUES ("3119374", "3119314", "2019-12-07");
INSERT INTO Project (Project_ID,Name,Summary,Project_Funds,Start_Date,End_Date,Executive_ID,Program_ID,Organization_ID,Research_Manager_ID) VALUES ("3119315", "Εσωτερικών Αρχεία", "Soon next indeed occur. Protect American relate man success.", "497024", "2020-07-23", "2022-10-22", "3119150", "3119060", "3119036", "3119968");
INSERT INTO Works_On (Researcher_ID,Project_ID,Start_Date) VALUES ("3119968", "3119315", "2020-07-23");
INSERT INTO Project (Project_ID,Name,Summary,Project_Funds,Start_Date,End_Date,Executive_ID,Program_ID,Organization_ID,Research_Manager_ID) VALUES ("3119316", "Κάνε Αγοράζοντας Δε", "Πετούν κόψεις πάντα έστελνε συγχωνευτεί κανόνα.", "351898", "2021-06-30", "2025-05-01", "3119048", "3119093", "3119046", "3119771");
INSERT INTO Works_On (Researcher_ID,Project_ID,Start_Date) VALUES ("3119771", "3119316", "2021-06-30");
INSERT INTO Project (Project_ID,Name,Summary,Project_Funds,Start_Date,End_Date,Executive_ID,Program_ID,Organization_ID,Research_Manager_ID) VALUES ("3119317", "Στο Οι Ποια Ρωτήσει", "Television possible ground evidence too choice nice.", "842574", "2020-10-14", "2024-07-29", "3119011", "3119013", "3119028", "3120135");
INSERT INTO Works_On (Researcher_ID,Project_ID,Start_Date) VALUES ("3120135", "3119317", "2020-10-14");
INSERT INTO Project (Project_ID,Name,Summary,Project_Funds,Start_Date,End_Date,Executive_ID,Program_ID,Organization_ID,Research_Manager_ID) VALUES ("3119318", "Τεκμηριώνει Ως", "Προκαλείς ερωτήσεις διευθυντές εργασίας εξαρτάται.", "626111", "2021-09-18", "2023-10-15", "3119118", "3119065", "3119048", "3119962");
INSERT INTO Works_On (Researcher_ID,Project_ID,Start_Date) VALUES ("3119962", "3119318", "2021-09-18");
INSERT INTO Project (Project_ID,Name,Summary,Project_Funds,Start_Date,End_Date,Executive_ID,Program_ID,Organization_ID,Research_Manager_ID) VALUES ("3119319", "Agency", "Itself shake point feeling after body on.", "257414", "2022-01-10", "2024-01-15", "3119151", "3119072", "3119026", "3119535");
INSERT INTO Works_On (Researcher_ID,Project_ID,Start_Date) VALUES ("3119535", "3119319", "2022-01-10");
INSERT INTO Project (Project_ID,Name,Summary,Project_Funds,Start_Date,End_Date,Executive_ID,Program_ID,Organization_ID,Research_Manager_ID) VALUES ("3119320", "Έξι Ήδη Όταν Για", "Share your president present. Economic newspaper action.", "104293", "2020-02-28", "2024-01-07", "3119090", "3119096", "3119034", "3119812");
INSERT INTO Works_On (Researcher_ID,Project_ID,Start_Date) VALUES ("3119812", "3119320", "2020-02-28");
INSERT INTO Project (Project_ID,Name,Summary,Project_Funds,Start_Date,End_Date,Executive_ID,Program_ID,Organization_ID,Research_Manager_ID) VALUES ("3119321", "Τεσσαρών Εκδόσεις", "Ατόμου μα πάντα πρώτης διολισθήσεις φακέλους.", "611479", "2020-11-27", "2022-04-09", "3119003", "3119168", "3119039", "3119996");
INSERT INTO Works_On (Researcher_ID,Project_ID,Start_Date) VALUES ("3119996", "3119321", "2020-11-27");
INSERT INTO Project (Project_ID,Name,Summary,Project_Funds,Start_Date,End_Date,Executive_ID,Program_ID,Organization_ID,Research_Manager_ID) VALUES ("3119322", "Πήρε Δύο Πάντα", "Occaecati placeat molestiae veritatis odio optio totam.", "999205", "2021-12-11", "2023-11-09", "3119114", "3119136", "3119029", "3119446");
INSERT INTO Works_On (Researcher_ID,Project_ID,Start_Date) VALUES ("3119446", "3119322", "2021-12-11");
INSERT INTO Project (Project_ID,Name,Summary,Project_Funds,Start_Date,End_Date,Executive_ID,Program_ID,Organization_ID,Research_Manager_ID) VALUES ("3119323", "Μάλλον Δεν Κώδικα", "Voluptas minus veniam tenetur.", "121537", "2020-12-12", "2022-07-19", "3119089", "3119167", "3119004", "3119605");
INSERT INTO Works_On (Researcher_ID,Project_ID,Start_Date) VALUES ("3119605", "3119323", "2020-12-12");
INSERT INTO Project (Project_ID,Name,Summary,Project_Funds,Start_Date,End_Date,Executive_ID,Program_ID,Organization_ID,Research_Manager_ID) VALUES ("3119324", "Big Somebody Sport", "Γειτονιάς από εργασίας έγραψες δεν.", "728045", "2021-06-16", "2022-09-22", "3119069", "3119081", "3119041", "3120131");
INSERT INTO Works_On (Researcher_ID,Project_ID,Start_Date) VALUES ("3120131", "3119324", "2021-06-16");
INSERT INTO Project (Project_ID,Name,Summary,Project_Funds,Start_Date,End_Date,Executive_ID,Program_ID,Organization_ID,Research_Manager_ID) VALUES ("3119325", "Έτσι Διαδίκτυο Μα", "Υόρκη δυστυχής εταιρείες συγχωνευτεί.", "589736", "2021-02-28", "2024-09-18", "3119041", "3119026", "3119005", "3119122");
INSERT INTO Works_On (Researcher_ID,Project_ID,Start_Date) VALUES ("3119122", "3119325", "2021-02-28");
INSERT INTO Project (Project_ID,Name,Summary,Project_Funds,Start_Date,End_Date,Executive_ID,Program_ID,Organization_ID,Research_Manager_ID) VALUES ("3119326", "Ως Δεν Κοιτάζοντας", "Labore voluptatum consequatur quas reiciendis ea fugiat.", "513417", "2019-12-13", "2023-09-11", "3119178", "3119159", "3119045", "3119621");
INSERT INTO Works_On (Researcher_ID,Project_ID,Start_Date) VALUES ("3119621", "3119326", "2019-12-13");
INSERT INTO Project (Project_ID,Name,Summary,Project_Funds,Start_Date,End_Date,Executive_ID,Program_ID,Organization_ID,Research_Manager_ID) VALUES ("3119327", "Qui Doloribus", "Voluptates odio inventore earum necessitatibus quidem.", "212498", "2020-11-08", "2023-12-19", "3119062", "3119100", "3119037", "3120020");
INSERT INTO Works_On (Researcher_ID,Project_ID,Start_Date) VALUES ("3120020", "3119327", "2020-11-08");
INSERT INTO Project (Project_ID,Name,Summary,Project_Funds,Start_Date,End_Date,Executive_ID,Program_ID,Organization_ID,Research_Manager_ID) VALUES ("3119328", "Εφαρμογής Εργασίας", "Veritatis autem rem repudiandae rerum adipisci dicta.", "157517", "2020-04-23", "2022-04-24", "3119019", "3119098", "3119019", "3119314");
INSERT INTO Works_On (Researcher_ID,Project_ID,Start_Date) VALUES ("3119314", "3119328", "2020-04-23");
INSERT INTO Project (Project_ID,Name,Summary,Project_Funds,Start_Date,End_Date,Executive_ID,Program_ID,Organization_ID,Research_Manager_ID) VALUES ("3119329", "Εργαζόμενων Ίδιο", "Offer by government shoulder economic meet ahead take.", "586564", "2020-02-05", "2022-05-09", "3119153", "3119131", "3119006", "3119118");
INSERT INTO Works_On (Researcher_ID,Project_ID,Start_Date) VALUES ("3119118", "3119329", "2020-02-05");
INSERT INTO Project (Project_ID,Name,Summary,Project_Funds,Start_Date,End_Date,Executive_ID,Program_ID,Organization_ID,Research_Manager_ID) VALUES ("3119330", "Μπουν Αποστηθίσει", "Κύκλο εδώ διαδίκτυο ωραίο. Μια να στραβά της από σου παραδώσεις.", "496399", "2021-08-01", "2024-11-06", "3119104", "3119093", "3119029", "3119581");
INSERT INTO Works_On (Researcher_ID,Project_ID,Start_Date) VALUES ("3119581", "3119330", "2021-08-01");
INSERT INTO Project (Project_ID,Name,Summary,Project_Funds,Start_Date,End_Date,Executive_ID,Program_ID,Organization_ID,Research_Manager_ID) VALUES ("3119331", "Στέλνοντάς", "Πεδία ποια διολισθήσεις τρόποι πάντως προβληματική φίλος.", "127207", "2022-03-23", "2026-02-08", "3119000", "3119193", "3119048", "3119615");
INSERT INTO Works_On (Researcher_ID,Project_ID,Start_Date) VALUES ("3119615", "3119331", "2022-03-23");
INSERT INTO Project (Project_ID,Name,Summary,Project_Funds,Start_Date,End_Date,Executive_ID,Program_ID,Organization_ID,Research_Manager_ID) VALUES ("3119332", "Because Poor", "Να εκτελέσει διασφαλίζεται και χρόνου σωστά προκύπτουν.", "409105", "2021-06-11", "2022-09-18", "3119102", "3119000", "3119027", "3119712");
INSERT INTO Works_On (Researcher_ID,Project_ID,Start_Date) VALUES ("3119712", "3119332", "2021-06-11");
INSERT INTO Project (Project_ID,Name,Summary,Project_Funds,Start_Date,End_Date,Executive_ID,Program_ID,Organization_ID,Research_Manager_ID) VALUES ("3119333", "Γνωρίζουμε Μα Μου", "Βασανίζουν έξι απίστευτα ρουτίνα δημιουργια.", "262742", "2022-05-15", "2025-11-05", "3119012", "3119075", "3119017", "3119693");
INSERT INTO Works_On (Researcher_ID,Project_ID,Start_Date) VALUES ("3119693", "3119333", "2022-05-15");
INSERT INTO Project (Project_ID,Name,Summary,Project_Funds,Start_Date,End_Date,Executive_ID,Program_ID,Organization_ID,Research_Manager_ID) VALUES ("3119334", "Τύπους Συγγραφής", "Vitae facere est officia quia.", "358987", "2020-08-28", "2024-03-18", "3119194", "3119065", "3119020", "3120028");
INSERT INTO Works_On (Researcher_ID,Project_ID,Start_Date) VALUES ("3120028", "3119334", "2020-08-28");
INSERT INTO Project (Project_ID,Name,Summary,Project_Funds,Start_Date,End_Date,Executive_ID,Program_ID,Organization_ID,Research_Manager_ID) VALUES ("3119335", "Πρώτοι Εκτός Πάντα", "Totam nisi laboriosam nam aliquid officia rem.", "380713", "2020-05-17", "2024-02-18", "3119054", "3119105", "3119026", "3119548");
INSERT INTO Works_On (Researcher_ID,Project_ID,Start_Date) VALUES ("3119548", "3119335", "2020-05-17");
INSERT INTO Project (Project_ID,Name,Summary,Project_Funds,Start_Date,End_Date,Executive_ID,Program_ID,Organization_ID,Research_Manager_ID) VALUES ("3119336", "Ήδη Ο Συγγραφής", "Eveniet deleniti totam numquam nobis.", "663465", "2021-05-31", "2023-01-14", "3119003", "3119166", "3119009", "3119511");
INSERT INTO Works_On (Researcher_ID,Project_ID,Start_Date) VALUES ("3119511", "3119336", "2021-05-31");
INSERT INTO Project (Project_ID,Name,Summary,Project_Funds,Start_Date,End_Date,Executive_ID,Program_ID,Organization_ID,Research_Manager_ID) VALUES ("3119337", "Nesciunt Suscipit", "Στο ήδη ως δημιουργήσεις έτσι.", "577205", "2021-07-09", "2022-07-15", "3119158", "3119186", "3119031", "3119490");
INSERT INTO Works_On (Researcher_ID,Project_ID,Start_Date) VALUES ("3119490", "3119337", "2021-07-09");
INSERT INTO Project (Project_ID,Name,Summary,Project_Funds,Start_Date,End_Date,Executive_ID,Program_ID,Organization_ID,Research_Manager_ID) VALUES ("3119338", "Explicabo Provident", "Address catch task study different quite here.", "576852", "2020-12-25", "2024-05-30", "3119107", "3119095", "3119008", "3120195");
INSERT INTO Works_On (Researcher_ID,Project_ID,Start_Date) VALUES ("3120195", "3119338", "2020-12-25");
INSERT INTO Project (Project_ID,Name,Summary,Project_Funds,Start_Date,End_Date,Executive_ID,Program_ID,Organization_ID,Research_Manager_ID) VALUES ("3119339", "Συνάδελφος", "Χρόνου εδώ σε λες διορθώσεις πάντα χρονοδιαγράμματος.", "770846", "2021-07-22", "2024-07-27", "3119081", "3119122", "3119032", "3120156");
INSERT INTO Works_On (Researcher_ID,Project_ID,Start_Date) VALUES ("3120156", "3119339", "2021-07-22");
INSERT INTO Project (Project_ID,Name,Summary,Project_Funds,Start_Date,End_Date,Executive_ID,Program_ID,Organization_ID,Research_Manager_ID) VALUES ("3119340", "Marriage Lose News", "Κανείς συνεντεύξεις υπηρεσία σαν βαθμό που ποια έξι.", "376835", "2020-10-30", "2023-09-01", "3119124", "3119107", "3119018", "3119861");
INSERT INTO Works_On (Researcher_ID,Project_ID,Start_Date) VALUES ("3119861", "3119340", "2020-10-30");
INSERT INTO Project (Project_ID,Name,Summary,Project_Funds,Start_Date,End_Date,Executive_ID,Program_ID,Organization_ID,Research_Manager_ID) VALUES ("3119341", "Eius Officiis", "Σαν κανείς διακοπή θα βαθμό σωστά γνωρίζουμε εργαζόμενων.", "365739", "2022-05-22", "2023-11-09", "3119163", "3119125", "3119035", "3119088");
INSERT INTO Works_On (Researcher_ID,Project_ID,Start_Date) VALUES ("3119088", "3119341", "2022-05-22");
INSERT INTO Project (Project_ID,Name,Summary,Project_Funds,Start_Date,End_Date,Executive_ID,Program_ID,Organization_ID,Research_Manager_ID) VALUES ("3119342", "Change Four Price", "Free he score week with beautiful.", "236291", "2021-07-24", "2023-11-05", "3119027", "3119191", "3119042", "3119299");
INSERT INTO Works_On (Researcher_ID,Project_ID,Start_Date) VALUES ("3119299", "3119342", "2021-07-24");
INSERT INTO Project (Project_ID,Name,Summary,Project_Funds,Start_Date,End_Date,Executive_ID,Program_ID,Organization_ID,Research_Manager_ID) VALUES ("3119343", "Alias Animi Magni", "Την σαν τεσσαρών έχω σπίτι επεξεργασία πάντα.", "488629", "2020-10-01", "2024-03-30", "3119099", "3119055", "3119015", "3119833");
INSERT INTO Works_On (Researcher_ID,Project_ID,Start_Date) VALUES ("3119833", "3119343", "2020-10-01");
INSERT INTO Project (Project_ID,Name,Summary,Project_Funds,Start_Date,End_Date,Executive_ID,Program_ID,Organization_ID,Research_Manager_ID) VALUES ("3119344", "Eos Praesentium", "Για επενδυτής χώρου γεγονός δεν. Έτοιμος δεδομένων προσοχή πετάνε ένα δύο.", "299630", "2020-02-21", "2022-10-15", "3119161", "3119130", "3119026", "3120024");
INSERT INTO Works_On (Researcher_ID,Project_ID,Start_Date) VALUES ("3120024", "3119344", "2020-02-21");
INSERT INTO Project (Project_ID,Name,Summary,Project_Funds,Start_Date,End_Date,Executive_ID,Program_ID,Organization_ID,Research_Manager_ID) VALUES ("3119345", "Unde Fugiat Sint", "Κάνεις που έστελνε υποψήφιο.", "507853", "2022-01-10", "2023-12-06", "3119177", "3119152", "3119015", "3119003");
INSERT INTO Works_On (Researcher_ID,Project_ID,Start_Date) VALUES ("3119003", "3119345", "2022-01-10");
INSERT INTO Project (Project_ID,Name,Summary,Project_Funds,Start_Date,End_Date,Executive_ID,Program_ID,Organization_ID,Research_Manager_ID) VALUES ("3119346", "Μάθε Και Απαραίτητο", "Δεν δωροδοκηθούν την. Έρθει ρωτήσει εκτός θα προκαλείς.", "248294", "2021-08-22", "2023-11-04", "3119185", "3119021", "3119041", "3120047");
INSERT INTO Works_On (Researcher_ID,Project_ID,Start_Date) VALUES ("3120047", "3119346", "2021-08-22");
INSERT INTO Project (Project_ID,Name,Summary,Project_Funds,Start_Date,End_Date,Executive_ID,Program_ID,Organization_ID,Research_Manager_ID) VALUES ("3119347", "Πες Εκτός Τρέξει", "Περιεχόμενα μιας για μαγικά.", "400402", "2022-02-28", "2024-08-13", "3119176", "3119137", "3119005", "3119678");
INSERT INTO Works_On (Researcher_ID,Project_ID,Start_Date) VALUES ("3119678", "3119347", "2022-02-28");
INSERT INTO Project (Project_ID,Name,Summary,Project_Funds,Start_Date,End_Date,Executive_ID,Program_ID,Organization_ID,Research_Manager_ID) VALUES ("3119348", "Επιχείριση", "Διορθώσει πάντως χαμηλός λετπά προϊόντα εταιρείες ελέγχου τον.", "136396", "2020-05-20", "2023-12-22", "3119095", "3119022", "3119012", "3119596");
INSERT INTO Works_On (Researcher_ID,Project_ID,Start_Date) VALUES ("3119596", "3119348", "2020-05-20");
INSERT INTO Project (Project_ID,Name,Summary,Project_Funds,Start_Date,End_Date,Executive_ID,Program_ID,Organization_ID,Research_Manager_ID) VALUES ("3119349", "Μην Έξι Ιδιαίτερα", "Εκτελέσεις χρησιμοποίησέ αφήσεις δημιουργια πάρεις.", "302494", "2021-02-15", "2023-06-08", "3119054", "3119051", "3119041", "3120120");
INSERT INTO Works_On (Researcher_ID,Project_ID,Start_Date) VALUES ("3120120", "3119349", "2021-02-15");
INSERT INTO Project (Project_ID,Name,Summary,Project_Funds,Start_Date,End_Date,Executive_ID,Program_ID,Organization_ID,Research_Manager_ID) VALUES ("3119350", "Νέων Τρέξει", "Προσλάμβανες τρέξει χρησιμοποίησέ μάθε κόλπα μαγικά.", "286491", "2020-07-13", "2022-12-25", "3119147", "3119176", "3119032", "3119007");
INSERT INTO Works_On (Researcher_ID,Project_ID,Start_Date) VALUES ("3119007", "3119350", "2020-07-13");
INSERT INTO Project (Project_ID,Name,Summary,Project_Funds,Start_Date,End_Date,Executive_ID,Program_ID,Organization_ID,Research_Manager_ID) VALUES ("3119351", "Στα Λαμβάνουν Το", "Διορθώσει πετάνε ερωτήσεις διασφαλίζεται ένας μα βασανίζουν.", "370886", "2020-03-14", "2021-04-01", "3119197", "3119146", "3119023", "3119401");
INSERT INTO Works_On (Researcher_ID,Project_ID,Start_Date) VALUES ("3119401", "3119351", "2020-03-14");
INSERT INTO Project (Project_ID,Name,Summary,Project_Funds,Start_Date,End_Date,Executive_ID,Program_ID,Organization_ID,Research_Manager_ID) VALUES ("3119352", "Instead Window Five", "Εργοστασίου εφαρμογή μας χαρτιού ήδη επιδιορθώσεις.", "199133", "2020-11-08", "2022-04-18", "3119019", "3119001", "3119017", "3119981");
INSERT INTO Works_On (Researcher_ID,Project_ID,Start_Date) VALUES ("3119981", "3119352", "2020-11-08");
INSERT INTO Project (Project_ID,Name,Summary,Project_Funds,Start_Date,End_Date,Executive_ID,Program_ID,Organization_ID,Research_Manager_ID) VALUES ("3119353", "Show Hour Describe", "Μέσης διακοπή έστελνε.", "166047", "2021-05-26", "2022-11-22", "3119033", "3119044", "3119014", "3119843");
INSERT INTO Works_On (Researcher_ID,Project_ID,Start_Date) VALUES ("3119843", "3119353", "2021-05-26");
INSERT INTO Project (Project_ID,Name,Summary,Project_Funds,Start_Date,End_Date,Executive_ID,Program_ID,Organization_ID,Research_Manager_ID) VALUES ("3119354", "Placeat Doloremque", "Καταλάθος ανεπιθύμητη ρωτήσει μετράει τρόπο.", "629473", "2021-01-22", "2024-07-03", "3119013", "3119100", "3119013", "3119961");
INSERT INTO Works_On (Researcher_ID,Project_ID,Start_Date) VALUES ("3119961", "3119354", "2021-01-22");
INSERT INTO Project (Project_ID,Name,Summary,Project_Funds,Start_Date,End_Date,Executive_ID,Program_ID,Organization_ID,Research_Manager_ID) VALUES ("3119355", "Ut Delectus", "Citizen financial base recent coach. Day central son what.", "102789", "2020-06-07", "2024-06-06", "3119014", "3119164", "3119044", "3119307");
INSERT INTO Works_On (Researcher_ID,Project_ID,Start_Date) VALUES ("3119307", "3119355", "2020-06-07");
INSERT INTO Project (Project_ID,Name,Summary,Project_Funds,Start_Date,End_Date,Executive_ID,Program_ID,Organization_ID,Research_Manager_ID) VALUES ("3119356", "Φαινόμενο Εγώ", "Pariatur culpa esse rerum. Hic odit illum ab deserunt tenetur.", "716337", "2022-04-29", "2026-01-14", "3119186", "3119178", "3119004", "3119604");
INSERT INTO Works_On (Researcher_ID,Project_ID,Start_Date) VALUES ("3119604", "3119356", "2022-04-29");
INSERT INTO Project (Project_ID,Name,Summary,Project_Funds,Start_Date,End_Date,Executive_ID,Program_ID,Organization_ID,Research_Manager_ID) VALUES ("3119357", "Chance Report Those", "Εργαζόμενων πακέτων ήδη άρα δύο ανακλύψεις εφαρμογή.", "130546", "2021-03-02", "2022-03-15", "3119040", "3119197", "3119030", "3119306");
INSERT INTO Works_On (Researcher_ID,Project_ID,Start_Date) VALUES ("3119306", "3119357", "2021-03-02");
INSERT INTO Project (Project_ID,Name,Summary,Project_Funds,Start_Date,End_Date,Executive_ID,Program_ID,Organization_ID,Research_Manager_ID) VALUES ("3119358", "Πήρε Της Πολύ Σαν", "Asperiores quibusdam facilis similique corrupti quasi sit.", "779025", "2019-12-21", "2021-04-07", "3119086", "3119004", "3119034", "3119814");
INSERT INTO Works_On (Researcher_ID,Project_ID,Start_Date) VALUES ("3119814", "3119358", "2019-12-21");
INSERT INTO Project (Project_ID,Name,Summary,Project_Funds,Start_Date,End_Date,Executive_ID,Program_ID,Organization_ID,Research_Manager_ID) VALUES ("3119359", "Δουλεύει Διακοπής", "Veritatis mollitia fuga facere sunt rem ab porro.", "117174", "2020-09-08", "2022-02-07", "3119141", "3119155", "3119047", "3120101");
INSERT INTO Works_On (Researcher_ID,Project_ID,Start_Date) VALUES ("3120101", "3119359", "2020-09-08");
INSERT INTO Project (Project_ID,Name,Summary,Project_Funds,Start_Date,End_Date,Executive_ID,Program_ID,Organization_ID,Research_Manager_ID) VALUES ("3119360", "Γιαυτό Κανείς Των", "Σωστά τους αντιλήφθηκαν κόλπα.", "390355", "2020-07-26", "2021-12-09", "3119054", "3119030", "3119039", "3119716");
INSERT INTO Works_On (Researcher_ID,Project_ID,Start_Date) VALUES ("3119716", "3119360", "2020-07-26");
INSERT INTO Project (Project_ID,Name,Summary,Project_Funds,Start_Date,End_Date,Executive_ID,Program_ID,Organization_ID,Research_Manager_ID) VALUES ("3119361", "Six Wait Huge", "Suscipit est perferendis consectetur modi possimus.", "984374", "2021-03-11", "2025-01-06", "3119035", "3119067", "3119002", "3119921");
INSERT INTO Works_On (Researcher_ID,Project_ID,Start_Date) VALUES ("3119921", "3119361", "2021-03-11");
INSERT INTO Project (Project_ID,Name,Summary,Project_Funds,Start_Date,End_Date,Executive_ID,Program_ID,Organization_ID,Research_Manager_ID) VALUES ("3119362", "Βιαστικά Ερωτήσεις", "Βιβλίο γέλασαν ύψος διάσημα συνέχεια από.", "802671", "2020-02-19", "2021-08-14", "3119147", "3119087", "3119009", "3119572");
INSERT INTO Works_On (Researcher_ID,Project_ID,Start_Date) VALUES ("3119572", "3119362", "2020-02-19");
INSERT INTO Project (Project_ID,Name,Summary,Project_Funds,Start_Date,End_Date,Executive_ID,Program_ID,Organization_ID,Research_Manager_ID) VALUES ("3119363", "Possimus Error", "Hour new sing thus world us. Other scientist expect write.", "419151", "2020-12-24", "2024-04-15", "3119125", "3119058", "3119047", "3119931");
INSERT INTO Works_On (Researcher_ID,Project_ID,Start_Date) VALUES ("3119931", "3119363", "2020-12-24");
INSERT INTO Project (Project_ID,Name,Summary,Project_Funds,Start_Date,End_Date,Executive_ID,Program_ID,Organization_ID,Research_Manager_ID) VALUES ("3119364", "Ανά Υπηρεσία", "Εκτελέσει βιαστικά όσο βασανίζουν νιρβάνα αλγόριθμου.", "116904", "2020-03-25", "2022-05-09", "3119026", "3119178", "3119003", "3119270");
INSERT INTO Works_On (Researcher_ID,Project_ID,Start_Date) VALUES ("3119270", "3119364", "2020-03-25");
INSERT INTO Project (Project_ID,Name,Summary,Project_Funds,Start_Date,End_Date,Executive_ID,Program_ID,Organization_ID,Research_Manager_ID) VALUES ("3119365", "Κώδικα Μα", "Εταιρείες σίγουρος έστειλε μέρος διαφήμιση προσεκτικά.", "224408", "2020-11-15", "2024-02-01", "3119019", "3119082", "3119021", "3119650");
INSERT INTO Works_On (Researcher_ID,Project_ID,Start_Date) VALUES ("3119650", "3119365", "2020-11-15");
INSERT INTO Project (Project_ID,Name,Summary,Project_Funds,Start_Date,End_Date,Executive_ID,Program_ID,Organization_ID,Research_Manager_ID) VALUES ("3119366", "A Odit Sapiente", "Aut voluptatum blanditiis at velit voluptatem.", "531977", "2021-09-10", "2023-11-08", "3119134", "3119029", "3119003", "3119953");
INSERT INTO Works_On (Researcher_ID,Project_ID,Start_Date) VALUES ("3119953", "3119366", "2021-09-10");
INSERT INTO Project (Project_ID,Name,Summary,Project_Funds,Start_Date,End_Date,Executive_ID,Program_ID,Organization_ID,Research_Manager_ID) VALUES ("3119367", "Quo Quam Tempora", "Fill position style economy.", "535658", "2021-12-13", "2024-03-14", "3119021", "3119049", "3119009", "3119015");
INSERT INTO Works_On (Researcher_ID,Project_ID,Start_Date) VALUES ("3119015", "3119367", "2021-12-13");
INSERT INTO Project (Project_ID,Name,Summary,Project_Funds,Start_Date,End_Date,Executive_ID,Program_ID,Organization_ID,Research_Manager_ID) VALUES ("3119368", "Occaecati Dicta", "Quite record prepare memory even community action particularly.", "366874", "2021-05-11", "2024-04-01", "3119133", "3119117", "3119028", "3119189");
INSERT INTO Works_On (Researcher_ID,Project_ID,Start_Date) VALUES ("3119189", "3119368", "2021-05-11");
INSERT INTO Project (Project_ID,Name,Summary,Project_Funds,Start_Date,End_Date,Executive_ID,Program_ID,Organization_ID,Research_Manager_ID) VALUES ("3119369", "Direction Glass", "Cultural free show story interest. House plant hope necessary.", "470159", "2020-07-23", "2023-11-16", "3119174", "3119096", "3119001", "3119265");
INSERT INTO Works_On (Researcher_ID,Project_ID,Start_Date) VALUES ("3119265", "3119369", "2020-07-23");
INSERT INTO Project (Project_ID,Name,Summary,Project_Funds,Start_Date,End_Date,Executive_ID,Program_ID,Organization_ID,Research_Manager_ID) VALUES ("3119370", "Δε Πεδία Προκαλείς", "Δοκιμάσεις αναγκάζονται τεκμηριώνει κάνε μα που παίρνει.", "375583", "2022-01-22", "2025-12-26", "3119005", "3119062", "3119004", "3119798");
INSERT INTO Works_On (Researcher_ID,Project_ID,Start_Date) VALUES ("3119798", "3119370", "2022-01-22");
INSERT INTO Project (Project_ID,Name,Summary,Project_Funds,Start_Date,End_Date,Executive_ID,Program_ID,Organization_ID,Research_Manager_ID) VALUES ("3119371", "Tree Feeling Order", "Όταν νόμιζες μα δεν πάντα.", "959428", "2022-04-09", "2023-10-20", "3119086", "3119093", "3119048", "3119375");
INSERT INTO Works_On (Researcher_ID,Project_ID,Start_Date) VALUES ("3119375", "3119371", "2022-04-09");
INSERT INTO Project (Project_ID,Name,Summary,Project_Funds,Start_Date,End_Date,Executive_ID,Program_ID,Organization_ID,Research_Manager_ID) VALUES ("3119372", "In Iste Tenetur", "Σταματάς τα επιδιόρθωση.", "375627", "2021-08-20", "2025-08-04", "3119175", "3119186", "3119043", "3119521");
INSERT INTO Works_On (Researcher_ID,Project_ID,Start_Date) VALUES ("3119521", "3119372", "2021-08-20");
INSERT INTO Project (Project_ID,Name,Summary,Project_Funds,Start_Date,End_Date,Executive_ID,Program_ID,Organization_ID,Research_Manager_ID) VALUES ("3119373", "Έξι Από Πλέον", "Laudantium quos fugiat enim saepe rerum assumenda.", "723142", "2022-04-20", "2024-02-17", "3119141", "3119153", "3119007", "3120177");
INSERT INTO Works_On (Researcher_ID,Project_ID,Start_Date) VALUES ("3120177", "3119373", "2022-04-20");
INSERT INTO Project (Project_ID,Name,Summary,Project_Funds,Start_Date,End_Date,Executive_ID,Program_ID,Organization_ID,Research_Manager_ID) VALUES ("3119374", "Απαρατήρητο Μια", "Eius inventore provident ad ducimus qui.", "166495", "2022-03-17", "2025-02-27", "3119071", "3119121", "3119015", "3119742");
INSERT INTO Works_On (Researcher_ID,Project_ID,Start_Date) VALUES ("3119742", "3119374", "2022-03-17");
INSERT INTO Project (Project_ID,Name,Summary,Project_Funds,Start_Date,End_Date,Executive_ID,Program_ID,Organization_ID,Research_Manager_ID) VALUES ("3119375", "Κανένας Πάρα Με", "Παίρνουν που σου.", "146572", "2021-07-22", "2023-04-03", "3119192", "3119053", "3119044", "3120114");
INSERT INTO Works_On (Researcher_ID,Project_ID,Start_Date) VALUES ("3120114", "3119375", "2021-07-22");
INSERT INTO Project (Project_ID,Name,Summary,Project_Funds,Start_Date,End_Date,Executive_ID,Program_ID,Organization_ID,Research_Manager_ID) VALUES ("3119376", "Κάτι Πάρεις Τους", "Quas illo nesciunt ullam tempora amet fugit.", "560961", "2021-06-14", "2025-05-20", "3119108", "3119001", "3119022", "3119105");
INSERT INTO Works_On (Researcher_ID,Project_ID,Start_Date) VALUES ("3119105", "3119376", "2021-06-14");
INSERT INTO Project (Project_ID,Name,Summary,Project_Funds,Start_Date,End_Date,Executive_ID,Program_ID,Organization_ID,Research_Manager_ID) VALUES ("3119377", "Ξέχασε Για", "Omnis totam quo qui eligendi dolores.", "477500", "2021-01-10", "2024-04-15", "3119199", "3119140", "3119033", "3119728");
INSERT INTO Works_On (Researcher_ID,Project_ID,Start_Date) VALUES ("3119728", "3119377", "2021-01-10");
INSERT INTO Project (Project_ID,Name,Summary,Project_Funds,Start_Date,End_Date,Executive_ID,Program_ID,Organization_ID,Research_Manager_ID) VALUES ("3119378", "Τη Βιβλίο", "Πιο ποια πάντως χάος επιδιόρθωση πεδία τεκμηριώνει πολύ.", "535370", "2020-02-24", "2021-08-22", "3119017", "3119106", "3119018", "3119810");
INSERT INTO Works_On (Researcher_ID,Project_ID,Start_Date) VALUES ("3119810", "3119378", "2020-02-24");
INSERT INTO Project (Project_ID,Name,Summary,Project_Funds,Start_Date,End_Date,Executive_ID,Program_ID,Organization_ID,Research_Manager_ID) VALUES ("3119379", "Σταματάς Μερικούς", "Στο τα μα αναφέρονται ο πλέον τα. Νέου μιας να γραμμές ευκολότερο.", "877092", "2021-10-05", "2024-09-23", "3119043", "3119103", "3119029", "3119704");
INSERT INTO Works_On (Researcher_ID,Project_ID,Start_Date) VALUES ("3119704", "3119379", "2021-10-05");
INSERT INTO Project (Project_ID,Name,Summary,Project_Funds,Start_Date,End_Date,Executive_ID,Program_ID,Organization_ID,Research_Manager_ID) VALUES ("3119380", "Aut Tenetur Nisi", "Repellendus iusto sed magni excepturi nostrum.", "719719", "2020-08-21", "2024-05-15", "3119081", "3119067", "3119032", "3119708");
INSERT INTO Works_On (Researcher_ID,Project_ID,Start_Date) VALUES ("3119708", "3119380", "2020-08-21");
INSERT INTO Project (Project_ID,Name,Summary,Project_Funds,Start_Date,End_Date,Executive_ID,Program_ID,Organization_ID,Research_Manager_ID) VALUES ("3119381", "Κανένας Δουλεύει", "Fugiat facere quidem dolorum. Odio ratione asperiores hic.", "273827", "2021-01-11", "2022-08-28", "3119130", "3119127", "3119016", "3119223");
INSERT INTO Works_On (Researcher_ID,Project_ID,Start_Date) VALUES ("3119223", "3119381", "2021-01-11");
INSERT INTO Project (Project_ID,Name,Summary,Project_Funds,Start_Date,End_Date,Executive_ID,Program_ID,Organization_ID,Research_Manager_ID) VALUES ("3119382", "Επιστρέφουν Την", "Μην ας συνέχεια στο. Πάντα έχω μη γνωστή διακόψουμε.", "356447", "2022-01-25", "2025-04-27", "3119163", "3119045", "3119027", "3119259");
INSERT INTO Works_On (Researcher_ID,Project_ID,Start_Date) VALUES ("3119259", "3119382", "2022-01-25");
INSERT INTO Project (Project_ID,Name,Summary,Project_Funds,Start_Date,End_Date,Executive_ID,Program_ID,Organization_ID,Research_Manager_ID) VALUES ("3119383", "Ullam Veritatis", "Harum tempore totam nihil minima nulla harum facere.", "419134", "2021-02-10", "2024-07-28", "3119104", "3119098", "3119016", "3119440");
INSERT INTO Works_On (Researcher_ID,Project_ID,Start_Date) VALUES ("3119440", "3119383", "2021-02-10");
INSERT INTO Project (Project_ID,Name,Summary,Project_Funds,Start_Date,End_Date,Executive_ID,Program_ID,Organization_ID,Research_Manager_ID) VALUES ("3119384", "Move Billion Unit", "Γραφικά τους λες πεδία όχι. Έξι ποια κάνε τέλειοι ευκολότερο παραπάνω ναι.", "656843", "2021-09-20", "2024-09-13", "3119128", "3119015", "3119011", "3119689");
INSERT INTO Works_On (Researcher_ID,Project_ID,Start_Date) VALUES ("3119689", "3119384", "2021-09-20");
INSERT INTO Project (Project_ID,Name,Summary,Project_Funds,Start_Date,End_Date,Executive_ID,Program_ID,Organization_ID,Research_Manager_ID) VALUES ("3119385", "Τη Μας Πως Γεύματος", "Ευκολότερο αναγκάζονται μετρήσεις.", "795655", "2021-08-18", "2025-03-08", "3119151", "3119074", "3119001", "3120048");
INSERT INTO Works_On (Researcher_ID,Project_ID,Start_Date) VALUES ("3120048", "3119385", "2021-08-18");
INSERT INTO Project (Project_ID,Name,Summary,Project_Funds,Start_Date,End_Date,Executive_ID,Program_ID,Organization_ID,Research_Manager_ID) VALUES ("3119386", "Man Argue Effect It", "Doloribus magnam nisi cumque cupiditate aut. Nihil minus saepe.", "707739", "2019-11-10", "2021-02-06", "3119034", "3119092", "3119001", "3120104");
INSERT INTO Works_On (Researcher_ID,Project_ID,Start_Date) VALUES ("3120104", "3119386", "2019-11-10");
INSERT INTO Project (Project_ID,Name,Summary,Project_Funds,Start_Date,End_Date,Executive_ID,Program_ID,Organization_ID,Research_Manager_ID) VALUES ("3119387", "Ζητήσεις Θυμάμαι", "Με επί πλέον πολύ ανακλύψεις θυμάμαι μπουν.", "796891", "2021-01-20", "2023-10-01", "3119093", "3119157", "3119035", "3119420");
INSERT INTO Works_On (Researcher_ID,Project_ID,Start_Date) VALUES ("3119420", "3119387", "2021-01-20");
INSERT INTO Project (Project_ID,Name,Summary,Project_Funds,Start_Date,End_Date,Executive_ID,Program_ID,Organization_ID,Research_Manager_ID) VALUES ("3119388", "Ένα Τους", "Sunt culpa quaerat quaerat eaque animi fugiat.", "424817", "2021-05-15", "2022-07-28", "3119037", "3119047", "3119020", "3119443");
INSERT INTO Works_On (Researcher_ID,Project_ID,Start_Date) VALUES ("3119443", "3119388", "2021-05-15");
INSERT INTO Project (Project_ID,Name,Summary,Project_Funds,Start_Date,End_Date,Executive_ID,Program_ID,Organization_ID,Research_Manager_ID) VALUES ("3119389", "Όταν Ως Κρατάει", "Church hope result magazine who cause mean. Minute now total theory.", "752138", "2020-07-13", "2022-09-18", "3119132", "3119083", "3119044", "3119759");
INSERT INTO Works_On (Researcher_ID,Project_ID,Start_Date) VALUES ("3119759", "3119389", "2020-07-13");
INSERT INTO Project (Project_ID,Name,Summary,Project_Funds,Start_Date,End_Date,Executive_ID,Program_ID,Organization_ID,Research_Manager_ID) VALUES ("3119390", "Especially Answer", "Eius hic amet illum nam debitis.", "788735", "2020-02-24", "2022-09-12", "3119195", "3119144", "3119041", "3119397");
INSERT INTO Works_On (Researcher_ID,Project_ID,Start_Date) VALUES ("3119397", "3119390", "2020-02-24");
INSERT INTO Project (Project_ID,Name,Summary,Project_Funds,Start_Date,End_Date,Executive_ID,Program_ID,Organization_ID,Research_Manager_ID) VALUES ("3119391", "Future Contain Born", "Democrat notice where edge single step involve.", "485550", "2021-12-06", "2023-07-16", "3119086", "3119059", "3119042", "3119591");
INSERT INTO Works_On (Researcher_ID,Project_ID,Start_Date) VALUES ("3119591", "3119391", "2021-12-06");
INSERT INTO Project (Project_ID,Name,Summary,Project_Funds,Start_Date,End_Date,Executive_ID,Program_ID,Organization_ID,Research_Manager_ID) VALUES ("3119392", "Play Already Room", "Ένας εγώ εργαλείων παραπάνω. Δημιουργήσεις χρησιμοποιούσες συνηθίζουν ήδη.", "420785", "2021-12-10", "2023-07-13", "3119166", "3119068", "3119038", "3120138");
INSERT INTO Works_On (Researcher_ID,Project_ID,Start_Date) VALUES ("3120138", "3119392", "2021-12-10");
INSERT INTO Project (Project_ID,Name,Summary,Project_Funds,Start_Date,End_Date,Executive_ID,Program_ID,Organization_ID,Research_Manager_ID) VALUES ("3119393", "Χρησιμοποιούσες Ας", "Δημιουργείς ήδη νέου. Πάντα διαφήμιση στήλες δεν αλγόριθμου όσο ημέρα.", "610314", "2021-09-12", "2023-06-05", "3119031", "3119117", "3119024", "3119031");
INSERT INTO Works_On (Researcher_ID,Project_ID,Start_Date) VALUES ("3119031", "3119393", "2021-09-12");
INSERT INTO Project (Project_ID,Name,Summary,Project_Funds,Start_Date,End_Date,Executive_ID,Program_ID,Organization_ID,Research_Manager_ID) VALUES ("3119394", "Particular Former", "Αρέσει πρώτοι για ακούσει. Την σε ναι πολύ τέλειοι εκθέσεις.", "704278", "2021-06-10", "2023-07-19", "3119097", "3119087", "3119012", "3120152");
INSERT INTO Works_On (Researcher_ID,Project_ID,Start_Date) VALUES ("3120152", "3119394", "2021-06-10");
INSERT INTO Project (Project_ID,Name,Summary,Project_Funds,Start_Date,End_Date,Executive_ID,Program_ID,Organization_ID,Research_Manager_ID) VALUES ("3119395", "Τα Ρουτίνα Ποια Όχι", "Image especially act voice again thing his.", "711981", "2020-02-15", "2022-11-01", "3119030", "3119080", "3119048", "3119656");
INSERT INTO Works_On (Researcher_ID,Project_ID,Start_Date) VALUES ("3119656", "3119395", "2020-02-15");
INSERT INTO Project (Project_ID,Name,Summary,Project_Funds,Start_Date,End_Date,Executive_ID,Program_ID,Organization_ID,Research_Manager_ID) VALUES ("3119396", "Error Qui Ex Facere", "Stock in plant character history. Support manager trip.", "614828", "2021-07-03", "2022-10-10", "3119159", "3119176", "3119014", "3119651");
INSERT INTO Works_On (Researcher_ID,Project_ID,Start_Date) VALUES ("3119651", "3119396", "2021-07-03");
INSERT INTO Project (Project_ID,Name,Summary,Project_Funds,Start_Date,End_Date,Executive_ID,Program_ID,Organization_ID,Research_Manager_ID) VALUES ("3119397", "Ίδιο Αποθηκευτικού", "Τα εργαζόμενοι σας διολισθήσεις ορίστε τα στο.", "129306", "2021-01-16", "2023-02-24", "3119011", "3119062", "3119014", "3119645");
INSERT INTO Works_On (Researcher_ID,Project_ID,Start_Date) VALUES ("3119645", "3119397", "2021-01-16");
INSERT INTO Project (Project_ID,Name,Summary,Project_Funds,Start_Date,End_Date,Executive_ID,Program_ID,Organization_ID,Research_Manager_ID) VALUES ("3119398", "Ήδη Γνωστή Σημεία", "Least add charge relate explain city through.", "263746", "2021-01-19", "2025-01-04", "3119089", "3119141", "3119029", "3119303");
INSERT INTO Works_On (Researcher_ID,Project_ID,Start_Date) VALUES ("3119303", "3119398", "2021-01-19");
INSERT INTO Project (Project_ID,Name,Summary,Project_Funds,Start_Date,End_Date,Executive_ID,Program_ID,Organization_ID,Research_Manager_ID) VALUES ("3119399", "Family Leader", "Τρόπο τα τι ας καλύτερο τους σε. Όταν τύπου παραδώσεις της πρώτοι.", "991427", "2022-03-29", "2025-06-30", "3119142", "3119088", "3119003", "3119231");
INSERT INTO Works_On (Researcher_ID,Project_ID,Start_Date) VALUES ("3119231", "3119399", "2022-03-29");
INSERT INTO Project (Project_ID,Name,Summary,Project_Funds,Start_Date,End_Date,Executive_ID,Program_ID,Organization_ID,Research_Manager_ID) VALUES ("3119400", "Dolore Eligendi", "Porro iste amet aliquid quisquam ab.", "837988", "2020-05-17", "2022-07-27", "3119063", "3119156", "3119018", "3119540");
INSERT INTO Works_On (Researcher_ID,Project_ID,Start_Date) VALUES ("3119540", "3119400", "2020-05-17");
INSERT INTO Project (Project_ID,Name,Summary,Project_Funds,Start_Date,End_Date,Executive_ID,Program_ID,Organization_ID,Research_Manager_ID) VALUES ("3119401", "Αποθηκευτικού", "Decade party rest way result green area may.", "584840", "2022-05-16", "2024-01-01", "3119145", "3119090", "3119028", "3119632");
INSERT INTO Works_On (Researcher_ID,Project_ID,Start_Date) VALUES ("3119632", "3119401", "2022-05-16");
INSERT INTO Project (Project_ID,Name,Summary,Project_Funds,Start_Date,End_Date,Executive_ID,Program_ID,Organization_ID,Research_Manager_ID) VALUES ("3119402", "Υποψήφιο", "Βασανίζουν σε διακοπής συγγραφής κάνε. Τα εταιρείες δεν συνεχώς πάντως.", "614618", "2020-09-14", "2022-10-08", "3119138", "3119183", "3119036", "3119059");
INSERT INTO Works_On (Researcher_ID,Project_ID,Start_Date) VALUES ("3119059", "3119402", "2020-09-14");
INSERT INTO Project (Project_ID,Name,Summary,Project_Funds,Start_Date,End_Date,Executive_ID,Program_ID,Organization_ID,Research_Manager_ID) VALUES ("3119403", "Dicta Maiores", "Themselves series drop. Mission outside whose sign smile claim.", "274695", "2021-12-10", "2025-02-11", "3119106", "3119143", "3119041", "3119666");
INSERT INTO Works_On (Researcher_ID,Project_ID,Start_Date) VALUES ("3119666", "3119403", "2021-12-10");
INSERT INTO Project (Project_ID,Name,Summary,Project_Funds,Start_Date,End_Date,Executive_ID,Program_ID,Organization_ID,Research_Manager_ID) VALUES ("3119404", "Dicta Nihil Quae", "Είχαμε να περιεχόμενα ερωτήσεις της. Σας αποκλειστικούς αλγόριθμου.", "509106", "2020-10-12", "2022-03-18", "3119048", "3119111", "3119001", "3119779");
INSERT INTO Works_On (Researcher_ID,Project_ID,Start_Date) VALUES ("3119779", "3119404", "2020-10-12");
INSERT INTO Project (Project_ID,Name,Summary,Project_Funds,Start_Date,End_Date,Executive_ID,Program_ID,Organization_ID,Research_Manager_ID) VALUES ("3119405", "Corrupti Sit Vero", "Sint doloremque commodi repellat soluta fuga quidem.", "822363", "2019-12-27", "2021-12-03", "3119071", "3119114", "3119039", "3120157");
INSERT INTO Works_On (Researcher_ID,Project_ID,Start_Date) VALUES ("3120157", "3119405", "2019-12-27");
INSERT INTO Project (Project_ID,Name,Summary,Project_Funds,Start_Date,End_Date,Executive_ID,Program_ID,Organization_ID,Research_Manager_ID) VALUES ("3119406", "Θέματα Συνεχώς", "Εκείνου υπηρεσία διαχειριστής. Όσο γνωστή ίδιο σκεφτείς εφαμοργής χρόνου.", "123565", "2020-03-30", "2022-01-05", "3119078", "3119198", "3119039", "3119676");
INSERT INTO Works_On (Researcher_ID,Project_ID,Start_Date) VALUES ("3119676", "3119406", "2020-03-30");
INSERT INTO Project (Project_ID,Name,Summary,Project_Funds,Start_Date,End_Date,Executive_ID,Program_ID,Organization_ID,Research_Manager_ID) VALUES ("3119407", "Ποσοστό Υπηρεσία", "In eum eos ipsum ab non.", "775824", "2020-11-10", "2024-05-25", "3119187", "3119132", "3119025", "3119434");
INSERT INTO Works_On (Researcher_ID,Project_ID,Start_Date) VALUES ("3119434", "3119407", "2020-11-10");
INSERT INTO Project (Project_ID,Name,Summary,Project_Funds,Start_Date,End_Date,Executive_ID,Program_ID,Organization_ID,Research_Manager_ID) VALUES ("3119408", "Που Αποδείξεις", "Μαγικά τα των εξακολουθεί παίρνουν όσο έγραψες.", "773502", "2021-08-23", "2023-02-24", "3119063", "3119170", "3119025", "3119998");
INSERT INTO Works_On (Researcher_ID,Project_ID,Start_Date) VALUES ("3119998", "3119408", "2021-08-23");
INSERT INTO Project (Project_ID,Name,Summary,Project_Funds,Start_Date,End_Date,Executive_ID,Program_ID,Organization_ID,Research_Manager_ID) VALUES ("3119409", "Πάντα Νέα", "Τα έλεγχος πιο τεσσαρών μάτσο.", "800820", "2020-02-01", "2022-06-04", "3119077", "3119061", "3119016", "3120198");
INSERT INTO Works_On (Researcher_ID,Project_ID,Start_Date) VALUES ("3120198", "3119409", "2020-02-01");
INSERT INTO Project (Project_ID,Name,Summary,Project_Funds,Start_Date,End_Date,Executive_ID,Program_ID,Organization_ID,Research_Manager_ID) VALUES ("3119410", "Exercitationem", "Καλύτερο γνωστή εκτός ακούσει.", "859810", "2022-05-01", "2024-03-12", "3119107", "3119180", "3119019", "3119541");
INSERT INTO Works_On (Researcher_ID,Project_ID,Start_Date) VALUES ("3119541", "3119410", "2022-05-01");
INSERT INTO Project (Project_ID,Name,Summary,Project_Funds,Start_Date,End_Date,Executive_ID,Program_ID,Organization_ID,Research_Manager_ID) VALUES ("3119411", "Ροή Επιστρέφουν", "Εκτός δύο δεν έχω αγοράζοντας. Ένα διορθώσει νέο περιβάλλον για.", "221151", "2020-11-28", "2022-08-15", "3119047", "3119040", "3119019", "3119819");
INSERT INTO Works_On (Researcher_ID,Project_ID,Start_Date) VALUES ("3119819", "3119411", "2020-11-28");
INSERT INTO Project (Project_ID,Name,Summary,Project_Funds,Start_Date,End_Date,Executive_ID,Program_ID,Organization_ID,Research_Manager_ID) VALUES ("3119412", "Officiis Accusamus", "Τρέξει έτσι πιο γέλασαν. Μας βρίσκονται κάτι ανώδυνη ξέχασε.", "898172", "2021-08-07", "2023-05-08", "3119153", "3119164", "3119049", "3120181");
INSERT INTO Works_On (Researcher_ID,Project_ID,Start_Date) VALUES ("3120181", "3119412", "2021-08-07");
INSERT INTO Project (Project_ID,Name,Summary,Project_Funds,Start_Date,End_Date,Executive_ID,Program_ID,Organization_ID,Research_Manager_ID) VALUES ("3119413", "Κοιτάζοντας Πάρα", "Αποστηθίσει ίδιο ως πάντα.", "334475", "2021-01-14", "2022-04-18", "3119194", "3119148", "3119047", "3119570");
INSERT INTO Works_On (Researcher_ID,Project_ID,Start_Date) VALUES ("3119570", "3119413", "2021-01-14");
INSERT INTO Project (Project_ID,Name,Summary,Project_Funds,Start_Date,End_Date,Executive_ID,Program_ID,Organization_ID,Research_Manager_ID) VALUES ("3119414", "Επί Απαραίτητο", "Εγώ έρθει διευθυντές κώδικα μα ως.", "514190", "2020-01-12", "2021-09-20", "3119019", "3119068", "3119027", "3119488");
INSERT INTO Works_On (Researcher_ID,Project_ID,Start_Date) VALUES ("3119488", "3119414", "2020-01-12");
INSERT INTO Project (Project_ID,Name,Summary,Project_Funds,Start_Date,End_Date,Executive_ID,Program_ID,Organization_ID,Research_Manager_ID) VALUES ("3119415", "Προϊόντα Δείξει Μα", "Drive black civil nice. Former out rate result guy.", "585250", "2022-05-25", "2023-07-12", "3119062", "3119071", "3119032", "3119960");
INSERT INTO Works_On (Researcher_ID,Project_ID,Start_Date) VALUES ("3119960", "3119415", "2022-05-25");
INSERT INTO Project (Project_ID,Name,Summary,Project_Funds,Start_Date,End_Date,Executive_ID,Program_ID,Organization_ID,Research_Manager_ID) VALUES ("3119416", "Βασανίζουν Όταν", "Accusamus fuga quaerat non explicabo culpa. Aliquid vitae sunt dicta.", "432826", "2021-06-12", "2024-03-17", "3119148", "3119103", "3119029", "3119128");
INSERT INTO Works_On (Researcher_ID,Project_ID,Start_Date) VALUES ("3119128", "3119416", "2021-06-12");
INSERT INTO Project (Project_ID,Name,Summary,Project_Funds,Start_Date,End_Date,Executive_ID,Program_ID,Organization_ID,Research_Manager_ID) VALUES ("3119417", "Πες Αποκλειστικούς", "Think song themselves coach best. Maintain participant money do.", "317055", "2020-02-28", "2021-12-02", "3119064", "3119146", "3119036", "3119674");
INSERT INTO Works_On (Researcher_ID,Project_ID,Start_Date) VALUES ("3119674", "3119417", "2020-02-28");
INSERT INTO Project (Project_ID,Name,Summary,Project_Funds,Start_Date,End_Date,Executive_ID,Program_ID,Organization_ID,Research_Manager_ID) VALUES ("3119418", "Στις Γειτονιάς", "Τον σε κάνεις για μου ζητήσεις εγώ.", "216927", "2022-04-11", "2023-10-21", "3119028", "3119132", "3119008", "3119281");
INSERT INTO Works_On (Researcher_ID,Project_ID,Start_Date) VALUES ("3119281", "3119418", "2022-04-11");
INSERT INTO Project (Project_ID,Name,Summary,Project_Funds,Start_Date,End_Date,Executive_ID,Program_ID,Organization_ID,Research_Manager_ID) VALUES ("3119419", "Facilis Delectus", "Συνέχεια θέλεις ότι έχω εικόνες στη αποφάσισε. Επί προϊόντα με εδώ.", "173746", "2021-11-23", "2022-12-13", "3119135", "3119094", "3119048", "3119520");
INSERT INTO Works_On (Researcher_ID,Project_ID,Start_Date) VALUES ("3119520", "3119419", "2021-11-23");
INSERT INTO Project (Project_ID,Name,Summary,Project_Funds,Start_Date,End_Date,Executive_ID,Program_ID,Organization_ID,Research_Manager_ID) VALUES ("3119420", "Quis Voluptas Ea", "Us serve despite Democrat nice. Major stuff enjoy drug produce south fill.", "376364", "2021-08-16", "2024-12-26", "3119188", "3119177", "3119014", "3119311");
INSERT INTO Works_On (Researcher_ID,Project_ID,Start_Date) VALUES ("3119311", "3119420", "2021-08-16");
INSERT INTO Project (Project_ID,Name,Summary,Project_Funds,Start_Date,End_Date,Executive_ID,Program_ID,Organization_ID,Research_Manager_ID) VALUES ("3119421", "Ένα Την Γνωστή", "Ea nam necessitatibus vel.", "727908", "2021-12-05", "2025-03-14", "3119062", "3119174", "3119001", "3119327");
INSERT INTO Works_On (Researcher_ID,Project_ID,Start_Date) VALUES ("3119327", "3119421", "2021-12-05");
INSERT INTO Project (Project_ID,Name,Summary,Project_Funds,Start_Date,End_Date,Executive_ID,Program_ID,Organization_ID,Research_Manager_ID) VALUES ("3119422", "Tempore Officia", "Dignissimos beatae officia totam. Voluptatem totam laborum laborum.", "142177", "2021-10-20", "2023-01-16", "3119178", "3119023", "3119009", "3119872");
INSERT INTO Works_On (Researcher_ID,Project_ID,Start_Date) VALUES ("3119872", "3119422", "2021-10-20");
INSERT INTO Project (Project_ID,Name,Summary,Project_Funds,Start_Date,End_Date,Executive_ID,Program_ID,Organization_ID,Research_Manager_ID) VALUES ("3119423", "Μου Ώρα Περιμένουν", "Architecto cum maiores labore eius aperiam nesciunt.", "700060", "2021-08-27", "2025-03-21", "3119152", "3119181", "3119029", "3119480");
INSERT INTO Works_On (Researcher_ID,Project_ID,Start_Date) VALUES ("3119480", "3119423", "2021-08-27");
INSERT INTO Project (Project_ID,Name,Summary,Project_Funds,Start_Date,End_Date,Executive_ID,Program_ID,Organization_ID,Research_Manager_ID) VALUES ("3119424", "Qui Eligendi", "Reality head run push moment. The specific town cut cup.", "407820", "2021-11-04", "2025-09-28", "3119043", "3119058", "3119005", "3119800");
INSERT INTO Works_On (Researcher_ID,Project_ID,Start_Date) VALUES ("3119800", "3119424", "2021-11-04");
INSERT INTO Project (Project_ID,Name,Summary,Project_Funds,Start_Date,End_Date,Executive_ID,Program_ID,Organization_ID,Research_Manager_ID) VALUES ("3119425", "Modi Eius Eius", "Ζητήσεις παραδώσεις τεκμηριώνει εγώ πολύ προβληματική.", "842753", "2019-11-26", "2021-03-30", "3119100", "3119187", "3119009", "3119131");
INSERT INTO Works_On (Researcher_ID,Project_ID,Start_Date) VALUES ("3119131", "3119425", "2019-11-26");
INSERT INTO Project (Project_ID,Name,Summary,Project_Funds,Start_Date,End_Date,Executive_ID,Program_ID,Organization_ID,Research_Manager_ID) VALUES ("3119426", "Voluptate Ex Omnis", "Δίνοντας πετάξαμε υπηρεσία ανταγωνιστής ταξινομεί θα.", "361427", "2019-11-05", "2021-05-16", "3119126", "3119107", "3119031", "3120167");
INSERT INTO Works_On (Researcher_ID,Project_ID,Start_Date) VALUES ("3120167", "3119426", "2019-11-05");
INSERT INTO Project (Project_ID,Name,Summary,Project_Funds,Start_Date,End_Date,Executive_ID,Program_ID,Organization_ID,Research_Manager_ID) VALUES ("3119427", "Επί Τύπου Υψηλότερη", "Διαδίκτυο εγώ απαραίτητο κόψεις τρόποι. Και μην εγώ συνεντεύξεις.", "701804", "2021-07-08", "2023-12-20", "3119134", "3119145", "3119000", "3120091");
INSERT INTO Works_On (Researcher_ID,Project_ID,Start_Date) VALUES ("3120091", "3119427", "2021-07-08");
INSERT INTO Project (Project_ID,Name,Summary,Project_Funds,Start_Date,End_Date,Executive_ID,Program_ID,Organization_ID,Research_Manager_ID) VALUES ("3119428", "Απομόνωση Σκεφτείς", "Νόμιζες μέγιστη του έτσι. Καταλάθος νέου τι δυστυχώς ο.", "925802", "2021-09-13", "2023-01-10", "3119158", "3119082", "3119036", "3119792");
INSERT INTO Works_On (Researcher_ID,Project_ID,Start_Date) VALUES ("3119792", "3119428", "2021-09-13");
INSERT INTO Project (Project_ID,Name,Summary,Project_Funds,Start_Date,End_Date,Executive_ID,Program_ID,Organization_ID,Research_Manager_ID) VALUES ("3119429", "Μου Σπίτι", "Σας δεν νέο ένα τα αρέσει.", "859174", "2021-07-22", "2024-11-12", "3119076", "3119038", "3119022", "3119782");
INSERT INTO Works_On (Researcher_ID,Project_ID,Start_Date) VALUES ("3119782", "3119429", "2021-07-22");
INSERT INTO Project (Project_ID,Name,Summary,Project_Funds,Start_Date,End_Date,Executive_ID,Program_ID,Organization_ID,Research_Manager_ID) VALUES ("3119430", "Quas Quisquam Autem", "Sapiente totam temporibus asperiores sit vel odit.", "945846", "2019-11-12", "2021-10-14", "3119060", "3119089", "3119017", "3120102");
INSERT INTO Works_On (Researcher_ID,Project_ID,Start_Date) VALUES ("3120102", "3119430", "2019-11-12");
INSERT INTO Project (Project_ID,Name,Summary,Project_Funds,Start_Date,End_Date,Executive_ID,Program_ID,Organization_ID,Research_Manager_ID) VALUES ("3119431", "Για Στα Αυτός Ποια", "Esse nam accusantium tenetur esse quos aliquam.", "828566", "2020-01-07", "2022-01-02", "3119164", "3119006", "3119029", "3119142");
INSERT INTO Works_On (Researcher_ID,Project_ID,Start_Date) VALUES ("3119142", "3119431", "2020-01-07");
INSERT INTO Project (Project_ID,Name,Summary,Project_Funds,Start_Date,End_Date,Executive_ID,Program_ID,Organization_ID,Research_Manager_ID) VALUES ("3119432", "Εργαζόμενοι Πλέον", "Σαν αυτός τοπικές εργοστασίου. Κάτι συνεντεύξεις απλό ήδη.", "669793", "2021-09-29", "2024-06-16", "3119070", "3119050", "3119045", "3119649");
INSERT INTO Works_On (Researcher_ID,Project_ID,Start_Date) VALUES ("3119649", "3119432", "2021-09-29");
INSERT INTO Project (Project_ID,Name,Summary,Project_Funds,Start_Date,End_Date,Executive_ID,Program_ID,Organization_ID,Research_Manager_ID) VALUES ("3119433", "Αν Υόρκη Κρατήσουν", "Explicabo cumque dignissimos amet tenetur et. Eaque nemo aliquid beatae.", "466016", "2020-10-24", "2022-05-27", "3119161", "3119030", "3119045", "3119761");
INSERT INTO Works_On (Researcher_ID,Project_ID,Start_Date) VALUES ("3119761", "3119433", "2020-10-24");
INSERT INTO Project (Project_ID,Name,Summary,Project_Funds,Start_Date,End_Date,Executive_ID,Program_ID,Organization_ID,Research_Manager_ID) VALUES ("3119434", "Γέλασαν Τύπους", "Μα θα διορθώσει.", "297762", "2021-01-17", "2022-10-14", "3119136", "3119019", "3119031", "3119979");
INSERT INTO Works_On (Researcher_ID,Project_ID,Start_Date) VALUES ("3119979", "3119434", "2021-01-17");
INSERT INTO Project (Project_ID,Name,Summary,Project_Funds,Start_Date,End_Date,Executive_ID,Program_ID,Organization_ID,Research_Manager_ID) VALUES ("3119435", "Seek Dog Main Score", "Οι δοκιμάσεις έγραψες αποφάσισε.", "620312", "2020-01-16", "2021-07-16", "3119049", "3119123", "3119036", "3119748");
INSERT INTO Works_On (Researcher_ID,Project_ID,Start_Date) VALUES ("3119748", "3119435", "2020-01-16");
INSERT INTO Project (Project_ID,Name,Summary,Project_Funds,Start_Date,End_Date,Executive_ID,Program_ID,Organization_ID,Research_Manager_ID) VALUES ("3119436", "Περιεχόμενα Ήδη", "Discover check allow about. Natural top hear easy go actually.", "470579", "2019-11-20", "2022-11-25", "3119005", "3119042", "3119038", "3119635");
INSERT INTO Works_On (Researcher_ID,Project_ID,Start_Date) VALUES ("3119635", "3119436", "2019-11-20");
INSERT INTO Project (Project_ID,Name,Summary,Project_Funds,Start_Date,End_Date,Executive_ID,Program_ID,Organization_ID,Research_Manager_ID) VALUES ("3119437", "Κανείς Αν Πες Δύο", "Και εδώ βιαστικά πολύ ήδη. Ακούσει στο δεν συγχρόνως.", "438044", "2020-06-14", "2021-06-26", "3119043", "3119008", "3119011", "3119349");
INSERT INTO Works_On (Researcher_ID,Project_ID,Start_Date) VALUES ("3119349", "3119437", "2020-06-14");
INSERT INTO Project (Project_ID,Name,Summary,Project_Funds,Start_Date,End_Date,Executive_ID,Program_ID,Organization_ID,Research_Manager_ID) VALUES ("3119438", "Veritatis Ipsam", "Ακούσει της δοκιμάσεις ρωτήσει στο συγγραφής θα.", "577982", "2021-06-27", "2023-12-03", "3119144", "3119121", "3119046", "3119776");
INSERT INTO Works_On (Researcher_ID,Project_ID,Start_Date) VALUES ("3119776", "3119438", "2021-06-27");
INSERT INTO Project (Project_ID,Name,Summary,Project_Funds,Start_Date,End_Date,Executive_ID,Program_ID,Organization_ID,Research_Manager_ID) VALUES ("3119439", "Χώρου Έχω", "Πρόσληψη όχι πετούν πετάξαμε εκδόσεις πάντως κειμένων.", "920621", "2020-05-15", "2022-01-27", "3119118", "3119157", "3119045", "3119731");
INSERT INTO Works_On (Researcher_ID,Project_ID,Start_Date) VALUES ("3119731", "3119439", "2020-05-15");
INSERT INTO Project (Project_ID,Name,Summary,Project_Funds,Start_Date,End_Date,Executive_ID,Program_ID,Organization_ID,Research_Manager_ID) VALUES ("3119440", "Optio Voluptas", "City claim avoid record. Station morning foreign.", "317936", "2020-04-10", "2022-12-19", "3119051", "3119188", "3119038", "3119099");
INSERT INTO Works_On (Researcher_ID,Project_ID,Start_Date) VALUES ("3119099", "3119440", "2020-04-10");
INSERT INTO Project (Project_ID,Name,Summary,Project_Funds,Start_Date,End_Date,Executive_ID,Program_ID,Organization_ID,Research_Manager_ID) VALUES ("3119441", "Στις Έξι Από", "Repudiandae veniam harum necessitatibus consequuntur.", "587460", "2019-11-17", "2022-02-02", "3119128", "3119117", "3119001", "3119725");
INSERT INTO Works_On (Researcher_ID,Project_ID,Start_Date) VALUES ("3119725", "3119441", "2019-11-17");
INSERT INTO Project (Project_ID,Name,Summary,Project_Funds,Start_Date,End_Date,Executive_ID,Program_ID,Organization_ID,Research_Manager_ID) VALUES ("3119442", "Τελειώσει", "Consectetur dolore rem.", "575618", "2019-12-28", "2023-02-01", "3119055", "3119042", "3119007", "3119236");
INSERT INTO Works_On (Researcher_ID,Project_ID,Start_Date) VALUES ("3119236", "3119442", "2019-12-28");
INSERT INTO Project (Project_ID,Name,Summary,Project_Funds,Start_Date,End_Date,Executive_ID,Program_ID,Organization_ID,Research_Manager_ID) VALUES ("3119443", "Εργαζόμενων", "Per speak believe outside indicate need more quality.", "765686", "2019-11-08", "2022-12-04", "3119105", "3119014", "3119005", "3120098");
INSERT INTO Works_On (Researcher_ID,Project_ID,Start_Date) VALUES ("3120098", "3119443", "2019-11-08");
INSERT INTO Project (Project_ID,Name,Summary,Project_Funds,Start_Date,End_Date,Executive_ID,Program_ID,Organization_ID,Research_Manager_ID) VALUES ("3119444", "Άρα Δοκιμάσεις Εδώ", "Σε τους σωστά άρα. Βάζοντας πάντως ορίστε.", "316399", "2021-01-26", "2022-11-22", "3119161", "3119068", "3119049", "3120014");
INSERT INTO Works_On (Researcher_ID,Project_ID,Start_Date) VALUES ("3120014", "3119444", "2021-01-26");
INSERT INTO Project (Project_ID,Name,Summary,Project_Funds,Start_Date,End_Date,Executive_ID,Program_ID,Organization_ID,Research_Manager_ID) VALUES ("3119445", "Μέχρι Ναι Πως", "Center movement send crime career. As their life respond trip together.", "543889", "2022-01-16", "2024-03-08", "3119049", "3119057", "3119047", "3119395");
INSERT INTO Works_On (Researcher_ID,Project_ID,Start_Date) VALUES ("3119395", "3119445", "2022-01-16");
INSERT INTO Project (Project_ID,Name,Summary,Project_Funds,Start_Date,End_Date,Executive_ID,Program_ID,Organization_ID,Research_Manager_ID) VALUES ("3119446", "Consequuntur Quo", "Όσο κανόνα δε δημιουργείς άλγεβρα λίγο σαν.", "786602", "2020-02-19", "2023-04-01", "3119131", "3119060", "3119028", "3119371");
INSERT INTO Works_On (Researcher_ID,Project_ID,Start_Date) VALUES ("3119371", "3119446", "2020-02-19");
INSERT INTO Project (Project_ID,Name,Summary,Project_Funds,Start_Date,End_Date,Executive_ID,Program_ID,Organization_ID,Research_Manager_ID) VALUES ("3119447", "Παίρνει Κάνεις", "Numquam totam corrupti magnam odit temporibus.", "182603", "2022-04-12", "2025-02-25", "3119065", "3119048", "3119006", "3119011");
INSERT INTO Works_On (Researcher_ID,Project_ID,Start_Date) VALUES ("3119011", "3119447", "2022-04-12");
INSERT INTO Project (Project_ID,Name,Summary,Project_Funds,Start_Date,End_Date,Executive_ID,Program_ID,Organization_ID,Research_Manager_ID) VALUES ("3119448", "Sapiente Vero", "Πάντως προσλάμβανες είχαμε την τα. Πιο πάρα ρουτίνα την διορθώσεις.", "265098", "2020-03-11", "2023-05-01", "3119180", "3119178", "3119000", "3119836");
INSERT INTO Works_On (Researcher_ID,Project_ID,Start_Date) VALUES ("3119836", "3119448", "2020-03-11");
INSERT INTO Project (Project_ID,Name,Summary,Project_Funds,Start_Date,End_Date,Executive_ID,Program_ID,Organization_ID,Research_Manager_ID) VALUES ("3119449", "In Lawyer Red Book", "Beatae corporis ad itaque laborum doloremque ab modi.", "748005", "2022-05-16", "2024-06-14", "3119025", "3119090", "3119003", "3119543");
INSERT INTO Works_On (Researcher_ID,Project_ID,Start_Date) VALUES ("3119543", "3119449", "2022-05-16");
INSERT INTO Project (Project_ID,Name,Summary,Project_Funds,Start_Date,End_Date,Executive_ID,Program_ID,Organization_ID,Research_Manager_ID) VALUES ("3119450", "Ο Εξακολουθεί Εκτός", "Διακόψουμε και ανά ίδιο λοιπόν. Διευθυντές πιο πολύ εκτός έξι βιβλίο.", "490071", "2021-01-07", "2024-08-28", "3119062", "3119036", "3119041", "3120065");
INSERT INTO Works_On (Researcher_ID,Project_ID,Start_Date) VALUES ("3120065", "3119450", "2021-01-07");
INSERT INTO Project (Project_ID,Name,Summary,Project_Funds,Start_Date,End_Date,Executive_ID,Program_ID,Organization_ID,Research_Manager_ID) VALUES ("3119451", "Πάντως Ο Διορθώσει", "Laborum deserunt cupiditate excepturi doloribus tempore praesentium.", "537639", "2021-01-31", "2022-05-29", "3119154", "3119166", "3119016", "3119934");
INSERT INTO Works_On (Researcher_ID,Project_ID,Start_Date) VALUES ("3119934", "3119451", "2021-01-31");
INSERT INTO Project (Project_ID,Name,Summary,Project_Funds,Start_Date,End_Date,Executive_ID,Program_ID,Organization_ID,Research_Manager_ID) VALUES ("3119452", "Πετάνε Πρόσληψη", "Θυμάμαι καταλάθος πρώτοι εφαμοργής γραμμές τη προκαλείς πάντως.", "821896", "2021-12-09", "2025-09-05", "3119129", "3119028", "3119013", "3120073");
INSERT INTO Works_On (Researcher_ID,Project_ID,Start_Date) VALUES ("3120073", "3119452", "2021-12-09");
INSERT INTO Project (Project_ID,Name,Summary,Project_Funds,Start_Date,End_Date,Executive_ID,Program_ID,Organization_ID,Research_Manager_ID) VALUES ("3119453", "Ut Enim Impedit", "Tenetur dicta facilis esse repellat.", "706773", "2021-11-18", "2023-03-31", "3119176", "3119184", "3119029", "3119892");
INSERT INTO Works_On (Researcher_ID,Project_ID,Start_Date) VALUES ("3119892", "3119453", "2021-11-18");
INSERT INTO Project (Project_ID,Name,Summary,Project_Funds,Start_Date,End_Date,Executive_ID,Program_ID,Organization_ID,Research_Manager_ID) VALUES ("3119454", "Σκεφτείς Κύκλο", "Explicabo quo ipsam ab unde. Quibusdam eveniet repellat optio.", "607642", "2022-03-05", "2024-10-23", "3119127", "3119026", "3119022", "3119755");
INSERT INTO Works_On (Researcher_ID,Project_ID,Start_Date) VALUES ("3119755", "3119454", "2022-03-05");
INSERT INTO Project (Project_ID,Name,Summary,Project_Funds,Start_Date,End_Date,Executive_ID,Program_ID,Organization_ID,Research_Manager_ID) VALUES ("3119455", "Δουλεύει Που Μιας", "Voluptates ex quaerat laborum facere amet.", "712556", "2020-12-10", "2023-07-15", "3119165", "3119037", "3119015", "3119130");
INSERT INTO Works_On (Researcher_ID,Project_ID,Start_Date) VALUES ("3119130", "3119455", "2020-12-10");
INSERT INTO Project (Project_ID,Name,Summary,Project_Funds,Start_Date,End_Date,Executive_ID,Program_ID,Organization_ID,Research_Manager_ID) VALUES ("3119456", "Harum Deleniti", "High available there word become suddenly your. Player baby live young.", "386107", "2020-12-04", "2023-09-17", "3119015", "3119005", "3119032", "3119383");
INSERT INTO Works_On (Researcher_ID,Project_ID,Start_Date) VALUES ("3119383", "3119456", "2020-12-04");
INSERT INTO Project (Project_ID,Name,Summary,Project_Funds,Start_Date,End_Date,Executive_ID,Program_ID,Organization_ID,Research_Manager_ID) VALUES ("3119457", "Quis Assumenda", "Optio inventore voluptatum dolorum ipsum.", "137311", "2020-02-19", "2021-09-02", "3119096", "3119188", "3119029", "3119009");
INSERT INTO Works_On (Researcher_ID,Project_ID,Start_Date) VALUES ("3119009", "3119457", "2020-02-19");
INSERT INTO Project (Project_ID,Name,Summary,Project_Funds,Start_Date,End_Date,Executive_ID,Program_ID,Organization_ID,Research_Manager_ID) VALUES ("3119458", "Εργασίας Αφήσεις", "Nulla minus quibusdam nulla. Ex molestias voluptatum soluta quos.", "104570", "2022-03-21", "2024-08-11", "3119108", "3119038", "3119044", "3119866");
INSERT INTO Works_On (Researcher_ID,Project_ID,Start_Date) VALUES ("3119866", "3119458", "2022-03-21");
INSERT INTO Project (Project_ID,Name,Summary,Project_Funds,Start_Date,End_Date,Executive_ID,Program_ID,Organization_ID,Research_Manager_ID) VALUES ("3119459", "Μάθε Άρα", "Bad order information.", "788181", "2022-02-15", "2025-09-14", "3119061", "3119001", "3119024", "3119630");
INSERT INTO Works_On (Researcher_ID,Project_ID,Start_Date) VALUES ("3119630", "3119459", "2022-02-15");
INSERT INTO Project (Project_ID,Name,Summary,Project_Funds,Start_Date,End_Date,Executive_ID,Program_ID,Organization_ID,Research_Manager_ID) VALUES ("3119460", "Rerum Ex Atque", "Error laudantium numquam placeat perferendis laboriosam vitae.", "228157", "2020-09-26", "2022-07-02", "3119152", "3119192", "3119003", "3119388");
INSERT INTO Works_On (Researcher_ID,Project_ID,Start_Date) VALUES ("3119388", "3119460", "2020-09-26");
INSERT INTO Project (Project_ID,Name,Summary,Project_Funds,Start_Date,End_Date,Executive_ID,Program_ID,Organization_ID,Research_Manager_ID) VALUES ("3119461", "Νέο Βάζοντας Κώδικα", "Ρουτίνα απλό ώρα πάντως εγώ τέλειοι εργοστασίου.", "775312", "2021-01-17", "2024-07-31", "3119025", "3119167", "3119003", "3119858");
INSERT INTO Works_On (Researcher_ID,Project_ID,Start_Date) VALUES ("3119858", "3119461", "2021-01-17");
INSERT INTO Project (Project_ID,Name,Summary,Project_Funds,Start_Date,End_Date,Executive_ID,Program_ID,Organization_ID,Research_Manager_ID) VALUES ("3119462", "Range Life Eight", "Διασφαλίζεται ας πλέον προσθέσει.", "506141", "2020-01-07", "2023-06-10", "3119058", "3119138", "3119032", "3119939");
INSERT INTO Works_On (Researcher_ID,Project_ID,Start_Date) VALUES ("3119939", "3119462", "2020-01-07");
INSERT INTO Project (Project_ID,Name,Summary,Project_Funds,Start_Date,End_Date,Executive_ID,Program_ID,Organization_ID,Research_Manager_ID) VALUES ("3119463", "Δεδομένων Δεδομένων", "Ipsum cum nulla perferendis eligendi ab laborum mollitia.", "277792", "2020-11-09", "2023-03-07", "3119135", "3119033", "3119024", "3119115");
INSERT INTO Works_On (Researcher_ID,Project_ID,Start_Date) VALUES ("3119115", "3119463", "2020-11-09");
INSERT INTO Project (Project_ID,Name,Summary,Project_Funds,Start_Date,End_Date,Executive_ID,Program_ID,Organization_ID,Research_Manager_ID) VALUES ("3119464", "Τα Μαγικά Πρώτοι", "Μια γέλασαν μέγιστη θυμάμαι με.", "739401", "2021-09-01", "2024-08-11", "3119067", "3119130", "3119007", "3119967");
INSERT INTO Works_On (Researcher_ID,Project_ID,Start_Date) VALUES ("3119967", "3119464", "2021-09-01");
INSERT INTO Project (Project_ID,Name,Summary,Project_Funds,Start_Date,End_Date,Executive_ID,Program_ID,Organization_ID,Research_Manager_ID) VALUES ("3119465", "Ορίστε Τους Περίπου", "Eius alias iste sint. Sequi similique dolorem dolor.", "119738", "2021-04-28", "2023-05-23", "3119048", "3119083", "3119003", "3119567");
INSERT INTO Works_On (Researcher_ID,Project_ID,Start_Date) VALUES ("3119567", "3119465", "2021-04-28");
INSERT INTO Project (Project_ID,Name,Summary,Project_Funds,Start_Date,End_Date,Executive_ID,Program_ID,Organization_ID,Research_Manager_ID) VALUES ("3119466", "Magni At Ut", "Πάντως άρα για εξαρτάται πάντα πλέον μέχρι.", "149660", "2021-01-14", "2024-02-18", "3119005", "3119073", "3119039", "3119323");
INSERT INTO Works_On (Researcher_ID,Project_ID,Start_Date) VALUES ("3119323", "3119466", "2021-01-14");
INSERT INTO Project (Project_ID,Name,Summary,Project_Funds,Start_Date,End_Date,Executive_ID,Program_ID,Organization_ID,Research_Manager_ID) VALUES ("3119467", "Πολύ Αποφάσισε", "Έξι βαθμό μαγικά έξι εργοστασίου κάνε. Υπηρεσία πιο αναφορά διαφήμιση.", "566093", "2020-09-08", "2022-03-07", "3119044", "3119169", "3119014", "3120161");
INSERT INTO Works_On (Researcher_ID,Project_ID,Start_Date) VALUES ("3120161", "3119467", "2020-09-08");
INSERT INTO Project (Project_ID,Name,Summary,Project_Funds,Start_Date,End_Date,Executive_ID,Program_ID,Organization_ID,Research_Manager_ID) VALUES ("3119468", "Με Επενδυτής Πάντα", "Πρόσληψη κόψεις τύπου προκαλείς δοκιμάσεις δυστυχής γειτονιάς.", "256473", "2021-10-07", "2023-05-19", "3119121", "3119181", "3119002", "3120061");
INSERT INTO Works_On (Researcher_ID,Project_ID,Start_Date) VALUES ("3120061", "3119468", "2021-10-07");
INSERT INTO Project (Project_ID,Name,Summary,Project_Funds,Start_Date,End_Date,Executive_ID,Program_ID,Organization_ID,Research_Manager_ID) VALUES ("3119469", "Autem Quasi A Atque", "Πάρα στις το τύπου πεδία. Στο έστειλε από στα.", "151352", "2020-05-16", "2024-02-08", "3119153", "3119147", "3119032", "3119364");
INSERT INTO Works_On (Researcher_ID,Project_ID,Start_Date) VALUES ("3119364", "3119469", "2020-05-16");
INSERT INTO Project (Project_ID,Name,Summary,Project_Funds,Start_Date,End_Date,Executive_ID,Program_ID,Organization_ID,Research_Manager_ID) VALUES ("3119470", "Φίλος Εργαζόμενων", "Fast behind even recognize opportunity.", "202406", "2020-06-27", "2023-03-16", "3119162", "3119067", "3119031", "3119997");
INSERT INTO Works_On (Researcher_ID,Project_ID,Start_Date) VALUES ("3119997", "3119470", "2020-06-27");
INSERT INTO Project (Project_ID,Name,Summary,Project_Funds,Start_Date,End_Date,Executive_ID,Program_ID,Organization_ID,Research_Manager_ID) VALUES ("3119471", "Sequi Quo Ipsa", "Σας ξέχασε έτοιμος πρώτο διαχειριστής έλεγχος αθόρυβες.", "748698", "2021-04-22", "2023-07-22", "3119194", "3119180", "3119047", "3119919");
INSERT INTO Works_On (Researcher_ID,Project_ID,Start_Date) VALUES ("3119919", "3119471", "2021-04-22");
INSERT INTO Project (Project_ID,Name,Summary,Project_Funds,Start_Date,End_Date,Executive_ID,Program_ID,Organization_ID,Research_Manager_ID) VALUES ("3119472", "Με Ερώτηση Διάβασε", "Would certainly not lead use. Hospital walk loss.", "309389", "2020-03-17", "2021-04-15", "3119060", "3119035", "3119038", "3119283");
INSERT INTO Works_On (Researcher_ID,Project_ID,Start_Date) VALUES ("3119283", "3119472", "2020-03-17");
INSERT INTO Project (Project_ID,Name,Summary,Project_Funds,Start_Date,End_Date,Executive_ID,Program_ID,Organization_ID,Research_Manager_ID) VALUES ("3119473", "Aut Dolore Sed", "Καλύτερο τι περισσότερες σκεφτείς κανόνα αφήσεις.", "207989", "2021-04-09", "2023-11-05", "3119122", "3119080", "3119030", "3119554");
INSERT INTO Works_On (Researcher_ID,Project_ID,Start_Date) VALUES ("3119554", "3119473", "2021-04-09");
INSERT INTO Project (Project_ID,Name,Summary,Project_Funds,Start_Date,End_Date,Executive_ID,Program_ID,Organization_ID,Research_Manager_ID) VALUES ("3119474", "Assume Source", "Maxime doloribus eaque.", "503575", "2021-03-05", "2022-03-18", "3119042", "3119053", "3119014", "3119487");
INSERT INTO Works_On (Researcher_ID,Project_ID,Start_Date) VALUES ("3119487", "3119474", "2021-03-05");
INSERT INTO Project (Project_ID,Name,Summary,Project_Funds,Start_Date,End_Date,Executive_ID,Program_ID,Organization_ID,Research_Manager_ID) VALUES ("3119475", "Eius Quo Aliquid", "Quibusdam repudiandae dolore officia blanditiis non alias nam.", "885103", "2022-04-15", "2024-08-18", "3119131", "3119147", "3119035", "3119822");
INSERT INTO Works_On (Researcher_ID,Project_ID,Start_Date) VALUES ("3119822", "3119475", "2022-04-15");
INSERT INTO Project (Project_ID,Name,Summary,Project_Funds,Start_Date,End_Date,Executive_ID,Program_ID,Organization_ID,Research_Manager_ID) VALUES ("3119476", "Εκτός Έχω Κανείς", "Should rate follow take six. Lot city scientist season brother.", "705661", "2021-09-01", "2023-03-17", "3119043", "3119064", "3119018", "3119172");
INSERT INTO Works_On (Researcher_ID,Project_ID,Start_Date) VALUES ("3119172", "3119476", "2021-09-01");
INSERT INTO Project (Project_ID,Name,Summary,Project_Funds,Start_Date,End_Date,Executive_ID,Program_ID,Organization_ID,Research_Manager_ID) VALUES ("3119477", "Ήδη Κόλπα Κειμένων", "Molestiae minus labore placeat.", "574998", "2021-08-25", "2024-08-25", "3119075", "3119111", "3119011", "3120026");
INSERT INTO Works_On (Researcher_ID,Project_ID,Start_Date) VALUES ("3120026", "3119477", "2021-08-25");
INSERT INTO Project (Project_ID,Name,Summary,Project_Funds,Start_Date,End_Date,Executive_ID,Program_ID,Organization_ID,Research_Manager_ID) VALUES ("3119478", "Από Σπίτι Χρόνου", "Ακούσει δε χαμηλός μάλλον παραπάνω περισσότερη πιο.", "788736", "2020-05-15", "2023-12-27", "3119040", "3119041", "3119024", "3119743");
INSERT INTO Works_On (Researcher_ID,Project_ID,Start_Date) VALUES ("3119743", "3119478", "2020-05-15");
INSERT INTO Project (Project_ID,Name,Summary,Project_Funds,Start_Date,End_Date,Executive_ID,Program_ID,Organization_ID,Research_Manager_ID) VALUES ("3119479", "Deserunt Aspernatur", "Esse accusamus placeat soluta alias a. Inventore reiciendis culpa beatae.", "343815", "2022-02-22", "2024-07-17", "3119135", "3119164", "3119014", "3119178");
INSERT INTO Works_On (Researcher_ID,Project_ID,Start_Date) VALUES ("3119178", "3119479", "2022-02-22");
INSERT INTO Project (Project_ID,Name,Summary,Project_Funds,Start_Date,End_Date,Executive_ID,Program_ID,Organization_ID,Research_Manager_ID) VALUES ("3119480", "Repudiandae Dicta", "Illo facere suscipit nihil voluptatum. Et nemo ut quis.", "116117", "2020-04-29", "2022-12-05", "3119023", "3119061", "3119035", "3119254");
INSERT INTO Works_On (Researcher_ID,Project_ID,Start_Date) VALUES ("3119254", "3119480", "2020-04-29");
INSERT INTO Project (Project_ID,Name,Summary,Project_Funds,Start_Date,End_Date,Executive_ID,Program_ID,Organization_ID,Research_Manager_ID) VALUES ("3119481", "Set Contain Hotel", "Sit pariatur sapiente. Corrupti dolore ut impedit quisquam dolorum.", "882348", "2020-06-20", "2024-02-22", "3119075", "3119198", "3119043", "3119067");
INSERT INTO Works_On (Researcher_ID,Project_ID,Start_Date) VALUES ("3119067", "3119481", "2020-06-20");
INSERT INTO Project (Project_ID,Name,Summary,Project_Funds,Start_Date,End_Date,Executive_ID,Program_ID,Organization_ID,Research_Manager_ID) VALUES ("3119482", "Human Card Owner", "Δε και νέα ήδη κειμένων διαπιστώνεις. Δωροδοκηθούν γράψει διορθώσεις.", "538101", "2020-02-03", "2022-04-01", "3119071", "3119148", "3119011", "3119918");
INSERT INTO Works_On (Researcher_ID,Project_ID,Start_Date) VALUES ("3119918", "3119482", "2020-02-03");
INSERT INTO Project (Project_ID,Name,Summary,Project_Funds,Start_Date,End_Date,Executive_ID,Program_ID,Organization_ID,Research_Manager_ID) VALUES ("3119483", "Politics Apply Both", "Βιβλίο εικόνες επεξεργασία μου σαν εκτός σου.", "226630", "2021-03-09", "2024-02-17", "3119059", "3119192", "3119012", "3119451");
INSERT INTO Works_On (Researcher_ID,Project_ID,Start_Date) VALUES ("3119451", "3119483", "2021-03-09");
INSERT INTO Project (Project_ID,Name,Summary,Project_Funds,Start_Date,End_Date,Executive_ID,Program_ID,Organization_ID,Research_Manager_ID) VALUES ("3119484", "Κάτι Δεδομένων", "Υόρκη μάτσο κώδικάς κι. Μην με φαινόμενο δίνοντας.", "853310", "2020-10-29", "2022-04-18", "3119043", "3119146", "3119024", "3120081");
INSERT INTO Works_On (Researcher_ID,Project_ID,Start_Date) VALUES ("3120081", "3119484", "2020-10-29");
INSERT INTO Project (Project_ID,Name,Summary,Project_Funds,Start_Date,End_Date,Executive_ID,Program_ID,Organization_ID,Research_Manager_ID) VALUES ("3119485", "Δεν Επενδυτής", "Fugiat tempore dolorum quisquam quisquam.", "338163", "2022-02-21", "2024-09-18", "3119118", "3119058", "3119002", "3119915");
INSERT INTO Works_On (Researcher_ID,Project_ID,Start_Date) VALUES ("3119915", "3119485", "2022-02-21");
INSERT INTO Project (Project_ID,Name,Summary,Project_Funds,Start_Date,End_Date,Executive_ID,Program_ID,Organization_ID,Research_Manager_ID) VALUES ("3119486", "Laboriosam Nihil", "Voluptate voluptas officia eaque officiis laboriosam voluptates.", "267613", "2019-12-08", "2021-02-06", "3119001", "3119181", "3119047", "3119134");
INSERT INTO Works_On (Researcher_ID,Project_ID,Start_Date) VALUES ("3119134", "3119486", "2019-12-08");
INSERT INTO Project (Project_ID,Name,Summary,Project_Funds,Start_Date,End_Date,Executive_ID,Program_ID,Organization_ID,Research_Manager_ID) VALUES ("3119487", "Suscipit Hic Natus", "Τελειώσει πάντα σου συνάδελφος ροή χώρου. Εκδόσεις αναγκάζονται παίξουν.", "586597", "2020-08-23", "2022-04-12", "3119005", "3119077", "3119040", "3119026");
INSERT INTO Works_On (Researcher_ID,Project_ID,Start_Date) VALUES ("3119026", "3119487", "2020-08-23");
INSERT INTO Project (Project_ID,Name,Summary,Project_Funds,Start_Date,End_Date,Executive_ID,Program_ID,Organization_ID,Research_Manager_ID) VALUES ("3119488", "Inventore At Hic", "Rerum facilis tempora molestiae exercitationem blanditiis qui voluptatem.", "267895", "2022-03-02", "2025-06-09", "3119101", "3119005", "3119047", "3119551");
INSERT INTO Works_On (Researcher_ID,Project_ID,Start_Date) VALUES ("3119551", "3119488", "2022-03-02");
INSERT INTO Project (Project_ID,Name,Summary,Project_Funds,Start_Date,End_Date,Executive_ID,Program_ID,Organization_ID,Research_Manager_ID) VALUES ("3119489", "Σε Στις Προσοχή", "Ναι απαραίτητο μια προβληματική όσο ίδιο ειδικά.", "360028", "2022-04-11", "2025-12-14", "3119014", "3119167", "3119011", "3120063");
INSERT INTO Works_On (Researcher_ID,Project_ID,Start_Date) VALUES ("3120063", "3119489", "2022-04-11");
INSERT INTO Project (Project_ID,Name,Summary,Project_Funds,Start_Date,End_Date,Executive_ID,Program_ID,Organization_ID,Research_Manager_ID) VALUES ("3119490", "Πως Εικόνες Ορίστε", "Στη παίρνουν εκδόσεις εξακολουθεί συνέχεια όχι χαρακτηριστικό.", "332110", "2021-08-09", "2025-02-10", "3119010", "3119189", "3119013", "3119150");
INSERT INTO Works_On (Researcher_ID,Project_ID,Start_Date) VALUES ("3119150", "3119490", "2021-08-09");
INSERT INTO Project (Project_ID,Name,Summary,Project_Funds,Start_Date,End_Date,Executive_ID,Program_ID,Organization_ID,Research_Manager_ID) VALUES ("3119491", "Συγχρόνως Προκαλείς", "Dolorum accusantium sequi reprehenderit vel alias.", "249277", "2019-11-29", "2021-07-23", "3119160", "3119075", "3119015", "3119694");
INSERT INTO Works_On (Researcher_ID,Project_ID,Start_Date) VALUES ("3119694", "3119491", "2019-11-29");
INSERT INTO Project (Project_ID,Name,Summary,Project_Funds,Start_Date,End_Date,Executive_ID,Program_ID,Organization_ID,Research_Manager_ID) VALUES ("3119492", "Maxime Numquam Esse", "Εκτελείται πιο της ροή αποκλειστικούς τεσσαρών δύο.", "439105", "2020-01-06", "2023-03-19", "3119138", "3119156", "3119020", "3119991");
INSERT INTO Works_On (Researcher_ID,Project_ID,Start_Date) VALUES ("3119991", "3119492", "2020-01-06");
INSERT INTO Project (Project_ID,Name,Summary,Project_Funds,Start_Date,End_Date,Executive_ID,Program_ID,Organization_ID,Research_Manager_ID) VALUES ("3119493", "Μέγιστη Άπειρα", "At illo perspiciatis aliquam. Cumque quasi eos ducimus.", "783752", "2019-12-31", "2021-01-21", "3119111", "3119167", "3119008", "3119844");
INSERT INTO Works_On (Researcher_ID,Project_ID,Start_Date) VALUES ("3119844", "3119493", "2019-12-31");
INSERT INTO Project (Project_ID,Name,Summary,Project_Funds,Start_Date,End_Date,Executive_ID,Program_ID,Organization_ID,Research_Manager_ID) VALUES ("3119494", "Exercitationem In", "Διακόψουμε ξέχασε διοικητικό πάρα στις. Νέων μα κι θέματα.", "388116", "2021-07-28", "2023-07-08", "3119186", "3119196", "3119040", "3119897");
INSERT INTO Works_On (Researcher_ID,Project_ID,Start_Date) VALUES ("3119897", "3119494", "2021-07-28");
INSERT INTO Project (Project_ID,Name,Summary,Project_Funds,Start_Date,End_Date,Executive_ID,Program_ID,Organization_ID,Research_Manager_ID) VALUES ("3119495", "Της Δωροδοκηθούν", "Velit culpa fugit dolorem deserunt illo.", "976955", "2019-11-11", "2023-04-18", "3119134", "3119069", "3119026", "3119151");
INSERT INTO Works_On (Researcher_ID,Project_ID,Start_Date) VALUES ("3119151", "3119495", "2019-11-11");
INSERT INTO Project (Project_ID,Name,Summary,Project_Funds,Start_Date,End_Date,Executive_ID,Program_ID,Organization_ID,Research_Manager_ID) VALUES ("3119496", "Νέου Νιρβάνα Στο", "Πρώτης λέει απαρατήρητο σκεφτείς πακέτων κανένας και. Πακέτων άτομο πες.", "466782", "2021-11-08", "2023-03-30", "3119140", "3119142", "3119044", "3120113");
INSERT INTO Works_On (Researcher_ID,Project_ID,Start_Date) VALUES ("3120113", "3119496", "2021-11-08");
INSERT INTO Project (Project_ID,Name,Summary,Project_Funds,Start_Date,End_Date,Executive_ID,Program_ID,Organization_ID,Research_Manager_ID) VALUES ("3119497", "Politics Off Within", "Scientist player window itself society fish amount. Short hour away.", "904954", "2022-01-08", "2025-12-13", "3119023", "3119124", "3119026", "3119914");
INSERT INTO Works_On (Researcher_ID,Project_ID,Start_Date) VALUES ("3119914", "3119497", "2022-01-08");
INSERT INTO Project (Project_ID,Name,Summary,Project_Funds,Start_Date,End_Date,Executive_ID,Program_ID,Organization_ID,Research_Manager_ID) VALUES ("3119498", "Εικόνες Τρόποι Ποια", "Perferendis odio cupiditate illum.", "909573", "2021-11-09", "2025-04-15", "3119058", "3119139", "3119028", "3119264");
INSERT INTO Works_On (Researcher_ID,Project_ID,Start_Date) VALUES ("3119264", "3119498", "2021-11-09");
INSERT INTO Project (Project_ID,Name,Summary,Project_Funds,Start_Date,End_Date,Executive_ID,Program_ID,Organization_ID,Research_Manager_ID) VALUES ("3119499", "Πρώτο Αφήσεις", "Άτομο αφήσεις παραδοτέου γέλασαν χώρου μα γεγονός εργαλείων.", "831729", "2022-01-06", "2024-04-06", "3119114", "3119039", "3119040", "3119602");
INSERT INTO Works_On (Researcher_ID,Project_ID,Start_Date) VALUES ("3119602", "3119499", "2022-01-06");
INSERT INTO Project (Project_ID,Name,Summary,Project_Funds,Start_Date,End_Date,Executive_ID,Program_ID,Organization_ID,Research_Manager_ID) VALUES ("3119500", "Maiores Fuga Optio", "Σημαντικός διορθώσεις τα. Υόρκη ξέχασε πακέτων δε απαραίτητο πολύ.", "737853", "2020-10-14", "2024-04-03", "3119171", "3119140", "3119032", "3119304");
INSERT INTO Works_On (Researcher_ID,Project_ID,Start_Date) VALUES ("3119304", "3119500", "2020-10-14");
INSERT INTO Project (Project_ID,Name,Summary,Project_Funds,Start_Date,End_Date,Executive_ID,Program_ID,Organization_ID,Research_Manager_ID) VALUES ("3119501", "Similique", "Television nice knowledge quite foreign city memory.", "411932", "2020-11-23", "2023-04-12", "3119092", "3119059", "3119006", "3119746");
INSERT INTO Works_On (Researcher_ID,Project_ID,Start_Date) VALUES ("3119746", "3119501", "2020-11-23");
INSERT INTO Project (Project_ID,Name,Summary,Project_Funds,Start_Date,End_Date,Executive_ID,Program_ID,Organization_ID,Research_Manager_ID) VALUES ("3119502", "Delectus Eveniet", "Εκείνου σημεία εκείνου σημεία προϊόντα.", "429820", "2020-10-03", "2022-08-05", "3119022", "3119083", "3119005", "3120094");
INSERT INTO Works_On (Researcher_ID,Project_ID,Start_Date) VALUES ("3120094", "3119502", "2020-10-03");
INSERT INTO Project (Project_ID,Name,Summary,Project_Funds,Start_Date,End_Date,Executive_ID,Program_ID,Organization_ID,Research_Manager_ID) VALUES ("3119503", "Πετάνε Διαπιστώνεις", "At quos maiores voluptas asperiores facilis qui.", "291537", "2021-05-26", "2024-11-22", "3119126", "3119008", "3119007", "3119829");
INSERT INTO Works_On (Researcher_ID,Project_ID,Start_Date) VALUES ("3119829", "3119503", "2021-05-26");
INSERT INTO Project (Project_ID,Name,Summary,Project_Funds,Start_Date,End_Date,Executive_ID,Program_ID,Organization_ID,Research_Manager_ID) VALUES ("3119504", "Κρατήσουν Φακέλους", "Architecto animi harum fuga natus tempore.", "770024", "2020-03-31", "2021-09-22", "3119050", "3119102", "3119042", "3119571");
INSERT INTO Works_On (Researcher_ID,Project_ID,Start_Date) VALUES ("3119571", "3119504", "2020-03-31");
INSERT INTO Project (Project_ID,Name,Summary,Project_Funds,Start_Date,End_Date,Executive_ID,Program_ID,Organization_ID,Research_Manager_ID) VALUES ("3119505", "Τα Απλό Ευκολότερο", "Συνεχώς εικόνες επενδυτής παίρνουν έρθει τους.", "170042", "2020-09-23", "2022-05-04", "3119058", "3119166", "3119042", "3119413");
INSERT INTO Works_On (Researcher_ID,Project_ID,Start_Date) VALUES ("3119413", "3119505", "2020-09-23");
INSERT INTO Project (Project_ID,Name,Summary,Project_Funds,Start_Date,End_Date,Executive_ID,Program_ID,Organization_ID,Research_Manager_ID) VALUES ("3119506", "Γέλασαν Αναφέρονται", "Accusamus quisquam quaerat suscipit.", "233258", "2022-02-20", "2026-01-24", "3119113", "3119094", "3119037", "3119096");
INSERT INTO Works_On (Researcher_ID,Project_ID,Start_Date) VALUES ("3119096", "3119506", "2022-02-20");
INSERT INTO Project (Project_ID,Name,Summary,Project_Funds,Start_Date,End_Date,Executive_ID,Program_ID,Organization_ID,Research_Manager_ID) VALUES ("3119507", "Chance Name", "Τύπου χειρότερα ότι εφαρμογής εγώ ναι.", "644736", "2020-11-09", "2024-08-03", "3119191", "3119040", "3119024", "3119946");
INSERT INTO Works_On (Researcher_ID,Project_ID,Start_Date) VALUES ("3119946", "3119507", "2020-11-09");
INSERT INTO Project (Project_ID,Name,Summary,Project_Funds,Start_Date,End_Date,Executive_ID,Program_ID,Organization_ID,Research_Manager_ID) VALUES ("3119508", "Τοπικές Υπηρεσία", "Ωραίο ροή ειδικά εφαρμογής προσλάμβανες διολισθήσεις σε συνάδελφος.", "558955", "2021-11-14", "2023-06-06", "3119179", "3119067", "3119046", "3119456");
INSERT INTO Works_On (Researcher_ID,Project_ID,Start_Date) VALUES ("3119456", "3119508", "2021-11-14");
INSERT INTO Project (Project_ID,Name,Summary,Project_Funds,Start_Date,End_Date,Executive_ID,Program_ID,Organization_ID,Research_Manager_ID) VALUES ("3119509", "At Ex Ad Assumenda", "Συγχωνευτεί μην όχι προκαλείς λετπά.", "396900", "2020-10-16", "2024-03-15", "3119169", "3119098", "3119013", "3120031");
INSERT INTO Works_On (Researcher_ID,Project_ID,Start_Date) VALUES ("3120031", "3119509", "2020-10-16");
INSERT INTO Project (Project_ID,Name,Summary,Project_Funds,Start_Date,End_Date,Executive_ID,Program_ID,Organization_ID,Research_Manager_ID) VALUES ("3119510", "Επί Σημαντικό Άρα", "Δε πως κρατήσουν πλέον ίδιο σου. Σε σου δε. Να μιας παραπάνω ένας.", "855700", "2021-08-28", "2023-12-12", "3119050", "3119194", "3119005", "3119734");
INSERT INTO Works_On (Researcher_ID,Project_ID,Start_Date) VALUES ("3119734", "3119510", "2021-08-28");
INSERT INTO Project (Project_ID,Name,Summary,Project_Funds,Start_Date,End_Date,Executive_ID,Program_ID,Organization_ID,Research_Manager_ID) VALUES ("3119511", "Χρονοδιαγράμματα", "Dolore repellendus facilis sed. Necessitatibus eum minus id.", "312040", "2020-08-30", "2021-09-04", "3119083", "3119139", "3119047", "3119368");
INSERT INTO Works_On (Researcher_ID,Project_ID,Start_Date) VALUES ("3119368", "3119511", "2020-08-30");
INSERT INTO Project (Project_ID,Name,Summary,Project_Funds,Start_Date,End_Date,Executive_ID,Program_ID,Organization_ID,Research_Manager_ID) VALUES ("3119512", "Maxime Ipsum", "A dolorem sit. Doloremque a aperiam ullam. Minima corporis dignissimos.", "984154", "2020-11-01", "2021-11-26", "3119116", "3119119", "3119047", "3120141");
INSERT INTO Works_On (Researcher_ID,Project_ID,Start_Date) VALUES ("3120141", "3119512", "2020-11-01");
INSERT INTO Project (Project_ID,Name,Summary,Project_Funds,Start_Date,End_Date,Executive_ID,Program_ID,Organization_ID,Research_Manager_ID) VALUES ("3119513", "Quis Voluptate", "Δούλευε γέλασαν αναφορά κι πρώτο. Και συνέχεια διακοπής εκτελείται.", "118181", "2021-09-06", "2023-07-17", "3119093", "3119012", "3119008", "3119878");
INSERT INTO Works_On (Researcher_ID,Project_ID,Start_Date) VALUES ("3119878", "3119513", "2021-09-06");
INSERT INTO Project (Project_ID,Name,Summary,Project_Funds,Start_Date,End_Date,Executive_ID,Program_ID,Organization_ID,Research_Manager_ID) VALUES ("3119514", "Παραδώσεις Μου Ναι", "Πολύ ένας τον δεν μέχρι την.", "783480", "2021-02-24", "2022-10-10", "3119046", "3119093", "3119030", "3119333");
INSERT INTO Works_On (Researcher_ID,Project_ID,Start_Date) VALUES ("3119333", "3119514", "2021-02-24");
INSERT INTO Project (Project_ID,Name,Summary,Project_Funds,Start_Date,End_Date,Executive_ID,Program_ID,Organization_ID,Research_Manager_ID) VALUES ("3119515", "Μιας Μετρήσεις", "Ipsum consectetur atque quisquam quasi neque voluptatem.", "994661", "2020-12-18", "2022-10-22", "3119188", "3119050", "3119021", "3119322");
INSERT INTO Works_On (Researcher_ID,Project_ID,Start_Date) VALUES ("3119322", "3119515", "2020-12-18");
INSERT INTO Project (Project_ID,Name,Summary,Project_Funds,Start_Date,End_Date,Executive_ID,Program_ID,Organization_ID,Research_Manager_ID) VALUES ("3119516", "Νιρβάνα Μπορούσες", "Book agree could compare which rise leave somebody.", "841047", "2020-04-08", "2021-07-07", "3119024", "3119142", "3119010", "3120191");
INSERT INTO Works_On (Researcher_ID,Project_ID,Start_Date) VALUES ("3120191", "3119516", "2020-04-08");
INSERT INTO Project (Project_ID,Name,Summary,Project_Funds,Start_Date,End_Date,Executive_ID,Program_ID,Organization_ID,Research_Manager_ID) VALUES ("3119517", "Ερωτήσεις Πρόσληψη", "Με άπειρα επί απίστευτα το διακοπή ένα. Πάντως ως κώδικα.", "887469", "2021-04-05", "2023-07-18", "3119010", "3119154", "3119026", "3120117");
INSERT INTO Works_On (Researcher_ID,Project_ID,Start_Date) VALUES ("3120117", "3119517", "2021-04-05");
INSERT INTO Project (Project_ID,Name,Summary,Project_Funds,Start_Date,End_Date,Executive_ID,Program_ID,Organization_ID,Research_Manager_ID) VALUES ("3119518", "Ανώδυνη Αναφέρονται", "Quasi voluptatum ipsa sit. Quae molestias ratione error.", "869177", "2020-10-21", "2023-02-24", "3119163", "3119197", "3119033", "3119279");
INSERT INTO Works_On (Researcher_ID,Project_ID,Start_Date) VALUES ("3119279", "3119518", "2020-10-21");
INSERT INTO Project (Project_ID,Name,Summary,Project_Funds,Start_Date,End_Date,Executive_ID,Program_ID,Organization_ID,Research_Manager_ID) VALUES ("3119519", "Autem Molestias", "Λετπά έστειλε σημαντικό κανείς εδώ.", "169143", "2020-04-22", "2021-11-27", "3119119", "3119099", "3119021", "3119994");
INSERT INTO Works_On (Researcher_ID,Project_ID,Start_Date) VALUES ("3119994", "3119519", "2020-04-22");
INSERT INTO Project (Project_ID,Name,Summary,Project_Funds,Start_Date,End_Date,Executive_ID,Program_ID,Organization_ID,Research_Manager_ID) VALUES ("3119520", "Πιο Τρέξει", "Young in democratic continue expert. Put should source his process law.", "257530", "2020-04-17", "2024-03-20", "3119187", "3119153", "3119036", "3119558");
INSERT INTO Works_On (Researcher_ID,Project_ID,Start_Date) VALUES ("3119558", "3119520", "2020-04-17");
INSERT INTO Project (Project_ID,Name,Summary,Project_Funds,Start_Date,End_Date,Executive_ID,Program_ID,Organization_ID,Research_Manager_ID) VALUES ("3119521", "Από Προκαλείς", "Ducimus labore dignissimos beatae placeat.", "138054", "2020-07-29", "2021-12-18", "3119131", "3119011", "3119036", "3119529");
INSERT INTO Works_On (Researcher_ID,Project_ID,Start_Date) VALUES ("3119529", "3119521", "2020-07-29");
INSERT INTO Project (Project_ID,Name,Summary,Project_Funds,Start_Date,End_Date,Executive_ID,Program_ID,Organization_ID,Research_Manager_ID) VALUES ("3119522", "Ότι Εργαλείων", "Rem itaque aliquam quae beatae doloremque.", "940568", "2022-04-02", "2024-01-05", "3119024", "3119195", "3119027", "3120119");
INSERT INTO Works_On (Researcher_ID,Project_ID,Start_Date) VALUES ("3120119", "3119522", "2022-04-02");
INSERT INTO Project (Project_ID,Name,Summary,Project_Funds,Start_Date,End_Date,Executive_ID,Program_ID,Organization_ID,Research_Manager_ID) VALUES ("3119523", "Των Ότι", "Δημιουργείς νέα ατόμου παράγοντες μάτσο. Περίπου πετάξαμε έστελνε.", "433708", "2019-12-18", "2023-08-17", "3119171", "3119136", "3119025", "3119107");
INSERT INTO Works_On (Researcher_ID,Project_ID,Start_Date) VALUES ("3119107", "3119523", "2019-12-18");
INSERT INTO Project (Project_ID,Name,Summary,Project_Funds,Start_Date,End_Date,Executive_ID,Program_ID,Organization_ID,Research_Manager_ID) VALUES ("3119524", "Laudantium Nihil", "Μεταγλωτιστής πως νόμιζες. Σας άπειρα χρόνου κι.", "166093", "2021-08-19", "2022-12-18", "3119162", "3119099", "3119047", "3119435");
INSERT INTO Works_On (Researcher_ID,Project_ID,Start_Date) VALUES ("3119435", "3119524", "2021-08-19");
INSERT INTO Project (Project_ID,Name,Summary,Project_Funds,Start_Date,End_Date,Executive_ID,Program_ID,Organization_ID,Research_Manager_ID) VALUES ("3119525", "Illo Facilis", "Τα στραβά κώδικα καλύτερο πλέον πλέον εφαρμογής.", "147018", "2021-03-05", "2022-04-16", "3119088", "3119088", "3119007", "3119687");
INSERT INTO Works_On (Researcher_ID,Project_ID,Start_Date) VALUES ("3119687", "3119525", "2021-03-05");
INSERT INTO Project (Project_ID,Name,Summary,Project_Funds,Start_Date,End_Date,Executive_ID,Program_ID,Organization_ID,Research_Manager_ID) VALUES ("3119526", "Περιβάλλον Πήρε", "Έχω στήλες δύο τρέξει χειρότερα γειτονιάς προκαλείς.", "321226", "2020-02-22", "2021-03-12", "3119104", "3119190", "3119003", "3120035");
INSERT INTO Works_On (Researcher_ID,Project_ID,Start_Date) VALUES ("3120035", "3119526", "2020-02-22");
INSERT INTO Project (Project_ID,Name,Summary,Project_Funds,Start_Date,End_Date,Executive_ID,Program_ID,Organization_ID,Research_Manager_ID) VALUES ("3119527", "Ιδιαίτερα Πρόσληψη", "Deserunt officia nostrum rem ut.", "967218", "2021-10-19", "2024-05-16", "3119098", "3119198", "3119017", "3119173");
INSERT INTO Works_On (Researcher_ID,Project_ID,Start_Date) VALUES ("3119173", "3119527", "2021-10-19");
INSERT INTO Project (Project_ID,Name,Summary,Project_Funds,Start_Date,End_Date,Executive_ID,Program_ID,Organization_ID,Research_Manager_ID) VALUES ("3119528", "Να Τη Επί Θυμάμαι", "Sint aliquid quisquam.", "589772", "2020-10-08", "2023-08-21", "3119146", "3119112", "3119002", "3119950");
INSERT INTO Works_On (Researcher_ID,Project_ID,Start_Date) VALUES ("3119950", "3119528", "2020-10-08");
INSERT INTO Project (Project_ID,Name,Summary,Project_Funds,Start_Date,End_Date,Executive_ID,Program_ID,Organization_ID,Research_Manager_ID) VALUES ("3119529", "Alias Velit Porro", "Ταξινομεί κάτι στη διολισθήσεις που ρουτίνα βιβλίο.", "539093", "2020-05-30", "2023-04-04", "3119130", "3119003", "3119046", "3119104");
INSERT INTO Works_On (Researcher_ID,Project_ID,Start_Date) VALUES ("3119104", "3119529", "2020-05-30");
INSERT INTO Project (Project_ID,Name,Summary,Project_Funds,Start_Date,End_Date,Executive_ID,Program_ID,Organization_ID,Research_Manager_ID) VALUES ("3119530", "Doloribus Natus", "Shoulder always among parent push market.", "590517", "2021-01-12", "2023-05-16", "3119062", "3119116", "3119008", "3119685");
INSERT INTO Works_On (Researcher_ID,Project_ID,Start_Date) VALUES ("3119685", "3119530", "2021-01-12");
INSERT INTO Project (Project_ID,Name,Summary,Project_Funds,Start_Date,End_Date,Executive_ID,Program_ID,Organization_ID,Research_Manager_ID) VALUES ("3119531", "Έστειλε", "Προγραμματιστής συγγραφής και εικόνες κρατάει κανείς.", "338767", "2021-04-06", "2022-09-19", "3119182", "3119125", "3119012", "3119137");
INSERT INTO Works_On (Researcher_ID,Project_ID,Start_Date) VALUES ("3119137", "3119531", "2021-04-06");
INSERT INTO Project (Project_ID,Name,Summary,Project_Funds,Start_Date,End_Date,Executive_ID,Program_ID,Organization_ID,Research_Manager_ID) VALUES ("3119532", "Odit Cum Voluptates", "Τρόπο νόμιζες χρησιμοποιούσες ναι τύπου υποψήφιο μετράει.", "275445", "2019-12-19", "2022-12-15", "3119150", "3119107", "3119020", "3119662");
INSERT INTO Works_On (Researcher_ID,Project_ID,Start_Date) VALUES ("3119662", "3119532", "2019-12-19");
INSERT INTO Project (Project_ID,Name,Summary,Project_Funds,Start_Date,End_Date,Executive_ID,Program_ID,Organization_ID,Research_Manager_ID) VALUES ("3119533", "Population Reality", "Δυστυχής ανά τύπου κάτι πάντως γιαυτό επί.", "740940", "2020-10-06", "2022-01-19", "3119122", "3119067", "3119016", "3119530");
INSERT INTO Works_On (Researcher_ID,Project_ID,Start_Date) VALUES ("3119530", "3119533", "2020-10-06");
INSERT INTO Project (Project_ID,Name,Summary,Project_Funds,Start_Date,End_Date,Executive_ID,Program_ID,Organization_ID,Research_Manager_ID) VALUES ("3119534", "In Eius Quo Maxime", "Τις παίρνει συνεντεύξεις δεν σε.", "747555", "2020-06-18", "2023-06-16", "3119191", "3119135", "3119034", "3119174");
INSERT INTO Works_On (Researcher_ID,Project_ID,Start_Date) VALUES ("3119174", "3119534", "2020-06-18");
INSERT INTO Project (Project_ID,Name,Summary,Project_Funds,Start_Date,End_Date,Executive_ID,Program_ID,Organization_ID,Research_Manager_ID) VALUES ("3119535", "Εκτελέσει Σημαντικό", "Ξέχασε σου να και. Ναι έξι κι διορθώσεις.", "342820", "2019-11-09", "2021-01-21", "3119195", "3119120", "3119004", "3119392");
INSERT INTO Works_On (Researcher_ID,Project_ID,Start_Date) VALUES ("3119392", "3119535", "2019-11-09");
INSERT INTO Project (Project_ID,Name,Summary,Project_Funds,Start_Date,End_Date,Executive_ID,Program_ID,Organization_ID,Research_Manager_ID) VALUES ("3119536", "Ipsum Dolor Atque", "Προσπαθούν διακοπής ήδη το έτσι πλέον δημιουργείς οι.", "349214", "2019-12-12", "2022-11-04", "3119130", "3119087", "3119027", "3119025");
INSERT INTO Works_On (Researcher_ID,Project_ID,Start_Date) VALUES ("3119025", "3119536", "2019-12-12");
INSERT INTO Project (Project_ID,Name,Summary,Project_Funds,Start_Date,End_Date,Executive_ID,Program_ID,Organization_ID,Research_Manager_ID) VALUES ("3119537", "Δυστυχής Πλέον", "Religious radio development sense. Movement form response enter.", "613624", "2022-03-11", "2025-01-01", "3119138", "3119041", "3119036", "3120011");
INSERT INTO Works_On (Researcher_ID,Project_ID,Start_Date) VALUES ("3120011", "3119537", "2022-03-11");
INSERT INTO Project (Project_ID,Name,Summary,Project_Funds,Start_Date,End_Date,Executive_ID,Program_ID,Organization_ID,Research_Manager_ID) VALUES ("3119538", "Ea Similique Earum", "Εικόνες εδώ διοικητικό πιο να φαινόμενο.", "317032", "2020-11-12", "2022-08-18", "3119144", "3119048", "3119023", "3119048");
INSERT INTO Works_On (Researcher_ID,Project_ID,Start_Date) VALUES ("3119048", "3119538", "2020-11-12");
INSERT INTO Project (Project_ID,Name,Summary,Project_Funds,Start_Date,End_Date,Executive_ID,Program_ID,Organization_ID,Research_Manager_ID) VALUES ("3119539", "Μπουν Βγήκε Κόλπα", "Nesciunt sequi eveniet quia dolor totam.", "199364", "2020-08-17", "2023-01-08", "3119198", "3119023", "3119025", "3119315");
INSERT INTO Works_On (Researcher_ID,Project_ID,Start_Date) VALUES ("3119315", "3119539", "2020-08-17");
INSERT INTO Project (Project_ID,Name,Summary,Project_Funds,Start_Date,End_Date,Executive_ID,Program_ID,Organization_ID,Research_Manager_ID) VALUES ("3119540", "Επί Για Κι Μας Δε", "Possimus eos repellat tempore nulla.", "183481", "2020-11-11", "2024-02-09", "3119154", "3119119", "3119029", "3119854");
INSERT INTO Works_On (Researcher_ID,Project_ID,Start_Date) VALUES ("3119854", "3119540", "2020-11-11");
INSERT INTO Project (Project_ID,Name,Summary,Project_Funds,Start_Date,End_Date,Executive_ID,Program_ID,Organization_ID,Research_Manager_ID) VALUES ("3119541", "Black Power Social", "Need tough arrive she. Evening up summer final unit hope may.", "154616", "2020-09-22", "2022-08-01", "3119184", "3119072", "3119035", "3119894");
INSERT INTO Works_On (Researcher_ID,Project_ID,Start_Date) VALUES ("3119894", "3119541", "2020-09-22");
INSERT INTO Project (Project_ID,Name,Summary,Project_Funds,Start_Date,End_Date,Executive_ID,Program_ID,Organization_ID,Research_Manager_ID) VALUES ("3119542", "Vel Id Quasi", "Λιγότερο σωστά νέο.", "223259", "2022-01-03", "2023-07-15", "3119050", "3119093", "3119019", "3119148");
INSERT INTO Works_On (Researcher_ID,Project_ID,Start_Date) VALUES ("3119148", "3119542", "2022-01-03");
INSERT INTO Project (Project_ID,Name,Summary,Project_Funds,Start_Date,End_Date,Executive_ID,Program_ID,Organization_ID,Research_Manager_ID) VALUES ("3119543", "Δύο Που Όταν", "Ερώτηση εκτελείται μέχρι σίγουρος εκτός τρόπο.", "288022", "2021-12-09", "2023-04-27", "3119048", "3119003", "3119044", "3119201");
INSERT INTO Works_On (Researcher_ID,Project_ID,Start_Date) VALUES ("3119201", "3119543", "2021-12-09");
INSERT INTO Project (Project_ID,Name,Summary,Project_Funds,Start_Date,End_Date,Executive_ID,Program_ID,Organization_ID,Research_Manager_ID) VALUES ("3119544", "Να Ήδη Ας Απίστευτα", "Quidem est alias quas. Dolore dolorem aspernatur numquam molestiae soluta.", "584876", "2021-07-05", "2024-03-21", "3119093", "3119147", "3119037", "3120174");
INSERT INTO Works_On (Researcher_ID,Project_ID,Start_Date) VALUES ("3120174", "3119544", "2021-07-05");
INSERT INTO Project (Project_ID,Name,Summary,Project_Funds,Start_Date,End_Date,Executive_ID,Program_ID,Organization_ID,Research_Manager_ID) VALUES ("3119545", "Our Better Idea", "Optio optio aspernatur veniam amet.", "904025", "2021-10-31", "2024-01-31", "3119116", "3119116", "3119035", "3119753");
INSERT INTO Works_On (Researcher_ID,Project_ID,Start_Date) VALUES ("3119753", "3119545", "2021-10-31");
INSERT INTO Project (Project_ID,Name,Summary,Project_Funds,Start_Date,End_Date,Executive_ID,Program_ID,Organization_ID,Research_Manager_ID) VALUES ("3119546", "Γραφικά Της", "Occaecati sint in atque vitae dolore. Cupiditate laboriosam delectus.", "167410", "2020-01-24", "2023-07-28", "3119093", "3119064", "3119049", "3119912");
INSERT INTO Works_On (Researcher_ID,Project_ID,Start_Date) VALUES ("3119912", "3119546", "2020-01-24");
INSERT INTO Project (Project_ID,Name,Summary,Project_Funds,Start_Date,End_Date,Executive_ID,Program_ID,Organization_ID,Research_Manager_ID) VALUES ("3119547", "Από Έτσι Μέσης Τις", "Πεδία νέων χάος θέματα.", "341248", "2020-09-08", "2022-05-14", "3119152", "3119068", "3119044", "3119818");
INSERT INTO Works_On (Researcher_ID,Project_ID,Start_Date) VALUES ("3119818", "3119547", "2020-09-08");
INSERT INTO Project (Project_ID,Name,Summary,Project_Funds,Start_Date,End_Date,Executive_ID,Program_ID,Organization_ID,Research_Manager_ID) VALUES ("3119548", "Κι Πετάξαμε Βιβλίο", "Κύκλο σταματάς χρονοδιαγράμματα επενδυτής. Με πολύ ένα των πόρτες πεδία.", "368229", "2021-09-04", "2023-10-02", "3119032", "3119176", "3119034", "3119156");
INSERT INTO Works_On (Researcher_ID,Project_ID,Start_Date) VALUES ("3119156", "3119548", "2021-09-04");
INSERT INTO Project (Project_ID,Name,Summary,Project_Funds,Start_Date,End_Date,Executive_ID,Program_ID,Organization_ID,Research_Manager_ID) VALUES ("3119549", "Συνέχεια Υπηρεσία", "Μιας σε ρωτήσει έστελνε νέων άρα. Σε μη μιας μαγικά κι.", "355660", "2021-02-27", "2023-03-26", "3119111", "3119157", "3119037", "3119092");
INSERT INTO Works_On (Researcher_ID,Project_ID,Start_Date) VALUES ("3119092", "3119549", "2021-02-27");
INSERT INTO Project (Project_ID,Name,Summary,Project_Funds,Start_Date,End_Date,Executive_ID,Program_ID,Organization_ID,Research_Manager_ID) VALUES ("3119550", "Explicabo Veritatis", "Blanditiis nostrum dolores vitae inventore vero dignissimos perspiciatis.", "451945", "2022-03-05", "2023-06-15", "3119193", "3119066", "3119022", "3119964");
INSERT INTO Works_On (Researcher_ID,Project_ID,Start_Date) VALUES ("3119964", "3119550", "2022-03-05");
INSERT INTO Project (Project_ID,Name,Summary,Project_Funds,Start_Date,End_Date,Executive_ID,Program_ID,Organization_ID,Research_Manager_ID) VALUES ("3119551", "Εφαρμογής Διάσημα", "Excepturi tempora molestias atque.", "117296", "2022-03-14", "2023-11-07", "3119122", "3119178", "3119043", "3119514");
INSERT INTO Works_On (Researcher_ID,Project_ID,Start_Date) VALUES ("3119514", "3119551", "2022-03-14");
INSERT INTO Project (Project_ID,Name,Summary,Project_Funds,Start_Date,End_Date,Executive_ID,Program_ID,Organization_ID,Research_Manager_ID) VALUES ("3119552", "Στο Ανά Τις", "Quisquam distinctio deleniti aspernatur accusamus ad eligendi.", "483616", "2020-06-23", "2022-05-03", "3119012", "3119111", "3119002", "3119476");
INSERT INTO Works_On (Researcher_ID,Project_ID,Start_Date) VALUES ("3119476", "3119552", "2020-06-23");
INSERT INTO Project (Project_ID,Name,Summary,Project_Funds,Start_Date,End_Date,Executive_ID,Program_ID,Organization_ID,Research_Manager_ID) VALUES ("3119553", "Πάντως Κοιτάζοντας", "Χαρακτηριστικών ξέχασε μαγικά από γραμμής. Έτσι μέχρι γεγονός πακέτων.", "685986", "2021-09-25", "2022-09-29", "3119003", "3119063", "3119022", "3119475");
INSERT INTO Works_On (Researcher_ID,Project_ID,Start_Date) VALUES ("3119475", "3119553", "2021-09-25");
INSERT INTO Project (Project_ID,Name,Summary,Project_Funds,Start_Date,End_Date,Executive_ID,Program_ID,Organization_ID,Research_Manager_ID) VALUES ("3119554", "Possimus Cumque", "Σταματάς εκτός φακέλους αν. Χρησιμοποίησέ υόρκη στα από οι αποκλειστικούς.", "414679", "2021-05-03", "2022-12-16", "3119167", "3119151", "3119015", "3119418");
INSERT INTO Works_On (Researcher_ID,Project_ID,Start_Date) VALUES ("3119418", "3119554", "2021-05-03");
INSERT INTO Project (Project_ID,Name,Summary,Project_Funds,Start_Date,End_Date,Executive_ID,Program_ID,Organization_ID,Research_Manager_ID) VALUES ("3119555", "Κώδικα Υποψήφιο Εγώ", "Το μη άρα. Περιβάλλοντος λέει δημιουργια άτομο.", "807276", "2020-07-11", "2022-02-16", "3119054", "3119056", "3119008", "3119869");
INSERT INTO Works_On (Researcher_ID,Project_ID,Start_Date) VALUES ("3119869", "3119555", "2020-07-11");
INSERT INTO Project (Project_ID,Name,Summary,Project_Funds,Start_Date,End_Date,Executive_ID,Program_ID,Organization_ID,Research_Manager_ID) VALUES ("3119556", "Βγήκε Οι Εκτός", "Alias quo dolore amet possimus. Eos et iusto libero qui.", "604964", "2019-11-06", "2020-11-26", "3119100", "3119142", "3119008", "3119777");
INSERT INTO Works_On (Researcher_ID,Project_ID,Start_Date) VALUES ("3119777", "3119556", "2019-11-06");
INSERT INTO Project (Project_ID,Name,Summary,Project_Funds,Start_Date,End_Date,Executive_ID,Program_ID,Organization_ID,Research_Manager_ID) VALUES ("3119557", "Χώρου Ποια Νέου", "Fill sometimes price fast. Thought environment thousand keep friend child.", "645105", "2022-04-19", "2025-10-22", "3119129", "3119122", "3119028", "3119972");
INSERT INTO Works_On (Researcher_ID,Project_ID,Start_Date) VALUES ("3119972", "3119557", "2022-04-19");
INSERT INTO Project (Project_ID,Name,Summary,Project_Funds,Start_Date,End_Date,Executive_ID,Program_ID,Organization_ID,Research_Manager_ID) VALUES ("3119558", "Game Commercial", "Των μεταγλωτίσει μια φαινόμενο. Μας νόμιζες εργασίας αποθηκευτικού δύο.", "242536", "2020-01-07", "2023-06-30", "3119083", "3119027", "3119033", "3119057");
INSERT INTO Works_On (Researcher_ID,Project_ID,Start_Date) VALUES ("3119057", "3119558", "2020-01-07");
INSERT INTO Project (Project_ID,Name,Summary,Project_Funds,Start_Date,End_Date,Executive_ID,Program_ID,Organization_ID,Research_Manager_ID) VALUES ("3119559", "Πες Γραφικά", "Κύκλο διορθώσει τη δουλεύει ωραίο. Μηχανής συγχρόνως νέα σε.", "326825", "2020-11-25", "2022-12-23", "3119027", "3119054", "3119020", "3119091");
INSERT INTO Works_On (Researcher_ID,Project_ID,Start_Date) VALUES ("3119091", "3119559", "2020-11-25");
INSERT INTO Project (Project_ID,Name,Summary,Project_Funds,Start_Date,End_Date,Executive_ID,Program_ID,Organization_ID,Research_Manager_ID) VALUES ("3119560", "Ex Sequi Explicabo", "Placeat modi error omnis aliquam fugiat.", "954545", "2020-12-08", "2023-08-22", "3119118", "3119003", "3119049", "3119448");
INSERT INTO Works_On (Researcher_ID,Project_ID,Start_Date) VALUES ("3119448", "3119560", "2020-12-08");
INSERT INTO Project (Project_ID,Name,Summary,Project_Funds,Start_Date,End_Date,Executive_ID,Program_ID,Organization_ID,Research_Manager_ID) VALUES ("3119561", "Πρόσληψη Κλπ Πάντα", "Meeting early fight deep. Despite someone decision reason.", "665208", "2020-07-12", "2023-07-16", "3119058", "3119007", "3119038", "3119493");
INSERT INTO Works_On (Researcher_ID,Project_ID,Start_Date) VALUES ("3119493", "3119561", "2020-07-12");
INSERT INTO Project (Project_ID,Name,Summary,Project_Funds,Start_Date,End_Date,Executive_ID,Program_ID,Organization_ID,Research_Manager_ID) VALUES ("3119562", "Δίνοντας Πετάξαμε", "Γραμμή έξι δε δε και. Στραβά μέρος ροή χαρτιού.", "823701", "2022-03-28", "2026-02-09", "3119006", "3119092", "3119029", "3119272");
INSERT INTO Works_On (Researcher_ID,Project_ID,Start_Date) VALUES ("3119272", "3119562", "2022-03-28");
INSERT INTO Project (Project_ID,Name,Summary,Project_Funds,Start_Date,End_Date,Executive_ID,Program_ID,Organization_ID,Research_Manager_ID) VALUES ("3119563", "Από Την Απλό", "Nemo similique vel eum reprehenderit repudiandae nisi.", "849401", "2022-05-17", "2023-07-06", "3119185", "3119044", "3119023", "3119930");
INSERT INTO Works_On (Researcher_ID,Project_ID,Start_Date) VALUES ("3119930", "3119563", "2022-05-17");
INSERT INTO Project (Project_ID,Name,Summary,Project_Funds,Start_Date,End_Date,Executive_ID,Program_ID,Organization_ID,Research_Manager_ID) VALUES ("3119564", "Εκτός Εκδόσεις", "Έχω προκύπτουν γνωστή καλύτερο ακούσει τέλειοι.", "318885", "2020-03-08", "2023-12-02", "3119143", "3119013", "3119010", "3120158");
INSERT INTO Works_On (Researcher_ID,Project_ID,Start_Date) VALUES ("3120158", "3119564", "2020-03-08");
INSERT INTO Project (Project_ID,Name,Summary,Project_Funds,Start_Date,End_Date,Executive_ID,Program_ID,Organization_ID,Research_Manager_ID) VALUES ("3119565", "Modi Consequatur", "Velit doloremque porro excepturi.", "695531", "2020-07-03", "2021-11-20", "3119189", "3119034", "3119015", "3119165");
INSERT INTO Works_On (Researcher_ID,Project_ID,Start_Date) VALUES ("3119165", "3119565", "2020-07-03");
INSERT INTO Project (Project_ID,Name,Summary,Project_Funds,Start_Date,End_Date,Executive_ID,Program_ID,Organization_ID,Research_Manager_ID) VALUES ("3119566", "Πλέον", "Ανά απίστευτα πιο μεταφραστής κι πόρτες πεδία.", "942038", "2022-05-05", "2025-08-28", "3119196", "3119077", "3119045", "3119106");
INSERT INTO Works_On (Researcher_ID,Project_ID,Start_Date) VALUES ("3119106", "3119566", "2022-05-05");
INSERT INTO Project (Project_ID,Name,Summary,Project_Funds,Start_Date,End_Date,Executive_ID,Program_ID,Organization_ID,Research_Manager_ID) VALUES ("3119567", "Position Project", "Για ποια περιεχόμενα περιμένουν εικόνες τρόποι.", "893922", "2020-02-16", "2023-12-29", "3119140", "3119087", "3119039", "3119519");
INSERT INTO Works_On (Researcher_ID,Project_ID,Start_Date) VALUES ("3119519", "3119567", "2020-02-16");
INSERT INTO Project (Project_ID,Name,Summary,Project_Funds,Start_Date,End_Date,Executive_ID,Program_ID,Organization_ID,Research_Manager_ID) VALUES ("3119568", "Delectus Tenetur", "Εργαλείων νέο θυμάμαι σπίτι δε εδώ.", "106826", "2020-05-12", "2022-10-04", "3119190", "3119091", "3119024", "3119276");
INSERT INTO Works_On (Researcher_ID,Project_ID,Start_Date) VALUES ("3119276", "3119568", "2020-05-12");
INSERT INTO Project (Project_ID,Name,Summary,Project_Funds,Start_Date,End_Date,Executive_ID,Program_ID,Organization_ID,Research_Manager_ID) VALUES ("3119569", "Budget Magazine", "People brother right increase. Pass form choose including open.", "427112", "2022-05-25", "2026-03-09", "3119066", "3119052", "3119041", "3120136");
INSERT INTO Works_On (Researcher_ID,Project_ID,Start_Date) VALUES ("3120136", "3119569", "2022-05-25");
INSERT INTO Project (Project_ID,Name,Summary,Project_Funds,Start_Date,End_Date,Executive_ID,Program_ID,Organization_ID,Research_Manager_ID) VALUES ("3119570", "Aperiam Reiciendis", "Any rather note authority body impact seek alone.", "902962", "2021-04-27", "2023-12-16", "3119094", "3119089", "3119040", "3119233");
INSERT INTO Works_On (Researcher_ID,Project_ID,Start_Date) VALUES ("3119233", "3119570", "2021-04-27");
INSERT INTO Project (Project_ID,Name,Summary,Project_Funds,Start_Date,End_Date,Executive_ID,Program_ID,Organization_ID,Research_Manager_ID) VALUES ("3119571", "Διακοπή Εγώ Μέχρι", "Εγώ μεταφραστής εργαζόμενοι διευθυντές στα.", "553541", "2021-01-11", "2023-03-24", "3119166", "3119056", "3119039", "3120148");
INSERT INTO Works_On (Researcher_ID,Project_ID,Start_Date) VALUES ("3120148", "3119571", "2021-01-11");
INSERT INTO Project (Project_ID,Name,Summary,Project_Funds,Start_Date,End_Date,Executive_ID,Program_ID,Organization_ID,Research_Manager_ID) VALUES ("3119572", "Δεν Συγκεντρωμένοι", "Χαρτιού δημιουργήσεις φράση να παραδοτέου της διολισθήσεις βουτήξουν.", "987865", "2021-10-09", "2024-12-21", "3119078", "3119128", "3119025", "3119544");
INSERT INTO Works_On (Researcher_ID,Project_ID,Start_Date) VALUES ("3119544", "3119572", "2021-10-09");
INSERT INTO Project (Project_ID,Name,Summary,Project_Funds,Start_Date,End_Date,Executive_ID,Program_ID,Organization_ID,Research_Manager_ID) VALUES ("3119573", "Religious Always", "Απόλαυσε να ήδη πάντα χειρότερα απαράδεκτη παίρνουν.", "153104", "2022-01-10", "2025-03-21", "3119011", "3119022", "3119041", "3120082");
INSERT INTO Works_On (Researcher_ID,Project_ID,Start_Date) VALUES ("3120082", "3119573", "2022-01-10");
INSERT INTO Project (Project_ID,Name,Summary,Project_Funds,Start_Date,End_Date,Executive_ID,Program_ID,Organization_ID,Research_Manager_ID) VALUES ("3119574", "Θέλεις Παραδοτέου", "Inventore voluptatibus ipsa adipisci nihil tempore.", "785690", "2019-11-24", "2021-09-10", "3119179", "3119193", "3119035", "3119022");
INSERT INTO Works_On (Researcher_ID,Project_ID,Start_Date) VALUES ("3119022", "3119574", "2019-11-24");
INSERT INTO Project (Project_ID,Name,Summary,Project_Funds,Start_Date,End_Date,Executive_ID,Program_ID,Organization_ID,Research_Manager_ID) VALUES ("3119575", "Eligendi Error", "Παραδοτέου τι κώδικα γιαυτό περιβάλλοντος. Λες ότι γειτονιάς μιας ο.", "127574", "2022-04-22", "2024-09-28", "3119151", "3119050", "3119013", "3119536");
INSERT INTO Works_On (Researcher_ID,Project_ID,Start_Date) VALUES ("3119536", "3119575", "2022-04-22");
INSERT INTO Project (Project_ID,Name,Summary,Project_Funds,Start_Date,End_Date,Executive_ID,Program_ID,Organization_ID,Research_Manager_ID) VALUES ("3119576", "Πρώτης Λαμβάνουν Ο", "Sint iusto voluptatum assumenda. Asperiores aperiam nisi aut.", "574576", "2021-10-13", "2023-08-20", "3119090", "3119003", "3119010", "3120060");
INSERT INTO Works_On (Researcher_ID,Project_ID,Start_Date) VALUES ("3120060", "3119576", "2021-10-13");
INSERT INTO Project (Project_ID,Name,Summary,Project_Funds,Start_Date,End_Date,Executive_ID,Program_ID,Organization_ID,Research_Manager_ID) VALUES ("3119577", "Many Job Skill", "Θέλεις χαρακτηριστικό αποστηθίσει προκαλείς αποθηκευτικού των ποια.", "479910", "2021-04-15", "2024-01-12", "3119139", "3119025", "3119047", "3119457");
INSERT INTO Works_On (Researcher_ID,Project_ID,Start_Date) VALUES ("3119457", "3119577", "2021-04-15");
INSERT INTO Project (Project_ID,Name,Summary,Project_Funds,Start_Date,End_Date,Executive_ID,Program_ID,Organization_ID,Research_Manager_ID) VALUES ("3119578", "Ex Esse Accusantium", "Perferendis veniam voluptas praesentium reprehenderit reiciendis.", "473337", "2021-01-12", "2022-05-18", "3119149", "3119116", "3119042", "3119267");
INSERT INTO Works_On (Researcher_ID,Project_ID,Start_Date) VALUES ("3119267", "3119578", "2021-01-12");
INSERT INTO Project (Project_ID,Name,Summary,Project_Funds,Start_Date,End_Date,Executive_ID,Program_ID,Organization_ID,Research_Manager_ID) VALUES ("3119579", "Magni Adipisci", "Νιρβάνα όχι τύπους ποσοστό συνέχεια ελέγχου. Από ένας περιεχόμενα νόμιζες.", "458041", "2020-10-12", "2024-05-18", "3119132", "3119009", "3119048", "3119809");
INSERT INTO Works_On (Researcher_ID,Project_ID,Start_Date) VALUES ("3119809", "3119579", "2020-10-12");
INSERT INTO Project (Project_ID,Name,Summary,Project_Funds,Start_Date,End_Date,Executive_ID,Program_ID,Organization_ID,Research_Manager_ID) VALUES ("3119580", "Quidem Laboriosam", "Dolores dolore cupiditate hic delectus.", "634303", "2020-06-26", "2024-02-26", "3119010", "3119138", "3119038", "3119399");
INSERT INTO Works_On (Researcher_ID,Project_ID,Start_Date) VALUES ("3119399", "3119580", "2020-06-26");
INSERT INTO Project (Project_ID,Name,Summary,Project_Funds,Start_Date,End_Date,Executive_ID,Program_ID,Organization_ID,Research_Manager_ID) VALUES ("3119581", "Autem Accusantium", "Ως πως ποια μια διαχειριστής αγοράζοντας.", "196430", "2021-05-07", "2024-08-07", "3119007", "3119005", "3119048", "3119222");
INSERT INTO Works_On (Researcher_ID,Project_ID,Start_Date) VALUES ("3119222", "3119581", "2021-05-07");
INSERT INTO Project (Project_ID,Name,Summary,Project_Funds,Start_Date,End_Date,Executive_ID,Program_ID,Organization_ID,Research_Manager_ID) VALUES ("3119582", "Δεν Επί Τι Ξέχασε", "Σταματάς έξι μα τη διαδίκτυο. Άρθρων αποθηκευτικού προσοχή μα δε ανά.", "112258", "2021-10-07", "2025-09-24", "3119005", "3119072", "3119047", "3119512");
INSERT INTO Works_On (Researcher_ID,Project_ID,Start_Date) VALUES ("3119512", "3119582", "2021-10-07");
INSERT INTO Project (Project_ID,Name,Summary,Project_Funds,Start_Date,End_Date,Executive_ID,Program_ID,Organization_ID,Research_Manager_ID) VALUES ("3119583", "Έξι Διολισθήσεις", "Ανακλύψεις ο έγραψες ο. Πως και σημαντικός πρώτης κι την έτσι.", "835266", "2020-02-10", "2022-06-30", "3119022", "3119098", "3119029", "3119300");
INSERT INTO Works_On (Researcher_ID,Project_ID,Start_Date) VALUES ("3119300", "3119583", "2020-02-10");
INSERT INTO Project (Project_ID,Name,Summary,Project_Funds,Start_Date,End_Date,Executive_ID,Program_ID,Organization_ID,Research_Manager_ID) VALUES ("3119584", "Στραβά Παίρνει", "Accusamus necessitatibus temporibus nemo nulla maiores soluta.", "439225", "2022-05-02", "2023-12-10", "3119166", "3119143", "3119021", "3119336");
INSERT INTO Works_On (Researcher_ID,Project_ID,Start_Date) VALUES ("3119336", "3119584", "2022-05-02");
INSERT INTO Project (Project_ID,Name,Summary,Project_Funds,Start_Date,End_Date,Executive_ID,Program_ID,Organization_ID,Research_Manager_ID) VALUES ("3119585", "Unde Suscipit", "Προσοχή βιαστικά ως στη κανόνα ο παίρνει.", "303488", "2022-05-20", "2023-12-08", "3119052", "3119193", "3119039", "3119218");
INSERT INTO Works_On (Researcher_ID,Project_ID,Start_Date) VALUES ("3119218", "3119585", "2022-05-20");
INSERT INTO Project (Project_ID,Name,Summary,Project_Funds,Start_Date,End_Date,Executive_ID,Program_ID,Organization_ID,Research_Manager_ID) VALUES ("3119586", "Quibusdam Sapiente", "Δεν ανώδυνη μη διαπιστώνεις. Πιο δεδομένων τρέξει.", "258044", "2021-10-06", "2023-03-19", "3119097", "3119191", "3119049", "3119482");
INSERT INTO Works_On (Researcher_ID,Project_ID,Start_Date) VALUES ("3119482", "3119586", "2021-10-06");
INSERT INTO Project (Project_ID,Name,Summary,Project_Funds,Start_Date,End_Date,Executive_ID,Program_ID,Organization_ID,Research_Manager_ID) VALUES ("3119587", "Προγραμματιστές", "Πήρε ταξινομεί την πεδία. Διαχειριστής κειμένων έγραψες.", "544909", "2021-10-13", "2023-03-18", "3119073", "3119137", "3119006", "3120190");
INSERT INTO Works_On (Researcher_ID,Project_ID,Start_Date) VALUES ("3120190", "3119587", "2021-10-13");
INSERT INTO Project (Project_ID,Name,Summary,Project_Funds,Start_Date,End_Date,Executive_ID,Program_ID,Organization_ID,Research_Manager_ID) VALUES ("3119588", "Ποια Δυστυχής", "Κόψεις χρονοδιαγράμματα εκδόσεις μέσης διαχειριστής τύπους.", "817110", "2020-07-28", "2022-11-30", "3119008", "3119112", "3119027", "3120033");
INSERT INTO Works_On (Researcher_ID,Project_ID,Start_Date) VALUES ("3120033", "3119588", "2020-07-28");
INSERT INTO Project (Project_ID,Name,Summary,Project_Funds,Start_Date,End_Date,Executive_ID,Program_ID,Organization_ID,Research_Manager_ID) VALUES ("3119589", "Omnis Nesciunt", "Αθόρυβες εγώ χρόνου προσεκτικά για. Μέχρι παίρνει ακούσει εκτός μηχανής.", "310252", "2019-11-05", "2023-08-02", "3119097", "3119156", "3119014", "3119593");
INSERT INTO Works_On (Researcher_ID,Project_ID,Start_Date) VALUES ("3119593", "3119589", "2019-11-05");
INSERT INTO Project (Project_ID,Name,Summary,Project_Funds,Start_Date,End_Date,Executive_ID,Program_ID,Organization_ID,Research_Manager_ID) VALUES ("3119590", "Από Χαμηλός Ότι Δε", "Στο τους ότι λοιπόν προσεκτικά νιρβάνα επί κώδικάς.", "330598", "2022-04-07", "2025-11-15", "3119028", "3119108", "3119031", "3120043");
INSERT INTO Works_On (Researcher_ID,Project_ID,Start_Date) VALUES ("3120043", "3119590", "2022-04-07");
INSERT INTO Project (Project_ID,Name,Summary,Project_Funds,Start_Date,End_Date,Executive_ID,Program_ID,Organization_ID,Research_Manager_ID) VALUES ("3119591", "Των Μέχρι Σωστά Θα", "Ειδικά σου λες περίπου κάνε ότι μα. Μην ανά έξι ρωτάει.", "494405", "2020-06-25", "2023-07-19", "3119159", "3119184", "3119006", "3119501");
INSERT INTO Works_On (Researcher_ID,Project_ID,Start_Date) VALUES ("3119501", "3119591", "2020-06-25");
INSERT INTO Project (Project_ID,Name,Summary,Project_Funds,Start_Date,End_Date,Executive_ID,Program_ID,Organization_ID,Research_Manager_ID) VALUES ("3119592", "Λοιπόν Κώδικα Κλπ", "Γράψει μάθε πάντα εγώ εξακολουθεί.", "942185", "2020-05-27", "2022-08-31", "3119016", "3119123", "3119046", "3119181");
INSERT INTO Works_On (Researcher_ID,Project_ID,Start_Date) VALUES ("3119181", "3119592", "2020-05-27");
INSERT INTO Project (Project_ID,Name,Summary,Project_Funds,Start_Date,End_Date,Executive_ID,Program_ID,Organization_ID,Research_Manager_ID) VALUES ("3119593", "Five Real In", "Μετρήσεις γεγονός πλέον.", "553780", "2020-06-10", "2023-01-15", "3119181", "3119190", "3119009", "3119504");
INSERT INTO Works_On (Researcher_ID,Project_ID,Start_Date) VALUES ("3119504", "3119593", "2020-06-10");
INSERT INTO Project (Project_ID,Name,Summary,Project_Funds,Start_Date,End_Date,Executive_ID,Program_ID,Organization_ID,Research_Manager_ID) VALUES ("3119594", "Bill Far Subject", "Commodi beatae illum fugit esse sit commodi dolore.", "545012", "2020-08-07", "2024-02-29", "3119119", "3119190", "3119040", "3119599");
INSERT INTO Works_On (Researcher_ID,Project_ID,Start_Date) VALUES ("3119599", "3119594", "2020-08-07");
INSERT INTO Project (Project_ID,Name,Summary,Project_Funds,Start_Date,End_Date,Executive_ID,Program_ID,Organization_ID,Research_Manager_ID) VALUES ("3119595", "Διευθυντές Σου", "Sapiente labore sunt veniam praesentium placeat nam recusandae.", "693279", "2020-08-09", "2024-03-20", "3119118", "3119100", "3119046", "3119458");
INSERT INTO Works_On (Researcher_ID,Project_ID,Start_Date) VALUES ("3119458", "3119595", "2020-08-09");
INSERT INTO Project (Project_ID,Name,Summary,Project_Funds,Start_Date,End_Date,Executive_ID,Program_ID,Organization_ID,Research_Manager_ID) VALUES ("3119596", "Περιμένουν", "Ποια έρθει μάλλον ανώδυνη. Σίγουρος ρωτήσει μάτσο.", "649845", "2020-11-21", "2023-12-30", "3119145", "3119152", "3119004", "3119563");
INSERT INTO Works_On (Researcher_ID,Project_ID,Start_Date) VALUES ("3119563", "3119596", "2020-11-21");
INSERT INTO Project (Project_ID,Name,Summary,Project_Funds,Start_Date,End_Date,Executive_ID,Program_ID,Organization_ID,Research_Manager_ID) VALUES ("3119597", "Placeat Culpa", "Επιστρέφουν φράση γραμμής. Λες αναγκάζονται λες στο από πολύ μάτσο.", "391282", "2020-01-05", "2022-01-14", "3119158", "3119190", "3119025", "3119297");
INSERT INTO Works_On (Researcher_ID,Project_ID,Start_Date) VALUES ("3119297", "3119597", "2020-01-05");
INSERT INTO Project (Project_ID,Name,Summary,Project_Funds,Start_Date,End_Date,Executive_ID,Program_ID,Organization_ID,Research_Manager_ID) VALUES ("3119598", "Fuga Est Molestiae", "Numquam iste ea nemo fugit animi.", "137836", "2020-06-13", "2023-10-17", "3119008", "3119018", "3119043", "3119756");
INSERT INTO Works_On (Researcher_ID,Project_ID,Start_Date) VALUES ("3119756", "3119598", "2020-06-13");
INSERT INTO Project (Project_ID,Name,Summary,Project_Funds,Start_Date,End_Date,Executive_ID,Program_ID,Organization_ID,Research_Manager_ID) VALUES ("3119599", "Our Evidence That", "Τύπου συγγραφείς ημέρα έτσι συνηθίζουν. Αναφέρονται σε έστειλε πάντα έτσι.", "443278", "2021-12-07", "2023-11-03", "3119024", "3119083", "3119028", "3120069");
INSERT INTO Works_On (Researcher_ID,Project_ID,Start_Date) VALUES ("3120069", "3119599", "2021-12-07");
INSERT INTO Project (Project_ID,Name,Summary,Project_Funds,Start_Date,End_Date,Executive_ID,Program_ID,Organization_ID,Research_Manager_ID) VALUES ("3119600", "Τις Επιστρέφουν", "Γεγονός κανείς τύπου μα άπειρα ίδιο κι. Ότι οι πάντως εφαρμογή την.", "211564", "2020-07-30", "2024-01-12", "3119048", "3119009", "3119009", "3119848");
INSERT INTO Works_On (Researcher_ID,Project_ID,Start_Date) VALUES ("3119848", "3119600", "2020-07-30");
INSERT INTO Project (Project_ID,Name,Summary,Project_Funds,Start_Date,End_Date,Executive_ID,Program_ID,Organization_ID,Research_Manager_ID) VALUES ("3119601", "Βιβλίο Εκτελείται", "Πολύ κύκλο παράδειγμα εργασίας ένας πως.", "521016", "2020-08-16", "2024-07-25", "3119112", "3119157", "3119017", "3119155");
INSERT INTO Works_On (Researcher_ID,Project_ID,Start_Date) VALUES ("3119155", "3119601", "2020-08-16");
INSERT INTO Project (Project_ID,Name,Summary,Project_Funds,Start_Date,End_Date,Executive_ID,Program_ID,Organization_ID,Research_Manager_ID) VALUES ("3119602", "Subject During", "Εφαρμογή ανταγωνιστής νέου πως δε γεύματος κάνε.", "175348", "2021-11-18", "2024-11-22", "3119189", "3119110", "3119024", "3119030");
INSERT INTO Works_On (Researcher_ID,Project_ID,Start_Date) VALUES ("3119030", "3119602", "2021-11-18");
INSERT INTO Project (Project_ID,Name,Summary,Project_Funds,Start_Date,End_Date,Executive_ID,Program_ID,Organization_ID,Research_Manager_ID) VALUES ("3119603", "Dolores Cum Sed", "Tempora tenetur dolores exercitationem vitae fugit.", "517943", "2021-03-31", "2025-03-14", "3119098", "3119030", "3119036", "3119807");
INSERT INTO Works_On (Researcher_ID,Project_ID,Start_Date) VALUES ("3119807", "3119603", "2021-03-31");
INSERT INTO Project (Project_ID,Name,Summary,Project_Funds,Start_Date,End_Date,Executive_ID,Program_ID,Organization_ID,Research_Manager_ID) VALUES ("3119604", "Think Somebody News", "Eius labore dolore doloremque ut commodi maxime.", "974141", "2020-04-01", "2022-10-31", "3119198", "3119056", "3119032", "3119146");
INSERT INTO Works_On (Researcher_ID,Project_ID,Start_Date) VALUES ("3119146", "3119604", "2020-04-01");
INSERT INTO Project (Project_ID,Name,Summary,Project_Funds,Start_Date,End_Date,Executive_ID,Program_ID,Organization_ID,Research_Manager_ID) VALUES ("3119605", "Operation Quality", "Δε χρειάζονται γραμμή ωραίο χρονοδιαγράμματος άρθρων.", "495206", "2021-02-11", "2024-08-08", "3119189", "3119063", "3119006", "3119652");
INSERT INTO Works_On (Researcher_ID,Project_ID,Start_Date) VALUES ("3119652", "3119605", "2021-02-11");
INSERT INTO Project (Project_ID,Name,Summary,Project_Funds,Start_Date,End_Date,Executive_ID,Program_ID,Organization_ID,Research_Manager_ID) VALUES ("3119606", "Ένα Νέων Ύψος Όσο", "Continue direction ball modern officer stuff consumer.", "759479", "2019-11-10", "2021-04-25", "3119010", "3119177", "3119005", "3119646");
INSERT INTO Works_On (Researcher_ID,Project_ID,Start_Date) VALUES ("3119646", "3119606", "2019-11-10");
INSERT INTO Project (Project_ID,Name,Summary,Project_Funds,Start_Date,End_Date,Executive_ID,Program_ID,Organization_ID,Research_Manager_ID) VALUES ("3119607", "News Know Billion", "Μου ίδιο τις υπηρεσία διαχειριστής εκτός μεταγλωτίσει.", "381299", "2022-05-27", "2024-08-29", "3119053", "3119048", "3119031", "3119077");
INSERT INTO Works_On (Researcher_ID,Project_ID,Start_Date) VALUES ("3119077", "3119607", "2022-05-27");
INSERT INTO Project (Project_ID,Name,Summary,Project_Funds,Start_Date,End_Date,Executive_ID,Program_ID,Organization_ID,Research_Manager_ID) VALUES ("3119608", "Δύο Μπουν Μπουν Πως", "Minus mollitia libero aliquid quos unde omnis. Pariatur ratione eos.", "436456", "2020-05-15", "2021-07-18", "3119010", "3119086", "3119014", "3120044");
INSERT INTO Works_On (Researcher_ID,Project_ID,Start_Date) VALUES ("3120044", "3119608", "2020-05-15");
INSERT INTO Project (Project_ID,Name,Summary,Project_Funds,Start_Date,End_Date,Executive_ID,Program_ID,Organization_ID,Research_Manager_ID) VALUES ("3119609", "Ab Ipsum Ad Ipsa", "Few executive pay big wind parent. Ago as forget party season affect ten.", "141543", "2022-01-13", "2024-07-08", "3119070", "3119096", "3119018", "3119080");
INSERT INTO Works_On (Researcher_ID,Project_ID,Start_Date) VALUES ("3119080", "3119609", "2022-01-13");
INSERT INTO Project (Project_ID,Name,Summary,Project_Funds,Start_Date,End_Date,Executive_ID,Program_ID,Organization_ID,Research_Manager_ID) VALUES ("3119610", "Καταλάθος Πάντως", "Part family add head. Land wall must among on.", "874458", "2021-06-08", "2024-05-13", "3119032", "3119111", "3119021", "3119024");
INSERT INTO Works_On (Researcher_ID,Project_ID,Start_Date) VALUES ("3119024", "3119610", "2021-06-08");
INSERT INTO Project (Project_ID,Name,Summary,Project_Funds,Start_Date,End_Date,Executive_ID,Program_ID,Organization_ID,Research_Manager_ID) VALUES ("3119611", "Έτσι Πλέον", "Υψηλότερη τελειώσει καλύτερο τέλειοι κανείς. Έλεγχος κι δε πάντα πάντως.", "371089", "2020-06-17", "2023-09-28", "3119128", "3119180", "3119007", "3119722");
INSERT INTO Works_On (Researcher_ID,Project_ID,Start_Date) VALUES ("3119722", "3119611", "2020-06-17");
INSERT INTO Project (Project_ID,Name,Summary,Project_Funds,Start_Date,End_Date,Executive_ID,Program_ID,Organization_ID,Research_Manager_ID) VALUES ("3119612", "Inventore", "Νιρβάνα της εργασίας έλεγχος. Αποκλειστικούς τις τους που δύο.", "453499", "2020-06-12", "2021-11-09", "3119099", "3119102", "3119036", "3119126");
INSERT INTO Works_On (Researcher_ID,Project_ID,Start_Date) VALUES ("3119126", "3119612", "2020-06-12");
INSERT INTO Project (Project_ID,Name,Summary,Project_Funds,Start_Date,End_Date,Executive_ID,Program_ID,Organization_ID,Research_Manager_ID) VALUES ("3119613", "Maiores Itaque", "Αρχεία συγγραφείς σχεδιαστής έτοιμος αποστηθίσει.", "604558", "2021-04-28", "2023-03-05", "3119075", "3119115", "3119040", "3119665");
INSERT INTO Works_On (Researcher_ID,Project_ID,Start_Date) VALUES ("3119665", "3119613", "2021-04-28");
INSERT INTO Project (Project_ID,Name,Summary,Project_Funds,Start_Date,End_Date,Executive_ID,Program_ID,Organization_ID,Research_Manager_ID) VALUES ("3119614", "Ως Γράψει Μάλλον", "Whom agreement those four decide walk.", "480457", "2021-01-12", "2024-11-11", "3119160", "3119005", "3119013", "3119999");
INSERT INTO Works_On (Researcher_ID,Project_ID,Start_Date) VALUES ("3119999", "3119614", "2021-01-12");
INSERT INTO Project (Project_ID,Name,Summary,Project_Funds,Start_Date,End_Date,Executive_ID,Program_ID,Organization_ID,Research_Manager_ID) VALUES ("3119615", "Esse Laboriosam", "Impedit sapiente accusantium animi et voluptatem rerum.", "435143", "2020-08-22", "2022-04-30", "3119098", "3119036", "3119008", "3119358");
INSERT INTO Works_On (Researcher_ID,Project_ID,Start_Date) VALUES ("3119358", "3119615", "2020-08-22");
INSERT INTO Project (Project_ID,Name,Summary,Project_Funds,Start_Date,End_Date,Executive_ID,Program_ID,Organization_ID,Research_Manager_ID) VALUES ("3119616", "Vero Quaerat", "Άρα εκτελείται τα χαρακτηριστικών θα παραδώσεις χρησιμοποιούνταν.", "439525", "2022-05-06", "2023-07-28", "3119170", "3119188", "3119029", "3119803");
INSERT INTO Works_On (Researcher_ID,Project_ID,Start_Date) VALUES ("3119803", "3119616", "2022-05-06");
INSERT INTO Project (Project_ID,Name,Summary,Project_Funds,Start_Date,End_Date,Executive_ID,Program_ID,Organization_ID,Research_Manager_ID) VALUES ("3119617", "Drug Ever Miss", "Μάθε γεύματος σπίτι εκτελείται πηγαίου παίρνουν.", "248748", "2022-01-21", "2025-06-02", "3119107", "3119062", "3119015", "3119793");
INSERT INTO Works_On (Researcher_ID,Project_ID,Start_Date) VALUES ("3119793", "3119617", "2022-01-21");
INSERT INTO Project (Project_ID,Name,Summary,Project_Funds,Start_Date,End_Date,Executive_ID,Program_ID,Organization_ID,Research_Manager_ID) VALUES ("3119618", "Sapiente", "Optio animi blanditiis nemo at.", "636230", "2020-04-15", "2021-08-24", "3119112", "3119011", "3119042", "3119642");
INSERT INTO Works_On (Researcher_ID,Project_ID,Start_Date) VALUES ("3119642", "3119618", "2020-04-15");
INSERT INTO Project (Project_ID,Name,Summary,Project_Funds,Start_Date,End_Date,Executive_ID,Program_ID,Organization_ID,Research_Manager_ID) VALUES ("3119619", "Σίγουρος Κανόνα Ο", "Win fly property radio civil participant. Easy effect president leg.", "944104", "2019-12-11", "2021-08-05", "3119126", "3119146", "3119017", "3119398");
INSERT INTO Works_On (Researcher_ID,Project_ID,Start_Date) VALUES ("3119398", "3119619", "2019-12-11");
INSERT INTO Project (Project_ID,Name,Summary,Project_Funds,Start_Date,End_Date,Executive_ID,Program_ID,Organization_ID,Research_Manager_ID) VALUES ("3119620", "Nisi Tenetur", "Voluptas consequatur amet delectus ipsa. Dicta vel quisquam.", "408089", "2019-12-23", "2022-02-16", "3119034", "3119120", "3119001", "3119691");
INSERT INTO Works_On (Researcher_ID,Project_ID,Start_Date) VALUES ("3119691", "3119620", "2019-12-23");
INSERT INTO Project (Project_ID,Name,Summary,Project_Funds,Start_Date,End_Date,Executive_ID,Program_ID,Organization_ID,Research_Manager_ID) VALUES ("3119621", "Πολύ Μετρήσεις", "Δε γιαυτό παράγοντες μην εκτός ένας συγχρόνως.", "850703", "2021-08-02", "2023-06-11", "3119182", "3119009", "3119047", "3120075");
INSERT INTO Works_On (Researcher_ID,Project_ID,Start_Date) VALUES ("3120075", "3119621", "2021-08-02");
INSERT INTO Project (Project_ID,Name,Summary,Project_Funds,Start_Date,End_Date,Executive_ID,Program_ID,Organization_ID,Research_Manager_ID) VALUES ("3119622", "Άλγεβρα Λιγότερο", "Ειδικά μαγικά υόρκη ακούσει ατόμου.", "429797", "2022-01-12", "2024-12-22", "3119005", "3119073", "3119047", "3119324");
INSERT INTO Works_On (Researcher_ID,Project_ID,Start_Date) VALUES ("3119324", "3119622", "2022-01-12");
INSERT INTO Project (Project_ID,Name,Summary,Project_Funds,Start_Date,End_Date,Executive_ID,Program_ID,Organization_ID,Research_Manager_ID) VALUES ("3119623", "Laborum Sunt", "Εργάστηκε κάτι σταματάς σου. Και εφαρμογή χρονοδιαγράμματα.", "355618", "2020-10-06", "2022-08-08", "3119162", "3119193", "3119022", "3119430");
INSERT INTO Works_On (Researcher_ID,Project_ID,Start_Date) VALUES ("3119430", "3119623", "2020-10-06");
INSERT INTO Project (Project_ID,Name,Summary,Project_Funds,Start_Date,End_Date,Executive_ID,Program_ID,Organization_ID,Research_Manager_ID) VALUES ("3119624", "Προσοχή Πες Σαν", "Παραδοτέου χρησιμοποιώντας μετρήσεις δεν. Ας παραδοτέου πολύ δυστυχής.", "405916", "2020-09-30", "2023-02-16", "3119174", "3119109", "3119019", "3119290");
INSERT INTO Works_On (Researcher_ID,Project_ID,Start_Date) VALUES ("3119290", "3119624", "2020-09-30");
INSERT INTO Project (Project_ID,Name,Summary,Project_Funds,Start_Date,End_Date,Executive_ID,Program_ID,Organization_ID,Research_Manager_ID) VALUES ("3119625", "Τους Περιεχόμενα", "Έτοιμος μη εκτός μιας αντιλήφθηκαν χαρακτηριστικό.", "519203", "2021-01-26", "2022-02-13", "3119180", "3119137", "3119010", "3119423");
INSERT INTO Works_On (Researcher_ID,Project_ID,Start_Date) VALUES ("3119423", "3119625", "2021-01-26");
INSERT INTO Project (Project_ID,Name,Summary,Project_Funds,Start_Date,End_Date,Executive_ID,Program_ID,Organization_ID,Research_Manager_ID) VALUES ("3119626", "Βάζοντας", "Behind goal wrong late sister each expect.", "526218", "2021-06-15", "2025-01-19", "3119084", "3119068", "3119032", "3119700");
INSERT INTO Works_On (Researcher_ID,Project_ID,Start_Date) VALUES ("3119700", "3119626", "2021-06-15");
INSERT INTO Project (Project_ID,Name,Summary,Project_Funds,Start_Date,End_Date,Executive_ID,Program_ID,Organization_ID,Research_Manager_ID) VALUES ("3119627", "Distinctio Repellat", "Λετπά ναι συνηθίζουν μάθε νόμιζες διαδίκτυο από.", "857104", "2020-11-15", "2024-02-12", "3119040", "3119010", "3119016", "3120096");
INSERT INTO Works_On (Researcher_ID,Project_ID,Start_Date) VALUES ("3120096", "3119627", "2020-11-15");
INSERT INTO Project (Project_ID,Name,Summary,Project_Funds,Start_Date,End_Date,Executive_ID,Program_ID,Organization_ID,Research_Manager_ID) VALUES ("3119628", "Συνάδελφος", "Μπουν τύπου τα. Λαμβάνουν γραφικά ξέχασε διολισθήσεις.", "707965", "2021-04-11", "2025-03-15", "3119194", "3119186", "3119047", "3119951");
INSERT INTO Works_On (Researcher_ID,Project_ID,Start_Date) VALUES ("3119951", "3119628", "2021-04-11");
INSERT INTO Project (Project_ID,Name,Summary,Project_Funds,Start_Date,End_Date,Executive_ID,Program_ID,Organization_ID,Research_Manager_ID) VALUES ("3119629", "Φίλος Μηχανής Νέων", "Εκδόσεις ακούσει δείξει δεν φράση. Των μεταφραστής διευθυντές.", "122830", "2021-12-25", "2024-10-09", "3119171", "3119181", "3119004", "3120109");
INSERT INTO Works_On (Researcher_ID,Project_ID,Start_Date) VALUES ("3120109", "3119629", "2021-12-25");
INSERT INTO Project (Project_ID,Name,Summary,Project_Funds,Start_Date,End_Date,Executive_ID,Program_ID,Organization_ID,Research_Manager_ID) VALUES ("3119630", "Προσλάμβανες Πρώτοι", "Βάζοντας στις επιδιόρθωση μιας ως. Πετούν ρουτίνα περιεχόμενα βγήκε.", "971222", "2020-10-09", "2022-06-05", "3119118", "3119191", "3119030", "3119929");
INSERT INTO Works_On (Researcher_ID,Project_ID,Start_Date) VALUES ("3119929", "3119630", "2020-10-09");
INSERT INTO Project (Project_ID,Name,Summary,Project_Funds,Start_Date,End_Date,Executive_ID,Program_ID,Organization_ID,Research_Manager_ID) VALUES ("3119631", "Tempore Deleniti", "Language measure agreement word start law serious.", "815612", "2021-09-22", "2024-01-20", "3119029", "3119111", "3119031", "3119256");
INSERT INTO Works_On (Researcher_ID,Project_ID,Start_Date) VALUES ("3119256", "3119631", "2021-09-22");
INSERT INTO Project (Project_ID,Name,Summary,Project_Funds,Start_Date,End_Date,Executive_ID,Program_ID,Organization_ID,Research_Manager_ID) VALUES ("3119632", "Asperiores Ducimus", "Για τη υψηλότερη άπειρα εντολές χρονοδιαγράμματος θέμα.", "554550", "2021-07-10", "2024-07-22", "3119180", "3119162", "3119025", "3119227");
INSERT INTO Works_On (Researcher_ID,Project_ID,Start_Date) VALUES ("3119227", "3119632", "2021-07-10");
INSERT INTO Project (Project_ID,Name,Summary,Project_Funds,Start_Date,End_Date,Executive_ID,Program_ID,Organization_ID,Research_Manager_ID) VALUES ("3119633", "Τύπου Τις Τα", "Nihil quas placeat id rerum dolores explicabo.", "868207", "2021-12-01", "2023-06-24", "3119143", "3119139", "3119028", "3119568");
INSERT INTO Works_On (Researcher_ID,Project_ID,Start_Date) VALUES ("3119568", "3119633", "2021-12-01");
INSERT INTO Project (Project_ID,Name,Summary,Project_Funds,Start_Date,End_Date,Executive_ID,Program_ID,Organization_ID,Research_Manager_ID) VALUES ("3119634", "Γραμμές Ο Νέα Που", "Teach place image then the see home. You bank six maintain like this.", "629315", "2020-04-08", "2023-05-11", "3119077", "3119157", "3119000", "3119555");
INSERT INTO Works_On (Researcher_ID,Project_ID,Start_Date) VALUES ("3119555", "3119634", "2020-04-08");
INSERT INTO Project (Project_ID,Name,Summary,Project_Funds,Start_Date,End_Date,Executive_ID,Program_ID,Organization_ID,Research_Manager_ID) VALUES ("3119635", "Velit Sit Enim", "Τον πλέον σας αλγόριθμου μου έστειλε ήδη βάζοντας.", "956477", "2020-12-15", "2023-06-11", "3119068", "3119139", "3119006", "3119253");
INSERT INTO Works_On (Researcher_ID,Project_ID,Start_Date) VALUES ("3119253", "3119635", "2020-12-15");
INSERT INTO Project (Project_ID,Name,Summary,Project_Funds,Start_Date,End_Date,Executive_ID,Program_ID,Organization_ID,Research_Manager_ID) VALUES ("3119636", "Φίλος Στις Τη", "Τεσσαρών ίδιο χρησιμοποιούνταν μάλλον.", "994927", "2022-03-13", "2024-02-05", "3119020", "3119101", "3119031", "3119266");
INSERT INTO Works_On (Researcher_ID,Project_ID,Start_Date) VALUES ("3119266", "3119636", "2022-03-13");
INSERT INTO Project (Project_ID,Name,Summary,Project_Funds,Start_Date,End_Date,Executive_ID,Program_ID,Organization_ID,Research_Manager_ID) VALUES ("3119637", "Numquam Aspernatur", "Id placeat repellendus.", "200425", "2022-04-23", "2025-09-18", "3119097", "3119082", "3119045", "3119661");
INSERT INTO Works_On (Researcher_ID,Project_ID,Start_Date) VALUES ("3119661", "3119637", "2022-04-23");
INSERT INTO Project (Project_ID,Name,Summary,Project_Funds,Start_Date,End_Date,Executive_ID,Program_ID,Organization_ID,Research_Manager_ID) VALUES ("3119638", "Μετράει Την", "Voluptas facilis exercitationem vel modi magnam fugiat accusantium.", "310495", "2020-01-04", "2021-01-04", "3119017", "3119143", "3119036", "3119313");
INSERT INTO Works_On (Researcher_ID,Project_ID,Start_Date) VALUES ("3119313", "3119638", "2020-01-04");
INSERT INTO Project (Project_ID,Name,Summary,Project_Funds,Start_Date,End_Date,Executive_ID,Program_ID,Organization_ID,Research_Manager_ID) VALUES ("3119639", "Όσο Ίδιο Εκτελέσεις", "Προγραμματιστές λες προσεκτικά πάρα. Περίπου τεκμηριώνει τον εικόνες εγώ.", "115179", "2020-07-19", "2023-05-12", "3119145", "3119059", "3119010", "3119043");
INSERT INTO Works_On (Researcher_ID,Project_ID,Start_Date) VALUES ("3119043", "3119639", "2020-07-19");
INSERT INTO Project (Project_ID,Name,Summary,Project_Funds,Start_Date,End_Date,Executive_ID,Program_ID,Organization_ID,Research_Manager_ID) VALUES ("3119640", "Area Tell Point", "Έξι ίδιο νόμιζες συγχωνευτεί στα δημιουργια περιβάλλοντος.", "686939", "2019-11-17", "2022-11-21", "3119113", "3119008", "3119030", "3120106");
INSERT INTO Works_On (Researcher_ID,Project_ID,Start_Date) VALUES ("3120106", "3119640", "2019-11-17");
INSERT INTO Project (Project_ID,Name,Summary,Project_Funds,Start_Date,End_Date,Executive_ID,Program_ID,Organization_ID,Research_Manager_ID) VALUES ("3119641", "Έστελνε Εξαρτάται", "Repellendus repudiandae id facere nemo hic hic.", "314362", "2022-05-21", "2024-05-16", "3119186", "3119124", "3119024", "3119611");
INSERT INTO Works_On (Researcher_ID,Project_ID,Start_Date) VALUES ("3119611", "3119641", "2022-05-21");
INSERT INTO Project (Project_ID,Name,Summary,Project_Funds,Start_Date,End_Date,Executive_ID,Program_ID,Organization_ID,Research_Manager_ID) VALUES ("3119642", "Στο Νιρβάνα Έτσι", "Aliquid ad ipsum alias repellendus itaque voluptatem.", "799127", "2020-12-14", "2023-05-30", "3119169", "3119120", "3119019", "3119820");
INSERT INTO Works_On (Researcher_ID,Project_ID,Start_Date) VALUES ("3119820", "3119642", "2020-12-14");
INSERT INTO Project (Project_ID,Name,Summary,Project_Funds,Start_Date,End_Date,Executive_ID,Program_ID,Organization_ID,Research_Manager_ID) VALUES ("3119643", "Εκδόσεις Έχω Εδώ", "Ποια συνέχεια πες επεξεργασία πιο πιο δωροδοκηθούν σταματάς.", "852284", "2021-08-13", "2024-02-02", "3119039", "3119174", "3119024", "3120038");
INSERT INTO Works_On (Researcher_ID,Project_ID,Start_Date) VALUES ("3120038", "3119643", "2021-08-13");
INSERT INTO Project (Project_ID,Name,Summary,Project_Funds,Start_Date,End_Date,Executive_ID,Program_ID,Organization_ID,Research_Manager_ID) VALUES ("3119644", "Πες Χαρακτηριστικό", "Χαμηλός κι πολύ πλέον εκτός. Την και σημεία προκαλείς.", "168717", "2022-02-06", "2023-10-24", "3119182", "3119111", "3119015", "3119614");
INSERT INTO Works_On (Researcher_ID,Project_ID,Start_Date) VALUES ("3119614", "3119644", "2022-02-06");
INSERT INTO Project (Project_ID,Name,Summary,Project_Funds,Start_Date,End_Date,Executive_ID,Program_ID,Organization_ID,Research_Manager_ID) VALUES ("3119645", "Του Χαμηλός Πηγαίου", "Μεταγλωτίσει πρώτης εξακολουθεί και μη νέων χειρότερα λιγότερο.", "126636", "2021-12-23", "2023-02-10", "3119179", "3119185", "3119016", "3119850");
INSERT INTO Works_On (Researcher_ID,Project_ID,Start_Date) VALUES ("3119850", "3119645", "2021-12-23");
INSERT INTO Project (Project_ID,Name,Summary,Project_Funds,Start_Date,End_Date,Executive_ID,Program_ID,Organization_ID,Research_Manager_ID) VALUES ("3119646", "Είχαμε Επί", "Culpa labore culpa soluta. Quae nesciunt deleniti.", "680260", "2020-07-04", "2023-06-18", "3119093", "3119088", "3119025", "3119881");
INSERT INTO Works_On (Researcher_ID,Project_ID,Start_Date) VALUES ("3119881", "3119646", "2020-07-04");
INSERT INTO Project (Project_ID,Name,Summary,Project_Funds,Start_Date,End_Date,Executive_ID,Program_ID,Organization_ID,Research_Manager_ID) VALUES ("3119647", "Sint Odio Expedita", "Dicta vero error blanditiis dolore perspiciatis molestias.", "214483", "2019-11-15", "2022-09-13", "3119121", "3119175", "3119008", "3119449");
INSERT INTO Works_On (Researcher_ID,Project_ID,Start_Date) VALUES ("3119449", "3119647", "2019-11-15");
INSERT INTO Project (Project_ID,Name,Summary,Project_Funds,Start_Date,End_Date,Executive_ID,Program_ID,Organization_ID,Research_Manager_ID) VALUES ("3119648", "Σημαντικός Τύπους", "A voluptates tenetur dignissimos. Vero amet quaerat non.", "208883", "2021-02-13", "2023-05-24", "3119079", "3119152", "3119017", "3120051");
INSERT INTO Works_On (Researcher_ID,Project_ID,Start_Date) VALUES ("3120051", "3119648", "2021-02-13");
INSERT INTO Project (Project_ID,Name,Summary,Project_Funds,Start_Date,End_Date,Executive_ID,Program_ID,Organization_ID,Research_Manager_ID) VALUES ("3119649", "Για Αναφορά Των", "Someone sign send outside notice. Travel effort more single.", "955737", "2021-08-24", "2022-09-02", "3119122", "3119015", "3119016", "3119032");
INSERT INTO Works_On (Researcher_ID,Project_ID,Start_Date) VALUES ("3119032", "3119649", "2021-08-24");
INSERT INTO Project (Project_ID,Name,Summary,Project_Funds,Start_Date,End_Date,Executive_ID,Program_ID,Organization_ID,Research_Manager_ID) VALUES ("3119650", "Άπειρα Εκτός Την", "Ea perspiciatis beatae suscipit.", "598922", "2021-06-21", "2024-01-31", "3119028", "3119188", "3119031", "3119559");
INSERT INTO Works_On (Researcher_ID,Project_ID,Start_Date) VALUES ("3119559", "3119650", "2021-06-21");
INSERT INTO Project (Project_ID,Name,Summary,Project_Funds,Start_Date,End_Date,Executive_ID,Program_ID,Organization_ID,Research_Manager_ID) VALUES ("3119651", "Totam Corrupti", "Μας σταματάς σίγουρος έλεγχος εκτελέσεις τι δουλεύει.", "391649", "2021-06-13", "2024-04-21", "3119022", "3119070", "3119043", "3119362");
INSERT INTO Works_On (Researcher_ID,Project_ID,Start_Date) VALUES ("3119362", "3119651", "2021-06-13");
INSERT INTO Project (Project_ID,Name,Summary,Project_Funds,Start_Date,End_Date,Executive_ID,Program_ID,Organization_ID,Research_Manager_ID) VALUES ("3119652", "Βγήκε Περιβάλλοντος", "Ήδη μάτσο της βασανίζουν τον. Ευκολότερο και εκείνου φαινόμενο καταλάθος.", "142998", "2020-11-15", "2023-11-26", "3119089", "3119160", "3119038", "3119154");
INSERT INTO Works_On (Researcher_ID,Project_ID,Start_Date) VALUES ("3119154", "3119652", "2020-11-15");
INSERT INTO Project (Project_ID,Name,Summary,Project_Funds,Start_Date,End_Date,Executive_ID,Program_ID,Organization_ID,Research_Manager_ID) VALUES ("3119653", "High Catch Morning", "Εσωτερικών έστελνε ήδη διαχειριστής τοπικές τεκμηριώνει πιο πετούν.", "169318", "2022-05-14", "2025-07-09", "3119094", "3119196", "3119019", "3119995");
INSERT INTO Works_On (Researcher_ID,Project_ID,Start_Date) VALUES ("3119995", "3119653", "2022-05-14");
INSERT INTO Project (Project_ID,Name,Summary,Project_Funds,Start_Date,End_Date,Executive_ID,Program_ID,Organization_ID,Research_Manager_ID) VALUES ("3119654", "Μεταφραστής", "Εξαρτάται βάζοντας διορθώσει ερωτήσεις και.", "665692", "2020-06-16", "2023-03-22", "3119090", "3119163", "3119040", "3119497");
INSERT INTO Works_On (Researcher_ID,Project_ID,Start_Date) VALUES ("3119497", "3119654", "2020-06-16");
INSERT INTO Project (Project_ID,Name,Summary,Project_Funds,Start_Date,End_Date,Executive_ID,Program_ID,Organization_ID,Research_Manager_ID) VALUES ("3119655", "Εργαζόμενοι Ότι Πως", "Μας τύπους περισσότερη σου. Εγώ τελειώσει χρόνου γεύματος μπορούσες σας.", "805470", "2021-04-11", "2023-04-17", "3119028", "3119027", "3119047", "3119163");
INSERT INTO Works_On (Researcher_ID,Project_ID,Start_Date) VALUES ("3119163", "3119655", "2021-04-11");
INSERT INTO Project (Project_ID,Name,Summary,Project_Funds,Start_Date,End_Date,Executive_ID,Program_ID,Organization_ID,Research_Manager_ID) VALUES ("3119656", "Στο Μπουν Στο Όταν", "Ύψος βιβλίο μεταγλωτιστής μιας τι γραμμή.", "971115", "2021-01-02", "2023-07-18", "3119023", "3119068", "3119041", "3119343");
INSERT INTO Works_On (Researcher_ID,Project_ID,Start_Date) VALUES ("3119343", "3119656", "2021-01-02");
INSERT INTO Project (Project_ID,Name,Summary,Project_Funds,Start_Date,End_Date,Executive_ID,Program_ID,Organization_ID,Research_Manager_ID) VALUES ("3119657", "Quibusdam Maiores", "Της σταματάς μάτσο θυμάμαι συγγραφής εφαρμογή σίγουρος.", "323960", "2021-07-15", "2025-03-30", "3119150", "3119100", "3119031", "3120105");
INSERT INTO Works_On (Researcher_ID,Project_ID,Start_Date) VALUES ("3120105", "3119657", "2021-07-15");
INSERT INTO Project (Project_ID,Name,Summary,Project_Funds,Start_Date,End_Date,Executive_ID,Program_ID,Organization_ID,Research_Manager_ID) VALUES ("3119658", "Όταν Ανά Των", "Επί συγγραφής φακέλους ανεπιθύμητη δεν εσωτερικών πάντως.", "714774", "2022-05-21", "2024-02-16", "3119107", "3119134", "3119023", "3119903");
INSERT INTO Works_On (Researcher_ID,Project_ID,Start_Date) VALUES ("3119903", "3119658", "2022-05-21");
INSERT INTO Project (Project_ID,Name,Summary,Project_Funds,Start_Date,End_Date,Executive_ID,Program_ID,Organization_ID,Research_Manager_ID) VALUES ("3119659", "Development Voice", "Πες περιβάλλοντος βρίσκονται. Μαγικά αποδείξεις επιχείριση λες ως.", "968404", "2020-01-09", "2023-02-15", "3119167", "3119164", "3119014", "3119556");
INSERT INTO Works_On (Researcher_ID,Project_ID,Start_Date) VALUES ("3119556", "3119659", "2020-01-09");
INSERT INTO Project (Project_ID,Name,Summary,Project_Funds,Start_Date,End_Date,Executive_ID,Program_ID,Organization_ID,Research_Manager_ID) VALUES ("3119660", "Όχι Δε Εφαρμογή Ας", "Αποστηθίσει τρόποι σημαντικός αναγκάζονται βιαστικά ευκολότερο μέχρι.", "907818", "2020-05-22", "2021-12-23", "3119131", "3119143", "3119027", "3119637");
INSERT INTO Works_On (Researcher_ID,Project_ID,Start_Date) VALUES ("3119637", "3119660", "2020-05-22");
INSERT INTO Project (Project_ID,Name,Summary,Project_Funds,Start_Date,End_Date,Executive_ID,Program_ID,Organization_ID,Research_Manager_ID) VALUES ("3119661", "Πηγαίου Τεκμηριώνει", "Ipsam molestias illo laudantium aliquam amet fugit similique.", "587806", "2022-04-15", "2025-06-10", "3119074", "3119066", "3119023", "3119644");
INSERT INTO Works_On (Researcher_ID,Project_ID,Start_Date) VALUES ("3119644", "3119661", "2022-04-15");
INSERT INTO Project (Project_ID,Name,Summary,Project_Funds,Start_Date,End_Date,Executive_ID,Program_ID,Organization_ID,Research_Manager_ID) VALUES ("3119662", "Dicta Assumenda", "Την καταλάθος προβληματική όταν πρώτο διαχειριστής τις.", "508672", "2020-02-16", "2021-12-26", "3119077", "3119104", "3119030", "3120066");
INSERT INTO Works_On (Researcher_ID,Project_ID,Start_Date) VALUES ("3120066", "3119662", "2020-02-16");
INSERT INTO Project (Project_ID,Name,Summary,Project_Funds,Start_Date,End_Date,Executive_ID,Program_ID,Organization_ID,Research_Manager_ID) VALUES ("3119663", "Ρωτήσει Ως", "Δυστυχής θέμα ίδιο. Παίρνει λέει κρατήσουν κώδικα.", "942480", "2022-04-15", "2026-02-03", "3119000", "3119168", "3119017", "3119298");
INSERT INTO Works_On (Researcher_ID,Project_ID,Start_Date) VALUES ("3119298", "3119663", "2022-04-15");
INSERT INTO Project (Project_ID,Name,Summary,Project_Funds,Start_Date,End_Date,Executive_ID,Program_ID,Organization_ID,Research_Manager_ID) VALUES ("3119664", "Than Eight During", "Est molestiae occaecati pariatur recusandae porro.", "453632", "2020-05-10", "2022-07-21", "3119192", "3119008", "3119042", "3119460");
INSERT INTO Works_On (Researcher_ID,Project_ID,Start_Date) VALUES ("3119460", "3119664", "2020-05-10");
INSERT INTO Project (Project_ID,Name,Summary,Project_Funds,Start_Date,End_Date,Executive_ID,Program_ID,Organization_ID,Research_Manager_ID) VALUES ("3119665", "Place House World", "Της έλεγχος πολύ τους κανόνα. Από φακέλους παίρνει στις προσθέσει νέο.", "128585", "2020-08-29", "2024-02-12", "3119141", "3119102", "3119041", "3119569");
INSERT INTO Works_On (Researcher_ID,Project_ID,Start_Date) VALUES ("3119569", "3119665", "2020-08-29");
INSERT INTO Project (Project_ID,Name,Summary,Project_Funds,Start_Date,End_Date,Executive_ID,Program_ID,Organization_ID,Research_Manager_ID) VALUES ("3119666", "Δεν Ακούσει Τις Σαν", "Saepe maiores beatae blanditiis nemo. Hic nostrum cum consectetur maiores.", "293148", "2021-05-06", "2024-10-31", "3119196", "3119097", "3119035", "3119980");
INSERT INTO Works_On (Researcher_ID,Project_ID,Start_Date) VALUES ("3119980", "3119666", "2021-05-06");
INSERT INTO Project (Project_ID,Name,Summary,Project_Funds,Start_Date,End_Date,Executive_ID,Program_ID,Organization_ID,Research_Manager_ID) VALUES ("3119667", "Το Ως Ανώδυνη", "Fugiat nostrum tenetur perferendis ducimus itaque architecto accusantium.", "373623", "2021-12-02", "2024-12-20", "3119068", "3119005", "3119042", "3119780");
INSERT INTO Works_On (Researcher_ID,Project_ID,Start_Date) VALUES ("3119780", "3119667", "2021-12-02");
INSERT INTO Project (Project_ID,Name,Summary,Project_Funds,Start_Date,End_Date,Executive_ID,Program_ID,Organization_ID,Research_Manager_ID) VALUES ("3119668", "Quia Occaecati Sint", "Μέγιστη περιβάλλοντος γνωστή γιαυτό του. Ως κι περιμένουν τρέξει.", "986090", "2021-02-17", "2024-01-27", "3119172", "3119024", "3119042", "3119620");
INSERT INTO Works_On (Researcher_ID,Project_ID,Start_Date) VALUES ("3119620", "3119668", "2021-02-17");
INSERT INTO Project (Project_ID,Name,Summary,Project_Funds,Start_Date,End_Date,Executive_ID,Program_ID,Organization_ID,Research_Manager_ID) VALUES ("3119669", "Αποκλειστικούς Ο", "Εκδόσεις συγχρόνως συνέχεια που. Τι εγώ τη πεδία δημιουργια.", "229384", "2021-06-24", "2023-10-22", "3119055", "3119002", "3119018", "3119507");
INSERT INTO Works_On (Researcher_ID,Project_ID,Start_Date) VALUES ("3119507", "3119669", "2021-06-24");
INSERT INTO Project (Project_ID,Name,Summary,Project_Funds,Start_Date,End_Date,Executive_ID,Program_ID,Organization_ID,Research_Manager_ID) VALUES ("3119670", "Harum Assumenda", "Odit nemo animi ut. Saepe totam enim voluptatem iure animi.", "221690", "2022-03-02", "2026-01-04", "3119061", "3119115", "3119048", "3119439");
INSERT INTO Works_On (Researcher_ID,Project_ID,Start_Date) VALUES ("3119439", "3119670", "2022-03-02");
INSERT INTO Project (Project_ID,Name,Summary,Project_Funds,Start_Date,End_Date,Executive_ID,Program_ID,Organization_ID,Research_Manager_ID) VALUES ("3119671", "Πρόσληψη Ότι", "Πετάξαμε νέου δούλευε σαν.", "319491", "2020-05-11", "2021-07-03", "3119153", "3119176", "3119039", "3120153");
INSERT INTO Works_On (Researcher_ID,Project_ID,Start_Date) VALUES ("3120153", "3119671", "2020-05-11");
INSERT INTO Project (Project_ID,Name,Summary,Project_Funds,Start_Date,End_Date,Executive_ID,Program_ID,Organization_ID,Research_Manager_ID) VALUES ("3119672", "Προγραμματιστές", "Χαμηλός μου αθόρυβες επεξεργασία τέλειοι.", "444301", "2021-12-15", "2023-10-26", "3119150", "3119049", "3119007", "3120155");
INSERT INTO Works_On (Researcher_ID,Project_ID,Start_Date) VALUES ("3120155", "3119672", "2021-12-15");
INSERT INTO Project (Project_ID,Name,Summary,Project_Funds,Start_Date,End_Date,Executive_ID,Program_ID,Organization_ID,Research_Manager_ID) VALUES ("3119673", "Ut Nobis Quis", "Age much people too campaign.", "299198", "2022-03-11", "2023-10-06", "3119182", "3119193", "3119038", "3119804");
INSERT INTO Works_On (Researcher_ID,Project_ID,Start_Date) VALUES ("3119804", "3119673", "2022-03-11");
INSERT INTO Project (Project_ID,Name,Summary,Project_Funds,Start_Date,End_Date,Executive_ID,Program_ID,Organization_ID,Research_Manager_ID) VALUES ("3119674", "Εδώ Των Το Θέμα Εδώ", "Χρησιμοποιούσες ερώτηση μιας συνάδελφος πιο θέματα λοιπόν.", "228580", "2022-02-26", "2025-01-15", "3119190", "3119153", "3119048", "3119207");
INSERT INTO Works_On (Researcher_ID,Project_ID,Start_Date) VALUES ("3119207", "3119674", "2022-02-26");
INSERT INTO Project (Project_ID,Name,Summary,Project_Funds,Start_Date,End_Date,Executive_ID,Program_ID,Organization_ID,Research_Manager_ID) VALUES ("3119675", "Soluta Debitis", "Soluta impedit libero repellendus necessitatibus ut.", "526065", "2020-10-04", "2023-04-14", "3119041", "3119078", "3119022", "3119690");
INSERT INTO Works_On (Researcher_ID,Project_ID,Start_Date) VALUES ("3119690", "3119675", "2020-10-04");
INSERT INTO Project (Project_ID,Name,Summary,Project_Funds,Start_Date,End_Date,Executive_ID,Program_ID,Organization_ID,Research_Manager_ID) VALUES ("3119676", "Παίρνουν Διαφήμιση", "Ποια συνέχεια επί ιδιαίτερα πολύ συγκεντρωμένοι κρατάει.", "506588", "2021-06-14", "2023-06-25", "3119123", "3119126", "3119007", "3119821");
INSERT INTO Works_On (Researcher_ID,Project_ID,Start_Date) VALUES ("3119821", "3119676", "2021-06-14");
INSERT INTO Project (Project_ID,Name,Summary,Project_Funds,Start_Date,End_Date,Executive_ID,Program_ID,Organization_ID,Research_Manager_ID) VALUES ("3119677", "Αν Τα", "Γνωρίζουμε πολύ δημιουργια δε ως. Σημεία ως απαρατήρητο.", "427772", "2020-12-13", "2023-11-28", "3119066", "3119011", "3119002", "3119847");
INSERT INTO Works_On (Researcher_ID,Project_ID,Start_Date) VALUES ("3119847", "3119677", "2020-12-13");
INSERT INTO Project (Project_ID,Name,Summary,Project_Funds,Start_Date,End_Date,Executive_ID,Program_ID,Organization_ID,Research_Manager_ID) VALUES ("3119678", "Τα Σημαντικός", "Διοικητικό συγκεντρωμένοι να.", "111758", "2021-06-08", "2024-09-17", "3119103", "3119109", "3119016", "3120192");
INSERT INTO Works_On (Researcher_ID,Project_ID,Start_Date) VALUES ("3120192", "3119678", "2021-06-08");
INSERT INTO Project (Project_ID,Name,Summary,Project_Funds,Start_Date,End_Date,Executive_ID,Program_ID,Organization_ID,Research_Manager_ID) VALUES ("3119679", "Fish Specific", "Officiis provident facere magni assumenda sint voluptates.", "107778", "2021-09-02", "2024-09-08", "3119043", "3119141", "3119004", "3119018");
INSERT INTO Works_On (Researcher_ID,Project_ID,Start_Date) VALUES ("3119018", "3119679", "2021-09-02");
INSERT INTO Project (Project_ID,Name,Summary,Project_Funds,Start_Date,End_Date,Executive_ID,Program_ID,Organization_ID,Research_Manager_ID) VALUES ("3119680", "Long Contain", "Και πρόσληψη πλέον. Μην από των μέγιστη.", "531909", "2020-10-16", "2023-09-20", "3119000", "3119071", "3119007", "3119913");
INSERT INTO Works_On (Researcher_ID,Project_ID,Start_Date) VALUES ("3119913", "3119680", "2020-10-16");
INSERT INTO Project (Project_ID,Name,Summary,Project_Funds,Start_Date,End_Date,Executive_ID,Program_ID,Organization_ID,Research_Manager_ID) VALUES ("3119681", "Δύο Τους Ιδιαίτερα", "Occaecati nisi ipsa nostrum dolores ullam.", "962280", "2021-10-13", "2024-05-15", "3119131", "3119010", "3119014", "3119326");
INSERT INTO Works_On (Researcher_ID,Project_ID,Start_Date) VALUES ("3119326", "3119681", "2021-10-13");
INSERT INTO Project (Project_ID,Name,Summary,Project_Funds,Start_Date,End_Date,Executive_ID,Program_ID,Organization_ID,Research_Manager_ID) VALUES ("3119682", "Veniam Modi", "Το ο αρπάζεις γραμμή άρθρων τις θέματα.", "922546", "2022-03-25", "2023-08-06", "3119166", "3119014", "3119012", "3119251");
INSERT INTO Works_On (Researcher_ID,Project_ID,Start_Date) VALUES ("3119251", "3119682", "2022-03-25");
INSERT INTO Project (Project_ID,Name,Summary,Project_Funds,Start_Date,End_Date,Executive_ID,Program_ID,Organization_ID,Research_Manager_ID) VALUES ("3119683", "Συγγραφείς Πως", "Συγκεντρωμένοι συνέχεια μη ένα. Το προσλάμβανες ανά αποθηκευτικού.", "649728", "2021-06-17", "2023-11-19", "3119152", "3119010", "3119037", "3119965");
INSERT INTO Works_On (Researcher_ID,Project_ID,Start_Date) VALUES ("3119965", "3119683", "2021-06-17");
INSERT INTO Project (Project_ID,Name,Summary,Project_Funds,Start_Date,End_Date,Executive_ID,Program_ID,Organization_ID,Research_Manager_ID) VALUES ("3119684", "Loss War Top Play", "Aliquid sed magnam labore provident. Ut a nobis labore culpa sint.", "948198", "2021-01-15", "2024-01-10", "3119003", "3119125", "3119039", "3119542");
INSERT INTO Works_On (Researcher_ID,Project_ID,Start_Date) VALUES ("3119542", "3119684", "2021-01-15");
INSERT INTO Project (Project_ID,Name,Summary,Project_Funds,Start_Date,End_Date,Executive_ID,Program_ID,Organization_ID,Research_Manager_ID) VALUES ("3119685", "Incidunt Commodi", "Με τον αυτήν πολύ. Εργαλείων δύο πάντα προσθέσει.", "225698", "2020-11-15", "2022-05-10", "3119180", "3119078", "3119009", "3119600");
INSERT INTO Works_On (Researcher_ID,Project_ID,Start_Date) VALUES ("3119600", "3119685", "2020-11-15");
INSERT INTO Project (Project_ID,Name,Summary,Project_Funds,Start_Date,End_Date,Executive_ID,Program_ID,Organization_ID,Research_Manager_ID) VALUES ("3119686", "Τα Δε Φίλος Μας", "Month take you. Strategy ahead traditional information yard lawyer.", "335432", "2021-11-15", "2024-02-21", "3119169", "3119029", "3119024", "3120164");
INSERT INTO Works_On (Researcher_ID,Project_ID,Start_Date) VALUES ("3120164", "3119686", "2021-11-15");
INSERT INTO Project (Project_ID,Name,Summary,Project_Funds,Start_Date,End_Date,Executive_ID,Program_ID,Organization_ID,Research_Manager_ID) VALUES ("3119687", "Μετρήσεις Διάσημα", "Κύκλο δοκιμάσεις πεδία αν ύψος ως μπορούσες. Έστειλε ποια σαν.", "818648", "2021-05-27", "2023-02-06", "3119114", "3119069", "3119003", "3119988");
INSERT INTO Works_On (Researcher_ID,Project_ID,Start_Date) VALUES ("3119988", "3119687", "2021-05-27");
INSERT INTO Project (Project_ID,Name,Summary,Project_Funds,Start_Date,End_Date,Executive_ID,Program_ID,Organization_ID,Research_Manager_ID) VALUES ("3119688", "Enim Quam Magni Rem", "Σου κρατάει ώρα ερώτηση.", "409128", "2021-07-03", "2023-10-18", "3119106", "3119113", "3119037", "3119119");
INSERT INTO Works_On (Researcher_ID,Project_ID,Start_Date) VALUES ("3119119", "3119688", "2021-07-03");
INSERT INTO Project (Project_ID,Name,Summary,Project_Funds,Start_Date,End_Date,Executive_ID,Program_ID,Organization_ID,Research_Manager_ID) VALUES ("3119689", "Budget Until Course", "Inventore consectetur tenetur fuga earum recusandae impedit.", "483022", "2021-07-08", "2022-12-31", "3119113", "3119090", "3119048", "3119736");
INSERT INTO Works_On (Researcher_ID,Project_ID,Start_Date) VALUES ("3119736", "3119689", "2021-07-08");
INSERT INTO Project (Project_ID,Name,Summary,Project_Funds,Start_Date,End_Date,Executive_ID,Program_ID,Organization_ID,Research_Manager_ID) VALUES ("3119690", "Απαραίτητο Αφήσεις", "Δύο μετρήσεις συνεντεύξεις προσπαθήσεις.", "636260", "2021-06-23", "2022-10-01", "3119152", "3119016", "3119001", "3119867");
INSERT INTO Works_On (Researcher_ID,Project_ID,Start_Date) VALUES ("3119867", "3119690", "2021-06-23");
INSERT INTO Project (Project_ID,Name,Summary,Project_Funds,Start_Date,End_Date,Executive_ID,Program_ID,Organization_ID,Research_Manager_ID) VALUES ("3119691", "Numquam Quod Natus", "Μια συγκεντρωμένοι στη φράση.", "250831", "2020-03-19", "2021-11-28", "3119140", "3119020", "3119004", "3119289");
INSERT INTO Works_On (Researcher_ID,Project_ID,Start_Date) VALUES ("3119289", "3119691", "2020-03-19");
INSERT INTO Project (Project_ID,Name,Summary,Project_Funds,Start_Date,End_Date,Executive_ID,Program_ID,Organization_ID,Research_Manager_ID) VALUES ("3119692", "Ταξινομεί Διορθώσει", "Animal stuff however president purpose level you.", "974691", "2021-01-02", "2023-03-01", "3119041", "3119042", "3119003", "3119293");
INSERT INTO Works_On (Researcher_ID,Project_ID,Start_Date) VALUES ("3119293", "3119692", "2021-01-02");
INSERT INTO Project (Project_ID,Name,Summary,Project_Funds,Start_Date,End_Date,Executive_ID,Program_ID,Organization_ID,Research_Manager_ID) VALUES ("3119693", "Eaque Natus Autem", "Έχω μη ταξινομεί στο παίρνει διοικητικό τα.", "449728", "2022-03-12", "2025-09-22", "3119048", "3119125", "3119024", "3119406");
INSERT INTO Works_On (Researcher_ID,Project_ID,Start_Date) VALUES ("3119406", "3119693", "2022-03-12");
INSERT INTO Project (Project_ID,Name,Summary,Project_Funds,Start_Date,End_Date,Executive_ID,Program_ID,Organization_ID,Research_Manager_ID) VALUES ("3119694", "Sound Usually", "Quis eveniet maiores dolores eaque. Eligendi nostrum repudiandae et.", "921334", "2021-09-06", "2023-10-16", "3119126", "3119183", "3119003", "3119653");
INSERT INTO Works_On (Researcher_ID,Project_ID,Start_Date) VALUES ("3119653", "3119694", "2021-09-06");
INSERT INTO Project (Project_ID,Name,Summary,Project_Funds,Start_Date,End_Date,Executive_ID,Program_ID,Organization_ID,Research_Manager_ID) VALUES ("3119695", "Γνωστή Διακόψουμε", "Assumenda eum impedit quidem qui cumque excepturi.", "921436", "2021-01-20", "2022-08-28", "3119177", "3119173", "3119049", "3119425");
INSERT INTO Works_On (Researcher_ID,Project_ID,Start_Date) VALUES ("3119425", "3119695", "2021-01-20");
INSERT INTO Project (Project_ID,Name,Summary,Project_Funds,Start_Date,End_Date,Executive_ID,Program_ID,Organization_ID,Research_Manager_ID) VALUES ("3119696", "Λαμβάνουν Νέα", "Veniam maxime est. Molestias neque unde pariatur minus excepturi aliquid.", "390294", "2021-05-28", "2022-05-31", "3119142", "3119152", "3119002", "3119868");
INSERT INTO Works_On (Researcher_ID,Project_ID,Start_Date) VALUES ("3119868", "3119696", "2021-05-28");
INSERT INTO Project (Project_ID,Name,Summary,Project_Funds,Start_Date,End_Date,Executive_ID,Program_ID,Organization_ID,Research_Manager_ID) VALUES ("3119697", "Χαρτιού", "Εργαλείων έτοιμος διαφήμιση κάνεις προσλάμβανες.", "691436", "2021-01-05", "2023-04-12", "3119120", "3119058", "3119002", "3119354");
INSERT INTO Works_On (Researcher_ID,Project_ID,Start_Date) VALUES ("3119354", "3119697", "2021-01-05");
INSERT INTO Project (Project_ID,Name,Summary,Project_Funds,Start_Date,End_Date,Executive_ID,Program_ID,Organization_ID,Research_Manager_ID) VALUES ("3119698", "Την Εργασίας", "Παράδειγμα πετούν τι τη νέο φαινόμενο. Δύο σου δεδομένων ένα.", "245814", "2022-02-11", "2023-10-17", "3119001", "3119102", "3119011", "3119902");
INSERT INTO Works_On (Researcher_ID,Project_ID,Start_Date) VALUES ("3119902", "3119698", "2022-02-11");
INSERT INTO Project (Project_ID,Name,Summary,Project_Funds,Start_Date,End_Date,Executive_ID,Program_ID,Organization_ID,Research_Manager_ID) VALUES ("3119699", "Rerum Dolore", "Agent foreign who institution necessary language.", "508441", "2020-01-13", "2022-01-27", "3119043", "3119131", "3119007", "3119072");
INSERT INTO Works_On (Researcher_ID,Project_ID,Start_Date) VALUES ("3119072", "3119699", "2020-01-13");
INSERT INTO Project (Project_ID,Name,Summary,Project_Funds,Start_Date,End_Date,Executive_ID,Program_ID,Organization_ID,Research_Manager_ID) VALUES ("3119700", "Διάβασε Έγραψες", "One account conference condition certain she.", "815693", "2022-03-13", "2023-07-24", "3119104", "3119098", "3119047", "3119090");
INSERT INTO Works_On (Researcher_ID,Project_ID,Start_Date) VALUES ("3119090", "3119700", "2022-03-13");
INSERT INTO Project (Project_ID,Name,Summary,Project_Funds,Start_Date,End_Date,Executive_ID,Program_ID,Organization_ID,Research_Manager_ID) VALUES ("3119701", "Enim Eos Sunt", "Ακούσει χρειάζονται ως κλπ δημιουργήσεις σημεία λες. Στα άρα τη σας ροή.", "390671", "2021-12-25", "2024-03-11", "3119071", "3119150", "3119031", "3119580");
INSERT INTO Works_On (Researcher_ID,Project_ID,Start_Date) VALUES ("3119580", "3119701", "2021-12-25");
INSERT INTO Project (Project_ID,Name,Summary,Project_Funds,Start_Date,End_Date,Executive_ID,Program_ID,Organization_ID,Research_Manager_ID) VALUES ("3119702", "Εικόνες Εκδόσεις", "Είχαμε θα με ταξινομεί μεταφραστής. Τρόποι μια κώδικάς κι είχαμε άρα τα.", "184737", "2021-09-17", "2024-02-11", "3119027", "3119182", "3119022", "3119127");
INSERT INTO Works_On (Researcher_ID,Project_ID,Start_Date) VALUES ("3119127", "3119702", "2021-09-17");
INSERT INTO Project (Project_ID,Name,Summary,Project_Funds,Start_Date,End_Date,Executive_ID,Program_ID,Organization_ID,Research_Manager_ID) VALUES ("3119703", "Επιδιορθώσεις", "Libero ullam ratione tempora ipsa.", "803144", "2020-02-04", "2022-12-13", "3119005", "3119163", "3119016", "3119648");
INSERT INTO Works_On (Researcher_ID,Project_ID,Start_Date) VALUES ("3119648", "3119703", "2020-02-04");
INSERT INTO Project (Project_ID,Name,Summary,Project_Funds,Start_Date,End_Date,Executive_ID,Program_ID,Organization_ID,Research_Manager_ID) VALUES ("3119704", "Deleniti Illo Dicta", "Door fill wind avoid. East fast arrive believe generation religious.", "247758", "2022-02-24", "2025-06-20", "3119123", "3119010", "3119033", "3119683");
INSERT INTO Works_On (Researcher_ID,Project_ID,Start_Date) VALUES ("3119683", "3119704", "2022-02-24");
INSERT INTO Project (Project_ID,Name,Summary,Project_Funds,Start_Date,End_Date,Executive_ID,Program_ID,Organization_ID,Research_Manager_ID) VALUES ("3119705", "Περιβάλλον Κι", "Inventore molestias nemo deleniti.", "743465", "2020-11-18", "2024-09-22", "3119112", "3119175", "3119031", "3119412");
INSERT INTO Works_On (Researcher_ID,Project_ID,Start_Date) VALUES ("3119412", "3119705", "2020-11-18");
INSERT INTO Project (Project_ID,Name,Summary,Project_Funds,Start_Date,End_Date,Executive_ID,Program_ID,Organization_ID,Research_Manager_ID) VALUES ("3119706", "Voluptatem Iusto Ad", "Eaque optio reiciendis. Voluptatum quam perferendis totam eos sequi.", "396735", "2022-01-16", "2025-02-24", "3119183", "3119035", "3119025", "3119230");
INSERT INTO Works_On (Researcher_ID,Project_ID,Start_Date) VALUES ("3119230", "3119706", "2022-01-16");
INSERT INTO Project (Project_ID,Name,Summary,Project_Funds,Start_Date,End_Date,Executive_ID,Program_ID,Organization_ID,Research_Manager_ID) VALUES ("3119707", "Τρόπο Τι Επενδυτής", "Civil oil care increase blue. Church or TV professional about.", "391207", "2021-06-05", "2023-05-08", "3119180", "3119082", "3119046", "3119735");
INSERT INTO Works_On (Researcher_ID,Project_ID,Start_Date) VALUES ("3119735", "3119707", "2021-06-05");
INSERT INTO Project (Project_ID,Name,Summary,Project_Funds,Start_Date,End_Date,Executive_ID,Program_ID,Organization_ID,Research_Manager_ID) VALUES ("3119708", "Επιστρέφουν Μετράει", "Μια διακοπής εξαρτάται μέχρι. Λέει κειμένων πιο ήδη γραμμή λαμβάνουν.", "493878", "2019-11-29", "2021-01-08", "3119112", "3119193", "3119043", "3119697");
INSERT INTO Works_On (Researcher_ID,Project_ID,Start_Date) VALUES ("3119697", "3119708", "2019-11-29");
INSERT INTO Project (Project_ID,Name,Summary,Project_Funds,Start_Date,End_Date,Executive_ID,Program_ID,Organization_ID,Research_Manager_ID) VALUES ("3119709", "Temporibus Odit", "Ρουτίνα ποσοστό σίγουρος.", "558500", "2020-12-07", "2024-04-28", "3119037", "3119045", "3119017", "3119186");
INSERT INTO Works_On (Researcher_ID,Project_ID,Start_Date) VALUES ("3119186", "3119709", "2020-12-07");
INSERT INTO Project (Project_ID,Name,Summary,Project_Funds,Start_Date,End_Date,Executive_ID,Program_ID,Organization_ID,Research_Manager_ID) VALUES ("3119710", "Συνεχώς Ρουτίνα", "Debitis fuga necessitatibus minima laborum quis.", "235225", "2021-09-11", "2025-07-29", "3119083", "3119065", "3119031", "3119631");
INSERT INTO Works_On (Researcher_ID,Project_ID,Start_Date) VALUES ("3119631", "3119710", "2021-09-11");
INSERT INTO Project (Project_ID,Name,Summary,Project_Funds,Start_Date,End_Date,Executive_ID,Program_ID,Organization_ID,Research_Manager_ID) VALUES ("3119711", "Ξέχασε Απομόνωση", "Fall western audience reflect election in. Week past show too how.", "975008", "2019-12-15", "2022-07-25", "3119116", "3119065", "3119035", "3119373");
INSERT INTO Works_On (Researcher_ID,Project_ID,Start_Date) VALUES ("3119373", "3119711", "2019-12-15");
INSERT INTO Project (Project_ID,Name,Summary,Project_Funds,Start_Date,End_Date,Executive_ID,Program_ID,Organization_ID,Research_Manager_ID) VALUES ("3119712", "Δίνοντας Θέματα Πως", "Amet sapiente harum. Animi ipsum perspiciatis odio tempore enim impedit.", "485245", "2020-02-13", "2023-08-03", "3119189", "3119174", "3119011", "3119419");
INSERT INTO Works_On (Researcher_ID,Project_ID,Start_Date) VALUES ("3119419", "3119712", "2020-02-13");
INSERT INTO Project (Project_ID,Name,Summary,Project_Funds,Start_Date,End_Date,Executive_ID,Program_ID,Organization_ID,Research_Manager_ID) VALUES ("3119713", "Market Right Occur", "Εκτελέσει λιγότερο μεταγλωτιστής διευθυντές τελειώσει από.", "675430", "2022-03-01", "2025-12-13", "3119058", "3119124", "3119032", "3119459");
INSERT INTO Works_On (Researcher_ID,Project_ID,Start_Date) VALUES ("3119459", "3119713", "2022-03-01");
INSERT INTO Project (Project_ID,Name,Summary,Project_Funds,Start_Date,End_Date,Executive_ID,Program_ID,Organization_ID,Research_Manager_ID) VALUES ("3119714", "Company Officer", "Υψηλότερη αναφέρονται ανταγωνιστής απαρατήρητο. Ανά εκείνου πλέον πλέον.", "500516", "2022-04-21", "2025-04-10", "3119030", "3119048", "3119018", "3119526");
INSERT INTO Works_On (Researcher_ID,Project_ID,Start_Date) VALUES ("3119526", "3119714", "2022-04-21");
INSERT INTO Project (Project_ID,Name,Summary,Project_Funds,Start_Date,End_Date,Executive_ID,Program_ID,Organization_ID,Research_Manager_ID) VALUES ("3119715", "Amet Assumenda", "Debitis assumenda sit accusantium voluptatem. Ipsam quas vitae possimus.", "402571", "2021-10-07", "2025-01-25", "3119139", "3119013", "3119035", "3119582");
INSERT INTO Works_On (Researcher_ID,Project_ID,Start_Date) VALUES ("3119582", "3119715", "2021-10-07");
INSERT INTO Project (Project_ID,Name,Summary,Project_Funds,Start_Date,End_Date,Executive_ID,Program_ID,Organization_ID,Research_Manager_ID) VALUES ("3119716", "Might Special", "Hot success citizen million discuss official citizen.", "689134", "2020-06-25", "2021-08-16", "3119077", "3119199", "3119045", "3119640");
INSERT INTO Works_On (Researcher_ID,Project_ID,Start_Date) VALUES ("3119640", "3119716", "2020-06-25");
INSERT INTO Project (Project_ID,Name,Summary,Project_Funds,Start_Date,End_Date,Executive_ID,Program_ID,Organization_ID,Research_Manager_ID) VALUES ("3119717", "Easy Authority", "Έξι ιδιαίτερα γραμμές τον πάντα. Στέλνοντάς νιρβάνα διορθώσεις.", "468031", "2020-12-14", "2022-10-28", "3119128", "3119002", "3119038", "3120182");
INSERT INTO Works_On (Researcher_ID,Project_ID,Start_Date) VALUES ("3120182", "3119717", "2020-12-14");
INSERT INTO Project (Project_ID,Name,Summary,Project_Funds,Start_Date,End_Date,Executive_ID,Program_ID,Organization_ID,Research_Manager_ID) VALUES ("3119718", "Ίδιο Ήδη Του", "Απίστευτα φράση σταματάς λαμβάνουν δεν.", "639302", "2022-05-01", "2026-04-26", "3119148", "3119196", "3119006", "3119400");
INSERT INTO Works_On (Researcher_ID,Project_ID,Start_Date) VALUES ("3119400", "3119718", "2022-05-01");
INSERT INTO Project (Project_ID,Name,Summary,Project_Funds,Start_Date,End_Date,Executive_ID,Program_ID,Organization_ID,Research_Manager_ID) VALUES ("3119719", "Land Reason Former", "Τέλειοι ένα αντιλήφθηκαν έλεγχος μετράει που απόλαυσε.", "649019", "2021-11-25", "2023-11-01", "3119043", "3119162", "3119018", "3119595");
INSERT INTO Works_On (Researcher_ID,Project_ID,Start_Date) VALUES ("3119595", "3119719", "2021-11-25");
INSERT INTO Project (Project_ID,Name,Summary,Project_Funds,Start_Date,End_Date,Executive_ID,Program_ID,Organization_ID,Research_Manager_ID) VALUES ("3119720", "Molestiae", "Συνάδελφος κανόνα αθόρυβες αντιλήφθηκαν της κάτι. Όσο μα τοπικές ότι του.", "171559", "2021-08-18", "2023-12-19", "3119022", "3119114", "3119008", "3119275");
INSERT INTO Works_On (Researcher_ID,Project_ID,Start_Date) VALUES ("3119275", "3119720", "2021-08-18");
INSERT INTO Project (Project_ID,Name,Summary,Project_Funds,Start_Date,End_Date,Executive_ID,Program_ID,Organization_ID,Research_Manager_ID) VALUES ("3119721", "Vel Ratione Veniam", "Φράση ακούσει χώρου ήδη προβληματική.", "904687", "2022-02-24", "2023-08-12", "3119062", "3119116", "3119012", "3119750");
INSERT INTO Works_On (Researcher_ID,Project_ID,Start_Date) VALUES ("3119750", "3119721", "2022-02-24");
INSERT INTO Project (Project_ID,Name,Summary,Project_Funds,Start_Date,End_Date,Executive_ID,Program_ID,Organization_ID,Research_Manager_ID) VALUES ("3119722", "Ένας Μέχρι Ωραίο", "Γεγονός επί όχι μαγικά πάντως δε. Συνεχώς ας εξακολουθεί ημέρα.", "354947", "2020-11-11", "2022-05-15", "3119094", "3119073", "3119038", "3119049");
INSERT INTO Works_On (Researcher_ID,Project_ID,Start_Date) VALUES ("3119049", "3119722", "2020-11-11");
INSERT INTO Project (Project_ID,Name,Summary,Project_Funds,Start_Date,End_Date,Executive_ID,Program_ID,Organization_ID,Research_Manager_ID) VALUES ("3119723", "Ρωτάει Συγχωνευτεί", "Επιδιόρθωση συγχρόνως οι σας της δύο συγγραφής.", "669912", "2020-04-19", "2022-10-31", "3119058", "3119107", "3119022", "3119194");
INSERT INTO Works_On (Researcher_ID,Project_ID,Start_Date) VALUES ("3119194", "3119723", "2020-04-19");
INSERT INTO Project (Project_ID,Name,Summary,Project_Funds,Start_Date,End_Date,Executive_ID,Program_ID,Organization_ID,Research_Manager_ID) VALUES ("3119724", "Εκθέσεις Δίνοντας", "Λες πολύ πως. Προσπαθούν εργασίας δυστυχώς συγχωνευτεί όχι γνωστή.", "428538", "2019-11-23", "2023-08-24", "3119123", "3119039", "3119047", "3119657");
INSERT INTO Works_On (Researcher_ID,Project_ID,Start_Date) VALUES ("3119657", "3119724", "2019-11-23");
INSERT INTO Project (Project_ID,Name,Summary,Project_Funds,Start_Date,End_Date,Executive_ID,Program_ID,Organization_ID,Research_Manager_ID) VALUES ("3119725", "Με Δυστυχώς Μέγιστη", "Σταματάς ανακλύψεις όσο ίδιο διαδίκτυο.", "948805", "2020-10-01", "2022-03-22", "3119134", "3119099", "3119026", "3119204");
INSERT INTO Works_On (Researcher_ID,Project_ID,Start_Date) VALUES ("3119204", "3119725", "2020-10-01");
INSERT INTO Project (Project_ID,Name,Summary,Project_Funds,Start_Date,End_Date,Executive_ID,Program_ID,Organization_ID,Research_Manager_ID) VALUES ("3119726", "Όσο Είχαμε Τους Ο", "Νέων πως θέματα προσλάμβανες άπειρα. Πάντως παράδειγμα με πες μέρος πες.", "923942", "2021-08-27", "2023-08-31", "3119136", "3119111", "3119027", "3119770");
INSERT INTO Works_On (Researcher_ID,Project_ID,Start_Date) VALUES ("3119770", "3119726", "2021-08-27");
INSERT INTO Project (Project_ID,Name,Summary,Project_Funds,Start_Date,End_Date,Executive_ID,Program_ID,Organization_ID,Research_Manager_ID) VALUES ("3119727", "Απλό Ακούσει", "Κάνεις γειτονιάς ρωτάει εντολές σου ως.", "336476", "2021-06-08", "2023-07-05", "3119109", "3119153", "3119040", "3120039");
INSERT INTO Works_On (Researcher_ID,Project_ID,Start_Date) VALUES ("3120039", "3119727", "2021-06-08");
INSERT INTO Project (Project_ID,Name,Summary,Project_Funds,Start_Date,End_Date,Executive_ID,Program_ID,Organization_ID,Research_Manager_ID) VALUES ("3119728", "Χάος Κάνεις", "Eos amet veniam rem. Dolore vel voluptatem aspernatur quia doloribus.", "551027", "2021-11-07", "2025-10-21", "3119030", "3119174", "3119013", "3119486");
INSERT INTO Works_On (Researcher_ID,Project_ID,Start_Date) VALUES ("3119486", "3119728", "2021-11-07");
INSERT INTO Project (Project_ID,Name,Summary,Project_Funds,Start_Date,End_Date,Executive_ID,Program_ID,Organization_ID,Research_Manager_ID) VALUES ("3119729", "Option Appear Grow", "Πολύ συνέχεια λέει γραμμή μέχρι.", "353963", "2020-01-03", "2023-05-02", "3119072", "3119116", "3119027", "3119084");
INSERT INTO Works_On (Researcher_ID,Project_ID,Start_Date) VALUES ("3119084", "3119729", "2020-01-03");
INSERT INTO Project (Project_ID,Name,Summary,Project_Funds,Start_Date,End_Date,Executive_ID,Program_ID,Organization_ID,Research_Manager_ID) VALUES ("3119730", "Μεταγλωτιστής Επί", "Saepe eos cumque asperiores eos commodi.", "944992", "2021-05-12", "2023-07-28", "3119076", "3119063", "3119003", "3119839");
INSERT INTO Works_On (Researcher_ID,Project_ID,Start_Date) VALUES ("3119839", "3119730", "2021-05-12");
INSERT INTO Project (Project_ID,Name,Summary,Project_Funds,Start_Date,End_Date,Executive_ID,Program_ID,Organization_ID,Research_Manager_ID) VALUES ("3119731", "Rerum Incidunt Vero", "Πάντως νιρβάνα σε σου ίδιο προσπαθήσεις ήδη.", "626788", "2019-12-18", "2022-06-11", "3119074", "3119031", "3119008", "3119863");
INSERT INTO Works_On (Researcher_ID,Project_ID,Start_Date) VALUES ("3119863", "3119731", "2019-12-18");
INSERT INTO Project (Project_ID,Name,Summary,Project_Funds,Start_Date,End_Date,Executive_ID,Program_ID,Organization_ID,Research_Manager_ID) VALUES ("3119732", "Modi Itaque Id Cum", "Εφαρμογής προγραμματιστής της αποδείξεις άτομο επιδιορθώσεις.", "252779", "2021-07-27", "2024-12-14", "3119109", "3119033", "3119007", "3119288");
INSERT INTO Works_On (Researcher_ID,Project_ID,Start_Date) VALUES ("3119288", "3119732", "2021-07-27");
INSERT INTO Project (Project_ID,Name,Summary,Project_Funds,Start_Date,End_Date,Executive_ID,Program_ID,Organization_ID,Research_Manager_ID) VALUES ("3119733", "Ducimus Minus Iure", "Quas accusantium praesentium quam placeat.", "362700", "2019-12-26", "2021-10-30", "3119094", "3119117", "3119044", "3119682");
INSERT INTO Works_On (Researcher_ID,Project_ID,Start_Date) VALUES ("3119682", "3119733", "2019-12-26");
INSERT INTO Project (Project_ID,Name,Summary,Project_Funds,Start_Date,End_Date,Executive_ID,Program_ID,Organization_ID,Research_Manager_ID) VALUES ("3119734", "Άρα Βάζοντας Αρέσει", "Eveniet illum corrupti accusamus. Tempora eius nam quos asperiores iure.", "524226", "2020-10-07", "2022-01-31", "3119199", "3119069", "3119008", "3119730");
INSERT INTO Works_On (Researcher_ID,Project_ID,Start_Date) VALUES ("3119730", "3119734", "2020-10-07");
INSERT INTO Project (Project_ID,Name,Summary,Project_Funds,Start_Date,End_Date,Executive_ID,Program_ID,Organization_ID,Research_Manager_ID) VALUES ("3119735", "Να Και Έχω Μιας", "Aperiam dolor eius eos aut odit.", "418250", "2021-06-09", "2023-06-30", "3119141", "3119099", "3119007", "3119046");
INSERT INTO Works_On (Researcher_ID,Project_ID,Start_Date) VALUES ("3119046", "3119735", "2021-06-09");
INSERT INTO Project (Project_ID,Name,Summary,Project_Funds,Start_Date,End_Date,Executive_ID,Program_ID,Organization_ID,Research_Manager_ID) VALUES ("3119736", "Eveniet Sint Beatae", "Ποια βιβλίο χρόνου περισσότερη πως πάντα έχω.", "554147", "2021-01-19", "2023-09-17", "3119089", "3119076", "3119041", "3119760");
INSERT INTO Works_On (Researcher_ID,Project_ID,Start_Date) VALUES ("3119760", "3119736", "2021-01-19");
INSERT INTO Project (Project_ID,Name,Summary,Project_Funds,Start_Date,End_Date,Executive_ID,Program_ID,Organization_ID,Research_Manager_ID) VALUES ("3119737", "Only Sister Not", "Ένα υόρκη γεγονός τεσσαρών στα δουλεύει για πολύ.", "975853", "2021-12-03", "2023-01-03", "3119184", "3119091", "3119028", "3119806");
INSERT INTO Works_On (Researcher_ID,Project_ID,Start_Date) VALUES ("3119806", "3119737", "2021-12-03");
INSERT INTO Project (Project_ID,Name,Summary,Project_Funds,Start_Date,End_Date,Executive_ID,Program_ID,Organization_ID,Research_Manager_ID) VALUES ("3119738", "Συνεχώς Πακέτων", "Πλέον έτοιμος ανακλύψεις στο αναφορά αγοράζοντας μπορούσες.", "197508", "2022-01-17", "2023-11-08", "3119181", "3119044", "3119021", "3119937");
INSERT INTO Works_On (Researcher_ID,Project_ID,Start_Date) VALUES ("3119937", "3119738", "2022-01-17");
INSERT INTO Project (Project_ID,Name,Summary,Project_Funds,Start_Date,End_Date,Executive_ID,Program_ID,Organization_ID,Research_Manager_ID) VALUES ("3119739", "Ipsum In Tempora", "Consequatur harum natus harum neque dolor. Dolores harum natus assumenda.", "588962", "2021-11-09", "2024-12-07", "3119096", "3119058", "3119010", "3119583");
INSERT INTO Works_On (Researcher_ID,Project_ID,Start_Date) VALUES ("3119583", "3119739", "2021-11-09");
INSERT INTO Project (Project_ID,Name,Summary,Project_Funds,Start_Date,End_Date,Executive_ID,Program_ID,Organization_ID,Research_Manager_ID) VALUES ("3119740", "Sint Facere Placeat", "Maxime harum corporis voluptates neque commodi fugit.", "182395", "2020-02-01", "2023-06-06", "3119166", "3119102", "3119044", "3119348");
INSERT INTO Works_On (Researcher_ID,Project_ID,Start_Date) VALUES ("3119348", "3119740", "2020-02-01");
INSERT INTO Project (Project_ID,Name,Summary,Project_Funds,Start_Date,End_Date,Executive_ID,Program_ID,Organization_ID,Research_Manager_ID) VALUES ("3119741", "Εργαζόμενοι Και", "Ένας εκτελείται ορίστε ίδιο πάντως σκεφτείς. Νέων τους διαχειριστής.", "312694", "2021-07-11", "2023-11-09", "3119158", "3119054", "3119043", "3119210");
INSERT INTO Works_On (Researcher_ID,Project_ID,Start_Date) VALUES ("3119210", "3119741", "2021-07-11");
INSERT INTO Project (Project_ID,Name,Summary,Project_Funds,Start_Date,End_Date,Executive_ID,Program_ID,Organization_ID,Research_Manager_ID) VALUES ("3119742", "Art Resource Career", "Δυστυχώς κάτι τύπους εργαζόμενοι περισσότερες κύκλο. Εδώ μέσης δε.", "207739", "2021-08-25", "2023-03-25", "3119162", "3119093", "3119010", "3119613");
INSERT INTO Works_On (Researcher_ID,Project_ID,Start_Date) VALUES ("3119613", "3119742", "2021-08-25");
INSERT INTO Project (Project_ID,Name,Summary,Project_Funds,Start_Date,End_Date,Executive_ID,Program_ID,Organization_ID,Research_Manager_ID) VALUES ("3119743", "Dignissimos Quaerat", "Base woman money arrive degree. Fly realize price blue me.", "502956", "2021-04-19", "2024-03-21", "3119171", "3119088", "3119031", "3119952");
INSERT INTO Works_On (Researcher_ID,Project_ID,Start_Date) VALUES ("3119952", "3119743", "2021-04-19");
INSERT INTO Project (Project_ID,Name,Summary,Project_Funds,Start_Date,End_Date,Executive_ID,Program_ID,Organization_ID,Research_Manager_ID) VALUES ("3119744", "Αρχεία Σαν Μάθε Σαν", "Around pretty of good last rate skill. Music boy run involve stage.", "371098", "2020-07-05", "2023-02-01", "3119087", "3119140", "3119029", "3119424");
INSERT INTO Works_On (Researcher_ID,Project_ID,Start_Date) VALUES ("3119424", "3119744", "2020-07-05");
INSERT INTO Project (Project_ID,Name,Summary,Project_Funds,Start_Date,End_Date,Executive_ID,Program_ID,Organization_ID,Research_Manager_ID) VALUES ("3119745", "Quas Quibusdam", "The them day life your individual. Show hear shake tell occur.", "108289", "2020-11-06", "2022-06-29", "3119056", "3119010", "3119035", "3119296");
INSERT INTO Works_On (Researcher_ID,Project_ID,Start_Date) VALUES ("3119296", "3119745", "2020-11-06");
INSERT INTO Project (Project_ID,Name,Summary,Project_Funds,Start_Date,End_Date,Executive_ID,Program_ID,Organization_ID,Research_Manager_ID) VALUES ("3119746", "Error Sapiente", "Πες αυτήν αν ζητήσεις είχαμε.", "842567", "2021-11-05", "2023-03-13", "3119177", "3119049", "3119003", "3119245");
INSERT INTO Works_On (Researcher_ID,Project_ID,Start_Date) VALUES ("3119245", "3119746", "2021-11-05");
INSERT INTO Project (Project_ID,Name,Summary,Project_Funds,Start_Date,End_Date,Executive_ID,Program_ID,Organization_ID,Research_Manager_ID) VALUES ("3119747", "Δε Ρουτίνα Τα Για", "Διακοπής από τελειώσει εδώ πετάνε έξι ιδιαίτερα.", "145859", "2020-05-08", "2023-06-07", "3119111", "3119060", "3119041", "3119359");
INSERT INTO Works_On (Researcher_ID,Project_ID,Start_Date) VALUES ("3119359", "3119747", "2020-05-08");
INSERT INTO Project (Project_ID,Name,Summary,Project_Funds,Start_Date,End_Date,Executive_ID,Program_ID,Organization_ID,Research_Manager_ID) VALUES ("3119748", "Labore Id Doloribus", "Περιεχόμενα τα κλπ κάτι χαρτιού.", "209704", "2022-02-23", "2023-08-24", "3119179", "3119124", "3119037", "3119121");
INSERT INTO Works_On (Researcher_ID,Project_ID,Start_Date) VALUES ("3119121", "3119748", "2022-02-23");
INSERT INTO Project (Project_ID,Name,Summary,Project_Funds,Start_Date,End_Date,Executive_ID,Program_ID,Organization_ID,Research_Manager_ID) VALUES ("3119749", "Reveal Present", "Toward various night industry.", "679311", "2020-07-23", "2021-12-16", "3119195", "3119043", "3119025", "3119671");
INSERT INTO Works_On (Researcher_ID,Project_ID,Start_Date) VALUES ("3119671", "3119749", "2020-07-23");
INSERT INTO Project (Project_ID,Name,Summary,Project_Funds,Start_Date,End_Date,Executive_ID,Program_ID,Organization_ID,Research_Manager_ID) VALUES ("3119750", "Ut Excepturi Nam", "Ένα επί έλεγχος τύπου γειτονιάς δε θυμάμαι δυστυχώς.", "705628", "2021-10-31", "2024-12-28", "3119193", "3119081", "3119008", "3119910");
INSERT INTO Works_On (Researcher_ID,Project_ID,Start_Date) VALUES ("3119910", "3119750", "2021-10-31");
INSERT INTO Project (Project_ID,Name,Summary,Project_Funds,Start_Date,End_Date,Executive_ID,Program_ID,Organization_ID,Research_Manager_ID) VALUES ("3119751", "Στο Δύο Ας", "Chair mean support often police just relate.", "470601", "2019-11-24", "2023-03-02", "3119031", "3119076", "3119008", "3119041");
INSERT INTO Works_On (Researcher_ID,Project_ID,Start_Date) VALUES ("3119041", "3119751", "2019-11-24");
INSERT INTO Project (Project_ID,Name,Summary,Project_Funds,Start_Date,End_Date,Executive_ID,Program_ID,Organization_ID,Research_Manager_ID) VALUES ("3119752", "Διευθυντές", "Μεταγλωτιστής μου διαδίκτυο γέλασαν ρουτίνα υψηλότερη φαινόμενο.", "883772", "2021-07-17", "2025-03-03", "3119049", "3119193", "3119010", "3119248");
INSERT INTO Works_On (Researcher_ID,Project_ID,Start_Date) VALUES ("3119248", "3119752", "2021-07-17");
INSERT INTO Project (Project_ID,Name,Summary,Project_Funds,Start_Date,End_Date,Executive_ID,Program_ID,Organization_ID,Research_Manager_ID) VALUES ("3119753", "Doloremque", "Διάβασε δωροδοκηθούν συγκεντρωμένοι τον θέμα.", "226766", "2021-11-10", "2025-05-24", "3119028", "3119072", "3119042", "3119066");
INSERT INTO Works_On (Researcher_ID,Project_ID,Start_Date) VALUES ("3119066", "3119753", "2021-11-10");
INSERT INTO Project (Project_ID,Name,Summary,Project_Funds,Start_Date,End_Date,Executive_ID,Program_ID,Organization_ID,Research_Manager_ID) VALUES ("3119754", "Να Πες Αυτήν Ένα", "Return majority commercial both focus available.", "930098", "2021-03-15", "2022-03-20", "3119107", "3119092", "3119015", "3119889");
INSERT INTO Works_On (Researcher_ID,Project_ID,Start_Date) VALUES ("3119889", "3119754", "2021-03-15");
INSERT INTO Project (Project_ID,Name,Summary,Project_Funds,Start_Date,End_Date,Executive_ID,Program_ID,Organization_ID,Research_Manager_ID) VALUES ("3119755", "Reiciendis Numquam", "Excepturi eos molestias adipisci suscipit.", "563497", "2022-01-10", "2024-12-01", "3119163", "3119189", "3119046", "3119379");
INSERT INTO Works_On (Researcher_ID,Project_ID,Start_Date) VALUES ("3119379", "3119755", "2022-01-10");
INSERT INTO Project (Project_ID,Name,Summary,Project_Funds,Start_Date,End_Date,Executive_ID,Program_ID,Organization_ID,Research_Manager_ID) VALUES ("3119756", "Quos Fugit Maxime", "Numquam distinctio quia ab beatae ab magnam hic.", "153628", "2021-03-15", "2022-03-30", "3119197", "3119034", "3119041", "3119263");
INSERT INTO Works_On (Researcher_ID,Project_ID,Start_Date) VALUES ("3119263", "3119756", "2021-03-15");
INSERT INTO Project (Project_ID,Name,Summary,Project_Funds,Start_Date,End_Date,Executive_ID,Program_ID,Organization_ID,Research_Manager_ID) VALUES ("3119757", "Αποκλειστικούς", "Θέμα επενδυτής με. Προσοχή δημιουργείς προσθέσει κώδικάς πάρα.", "213309", "2021-10-16", "2022-11-13", "3119035", "3119107", "3119036", "3119208");
INSERT INTO Works_On (Researcher_ID,Project_ID,Start_Date) VALUES ("3119208", "3119757", "2021-10-16");
INSERT INTO Project (Project_ID,Name,Summary,Project_Funds,Start_Date,End_Date,Executive_ID,Program_ID,Organization_ID,Research_Manager_ID) VALUES ("3119758", "Nostrum Id At Id", "Βιβλίο την ωραίο ένας εταιρείες τη αν.", "743725", "2021-06-12", "2024-03-31", "3119102", "3119059", "3119041", "3120188");
INSERT INTO Works_On (Researcher_ID,Project_ID,Start_Date) VALUES ("3120188", "3119758", "2021-06-12");
INSERT INTO Project (Project_ID,Name,Summary,Project_Funds,Start_Date,End_Date,Executive_ID,Program_ID,Organization_ID,Research_Manager_ID) VALUES ("3119759", "Έχω Κόλπα Με Μέχρι", "Φαινόμενο στο κρατήσουν σημαντικός δεν πάντως.", "672181", "2019-12-24", "2023-11-19", "3119128", "3119084", "3119034", "3119773");
INSERT INTO Works_On (Researcher_ID,Project_ID,Start_Date) VALUES ("3119773", "3119759", "2019-12-24");
INSERT INTO Project (Project_ID,Name,Summary,Project_Funds,Start_Date,End_Date,Executive_ID,Program_ID,Organization_ID,Research_Manager_ID) VALUES ("3119760", "Ratione Dolor", "Ως νέων έχω ως αποδείξεις συνεχώς.", "468651", "2021-09-13", "2022-10-12", "3119078", "3119174", "3119027", "3119328");
INSERT INTO Works_On (Researcher_ID,Project_ID,Start_Date) VALUES ("3119328", "3119760", "2021-09-13");
INSERT INTO Project (Project_ID,Name,Summary,Project_Funds,Start_Date,End_Date,Executive_ID,Program_ID,Organization_ID,Research_Manager_ID) VALUES ("3119761", "Dolore Excepturi", "Θα προσπαθήσεις προκύπτουν παράγοντες σπίτι αρέσει.", "120294", "2021-10-30", "2023-06-15", "3119125", "3119044", "3119026", "3119916");
INSERT INTO Works_On (Researcher_ID,Project_ID,Start_Date) VALUES ("3119916", "3119761", "2021-10-30");
INSERT INTO Project (Project_ID,Name,Summary,Project_Funds,Start_Date,End_Date,Executive_ID,Program_ID,Organization_ID,Research_Manager_ID) VALUES ("3119762", "Ullam Ipsa Eligendi", "Επιδιορθώσεις γνωρίζουμε στις διαχειριστής.", "739068", "2021-08-22", "2023-11-28", "3119025", "3119074", "3119013", "3119184");
INSERT INTO Works_On (Researcher_ID,Project_ID,Start_Date) VALUES ("3119184", "3119762", "2021-08-22");
INSERT INTO Project (Project_ID,Name,Summary,Project_Funds,Start_Date,End_Date,Executive_ID,Program_ID,Organization_ID,Research_Manager_ID) VALUES ("3119763", "Dolores Iste Nobis", "Repellat voluptatem perspiciatis.", "460282", "2020-09-18", "2023-06-02", "3119093", "3119122", "3119014", "3120162");
INSERT INTO Works_On (Researcher_ID,Project_ID,Start_Date) VALUES ("3120162", "3119763", "2020-09-18");
INSERT INTO Project (Project_ID,Name,Summary,Project_Funds,Start_Date,End_Date,Executive_ID,Program_ID,Organization_ID,Research_Manager_ID) VALUES ("3119764", "Est Nulla Culpa", "Περισσότερες τις την χώρου. Σωστά ωραίο περιβάλλοντος εδώ επί κόλπα.", "741586", "2020-06-23", "2022-11-26", "3119136", "3119055", "3119035", "3119292");
INSERT INTO Works_On (Researcher_ID,Project_ID,Start_Date) VALUES ("3119292", "3119764", "2020-06-23");
INSERT INTO Project (Project_ID,Name,Summary,Project_Funds,Start_Date,End_Date,Executive_ID,Program_ID,Organization_ID,Research_Manager_ID) VALUES ("3119765", "Unit Professional", "Σπίτι χρόνου κι ευκολότερο σαν ροή για.", "514150", "2020-07-08", "2021-11-02", "3119072", "3119137", "3119043", "3119738");
INSERT INTO Works_On (Researcher_ID,Project_ID,Start_Date) VALUES ("3119738", "3119765", "2020-07-08");
INSERT INTO Project (Project_ID,Name,Summary,Project_Funds,Start_Date,End_Date,Executive_ID,Program_ID,Organization_ID,Research_Manager_ID) VALUES ("3119766", "Culture Lay Wall", "Aliquid perferendis sit ad eius vitae laudantium.", "110262", "2020-12-08", "2024-12-05", "3119052", "3119151", "3119006", "3119284");
INSERT INTO Works_On (Researcher_ID,Project_ID,Start_Date) VALUES ("3119284", "3119766", "2020-12-08");
INSERT INTO Project (Project_ID,Name,Summary,Project_Funds,Start_Date,End_Date,Executive_ID,Program_ID,Organization_ID,Research_Manager_ID) VALUES ("3119767", "Investment While", "Modi modi ad totam. Soluta deserunt eaque fugiat.", "755500", "2020-03-14", "2023-03-31", "3119115", "3119051", "3119000", "3119660");
INSERT INTO Works_On (Researcher_ID,Project_ID,Start_Date) VALUES ("3119660", "3119767", "2020-03-14");
INSERT INTO Project (Project_ID,Name,Summary,Project_Funds,Start_Date,End_Date,Executive_ID,Program_ID,Organization_ID,Research_Manager_ID) VALUES ("3119768", "Movie Avoid Voice", "Κάτι περίπου εργοστασίου απίστευτα τύπους.", "632244", "2019-12-11", "2023-02-25", "3119097", "3119029", "3119004", "3119525");
INSERT INTO Works_On (Researcher_ID,Project_ID,Start_Date) VALUES ("3119525", "3119768", "2019-12-11");
INSERT INTO Project (Project_ID,Name,Summary,Project_Funds,Start_Date,End_Date,Executive_ID,Program_ID,Organization_ID,Research_Manager_ID) VALUES ("3119769", "Ζητήσεις Κόψεις", "Optio occaecati incidunt voluptates maiores nisi molestias.", "580776", "2020-09-07", "2023-05-14", "3119182", "3119091", "3119008", "3119670");
INSERT INTO Works_On (Researcher_ID,Project_ID,Start_Date) VALUES ("3119670", "3119769", "2020-09-07");
INSERT INTO Project (Project_ID,Name,Summary,Project_Funds,Start_Date,End_Date,Executive_ID,Program_ID,Organization_ID,Research_Manager_ID) VALUES ("3119770", "Άρα Απαράδεκτη", "Iusto quo ex nobis nesciunt veniam ex beatae.", "713109", "2020-06-13", "2022-03-14", "3119039", "3119144", "3119025", "3119826");
INSERT INTO Works_On (Researcher_ID,Project_ID,Start_Date) VALUES ("3119826", "3119770", "2020-06-13");
INSERT INTO Project (Project_ID,Name,Summary,Project_Funds,Start_Date,End_Date,Executive_ID,Program_ID,Organization_ID,Research_Manager_ID) VALUES ("3119771", "Συγκεντρωμένοι", "Κι επιδιορθώσεις πλέον τις αν με.", "114695", "2020-01-03", "2021-05-31", "3119165", "3119092", "3119024", "3119102");
INSERT INTO Works_On (Researcher_ID,Project_ID,Start_Date) VALUES ("3119102", "3119771", "2020-01-03");
INSERT INTO Project (Project_ID,Name,Summary,Project_Funds,Start_Date,End_Date,Executive_ID,Program_ID,Organization_ID,Research_Manager_ID) VALUES ("3119772", "Money First Wish", "Past similar more away education. Series south career in film me lawyer.", "882606", "2021-07-17", "2024-01-25", "3119168", "3119187", "3119013", "3119772");
INSERT INTO Works_On (Researcher_ID,Project_ID,Start_Date) VALUES ("3119772", "3119772", "2021-07-17");
INSERT INTO Project (Project_ID,Name,Summary,Project_Funds,Start_Date,End_Date,Executive_ID,Program_ID,Organization_ID,Research_Manager_ID) VALUES ("3119773", "Architecto", "Voluptate libero debitis quibusdam amet asperiores eaque numquam.", "434171", "2021-03-31", "2023-07-17", "3119044", "3119185", "3119043", "3119064");
INSERT INTO Works_On (Researcher_ID,Project_ID,Start_Date) VALUES ("3119064", "3119773", "2021-03-31");
INSERT INTO Project (Project_ID,Name,Summary,Project_Funds,Start_Date,End_Date,Executive_ID,Program_ID,Organization_ID,Research_Manager_ID) VALUES ("3119774", "Nulla Eum", "Εργαζόμενοι αποστηθίσει όχι αναφορά μεταγλωτίσει μέχρι.", "853974", "2022-04-22", "2025-06-09", "3119067", "3119021", "3119019", "3119381");
INSERT INTO Works_On (Researcher_ID,Project_ID,Start_Date) VALUES ("3119381", "3119774", "2022-04-22");
INSERT INTO Project (Project_ID,Name,Summary,Project_Funds,Start_Date,End_Date,Executive_ID,Program_ID,Organization_ID,Research_Manager_ID) VALUES ("3119775", "Popular Wait", "Άλγεβρα τεσσαρών για μέχρι που. Σε περισσότερες σε.", "827685", "2022-02-26", "2025-02-16", "3119124", "3119114", "3119029", "3119334");
INSERT INTO Works_On (Researcher_ID,Project_ID,Start_Date) VALUES ("3119334", "3119775", "2022-02-26");
INSERT INTO Project (Project_ID,Name,Summary,Project_Funds,Start_Date,End_Date,Executive_ID,Program_ID,Organization_ID,Research_Manager_ID) VALUES ("3119776", "Τελειώσει Κανόνα", "Παραδοτέου πλέον από συγγραφείς στις κύκλο συνεντεύξεις οι.", "467421", "2019-12-17", "2023-11-20", "3119176", "3119009", "3119020", "3119044");
INSERT INTO Works_On (Researcher_ID,Project_ID,Start_Date) VALUES ("3119044", "3119776", "2019-12-17");
INSERT INTO Project (Project_ID,Name,Summary,Project_Funds,Start_Date,End_Date,Executive_ID,Program_ID,Organization_ID,Research_Manager_ID) VALUES ("3119777", "Ότι Εκτός Επί", "Quia accusamus cumque laudantium illum iusto.", "214522", "2020-05-26", "2022-04-14", "3119092", "3119024", "3119024", "3119610");
INSERT INTO Works_On (Researcher_ID,Project_ID,Start_Date) VALUES ("3119610", "3119777", "2020-05-26");
INSERT INTO Project (Project_ID,Name,Summary,Project_Funds,Start_Date,End_Date,Executive_ID,Program_ID,Organization_ID,Research_Manager_ID) VALUES ("3119778", "Φαινόμενο", "Better alone foot there art poor. Truth million somebody when my.", "928555", "2021-06-25", "2024-01-24", "3119071", "3119057", "3119029", "3119076");
INSERT INTO Works_On (Researcher_ID,Project_ID,Start_Date) VALUES ("3119076", "3119778", "2021-06-25");
INSERT INTO Project (Project_ID,Name,Summary,Project_Funds,Start_Date,End_Date,Executive_ID,Program_ID,Organization_ID,Research_Manager_ID) VALUES ("3119779", "Οι Περιβάλλον Ανά", "High really heart throughout exactly certainly. Company wear during high.", "802756", "2020-10-16", "2023-07-12", "3119029", "3119197", "3119032", "3120008");
INSERT INTO Works_On (Researcher_ID,Project_ID,Start_Date) VALUES ("3120008", "3119779", "2020-10-16");
INSERT INTO Project (Project_ID,Name,Summary,Project_Funds,Start_Date,End_Date,Executive_ID,Program_ID,Organization_ID,Research_Manager_ID) VALUES ("3119780", "Crime Particularly", "Πακέτων ένας τρόπο πιο εφαρμογής. Σε χάος απόλαυσε μέσης επί διάβασε.", "522251", "2021-10-30", "2023-10-05", "3119117", "3119153", "3119043", "3119880");
INSERT INTO Works_On (Researcher_ID,Project_ID,Start_Date) VALUES ("3119880", "3119780", "2021-10-30");
INSERT INTO Project (Project_ID,Name,Summary,Project_Funds,Start_Date,End_Date,Executive_ID,Program_ID,Organization_ID,Research_Manager_ID) VALUES ("3119781", "Στήλες Λες Μάλλον", "Dolore quas iste amet.", "602792", "2020-01-09", "2023-04-30", "3119167", "3119156", "3119042", "3119466");
INSERT INTO Works_On (Researcher_ID,Project_ID,Start_Date) VALUES ("3119466", "3119781", "2020-01-09");
INSERT INTO Project (Project_ID,Name,Summary,Project_Funds,Start_Date,End_Date,Executive_ID,Program_ID,Organization_ID,Research_Manager_ID) VALUES ("3119782", "Των Άτομο Δεν", "Που σταματάς εργαζόμενοι δύο περιβάλλον.", "465660", "2022-05-19", "2023-05-31", "3119029", "3119022", "3119011", "3119177");
INSERT INTO Works_On (Researcher_ID,Project_ID,Start_Date) VALUES ("3119177", "3119782", "2022-05-19");
INSERT INTO Project (Project_ID,Name,Summary,Project_Funds,Start_Date,End_Date,Executive_ID,Program_ID,Organization_ID,Research_Manager_ID) VALUES ("3119783", "Side Figure Above", "Ας μα διαδίκτυο σας. Παίρνει δύο αποθηκευτικού εργαλείων.", "318883", "2021-02-26", "2023-12-12", "3119122", "3119134", "3119028", "3119956");
INSERT INTO Works_On (Researcher_ID,Project_ID,Start_Date) VALUES ("3119956", "3119783", "2021-02-26");
INSERT INTO Project (Project_ID,Name,Summary,Project_Funds,Start_Date,End_Date,Executive_ID,Program_ID,Organization_ID,Research_Manager_ID) VALUES ("3119784", "Quae Aliquam Cum", "Relate admit house letter up. Network its should view experience.", "338561", "2020-06-10", "2023-07-18", "3119056", "3119124", "3119033", "3119890");
INSERT INTO Works_On (Researcher_ID,Project_ID,Start_Date) VALUES ("3119890", "3119784", "2020-06-10");
INSERT INTO Project (Project_ID,Name,Summary,Project_Funds,Start_Date,End_Date,Executive_ID,Program_ID,Organization_ID,Research_Manager_ID) VALUES ("3119785", "Id Asperiores", "Σαν τα πολύ διάβασε πολύ κώδικάς χρειάζονται εξακολουθεί.", "766649", "2022-01-18", "2025-04-16", "3119005", "3119074", "3119019", "3119441");
INSERT INTO Works_On (Researcher_ID,Project_ID,Start_Date) VALUES ("3119441", "3119785", "2022-01-18");
INSERT INTO Project (Project_ID,Name,Summary,Project_Funds,Start_Date,End_Date,Executive_ID,Program_ID,Organization_ID,Research_Manager_ID) VALUES ("3119786", "Χρονοδιαγράμματος", "Eius eveniet quod doloribus.", "668894", "2020-09-28", "2022-09-24", "3119139", "3119038", "3119049", "3119438");
INSERT INTO Works_On (Researcher_ID,Project_ID,Start_Date) VALUES ("3119438", "3119786", "2020-09-28");
INSERT INTO Project (Project_ID,Name,Summary,Project_Funds,Start_Date,End_Date,Executive_ID,Program_ID,Organization_ID,Research_Manager_ID) VALUES ("3119787", "Αποδείξεις Αρέσει", "Value only join better social by.", "293761", "2020-01-05", "2021-05-10", "3119148", "3119190", "3119047", "3119250");
INSERT INTO Works_On (Researcher_ID,Project_ID,Start_Date) VALUES ("3119250", "3119787", "2020-01-05");
INSERT INTO Project (Project_ID,Name,Summary,Project_Funds,Start_Date,End_Date,Executive_ID,Program_ID,Organization_ID,Research_Manager_ID) VALUES ("3119788", "Μια Οι Μπορούσες", "Υπηρεσία με προϊόντα. Παίρνουν μέσης δε μεταγλωτίσει.", "148844", "2020-06-17", "2022-03-05", "3119031", "3119079", "3119043", "3119356");
INSERT INTO Works_On (Researcher_ID,Project_ID,Start_Date) VALUES ("3119356", "3119788", "2020-06-17");
INSERT INTO Project (Project_ID,Name,Summary,Project_Funds,Start_Date,End_Date,Executive_ID,Program_ID,Organization_ID,Research_Manager_ID) VALUES ("3119789", "Έτσι Προσοχή", "Τα άρα απαρατήρητο πλέον χρησιμοποιώντας.", "521394", "2020-02-04", "2023-05-20", "3119001", "3119189", "3119030", "3119612");
INSERT INTO Works_On (Researcher_ID,Project_ID,Start_Date) VALUES ("3119612", "3119789", "2020-02-04");
INSERT INTO Project (Project_ID,Name,Summary,Project_Funds,Start_Date,End_Date,Executive_ID,Program_ID,Organization_ID,Research_Manager_ID) VALUES ("3119790", "Magnam Vero Natus", "Et occaecati suscipit reprehenderit similique cumque.", "310080", "2021-04-26", "2025-04-17", "3119177", "3119175", "3119041", "3119029");
INSERT INTO Works_On (Researcher_ID,Project_ID,Start_Date) VALUES ("3119029", "3119790", "2021-04-26");
INSERT INTO Project (Project_ID,Name,Summary,Project_Funds,Start_Date,End_Date,Executive_ID,Program_ID,Organization_ID,Research_Manager_ID) VALUES ("3119791", "Candidate Assume", "Sure exist Democrat official campaign perform.", "659519", "2021-09-20", "2025-06-12", "3119191", "3119115", "3119018", "3120049");
INSERT INTO Works_On (Researcher_ID,Project_ID,Start_Date) VALUES ("3120049", "3119791", "2021-09-20");
INSERT INTO Project (Project_ID,Name,Summary,Project_Funds,Start_Date,End_Date,Executive_ID,Program_ID,Organization_ID,Research_Manager_ID) VALUES ("3119792", "Quos Ad Quis", "Στήλες θα ο απλό πετούν με συνάδελφος.", "178209", "2022-04-06", "2023-07-21", "3119060", "3119170", "3119031", "3119305");
INSERT INTO Works_On (Researcher_ID,Project_ID,Start_Date) VALUES ("3119305", "3119792", "2022-04-06");
INSERT INTO Project (Project_ID,Name,Summary,Project_Funds,Start_Date,End_Date,Executive_ID,Program_ID,Organization_ID,Research_Manager_ID) VALUES ("3119793", "Γνωρίζουμε", "Γραμμή προϊόντα θέλεις πετάξαμε επιδιορθώσεις ο σαν.", "986198", "2020-12-02", "2023-07-10", "3119035", "3119193", "3119028", "3119574");
INSERT INTO Works_On (Researcher_ID,Project_ID,Start_Date) VALUES ("3119574", "3119793", "2020-12-02");
INSERT INTO Project (Project_ID,Name,Summary,Project_Funds,Start_Date,End_Date,Executive_ID,Program_ID,Organization_ID,Research_Manager_ID) VALUES ("3119794", "Προσπαθήσεις Πετάνε", "Ποσοστό μέχρι πάντως χρησιμοποιούνταν. Ένα ανά αφήσεις ένα με πρόσληψη.", "478586", "2020-11-01", "2024-01-10", "3119004", "3119117", "3119026", "3119004");
INSERT INTO Works_On (Researcher_ID,Project_ID,Start_Date) VALUES ("3119004", "3119794", "2020-11-01");
INSERT INTO Project (Project_ID,Name,Summary,Project_Funds,Start_Date,End_Date,Executive_ID,Program_ID,Organization_ID,Research_Manager_ID) VALUES ("3119795", "Δοκιμάσεις Της", "Repudiandae alias repellendus optio non est.", "739926", "2021-03-29", "2022-06-11", "3119122", "3119197", "3119010", "3119920");
INSERT INTO Works_On (Researcher_ID,Project_ID,Start_Date) VALUES ("3119920", "3119795", "2021-03-29");
INSERT INTO Project (Project_ID,Name,Summary,Project_Funds,Start_Date,End_Date,Executive_ID,Program_ID,Organization_ID,Research_Manager_ID) VALUES ("3119796", "Nostrum Tempore", "Επιστρέφουν τεκμηριώνει εκείνου βρίσκονται διακόψουμε απλό.", "139862", "2022-04-14", "2025-11-02", "3119124", "3119060", "3119007", "3119175");
INSERT INTO Works_On (Researcher_ID,Project_ID,Start_Date) VALUES ("3119175", "3119796", "2022-04-14");
INSERT INTO Project (Project_ID,Name,Summary,Project_Funds,Start_Date,End_Date,Executive_ID,Program_ID,Organization_ID,Research_Manager_ID) VALUES ("3119797", "Ξέχασε Ανά", "Προσπαθήσεις εδώ εκθέσεις πάντως σας του.", "487819", "2020-08-12", "2022-09-04", "3119184", "3119055", "3119033", "3119856");
INSERT INTO Works_On (Researcher_ID,Project_ID,Start_Date) VALUES ("3119856", "3119797", "2020-08-12");
INSERT INTO Project (Project_ID,Name,Summary,Project_Funds,Start_Date,End_Date,Executive_ID,Program_ID,Organization_ID,Research_Manager_ID) VALUES ("3119798", "Έχω Όχι Απαράδεκτη", "Aliquam a voluptatibus ullam eaque.", "179295", "2020-09-01", "2024-05-08", "3119086", "3119003", "3119013", "3119426");
INSERT INTO Works_On (Researcher_ID,Project_ID,Start_Date) VALUES ("3119426", "3119798", "2020-09-01");
INSERT INTO Project (Project_ID,Name,Summary,Project_Funds,Start_Date,End_Date,Executive_ID,Program_ID,Organization_ID,Research_Manager_ID) VALUES ("3119799", "Sapiente Ut Commodi", "Figure visit appear consider. Bill hour interest decide.", "407210", "2019-12-31", "2022-03-09", "3119121", "3119155", "3119019", "3119936");
INSERT INTO Works_On (Researcher_ID,Project_ID,Start_Date) VALUES ("3119936", "3119799", "2019-12-31");
INSERT INTO Project (Project_ID,Name,Summary,Project_Funds,Start_Date,End_Date,Executive_ID,Program_ID,Organization_ID,Research_Manager_ID) VALUES ("3119800", "Staff Character", "Πηγαίου δεν χαρακτηριστικών ατόμου ήδη στις.", "886244", "2020-09-12", "2022-01-04", "3119136", "3119099", "3119000", "3119859");
INSERT INTO Works_On (Researcher_ID,Project_ID,Start_Date) VALUES ("3119859", "3119800", "2020-09-12");
INSERT INTO Project (Project_ID,Name,Summary,Project_Funds,Start_Date,End_Date,Executive_ID,Program_ID,Organization_ID,Research_Manager_ID) VALUES ("3119801", "Εργαζόμενων Οι", "Ποια εσωτερικών που ανεπιθύμητη θυμάμαι.", "503503", "2020-11-26", "2024-07-05", "3119179", "3119195", "3119040", "3119508");
INSERT INTO Works_On (Researcher_ID,Project_ID,Start_Date) VALUES ("3119508", "3119801", "2020-11-26");
INSERT INTO Project (Project_ID,Name,Summary,Project_Funds,Start_Date,End_Date,Executive_ID,Program_ID,Organization_ID,Research_Manager_ID) VALUES ("3119802", "Machine Too With", "Σημεία εταιρείες δωροδοκηθούν ροή ωραίο μερικούς δύο λες.", "877451", "2022-01-18", "2023-08-01", "3119030", "3119181", "3119041", "3119260");
INSERT INTO Works_On (Researcher_ID,Project_ID,Start_Date) VALUES ("3119260", "3119802", "2022-01-18");
INSERT INTO Project (Project_ID,Name,Summary,Project_Funds,Start_Date,End_Date,Executive_ID,Program_ID,Organization_ID,Research_Manager_ID) VALUES ("3119803", "Διαπιστώνεις Μη", "Διάσημα άρθρων ο ο λετπά της.", "732588", "2022-01-24", "2026-01-15", "3119084", "3119116", "3119034", "3119971");
INSERT INTO Works_On (Researcher_ID,Project_ID,Start_Date) VALUES ("3119971", "3119803", "2022-01-24");
INSERT INTO Project (Project_ID,Name,Summary,Project_Funds,Start_Date,End_Date,Executive_ID,Program_ID,Organization_ID,Research_Manager_ID) VALUES ("3119804", "Βιβλίο Που Άλγεβρα", "Τα προσπαθήσεις περιμένουν άρα πετάξαμε εσωτερικών.", "394685", "2021-12-23", "2025-12-09", "3119154", "3119084", "3119043", "3119845");
INSERT INTO Works_On (Researcher_ID,Project_ID,Start_Date) VALUES ("3119845", "3119804", "2021-12-23");
INSERT INTO Project (Project_ID,Name,Summary,Project_Funds,Start_Date,End_Date,Executive_ID,Program_ID,Organization_ID,Research_Manager_ID) VALUES ("3119805", "Repellendus Magni", "Εκτελέσει κανείς εκείνου που νέων προγραμματιστές.", "820371", "2021-04-09", "2024-06-21", "3119171", "3119187", "3119041", "3119036");
INSERT INTO Works_On (Researcher_ID,Project_ID,Start_Date) VALUES ("3119036", "3119805", "2021-04-09");
INSERT INTO Project (Project_ID,Name,Summary,Project_Funds,Start_Date,End_Date,Executive_ID,Program_ID,Organization_ID,Research_Manager_ID) VALUES ("3119806", "Εγώ Συγχωνευτεί Άρα", "Nulla nisi quidem modi omnis. Sed explicabo nobis repellat.", "994221", "2020-10-21", "2023-02-15", "3119180", "3119063", "3119005", "3119229");
INSERT INTO Works_On (Researcher_ID,Project_ID,Start_Date) VALUES ("3119229", "3119806", "2020-10-21");
INSERT INTO Project (Project_ID,Name,Summary,Project_Funds,Start_Date,End_Date,Executive_ID,Program_ID,Organization_ID,Research_Manager_ID) VALUES ("3119807", "Πρώτο Εκείνου", "Budget rather option partner cost appear.", "620004", "2021-05-28", "2025-04-01", "3119033", "3119025", "3119009", "3119021");
INSERT INTO Works_On (Researcher_ID,Project_ID,Start_Date) VALUES ("3119021", "3119807", "2021-05-28");
INSERT INTO Project (Project_ID,Name,Summary,Project_Funds,Start_Date,End_Date,Executive_ID,Program_ID,Organization_ID,Research_Manager_ID) VALUES ("3119808", "Ο Μέχρι Κώδικάς", "Τι όχι γιαυτό είχαμε αναγκάζονται αναφέρονται.", "168496", "2022-01-23", "2023-10-23", "3119179", "3119100", "3119002", "3119667");
INSERT INTO Works_On (Researcher_ID,Project_ID,Start_Date) VALUES ("3119667", "3119808", "2022-01-23");
INSERT INTO Project (Project_ID,Name,Summary,Project_Funds,Start_Date,End_Date,Executive_ID,Program_ID,Organization_ID,Research_Manager_ID) VALUES ("3119809", "Aperiam Doloribus", "Χάος ύψος στα διαχειριστής. Καλύτερο ακούσει δεν μάθε υπηρεσία.", "617936", "2020-07-15", "2023-06-17", "3119141", "3119013", "3119020", "3119020");
INSERT INTO Works_On (Researcher_ID,Project_ID,Start_Date) VALUES ("3119020", "3119809", "2020-07-15");
INSERT INTO Project (Project_ID,Name,Summary,Project_Funds,Start_Date,End_Date,Executive_ID,Program_ID,Organization_ID,Research_Manager_ID) VALUES ("3119810", "Officia Veritatis", "Quae iste necessitatibus pariatur rem delectus.", "579866", "2020-08-28", "2024-02-20", "3119032", "3119090", "3119001", "3120170");
INSERT INTO Works_On (Researcher_ID,Project_ID,Start_Date) VALUES ("3120170", "3119810", "2020-08-28");
INSERT INTO Project (Project_ID,Name,Summary,Project_Funds,Start_Date,End_Date,Executive_ID,Program_ID,Organization_ID,Research_Manager_ID) VALUES ("3119811", "Eos Perferendis", "Αν πήρε λιγότερο άρα διαδίκτυο σας. Συγκεντρωμένοι έστελνε ίδιο ερωτήσεις.", "313121", "2020-10-11", "2022-06-03", "3119072", "3119144", "3119005", "3119492");
INSERT INTO Works_On (Researcher_ID,Project_ID,Start_Date) VALUES ("3119492", "3119811", "2020-10-11");
INSERT INTO Project (Project_ID,Name,Summary,Project_Funds,Start_Date,End_Date,Executive_ID,Program_ID,Organization_ID,Research_Manager_ID) VALUES ("3119812", "Επιδιορθώσεις", "Stage prepare news lay. Lot than house simply.", "891841", "2020-01-17", "2023-08-26", "3119006", "3119034", "3119015", "3119469");
INSERT INTO Works_On (Researcher_ID,Project_ID,Start_Date) VALUES ("3119469", "3119812", "2020-01-17");
INSERT INTO Project (Project_ID,Name,Summary,Project_Funds,Start_Date,End_Date,Executive_ID,Program_ID,Organization_ID,Research_Manager_ID) VALUES ("3119813", "Clearly Tonight Hit", "Δεν εκδόσεις χάος λίγο ο πολύ.", "402847", "2020-10-15", "2024-06-09", "3119048", "3119115", "3119034", "3119993");
INSERT INTO Works_On (Researcher_ID,Project_ID,Start_Date) VALUES ("3119993", "3119813", "2020-10-15");
INSERT INTO Project (Project_ID,Name,Summary,Project_Funds,Start_Date,End_Date,Executive_ID,Program_ID,Organization_ID,Research_Manager_ID) VALUES ("3119814", "Θέματα Ας", "Cupiditate rerum iure ipsum iste doloremque nihil.", "239594", "2020-10-20", "2023-03-25", "3119081", "3119062", "3119022", "3119668");
INSERT INTO Works_On (Researcher_ID,Project_ID,Start_Date) VALUES ("3119668", "3119814", "2020-10-20");
INSERT INTO Project (Project_ID,Name,Summary,Project_Funds,Start_Date,End_Date,Executive_ID,Program_ID,Organization_ID,Research_Manager_ID) VALUES ("3119815", "Μιας Δεν Εδώ Τα", "Natus tempora earum soluta quo inventore rerum.", "815128", "2020-12-30", "2024-11-04", "3119025", "3119116", "3119020", "3119159");
INSERT INTO Works_On (Researcher_ID,Project_ID,Start_Date) VALUES ("3119159", "3119815", "2020-12-30");
INSERT INTO Project (Project_ID,Name,Summary,Project_Funds,Start_Date,End_Date,Executive_ID,Program_ID,Organization_ID,Research_Manager_ID) VALUES ("3119816", "Worker Hold Trade", "Πως πολύ τρόπο συγκεντρωμένοι επί έχω.", "950468", "2020-11-04", "2022-10-13", "3119118", "3119066", "3119013", "3119157");
INSERT INTO Works_On (Researcher_ID,Project_ID,Start_Date) VALUES ("3119157", "3119816", "2020-11-04");
INSERT INTO Project (Project_ID,Name,Summary,Project_Funds,Start_Date,End_Date,Executive_ID,Program_ID,Organization_ID,Research_Manager_ID) VALUES ("3119817", "Όσο Εκθέσεις Όχι", "Quasi facilis eveniet vero tenetur. Libero sunt eveniet excepturi iusto.", "407456", "2021-07-17", "2022-07-17", "3119056", "3119172", "3119026", "3119347");
INSERT INTO Works_On (Researcher_ID,Project_ID,Start_Date) VALUES ("3119347", "3119817", "2021-07-17");
INSERT INTO Project (Project_ID,Name,Summary,Project_Funds,Start_Date,End_Date,Executive_ID,Program_ID,Organization_ID,Research_Manager_ID) VALUES ("3119818", "Ίδιο Αφήσεις", "Eaque similique vel illum ullam officia perferendis.", "432909", "2021-09-17", "2022-09-24", "3119127", "3119097", "3119001", "3120110");
INSERT INTO Works_On (Researcher_ID,Project_ID,Start_Date) VALUES ("3120110", "3119818", "2021-09-17");
INSERT INTO Project (Project_ID,Name,Summary,Project_Funds,Start_Date,End_Date,Executive_ID,Program_ID,Organization_ID,Research_Manager_ID) VALUES ("3119819", "Dignissimos Earum", "Μην προβληματική συγγραφείς άρα μάθε απίστευτα απαράδεκτη.", "833698", "2021-11-27", "2025-10-08", "3119100", "3119056", "3119025", "3119249");
INSERT INTO Works_On (Researcher_ID,Project_ID,Start_Date) VALUES ("3119249", "3119819", "2021-11-27");
INSERT INTO Project (Project_ID,Name,Summary,Project_Funds,Start_Date,End_Date,Executive_ID,Program_ID,Organization_ID,Research_Manager_ID) VALUES ("3119820", "Eaque Ad Ad", "Κοιτάζοντας του κάτι χάος. Κι νόμιζες χρόνου πετούν.", "389568", "2020-02-23", "2022-12-24", "3119018", "3119045", "3119047", "3119455");
INSERT INTO Works_On (Researcher_ID,Project_ID,Start_Date) VALUES ("3119455", "3119820", "2020-02-23");
INSERT INTO Project (Project_ID,Name,Summary,Project_Funds,Start_Date,End_Date,Executive_ID,Program_ID,Organization_ID,Research_Manager_ID) VALUES ("3119821", "Όσο Μέχρι Δούλευε", "Αποφάσισε διαδίκτυο εργασίας. Μηχανής ποια μέχρι πιο παράδειγμα.", "141735", "2020-12-05", "2022-06-11", "3119040", "3119058", "3119016", "3120125");
INSERT INTO Works_On (Researcher_ID,Project_ID,Start_Date) VALUES ("3120125", "3119821", "2020-12-05");
INSERT INTO Project (Project_ID,Name,Summary,Project_Funds,Start_Date,End_Date,Executive_ID,Program_ID,Organization_ID,Research_Manager_ID) VALUES ("3119822", "Accusantium", "Πλέον ας μαγικά δε συγκεντρωμένοι. Αυτός προσθέσει ας διακόψουμε.", "746581", "2021-05-05", "2024-12-03", "3119124", "3119031", "3119014", "3119320");
INSERT INTO Works_On (Researcher_ID,Project_ID,Start_Date) VALUES ("3119320", "3119822", "2021-05-05");
INSERT INTO Project (Project_ID,Name,Summary,Project_Funds,Start_Date,End_Date,Executive_ID,Program_ID,Organization_ID,Research_Manager_ID) VALUES ("3119823", "Relationship Event", "Harum molestiae dolore placeat a ad incidunt libero.", "180432", "2022-02-14", "2023-06-07", "3119061", "3119193", "3119049", "3119686");
INSERT INTO Works_On (Researcher_ID,Project_ID,Start_Date) VALUES ("3119686", "3119823", "2022-02-14");
INSERT INTO Project (Project_ID,Name,Summary,Project_Funds,Start_Date,End_Date,Executive_ID,Program_ID,Organization_ID,Research_Manager_ID) VALUES ("3119824", "Αποθηκευτικού", "Autem eveniet asperiores aperiam.", "563255", "2020-03-09", "2023-01-20", "3119178", "3119013", "3119030", "3119139");
INSERT INTO Works_On (Researcher_ID,Project_ID,Start_Date) VALUES ("3119139", "3119824", "2020-03-09");
INSERT INTO Project (Project_ID,Name,Summary,Project_Funds,Start_Date,End_Date,Executive_ID,Program_ID,Organization_ID,Research_Manager_ID) VALUES ("3119825", "Τρέξει Κρατάει", "Eveniet consequuntur autem porro exercitationem sunt illum.", "956093", "2020-02-28", "2021-11-22", "3119130", "3119094", "3119024", "3119597");
INSERT INTO Works_On (Researcher_ID,Project_ID,Start_Date) VALUES ("3119597", "3119825", "2020-02-28");
INSERT INTO Project (Project_ID,Name,Summary,Project_Funds,Start_Date,End_Date,Executive_ID,Program_ID,Organization_ID,Research_Manager_ID) VALUES ("3119826", "Δε Κρατάει", "Hot maintain quickly our produce hotel. Care spring different book these.", "346432", "2020-03-08", "2021-09-07", "3119115", "3119003", "3119004", "3119864");
INSERT INTO Works_On (Researcher_ID,Project_ID,Start_Date) VALUES ("3119864", "3119826", "2020-03-08");
INSERT INTO Project (Project_ID,Name,Summary,Project_Funds,Start_Date,End_Date,Executive_ID,Program_ID,Organization_ID,Research_Manager_ID) VALUES ("3119827", "Pariatur Molestias", "Increase than true number serious itself reason.", "186293", "2021-03-05", "2023-09-10", "3119114", "3119088", "3119013", "3119767");
INSERT INTO Works_On (Researcher_ID,Project_ID,Start_Date) VALUES ("3119767", "3119827", "2021-03-05");
INSERT INTO Project (Project_ID,Name,Summary,Project_Funds,Start_Date,End_Date,Executive_ID,Program_ID,Organization_ID,Research_Manager_ID) VALUES ("3119828", "Agree Surface", "Dolores unde excepturi officia fugiat nulla.", "801997", "2021-12-05", "2023-01-25", "3119126", "3119020", "3119019", "3119633");
INSERT INTO Works_On (Researcher_ID,Project_ID,Start_Date) VALUES ("3119633", "3119828", "2021-12-05");
INSERT INTO Project (Project_ID,Name,Summary,Project_Funds,Start_Date,End_Date,Executive_ID,Program_ID,Organization_ID,Research_Manager_ID) VALUES ("3119829", "Διακοπή Έστειλε", "Τη χρειάζονται μάθε στις έτσι και τρόποι.", "822566", "2021-11-12", "2024-05-02", "3119176", "3119138", "3119001", "3119550");
INSERT INTO Works_On (Researcher_ID,Project_ID,Start_Date) VALUES ("3119550", "3119829", "2021-11-12");
INSERT INTO Project (Project_ID,Name,Summary,Project_Funds,Start_Date,End_Date,Executive_ID,Program_ID,Organization_ID,Research_Manager_ID) VALUES ("3119830", "Εκτός Γειτονιάς", "Fuga nam autem laudantium. Recusandae reprehenderit itaque dolore.", "730756", "2022-01-02", "2024-08-08", "3119111", "3119193", "3119032", "3119205");
INSERT INTO Works_On (Researcher_ID,Project_ID,Start_Date) VALUES ("3119205", "3119830", "2022-01-02");
INSERT INTO Project (Project_ID,Name,Summary,Project_Funds,Start_Date,End_Date,Executive_ID,Program_ID,Organization_ID,Research_Manager_ID) VALUES ("3119831", "Νέα Αφήσεις", "Συγγραφής λοιπόν συνέχεια για ας όχι ανεπιθύμητη ένα.", "753667", "2021-09-30", "2023-07-18", "3119119", "3119142", "3119048", "3119573");
INSERT INTO Works_On (Researcher_ID,Project_ID,Start_Date) VALUES ("3119573", "3119831", "2021-09-30");
INSERT INTO Project (Project_ID,Name,Summary,Project_Funds,Start_Date,End_Date,Executive_ID,Program_ID,Organization_ID,Research_Manager_ID) VALUES ("3119832", "Εργαζόμενοι", "Illum similique eaque cumque exercitationem.", "956518", "2020-01-25", "2023-07-19", "3119168", "3119023", "3119032", "3119502");
INSERT INTO Works_On (Researcher_ID,Project_ID,Start_Date) VALUES ("3119502", "3119832", "2020-01-25");
INSERT INTO Project (Project_ID,Name,Summary,Project_Funds,Start_Date,End_Date,Executive_ID,Program_ID,Organization_ID,Research_Manager_ID) VALUES ("3119833", "Fugiat Recusandae", "Ναι διαχειριστής της ημέρα.", "316210", "2020-01-06", "2021-10-11", "3119148", "3119092", "3119024", "3120145");
INSERT INTO Works_On (Researcher_ID,Project_ID,Start_Date) VALUES ("3120145", "3119833", "2020-01-06");
INSERT INTO Project (Project_ID,Name,Summary,Project_Funds,Start_Date,End_Date,Executive_ID,Program_ID,Organization_ID,Research_Manager_ID) VALUES ("3119834", "Απαραίτητο", "State trip girl under billion enjoy series want.", "454243", "2020-12-01", "2022-05-19", "3119158", "3119191", "3119014", "3119141");
INSERT INTO Works_On (Researcher_ID,Project_ID,Start_Date) VALUES ("3119141", "3119834", "2020-12-01");
INSERT INTO Project (Project_ID,Name,Summary,Project_Funds,Start_Date,End_Date,Executive_ID,Program_ID,Organization_ID,Research_Manager_ID) VALUES ("3119835", "Quae Tempora Sunt", "Quos minima alias quisquam. Aut vel veritatis dignissimos rerum culpa.", "424940", "2022-05-17", "2023-11-09", "3119089", "3119104", "3119020", "3120002");
INSERT INTO Works_On (Researcher_ID,Project_ID,Start_Date) VALUES ("3120002", "3119835", "2022-05-17");
INSERT INTO Project (Project_ID,Name,Summary,Project_Funds,Start_Date,End_Date,Executive_ID,Program_ID,Organization_ID,Research_Manager_ID) VALUES ("3119836", "Προκύπτουν Εκτός", "Στα λίγο βιβλίο του. Να μπορούσες σαν θυμάμαι περιμένουν τύπους.", "859105", "2020-05-31", "2021-11-19", "3119098", "3119039", "3119036", "3119711");
INSERT INTO Works_On (Researcher_ID,Project_ID,Start_Date) VALUES ("3119711", "3119836", "2020-05-31");
INSERT INTO Project (Project_ID,Name,Summary,Project_Funds,Start_Date,End_Date,Executive_ID,Program_ID,Organization_ID,Research_Manager_ID) VALUES ("3119837", "Τρέξει Ακούσει", "Ανώδυνη άρα εργαζόμενων λίγο πλέον χαρτιού αλγόριθμου.", "923971", "2021-12-25", "2023-11-29", "3119028", "3119182", "3119002", "3120160");
INSERT INTO Works_On (Researcher_ID,Project_ID,Start_Date) VALUES ("3120160", "3119837", "2021-12-25");
INSERT INTO Project (Project_ID,Name,Summary,Project_Funds,Start_Date,End_Date,Executive_ID,Program_ID,Organization_ID,Research_Manager_ID) VALUES ("3119838", "Ύψος Πρώτης Δύο", "Quasi doloremque esse ea. Modi repellendus tempore nemo dignissimos.", "706878", "2021-02-04", "2024-04-22", "3119020", "3119168", "3119042", "3120087");
INSERT INTO Works_On (Researcher_ID,Project_ID,Start_Date) VALUES ("3120087", "3119838", "2021-02-04");
INSERT INTO Project (Project_ID,Name,Summary,Project_Funds,Start_Date,End_Date,Executive_ID,Program_ID,Organization_ID,Research_Manager_ID) VALUES ("3119839", "Quasi Molestias", "Run perform deep. Respond away responsibility safe technology.", "102354", "2021-08-24", "2025-04-26", "3119029", "3119107", "3119040", "3119206");
INSERT INTO Works_On (Researcher_ID,Project_ID,Start_Date) VALUES ("3119206", "3119839", "2021-08-24");
INSERT INTO Project (Project_ID,Name,Summary,Project_Funds,Start_Date,End_Date,Executive_ID,Program_ID,Organization_ID,Research_Manager_ID) VALUES ("3119840", "Least Radio TV", "Είχαμε ρωτήσει αυτός μαγικά βιαστικά οι εξακολουθεί ανταγωνιστής.", "876468", "2020-12-14", "2024-06-26", "3119097", "3119082", "3119028", "3119243");
INSERT INTO Works_On (Researcher_ID,Project_ID,Start_Date) VALUES ("3119243", "3119840", "2020-12-14");
INSERT INTO Project (Project_ID,Name,Summary,Project_Funds,Start_Date,End_Date,Executive_ID,Program_ID,Organization_ID,Research_Manager_ID) VALUES ("3119841", "Οι Την Εδώ Στα", "Εργάστηκε συνάδελφος εξοργιστικά ιδιαίτερα αναγκάζονται τους τους.", "476517", "2020-10-14", "2024-07-16", "3119105", "3119051", "3119010", "3119014");
INSERT INTO Works_On (Researcher_ID,Project_ID,Start_Date) VALUES ("3119014", "3119841", "2020-10-14");
INSERT INTO Project (Project_ID,Name,Summary,Project_Funds,Start_Date,End_Date,Executive_ID,Program_ID,Organization_ID,Research_Manager_ID) VALUES ("3119842", "Error Deleniti", "Διαφήμιση όχι στις παραγωγικής τρέξει παίξουν αντιλήφθηκαν.", "995363", "2021-01-09", "2024-07-09", "3119153", "3119055", "3119020", "3120083");
INSERT INTO Works_On (Researcher_ID,Project_ID,Start_Date) VALUES ("3120083", "3119842", "2021-01-09");
INSERT INTO Project (Project_ID,Name,Summary,Project_Funds,Start_Date,End_Date,Executive_ID,Program_ID,Organization_ID,Research_Manager_ID) VALUES ("3119843", "Music Eight Over", "Εσωτερικών επί αναφέρονται ως αποδείξεις εκδόσεις.", "475425", "2021-10-09", "2025-02-12", "3119139", "3119071", "3119012", "3119193");
INSERT INTO Works_On (Researcher_ID,Project_ID,Start_Date) VALUES ("3119193", "3119843", "2021-10-09");
INSERT INTO Project (Project_ID,Name,Summary,Project_Funds,Start_Date,End_Date,Executive_ID,Program_ID,Organization_ID,Research_Manager_ID) VALUES ("3119844", "At Quibusdam Eos", "Ευκολότερο μεταγλωτιστής έτσι μαγικά μια βρίσκονται.", "550408", "2020-07-21", "2022-01-05", "3119171", "3119159", "3119046", "3119824");
INSERT INTO Works_On (Researcher_ID,Project_ID,Start_Date) VALUES ("3119824", "3119844", "2020-07-21");
INSERT INTO Project (Project_ID,Name,Summary,Project_Funds,Start_Date,End_Date,Executive_ID,Program_ID,Organization_ID,Research_Manager_ID) VALUES ("3119845", "Την Κάνε Ίδιο Ανά", "Γραφικά το σαν ότι. Δύο εξοργιστικά γεύματος διαφήμιση αυτήν ο ανά.", "758171", "2021-06-21", "2023-06-26", "3119091", "3119029", "3119004", "3119008");
INSERT INTO Works_On (Researcher_ID,Project_ID,Start_Date) VALUES ("3119008", "3119845", "2021-06-21");
INSERT INTO Project (Project_ID,Name,Summary,Project_Funds,Start_Date,End_Date,Executive_ID,Program_ID,Organization_ID,Research_Manager_ID) VALUES ("3119846", "Placeat Aliquid", "Εργαλείων στις σου κανείς τι. Τους αρέσει σαν ειδικά κάτι παράγοντες.", "727714", "2022-04-26", "2025-10-05", "3119069", "3119071", "3119036", "3119185");
INSERT INTO Works_On (Researcher_ID,Project_ID,Start_Date) VALUES ("3119185", "3119846", "2022-04-26");
INSERT INTO Project (Project_ID,Name,Summary,Project_Funds,Start_Date,End_Date,Executive_ID,Program_ID,Organization_ID,Research_Manager_ID) VALUES ("3119847", "Πάντα Τοπικές", "Τύπου χαρακτηριστικών κειμένων άρα χάος πάντως ρωτήσει.", "564854", "2020-01-19", "2023-09-06", "3119139", "3119093", "3119037", "3119626");
INSERT INTO Works_On (Researcher_ID,Project_ID,Start_Date) VALUES ("3119626", "3119847", "2020-01-19");
INSERT INTO Project (Project_ID,Name,Summary,Project_Funds,Start_Date,End_Date,Executive_ID,Program_ID,Organization_ID,Research_Manager_ID) VALUES ("3119848", "Εργαλείων Κάτι Ως", "Των σας συγκεντρωμένοι κόλπα υπηρεσία τέλειοι.", "128426", "2021-10-20", "2023-08-24", "3119023", "3119123", "3119035", "3119257");
INSERT INTO Works_On (Researcher_ID,Project_ID,Start_Date) VALUES ("3119257", "3119848", "2021-10-20");
INSERT INTO Project (Project_ID,Name,Summary,Project_Funds,Start_Date,End_Date,Executive_ID,Program_ID,Organization_ID,Research_Manager_ID) VALUES ("3119849", "War At Since", "Ναι δεν ρωτήσει από σίγουρος ένας. Δίνοντας ποια και προϊόντα.", "287276", "2020-01-24", "2023-11-11", "3119038", "3119028", "3119024", "3119532");
INSERT INTO Works_On (Researcher_ID,Project_ID,Start_Date) VALUES ("3119532", "3119849", "2020-01-24");
INSERT INTO Project (Project_ID,Name,Summary,Project_Funds,Start_Date,End_Date,Executive_ID,Program_ID,Organization_ID,Research_Manager_ID) VALUES ("3119850", "Reprehenderit", "Μα συγχωνευτεί συνηθίζουν ένας διάβασε. Συγγραφής που σαν μη επεξεργασία.", "687878", "2020-10-02", "2023-04-01", "3119111", "3119197", "3119020", "3119624");
INSERT INTO Works_On (Researcher_ID,Project_ID,Start_Date) VALUES ("3119624", "3119850", "2020-10-02");
INSERT INTO Project (Project_ID,Name,Summary,Project_Funds,Start_Date,End_Date,Executive_ID,Program_ID,Organization_ID,Research_Manager_ID) VALUES ("3119851", "Placeat Quam", "Rather get box medical boy minute. Fire floor place difficult not hot.", "718824", "2020-01-29", "2022-10-18", "3119078", "3119129", "3119032", "3119237");
INSERT INTO Works_On (Researcher_ID,Project_ID,Start_Date) VALUES ("3119237", "3119851", "2020-01-29");
INSERT INTO Project (Project_ID,Name,Summary,Project_Funds,Start_Date,End_Date,Executive_ID,Program_ID,Organization_ID,Research_Manager_ID) VALUES ("3119852", "In Voluptas Est", "Έρθει παραδοτέου εδώ και. Όσο περισσότερη διοικητικό επί.", "426717", "2021-04-30", "2024-10-12", "3119184", "3119122", "3119031", "3119164");
INSERT INTO Works_On (Researcher_ID,Project_ID,Start_Date) VALUES ("3119164", "3119852", "2021-04-30");
INSERT INTO Project (Project_ID,Name,Summary,Project_Funds,Start_Date,End_Date,Executive_ID,Program_ID,Organization_ID,Research_Manager_ID) VALUES ("3119853", "Απαράδεκτη Έρθει", "Πηγαίου πάντως σωστά κάνεις. Τοπικές ένας από στις.", "189994", "2020-05-07", "2023-11-30", "3119112", "3119135", "3119031", "3119795");
INSERT INTO Works_On (Researcher_ID,Project_ID,Start_Date) VALUES ("3119795", "3119853", "2020-05-07");
INSERT INTO Project (Project_ID,Name,Summary,Project_Funds,Start_Date,End_Date,Executive_ID,Program_ID,Organization_ID,Research_Manager_ID) VALUES ("3119854", "Southern Rather", "Μια κλπ ξέχασε πάντα βαθμό εγώ κάτι.", "891226", "2021-01-13", "2023-10-01", "3119032", "3119108", "3119011", "3119701");
INSERT INTO Works_On (Researcher_ID,Project_ID,Start_Date) VALUES ("3119701", "3119854", "2021-01-13");
INSERT INTO Project (Project_ID,Name,Summary,Project_Funds,Start_Date,End_Date,Executive_ID,Program_ID,Organization_ID,Research_Manager_ID) VALUES ("3119855", "Establish Loss", "Left instead item among describe on discussion.", "631600", "2021-01-02", "2023-08-05", "3119030", "3119018", "3119025", "3119098");
INSERT INTO Works_On (Researcher_ID,Project_ID,Start_Date) VALUES ("3119098", "3119855", "2021-01-02");
INSERT INTO Project (Project_ID,Name,Summary,Project_Funds,Start_Date,End_Date,Executive_ID,Program_ID,Organization_ID,Research_Manager_ID) VALUES ("3119856", "In Nam Nihil", "Ίδιο εκτός κόλπα παίρνει μάτσο. Αρπάζεις την βιβλίο άπειρα.", "382115", "2020-04-14", "2022-06-25", "3119108", "3119159", "3119009", "3119608");
INSERT INTO Works_On (Researcher_ID,Project_ID,Start_Date) VALUES ("3119608", "3119856", "2020-04-14");
INSERT INTO Project (Project_ID,Name,Summary,Project_Funds,Start_Date,End_Date,Executive_ID,Program_ID,Organization_ID,Research_Manager_ID) VALUES ("3119857", "Κύκλο Δημιουργήσεις", "Act start economic decade true sister mother cause.", "833045", "2020-09-13", "2022-01-02", "3119146", "3119111", "3119021", "3119060");
INSERT INTO Works_On (Researcher_ID,Project_ID,Start_Date) VALUES ("3119060", "3119857", "2020-09-13");
INSERT INTO Project (Project_ID,Name,Summary,Project_Funds,Start_Date,End_Date,Executive_ID,Program_ID,Organization_ID,Research_Manager_ID) VALUES ("3119858", "Among Top Save", "Με εφαμοργής στη τη. Διακοπής επιδιορθώσεις έξι στη διαπιστώνεις.", "289658", "2021-06-13", "2022-09-27", "3119006", "3119074", "3119003", "3119629");
INSERT INTO Works_On (Researcher_ID,Project_ID,Start_Date) VALUES ("3119629", "3119858", "2021-06-13");
INSERT INTO Project (Project_ID,Name,Summary,Project_Funds,Start_Date,End_Date,Executive_ID,Program_ID,Organization_ID,Research_Manager_ID) VALUES ("3119859", "Σαν Καταλάθος Την", "Final event expert up. One ability interview we.", "996070", "2020-10-25", "2024-01-17", "3119095", "3119025", "3119040", "3119452");
INSERT INTO Works_On (Researcher_ID,Project_ID,Start_Date) VALUES ("3119452", "3119859", "2020-10-25");
INSERT INTO Project (Project_ID,Name,Summary,Project_Funds,Start_Date,End_Date,Executive_ID,Program_ID,Organization_ID,Research_Manager_ID) VALUES ("3119860", "Προσοχή", "Culpa distinctio optio aliquam distinctio.", "501479", "2020-05-14", "2023-09-12", "3119157", "3119070", "3119031", "3120037");
INSERT INTO Works_On (Researcher_ID,Project_ID,Start_Date) VALUES ("3120037", "3119860", "2020-05-14");
INSERT INTO Project (Project_ID,Name,Summary,Project_Funds,Start_Date,End_Date,Executive_ID,Program_ID,Organization_ID,Research_Manager_ID) VALUES ("3119861", "Άπειρα", "Porro corporis eius veritatis.", "355756", "2021-09-17", "2023-08-02", "3119093", "3119124", "3119011", "3119641");
INSERT INTO Works_On (Researcher_ID,Project_ID,Start_Date) VALUES ("3119641", "3119861", "2021-09-17");
INSERT INTO Project (Project_ID,Name,Summary,Project_Funds,Start_Date,End_Date,Executive_ID,Program_ID,Organization_ID,Research_Manager_ID) VALUES ("3119862", "Into Research Song", "Ducimus quidem nam at sit dolorum quo.", "942657", "2020-12-15", "2022-06-30", "3119187", "3119153", "3119020", "3119363");
INSERT INTO Works_On (Researcher_ID,Project_ID,Start_Date) VALUES ("3119363", "3119862", "2020-12-15");
INSERT INTO Project (Project_ID,Name,Summary,Project_Funds,Start_Date,End_Date,Executive_ID,Program_ID,Organization_ID,Research_Manager_ID) VALUES ("3119863", "Omnis Tempore", "Του σε γραμμή ύψος.", "983705", "2020-12-07", "2024-05-10", "3119155", "3119104", "3119027", "3119447");
INSERT INTO Works_On (Researcher_ID,Project_ID,Start_Date) VALUES ("3119447", "3119863", "2020-12-07");
INSERT INTO Project (Project_ID,Name,Summary,Project_Funds,Start_Date,End_Date,Executive_ID,Program_ID,Organization_ID,Research_Manager_ID) VALUES ("3119864", "Skill Explain Claim", "Both service receive product another quickly board. Worry light station.", "603129", "2021-07-05", "2023-03-23", "3119156", "3119171", "3119034", "3120077");
INSERT INTO Works_On (Researcher_ID,Project_ID,Start_Date) VALUES ("3120077", "3119864", "2021-07-05");
INSERT INTO Project (Project_ID,Name,Summary,Project_Funds,Start_Date,End_Date,Executive_ID,Program_ID,Organization_ID,Research_Manager_ID) VALUES ("3119865", "Μέγιστη Μέχρι", "Perspiciatis autem quod perspiciatis amet eius.", "123704", "2021-01-21", "2024-04-23", "3119192", "3119198", "3119006", "3120147");
INSERT INTO Works_On (Researcher_ID,Project_ID,Start_Date) VALUES ("3120147", "3119865", "2021-01-21");
INSERT INTO Project (Project_ID,Name,Summary,Project_Funds,Start_Date,End_Date,Executive_ID,Program_ID,Organization_ID,Research_Manager_ID) VALUES ("3119866", "Δύο Το Για Για Μιας", "Τα μεταγλωτιστής κώδικα αποδείξεις κάνε επενδυτής παραδώσεις.", "691401", "2021-11-12", "2023-01-11", "3119142", "3119002", "3119044", "3119226");
INSERT INTO Works_On (Researcher_ID,Project_ID,Start_Date) VALUES ("3119226", "3119866", "2021-11-12");
INSERT INTO Project (Project_ID,Name,Summary,Project_Funds,Start_Date,End_Date,Executive_ID,Program_ID,Organization_ID,Research_Manager_ID) VALUES ("3119867", "Έτσι Προσλάμβανες", "Υόρκη φαινόμενο ποια ποια χαρακτηριστικών μηχανής τα.", "797951", "2020-03-11", "2022-11-07", "3119123", "3119061", "3119006", "3119258");
INSERT INTO Works_On (Researcher_ID,Project_ID,Start_Date) VALUES ("3119258", "3119867", "2020-03-11");
INSERT INTO Project (Project_ID,Name,Summary,Project_Funds,Start_Date,End_Date,Executive_ID,Program_ID,Organization_ID,Research_Manager_ID) VALUES ("3119868", "Κι Εσωτερικών Νέα", "Impedit nobis tempore amet. Vel labore aut a molestiae eius deleniti.", "581855", "2019-11-09", "2022-06-26", "3119126", "3119030", "3119004", "3120088");
INSERT INTO Works_On (Researcher_ID,Project_ID,Start_Date) VALUES ("3120088", "3119868", "2019-11-09");
INSERT INTO Project (Project_ID,Name,Summary,Project_Funds,Start_Date,End_Date,Executive_ID,Program_ID,Organization_ID,Research_Manager_ID) VALUES ("3119869", "Hold Every Range", "Δε υψηλότερη μα δυστυχώς. Δεν επεξεργασία αρέσει μπουν όταν.", "258239", "2021-07-28", "2024-11-17", "3119095", "3119140", "3119038", "3119244");
INSERT INTO Works_On (Researcher_ID,Project_ID,Start_Date) VALUES ("3119244", "3119869", "2021-07-28");
INSERT INTO Project (Project_ID,Name,Summary,Project_Funds,Start_Date,End_Date,Executive_ID,Program_ID,Organization_ID,Research_Manager_ID) VALUES ("3119870", "Illo Maiores", "Έχω χρησιμοποίησέ χρόνου προσθέσει.", "895615", "2022-02-15", "2024-05-26", "3119184", "3119139", "3119001", "3119220");
INSERT INTO Works_On (Researcher_ID,Project_ID,Start_Date) VALUES ("3119220", "3119870", "2022-02-15");
INSERT INTO Project (Project_ID,Name,Summary,Project_Funds,Start_Date,End_Date,Executive_ID,Program_ID,Organization_ID,Research_Manager_ID) VALUES ("3119871", "Μας Ποσοστό", "Στα παραδοτέου κι βρίσκονται δύο τεκμηριώνει μεταφραστής.", "367219", "2020-10-25", "2022-07-11", "3119042", "3119095", "3119004", "3119560");
INSERT INTO Works_On (Researcher_ID,Project_ID,Start_Date) VALUES ("3119560", "3119871", "2020-10-25");
INSERT INTO Project (Project_ID,Name,Summary,Project_Funds,Start_Date,End_Date,Executive_ID,Program_ID,Organization_ID,Research_Manager_ID) VALUES ("3119872", "Ότι Ξέχασε", "Quia aut voluptate alias soluta.", "971292", "2021-10-22", "2025-09-04", "3119071", "3119193", "3119008", "3119097");
INSERT INTO Works_On (Researcher_ID,Project_ID,Start_Date) VALUES ("3119097", "3119872", "2021-10-22");
INSERT INTO Project (Project_ID,Name,Summary,Project_Funds,Start_Date,End_Date,Executive_ID,Program_ID,Organization_ID,Research_Manager_ID) VALUES ("3119873", "Quidem Doloribus", "Ανακλύψεις μπουν των βιβλίο ότι εκτελείται φράση όταν.", "353924", "2021-10-09", "2025-09-18", "3119089", "3119053", "3119021", "3119533");
INSERT INTO Works_On (Researcher_ID,Project_ID,Start_Date) VALUES ("3119533", "3119873", "2021-10-09");
INSERT INTO Project (Project_ID,Name,Summary,Project_Funds,Start_Date,End_Date,Executive_ID,Program_ID,Organization_ID,Research_Manager_ID) VALUES ("3119874", "Asperiores", "Find history after hour couple relationship necessary.", "145500", "2021-08-25", "2023-02-28", "3119184", "3119004", "3119024", "3119905");
INSERT INTO Works_On (Researcher_ID,Project_ID,Start_Date) VALUES ("3119905", "3119874", "2021-08-25");
INSERT INTO Project (Project_ID,Name,Summary,Project_Funds,Start_Date,End_Date,Executive_ID,Program_ID,Organization_ID,Research_Manager_ID) VALUES ("3119875", "Unde Qui Nesciunt", "Ακούσει σωστά κι στήλες. Εργαζόμενων γραμμή ποια έχω διαχειριστής τρέξει.", "707863", "2020-08-10", "2021-10-20", "3119087", "3119045", "3119023", "3119884");
INSERT INTO Works_On (Researcher_ID,Project_ID,Start_Date) VALUES ("3119884", "3119875", "2020-08-10");
INSERT INTO Project (Project_ID,Name,Summary,Project_Funds,Start_Date,End_Date,Executive_ID,Program_ID,Organization_ID,Research_Manager_ID) VALUES ("3119876", "Παράδειγμα", "Eos non animi a libero. Adipisci laudantium veniam ipsam iure quo.", "761672", "2021-03-27", "2024-05-31", "3119004", "3119193", "3119033", "3119470");
INSERT INTO Works_On (Researcher_ID,Project_ID,Start_Date) VALUES ("3119470", "3119876", "2021-03-27");
INSERT INTO Project (Project_ID,Name,Summary,Project_Funds,Start_Date,End_Date,Executive_ID,Program_ID,Organization_ID,Research_Manager_ID) VALUES ("3119877", "Molestiae Quod", "Τους ήδη τον συνάδελφος. Οι βιβλίο ρωτάει ήδη μου τεσσαρών.", "142380", "2020-07-14", "2023-12-26", "3119080", "3119080", "3119033", "3119198");
INSERT INTO Works_On (Researcher_ID,Project_ID,Start_Date) VALUES ("3119198", "3119877", "2020-07-14");
INSERT INTO Project (Project_ID,Name,Summary,Project_Funds,Start_Date,End_Date,Executive_ID,Program_ID,Organization_ID,Research_Manager_ID) VALUES ("3119878", "Ας Προσπαθήσεις", "Εγώ εκτελέσεις μέχρι των.", "704412", "2021-12-08", "2024-08-27", "3119002", "3119028", "3119037", "3119346");
INSERT INTO Works_On (Researcher_ID,Project_ID,Start_Date) VALUES ("3119346", "3119878", "2021-12-08");
INSERT INTO Project (Project_ID,Name,Summary,Project_Funds,Start_Date,End_Date,Executive_ID,Program_ID,Organization_ID,Research_Manager_ID) VALUES ("3119879", "Δεν Μας Παίρνουν", "Ίδιο στα κώδικάς έξι. Αθόρυβες έχω κλπ σημαντικό αποκλειστικούς διαδίκτυο.", "951717", "2021-12-13", "2024-11-05", "3119040", "3119080", "3119013", "3120199");
INSERT INTO Works_On (Researcher_ID,Project_ID,Start_Date) VALUES ("3120199", "3119879", "2021-12-13");
INSERT INTO Project (Project_ID,Name,Summary,Project_Funds,Start_Date,End_Date,Executive_ID,Program_ID,Organization_ID,Research_Manager_ID) VALUES ("3119880", "Διάβασε Πιο Δείξει", "Ducimus praesentium officiis.", "274620", "2021-02-14", "2022-10-22", "3119042", "3119063", "3119012", "3119463");
INSERT INTO Works_On (Researcher_ID,Project_ID,Start_Date) VALUES ("3119463", "3119880", "2021-02-14");
INSERT INTO Project (Project_ID,Name,Summary,Project_Funds,Start_Date,End_Date,Executive_ID,Program_ID,Organization_ID,Research_Manager_ID) VALUES ("3119881", "Tenetur Ab", "Recusandae dolor aperiam consequuntur quam reiciendis.", "356935", "2020-02-28", "2022-06-05", "3119141", "3119076", "3119041", "3120175");
INSERT INTO Works_On (Researcher_ID,Project_ID,Start_Date) VALUES ("3120175", "3119881", "2020-02-28");
INSERT INTO Project (Project_ID,Name,Summary,Project_Funds,Start_Date,End_Date,Executive_ID,Program_ID,Organization_ID,Research_Manager_ID) VALUES ("3119882", "Εξοργιστικά", "Παραπάνω εντολές εγώ αναφορά. Στα διοικητικό διακόψουμε.", "140200", "2021-09-01", "2024-05-26", "3119092", "3119018", "3119031", "3119837");
INSERT INTO Works_On (Researcher_ID,Project_ID,Start_Date) VALUES ("3119837", "3119882", "2021-09-01");
INSERT INTO Project (Project_ID,Name,Summary,Project_Funds,Start_Date,End_Date,Executive_ID,Program_ID,Organization_ID,Research_Manager_ID) VALUES ("3119883", "Hope Your Cup Smile", "Καταλάθος σωστά και δυστυχής εγώ δημιουργια. Μας ένας προκαλείς κάτι.", "299211", "2020-01-08", "2022-06-02", "3119070", "3119018", "3119032", "3119414");
INSERT INTO Works_On (Researcher_ID,Project_ID,Start_Date) VALUES ("3119414", "3119883", "2020-01-08");
INSERT INTO Project (Project_ID,Name,Summary,Project_Funds,Start_Date,End_Date,Executive_ID,Program_ID,Organization_ID,Research_Manager_ID) VALUES ("3119884", "Θέματα Άρα", "Throughout trade day cost south respond.", "608563", "2021-06-18", "2023-10-09", "3119072", "3119040", "3119033", "3119659");
INSERT INTO Works_On (Researcher_ID,Project_ID,Start_Date) VALUES ("3119659", "3119884", "2021-06-18");
INSERT INTO Project (Project_ID,Name,Summary,Project_Funds,Start_Date,End_Date,Executive_ID,Program_ID,Organization_ID,Research_Manager_ID) VALUES ("3119885", "Αποδείξεις", "Βγήκε εγώ μετρήσεις πως τεσσαρών εργάστηκε.", "395068", "2022-05-12", "2024-10-12", "3119076", "3119175", "3119038", "3119170");
INSERT INTO Works_On (Researcher_ID,Project_ID,Start_Date) VALUES ("3119170", "3119885", "2022-05-12");
INSERT INTO Project (Project_ID,Name,Summary,Project_Funds,Start_Date,End_Date,Executive_ID,Program_ID,Organization_ID,Research_Manager_ID) VALUES ("3119886", "Χρονοδιαγράμματος", "Tenetur reiciendis mollitia tempore. Ipsam ex sunt nobis vel harum illum.", "283296", "2021-11-16", "2024-03-28", "3119188", "3119189", "3119045", "3119166");
INSERT INTO Works_On (Researcher_ID,Project_ID,Start_Date) VALUES ("3119166", "3119886", "2021-11-16");
INSERT INTO Project (Project_ID,Name,Summary,Project_Funds,Start_Date,End_Date,Executive_ID,Program_ID,Organization_ID,Research_Manager_ID) VALUES ("3119887", "Delectus Natus Et", "Corporis at similique nesciunt beatae alias.", "393589", "2020-06-30", "2024-03-01", "3119055", "3119038", "3119025", "3119828");
INSERT INTO Works_On (Researcher_ID,Project_ID,Start_Date) VALUES ("3119828", "3119887", "2020-06-30");
INSERT INTO Project (Project_ID,Name,Summary,Project_Funds,Start_Date,End_Date,Executive_ID,Program_ID,Organization_ID,Research_Manager_ID) VALUES ("3119888", "Bill Job Ever", "Κλπ προσπαθήσεις όχι της έρθει έλεγχος ανά πρώτης.", "179045", "2021-09-11", "2024-09-09", "3119003", "3119159", "3119000", "3119675");
INSERT INTO Works_On (Researcher_ID,Project_ID,Start_Date) VALUES ("3119675", "3119888", "2021-09-11");
INSERT INTO Project (Project_ID,Name,Summary,Project_Funds,Start_Date,End_Date,Executive_ID,Program_ID,Organization_ID,Research_Manager_ID) VALUES ("3119889", "Recusandae Placeat", "Ratione veritatis tempore labore laborum ipsam nulla.", "138489", "2021-06-15", "2024-10-22", "3119095", "3119018", "3119037", "3119171");
INSERT INTO Works_On (Researcher_ID,Project_ID,Start_Date) VALUES ("3119171", "3119889", "2021-06-15");
INSERT INTO Project (Project_ID,Name,Summary,Project_Funds,Start_Date,End_Date,Executive_ID,Program_ID,Organization_ID,Research_Manager_ID) VALUES ("3119890", "Περιβάλλον Φακέλους", "Στήλες χρονοδιαγράμματος εργαζόμενοι τύπου της.", "547571", "2021-06-07", "2023-08-17", "3119020", "3119191", "3119046", "3119566");
INSERT INTO Works_On (Researcher_ID,Project_ID,Start_Date) VALUES ("3119566", "3119890", "2021-06-07");
INSERT INTO Project (Project_ID,Name,Summary,Project_Funds,Start_Date,End_Date,Executive_ID,Program_ID,Organization_ID,Research_Manager_ID) VALUES ("3119891", "Συνέχεια Όσο Πάντως", "Ipsa natus voluptates consequuntur voluptatum occaecati esse.", "549406", "2020-04-11", "2023-04-13", "3119189", "3119133", "3119024", "3120029");
INSERT INTO Works_On (Researcher_ID,Project_ID,Start_Date) VALUES ("3120029", "3119891", "2020-04-11");
INSERT INTO Project (Project_ID,Name,Summary,Project_Funds,Start_Date,End_Date,Executive_ID,Program_ID,Organization_ID,Research_Manager_ID) VALUES ("3119892", "Work Usually", "Σου τη αγοράζοντας αναγκάζονται νέου επιδιορθώσεις.", "311239", "2019-12-29", "2023-08-18", "3119156", "3119067", "3119015", "3119500");
INSERT INTO Works_On (Researcher_ID,Project_ID,Start_Date) VALUES ("3119500", "3119892", "2019-12-29");
INSERT INTO Project (Project_ID,Name,Summary,Project_Funds,Start_Date,End_Date,Executive_ID,Program_ID,Organization_ID,Research_Manager_ID) VALUES ("3119893", "Quis Animi Vel", "Μη χάος διακοπή πάρεις.", "706056", "2021-09-27", "2024-06-02", "3119141", "3119186", "3119015", "3119974");
INSERT INTO Works_On (Researcher_ID,Project_ID,Start_Date) VALUES ("3119974", "3119893", "2021-09-27");
INSERT INTO Project (Project_ID,Name,Summary,Project_Funds,Start_Date,End_Date,Executive_ID,Program_ID,Organization_ID,Research_Manager_ID) VALUES ("3119894", "Quae Qui Placeat", "Sit nostrum praesentium hic iure.", "146074", "2020-10-04", "2024-05-20", "3119084", "3119153", "3119012", "3119609");
INSERT INTO Works_On (Researcher_ID,Project_ID,Start_Date) VALUES ("3119609", "3119894", "2020-10-04");
INSERT INTO Project (Project_ID,Name,Summary,Project_Funds,Start_Date,End_Date,Executive_ID,Program_ID,Organization_ID,Research_Manager_ID) VALUES ("3119895", "Numquam Doloremque", "Νέο μιας ώρα δε. Σημεία διασφαλίζεται εφαρμογή εφαμοργής όταν.", "114355", "2021-09-02", "2025-04-16", "3119054", "3119013", "3119022", "3119587");
INSERT INTO Works_On (Researcher_ID,Project_ID,Start_Date) VALUES ("3119587", "3119895", "2021-09-02");
INSERT INTO Project (Project_ID,Name,Summary,Project_Funds,Start_Date,End_Date,Executive_ID,Program_ID,Organization_ID,Research_Manager_ID) VALUES ("3119896", "Nam Dolore Ullam", "Deserunt eveniet fugiat quisquam exercitationem illo.", "931488", "2021-11-03", "2023-10-16", "3119103", "3119119", "3119002", "3119162");
INSERT INTO Works_On (Researcher_ID,Project_ID,Start_Date) VALUES ("3119162", "3119896", "2021-11-03");
INSERT INTO Project (Project_ID,Name,Summary,Project_Funds,Start_Date,End_Date,Executive_ID,Program_ID,Organization_ID,Research_Manager_ID) VALUES ("3119897", "Possimus Nemo At", "Επεξεργασία ωραίο πρώτοι για ερώτηση τελειώσει ξέχασε.", "280715", "2021-08-16", "2023-02-16", "3119146", "3119065", "3119041", "3119411");
INSERT INTO Works_On (Researcher_ID,Project_ID,Start_Date) VALUES ("3119411", "3119897", "2021-08-16");
INSERT INTO Project (Project_ID,Name,Summary,Project_Funds,Start_Date,End_Date,Executive_ID,Program_ID,Organization_ID,Research_Manager_ID) VALUES ("3119898", "School Position", "Authority lawyer field while at policy record practice.", "518168", "2020-11-02", "2022-07-24", "3119137", "3119088", "3119012", "3119985");
INSERT INTO Works_On (Researcher_ID,Project_ID,Start_Date) VALUES ("3119985", "3119898", "2020-11-02");
INSERT INTO Project (Project_ID,Name,Summary,Project_Funds,Start_Date,End_Date,Executive_ID,Program_ID,Organization_ID,Research_Manager_ID) VALUES ("3119899", "Εδώ Διάσημα Μαγικά", "Φαινόμενο υψηλότερη ανεπιθύμητη τους βιαστικά. Της σου αναγκάζονται νέων.", "886204", "2020-11-11", "2023-09-23", "3119020", "3119000", "3119019", "3119811");
INSERT INTO Works_On (Researcher_ID,Project_ID,Start_Date) VALUES ("3119811", "3119899", "2020-11-11");
INSERT INTO Project (Project_ID,Name,Summary,Project_Funds,Start_Date,End_Date,Executive_ID,Program_ID,Organization_ID,Research_Manager_ID) VALUES ("3119900", "Υπηρεσία Κι Σας Τα", "Υποψήφιο δεν μη υποψήφιο επενδυτής πως ποια λέει.", "913462", "2020-12-28", "2023-03-04", "3119175", "3119026", "3119004", "3119367");
INSERT INTO Works_On (Researcher_ID,Project_ID,Start_Date) VALUES ("3119367", "3119900", "2020-12-28");
INSERT INTO Project (Project_ID,Name,Summary,Project_Funds,Start_Date,End_Date,Executive_ID,Program_ID,Organization_ID,Research_Manager_ID) VALUES ("3119901", "Χρησιμοποίησέ", "Χειρότερα ελέγχου όχι εργαλείων έρθει σωστά μερικούς.", "793672", "2020-05-26", "2024-02-26", "3119085", "3119191", "3119002", "3120139");
INSERT INTO Works_On (Researcher_ID,Project_ID,Start_Date) VALUES ("3120139", "3119901", "2020-05-26");
INSERT INTO Project (Project_ID,Name,Summary,Project_Funds,Start_Date,End_Date,Executive_ID,Program_ID,Organization_ID,Research_Manager_ID) VALUES ("3119902", "Κάνεις", "Επί λαμβάνουν ας έγραψες συγχωνευτεί.", "341568", "2021-06-14", "2025-03-23", "3119086", "3119066", "3119002", "3120042");
INSERT INTO Works_On (Researcher_ID,Project_ID,Start_Date) VALUES ("3120042", "3119902", "2021-06-14");
INSERT INTO Project (Project_ID,Name,Summary,Project_Funds,Start_Date,End_Date,Executive_ID,Program_ID,Organization_ID,Research_Manager_ID) VALUES ("3119903", "Fugiat Officia", "Μηχανής μαγικά εκτελέσει ορίστε χαρακτηριστικό.", "892600", "2022-01-02", "2025-11-09", "3119073", "3119043", "3119047", "3119082");
INSERT INTO Works_On (Researcher_ID,Project_ID,Start_Date) VALUES ("3119082", "3119903", "2022-01-02");
INSERT INTO Project (Project_ID,Name,Summary,Project_Funds,Start_Date,End_Date,Executive_ID,Program_ID,Organization_ID,Research_Manager_ID) VALUES ("3119904", "Spring Born", "Παραπάνω καταλάθος έστειλε πετάξαμε έχω άρθρων.", "540189", "2020-02-15", "2022-06-13", "3119067", "3119195", "3119040", "3119588");
INSERT INTO Works_On (Researcher_ID,Project_ID,Start_Date) VALUES ("3119588", "3119904", "2020-02-15");
INSERT INTO Project (Project_ID,Name,Summary,Project_Funds,Start_Date,End_Date,Executive_ID,Program_ID,Organization_ID,Research_Manager_ID) VALUES ("3119905", "One Center During", "Officia maiores suscipit reiciendis pariatur sunt.", "252905", "2022-03-19", "2025-02-28", "3119062", "3119023", "3119009", "3120001");
INSERT INTO Works_On (Researcher_ID,Project_ID,Start_Date) VALUES ("3120001", "3119905", "2022-03-19");
INSERT INTO Project (Project_ID,Name,Summary,Project_Funds,Start_Date,End_Date,Executive_ID,Program_ID,Organization_ID,Research_Manager_ID) VALUES ("3119906", "Γέλασαν", "Μέχρι μεταγλωτίσει αφήσεις οι επί μην. Ρωτήσει επιδιορθώσεις επί.", "188860", "2020-03-29", "2024-03-13", "3119043", "3119040", "3119004", "3119310");
INSERT INTO Works_On (Researcher_ID,Project_ID,Start_Date) VALUES ("3119310", "3119906", "2020-03-29");
INSERT INTO Project (Project_ID,Name,Summary,Project_Funds,Start_Date,End_Date,Executive_ID,Program_ID,Organization_ID,Research_Manager_ID) VALUES ("3119907", "Neque Asperiores", "Ευκολότερο προκαλείς εξακολουθεί μιας κάτι υψηλότερη πόρτες.", "718578", "2020-11-15", "2024-04-25", "3119131", "3119146", "3119011", "3119114");
INSERT INTO Works_On (Researcher_ID,Project_ID,Start_Date) VALUES ("3119114", "3119907", "2020-11-15");
INSERT INTO Project (Project_ID,Name,Summary,Project_Funds,Start_Date,End_Date,Executive_ID,Program_ID,Organization_ID,Research_Manager_ID) VALUES ("3119908", "Impedit Optio Odit", "Άτομο σχεδιαστής μαγικά συνηθίζουν. Πολύ οι πάντως με τύπους.", "504970", "2021-11-15", "2024-01-27", "3119051", "3119059", "3119021", "3120196");
INSERT INTO Works_On (Researcher_ID,Project_ID,Start_Date) VALUES ("3120196", "3119908", "2021-11-15");
INSERT INTO Project (Project_ID,Name,Summary,Project_Funds,Start_Date,End_Date,Executive_ID,Program_ID,Organization_ID,Research_Manager_ID) VALUES ("3119909", "Επί Μετράει Πακέτων", "Nesciunt quod necessitatibus ab nihil reprehenderit aperiam.", "751587", "2020-07-25", "2022-01-15", "3119092", "3119076", "3119039", "3119899");
INSERT INTO Works_On (Researcher_ID,Project_ID,Start_Date) VALUES ("3119899", "3119909", "2020-07-25");
INSERT INTO Project (Project_ID,Name,Summary,Project_Funds,Start_Date,End_Date,Executive_ID,Program_ID,Organization_ID,Research_Manager_ID) VALUES ("3119910", "Suscipit Sunt", "Εικόνες παίρνουν πακέτων κάνε τους χρησιμοποίησέ τι.", "841835", "2021-04-20", "2023-01-09", "3119118", "3119138", "3119011", "3120186");
INSERT INTO Works_On (Researcher_ID,Project_ID,Start_Date) VALUES ("3120186", "3119910", "2021-04-20");
INSERT INTO Project (Project_ID,Name,Summary,Project_Funds,Start_Date,End_Date,Executive_ID,Program_ID,Organization_ID,Research_Manager_ID) VALUES ("3119911", "Την Παίξουν", "So analysis natural employee open fear food.", "176059", "2020-06-03", "2024-02-12", "3119161", "3119128", "3119007", "3119762");
INSERT INTO Works_On (Researcher_ID,Project_ID,Start_Date) VALUES ("3119762", "3119911", "2020-06-03");
INSERT INTO Project (Project_ID,Name,Summary,Project_Funds,Start_Date,End_Date,Executive_ID,Program_ID,Organization_ID,Research_Manager_ID) VALUES ("3119912", "Reiciendis Cum", "Δεν πιο με βρίσκονται. Για το μεταφραστής ανά εκτός.", "690679", "2021-03-29", "2025-01-03", "3119036", "3119079", "3119017", "3119415");
INSERT INTO Works_On (Researcher_ID,Project_ID,Start_Date) VALUES ("3119415", "3119912", "2021-03-29");
INSERT INTO Project (Project_ID,Name,Summary,Project_Funds,Start_Date,End_Date,Executive_ID,Program_ID,Organization_ID,Research_Manager_ID) VALUES ("3119913", "View Generation", "Choice such pay of right amount citizen eat.", "993290", "2020-08-03", "2024-04-29", "3119028", "3119137", "3119039", "3119365");
INSERT INTO Works_On (Researcher_ID,Project_ID,Start_Date) VALUES ("3119365", "3119913", "2020-08-03");
INSERT INTO Project (Project_ID,Name,Summary,Project_Funds,Start_Date,End_Date,Executive_ID,Program_ID,Organization_ID,Research_Manager_ID) VALUES ("3119914", "Ea Nam Quam", "Χρησιμοποίησέ μάθε όταν δυστυχής χώρου. Γέλασαν ως μου συνεχώς.", "800192", "2019-12-11", "2021-11-20", "3119184", "3119115", "3119033", "3119749");
INSERT INTO Works_On (Researcher_ID,Project_ID,Start_Date) VALUES ("3119749", "3119914", "2019-12-11");
INSERT INTO Project (Project_ID,Name,Summary,Project_Funds,Start_Date,End_Date,Executive_ID,Program_ID,Organization_ID,Research_Manager_ID) VALUES ("3119915", "Επιχείριση Κάτι Έχω", "Που ορίστε αναφορά ειδικά πηγαίου σκεφτείς πεδία.", "846177", "2020-09-02", "2022-08-30", "3119089", "3119164", "3119010", "3119860");
INSERT INTO Works_On (Researcher_ID,Project_ID,Start_Date) VALUES ("3119860", "3119915", "2020-09-02");
INSERT INTO Project (Project_ID,Name,Summary,Project_Funds,Start_Date,End_Date,Executive_ID,Program_ID,Organization_ID,Research_Manager_ID) VALUES ("3119916", "Συγγραφής Πρώτοι", "Εδώ κάτι αφήσεις πετάνε. Πως εκτελείται ένα κάτι.", "889716", "2020-03-09", "2022-11-05", "3119154", "3119059", "3119025", "3120004");
INSERT INTO Works_On (Researcher_ID,Project_ID,Start_Date) VALUES ("3120004", "3119916", "2020-03-09");
INSERT INTO Project (Project_ID,Name,Summary,Project_Funds,Start_Date,End_Date,Executive_ID,Program_ID,Organization_ID,Research_Manager_ID) VALUES ("3119917", "Level Agree Look", "Whatever conference I performance charge animal.", "210024", "2020-08-21", "2023-08-13", "3119158", "3119181", "3119018", "3119464");
INSERT INTO Works_On (Researcher_ID,Project_ID,Start_Date) VALUES ("3119464", "3119917", "2020-08-21");
INSERT INTO Project (Project_ID,Name,Summary,Project_Funds,Start_Date,End_Date,Executive_ID,Program_ID,Organization_ID,Research_Manager_ID) VALUES ("3119918", "Numquam Eveniet", "Ερωτήσεις αρχεία μετρήσεις μερικούς μάθε αποκλειστικούς στις.", "421171", "2022-01-16", "2024-08-25", "3119083", "3119135", "3119012", "3119639");
INSERT INTO Works_On (Researcher_ID,Project_ID,Start_Date) VALUES ("3119639", "3119918", "2022-01-16");
INSERT INTO Project (Project_ID,Name,Summary,Project_Funds,Start_Date,End_Date,Executive_ID,Program_ID,Organization_ID,Research_Manager_ID) VALUES ("3119919", "Realize Model Avoid", "Μην δύο τον μπορούσες πλέον μερικούς. Δύο στα ναι ζητήσεις μας.", "228805", "2020-12-25", "2022-11-25", "3119038", "3119016", "3119040", "3120171");
INSERT INTO Works_On (Researcher_ID,Project_ID,Start_Date) VALUES ("3120171", "3119919", "2020-12-25");
INSERT INTO Project (Project_ID,Name,Summary,Project_Funds,Start_Date,End_Date,Executive_ID,Program_ID,Organization_ID,Research_Manager_ID) VALUES ("3119920", "Ρωτήσει Μετράει Της", "Nisi qui cum laudantium vel. Quae expedita quisquam harum repudiandae.", "859121", "2021-06-04", "2025-03-15", "3119047", "3119026", "3119049", "3119058");
INSERT INTO Works_On (Researcher_ID,Project_ID,Start_Date) VALUES ("3119058", "3119920", "2021-06-04");
INSERT INTO Project (Project_ID,Name,Summary,Project_Funds,Start_Date,End_Date,Executive_ID,Program_ID,Organization_ID,Research_Manager_ID) VALUES ("3119921", "Facere Reiciendis", "Λαμβάνουν που αυτήν επεξεργασία απόλαυσε τα έρθει.", "803643", "2021-12-10", "2023-12-14", "3119084", "3119048", "3119010", "3119842");
INSERT INTO Works_On (Researcher_ID,Project_ID,Start_Date) VALUES ("3119842", "3119921", "2021-12-10");
INSERT INTO Project (Project_ID,Name,Summary,Project_Funds,Start_Date,End_Date,Executive_ID,Program_ID,Organization_ID,Research_Manager_ID) VALUES ("3119922", "Nobis In Provident", "Ας μάτσο ίδιο λέει δουλεύει φαινόμενο. Έχω διακόψουμε ρωτήσει μετράει.", "803535", "2021-04-20", "2025-03-01", "3119105", "3119172", "3119026", "3119948");
INSERT INTO Works_On (Researcher_ID,Project_ID,Start_Date) VALUES ("3119948", "3119922", "2021-04-20");
INSERT INTO Project (Project_ID,Name,Summary,Project_Funds,Start_Date,End_Date,Executive_ID,Program_ID,Organization_ID,Research_Manager_ID) VALUES ("3119923", "Doloribus Qui Ab", "Itself break usually edge edge recently himself.", "378578", "2022-05-01", "2024-04-03", "3119041", "3119040", "3119016", "3120027");
INSERT INTO Works_On (Researcher_ID,Project_ID,Start_Date) VALUES ("3120027", "3119923", "2022-05-01");
INSERT INTO Project (Project_ID,Name,Summary,Project_Funds,Start_Date,End_Date,Executive_ID,Program_ID,Organization_ID,Research_Manager_ID) VALUES ("3119924", "Iure Quasi", "Στις στις απλό κι. Δεν εξακολουθεί παίξουν περιβάλλον.", "263915", "2020-12-11", "2022-09-21", "3119141", "3119104", "3119000", "3119340");
INSERT INTO Works_On (Researcher_ID,Project_ID,Start_Date) VALUES ("3119340", "3119924", "2020-12-11");
INSERT INTO Project (Project_ID,Name,Summary,Project_Funds,Start_Date,End_Date,Executive_ID,Program_ID,Organization_ID,Research_Manager_ID) VALUES ("3119925", "Σταματάς Ένα Άπειρα", "Τύπου κάτι κάτι ανά. Μα κι επιχείριση πάντως κλπ.", "153276", "2021-03-01", "2024-10-17", "3119142", "3119009", "3119038", "3119484");
INSERT INTO Works_On (Researcher_ID,Project_ID,Start_Date) VALUES ("3119484", "3119925", "2021-03-01");
INSERT INTO Project (Project_ID,Name,Summary,Project_Funds,Start_Date,End_Date,Executive_ID,Program_ID,Organization_ID,Research_Manager_ID) VALUES ("3119926", "Μην Μου Γραμμής Όσο", "Φακέλους διάσημα σημεία κανένας κώδικα εδώ ένας.", "459879", "2020-03-10", "2023-01-13", "3119089", "3119179", "3119006", "3120173");
INSERT INTO Works_On (Researcher_ID,Project_ID,Start_Date) VALUES ("3120173", "3119926", "2020-03-10");
INSERT INTO Project (Project_ID,Name,Summary,Project_Funds,Start_Date,End_Date,Executive_ID,Program_ID,Organization_ID,Research_Manager_ID) VALUES ("3119927", "She Tell", "Γνωστή προκύπτουν πρώτο δυστυχής ανά περιβάλλον διορθώσει.", "546921", "2022-03-26", "2024-06-06", "3119104", "3119055", "3119007", "3119696");
INSERT INTO Works_On (Researcher_ID,Project_ID,Start_Date) VALUES ("3119696", "3119927", "2022-03-26");
INSERT INTO Project (Project_ID,Name,Summary,Project_Funds,Start_Date,End_Date,Executive_ID,Program_ID,Organization_ID,Research_Manager_ID) VALUES ("3119928", "Commodi Sapiente", "Sint accusantium fugit. Illo vero facilis consectetur delectus.", "430662", "2022-03-01", "2024-02-14", "3119024", "3119042", "3119016", "3119212");
INSERT INTO Works_On (Researcher_ID,Project_ID,Start_Date) VALUES ("3119212", "3119928", "2022-03-01");
INSERT INTO Project (Project_ID,Name,Summary,Project_Funds,Start_Date,End_Date,Executive_ID,Program_ID,Organization_ID,Research_Manager_ID) VALUES ("3119929", "Επί Τις Αυτός Πάντα", "Plant argue worry. Simply night could manager.", "347916", "2021-09-27", "2022-11-25", "3119031", "3119062", "3119002", "3119161");
INSERT INTO Works_On (Researcher_ID,Project_ID,Start_Date) VALUES ("3119161", "3119929", "2021-09-27");
INSERT INTO Project (Project_ID,Name,Summary,Project_Funds,Start_Date,End_Date,Executive_ID,Program_ID,Organization_ID,Research_Manager_ID) VALUES ("3119930", "Απαραίτητο Της", "Pm television a sing start up issue.", "666516", "2022-05-10", "2025-12-08", "3119101", "3119066", "3119033", "3119495");
INSERT INTO Works_On (Researcher_ID,Project_ID,Start_Date) VALUES ("3119495", "3119930", "2022-05-10");
INSERT INTO Project (Project_ID,Name,Summary,Project_Funds,Start_Date,End_Date,Executive_ID,Program_ID,Organization_ID,Research_Manager_ID) VALUES ("3119931", "Έξι Με Άρα", "Ab rem reiciendis aperiam in dolorem.", "322273", "2019-12-04", "2021-07-29", "3119131", "3119048", "3119039", "3119658");
INSERT INTO Works_On (Researcher_ID,Project_ID,Start_Date) VALUES ("3119658", "3119931", "2019-12-04");
INSERT INTO Project (Project_ID,Name,Summary,Project_Funds,Start_Date,End_Date,Executive_ID,Program_ID,Organization_ID,Research_Manager_ID) VALUES ("3119932", "Provident Qui Nihil", "Reiciendis rerum blanditiis sint recusandae dolore sequi.", "262521", "2020-06-14", "2023-11-29", "3119050", "3119149", "3119029", "3119140");
INSERT INTO Works_On (Researcher_ID,Project_ID,Start_Date) VALUES ("3119140", "3119932", "2020-06-14");
INSERT INTO Project (Project_ID,Name,Summary,Project_Funds,Start_Date,End_Date,Executive_ID,Program_ID,Organization_ID,Research_Manager_ID) VALUES ("3119933", "Πες Βουτήξουν Δεν", "Nihil quaerat sapiente fugit nulla.", "662971", "2020-04-30", "2023-02-18", "3119171", "3119131", "3119042", "3119813");
INSERT INTO Works_On (Researcher_ID,Project_ID,Start_Date) VALUES ("3119813", "3119933", "2020-04-30");
INSERT INTO Project (Project_ID,Name,Summary,Project_Funds,Start_Date,End_Date,Executive_ID,Program_ID,Organization_ID,Research_Manager_ID) VALUES ("3119934", "Garden Person", "Σας διαδίκτυο μέχρι νέα διοικητικό.", "104368", "2021-08-17", "2024-11-19", "3119153", "3119106", "3119048", "3119203");
INSERT INTO Works_On (Researcher_ID,Project_ID,Start_Date) VALUES ("3119203", "3119934", "2021-08-17");
INSERT INTO Project (Project_ID,Name,Summary,Project_Funds,Start_Date,End_Date,Executive_ID,Program_ID,Organization_ID,Research_Manager_ID) VALUES ("3119935", "Δημιουργια", "Αποφάσισε διορθώσεις διευθυντές παράγοντες.", "964711", "2022-02-18", "2025-01-20", "3119110", "3119119", "3119029", "3119510");
INSERT INTO Works_On (Researcher_ID,Project_ID,Start_Date) VALUES ("3119510", "3119935", "2022-02-18");
INSERT INTO Project (Project_ID,Name,Summary,Project_Funds,Start_Date,End_Date,Executive_ID,Program_ID,Organization_ID,Research_Manager_ID) VALUES ("3119936", "Πάντα Ρουτίνα Λέει", "Ab asperiores ab earum ipsa blanditiis consequuntur adipisci.", "254818", "2020-04-30", "2023-09-22", "3119009", "3119008", "3119000", "3120123");
INSERT INTO Works_On (Researcher_ID,Project_ID,Start_Date) VALUES ("3120123", "3119936", "2020-04-30");
INSERT INTO Project (Project_ID,Name,Summary,Project_Funds,Start_Date,End_Date,Executive_ID,Program_ID,Organization_ID,Research_Manager_ID) VALUES ("3119937", "Sint Accusantium", "Κανείς ρωτήσει χάος σου τέλειοι θέλεις.", "276281", "2021-06-17", "2024-03-02", "3119145", "3119144", "3119016", "3119125");
INSERT INTO Works_On (Researcher_ID,Project_ID,Start_Date) VALUES ("3119125", "3119937", "2021-06-17");
INSERT INTO Project (Project_ID,Name,Summary,Project_Funds,Start_Date,End_Date,Executive_ID,Program_ID,Organization_ID,Research_Manager_ID) VALUES ("3119938", "Εδώ Βασανίζουν", "Συγκεντρωμένοι άρα της μην ταξινομεί.", "133131", "2020-10-04", "2024-09-20", "3119116", "3119192", "3119042", "3119815");
INSERT INTO Works_On (Researcher_ID,Project_ID,Start_Date) VALUES ("3119815", "3119938", "2020-10-04");
INSERT INTO Project (Project_ID,Name,Summary,Project_Funds,Start_Date,End_Date,Executive_ID,Program_ID,Organization_ID,Research_Manager_ID) VALUES ("3119939", "Occaecati Numquam", "Maxime inventore consequuntur cum tempore quo architecto.", "800571", "2022-04-03", "2025-02-10", "3119118", "3119136", "3119031", "3120134");
INSERT INTO Works_On (Researcher_ID,Project_ID,Start_Date) VALUES ("3120134", "3119939", "2022-04-03");
INSERT INTO Project (Project_ID,Name,Summary,Project_Funds,Start_Date,End_Date,Executive_ID,Program_ID,Organization_ID,Research_Manager_ID) VALUES ("3119940", "Corrupti Possimus", "Επιστρέφουν αποστηθίσει προσεκτικά πετάνε διορθώσει.", "328542", "2020-05-22", "2022-01-18", "3119068", "3119120", "3119006", "3119726");
INSERT INTO Works_On (Researcher_ID,Project_ID,Start_Date) VALUES ("3119726", "3119940", "2020-05-22");
INSERT INTO Project (Project_ID,Name,Summary,Project_Funds,Start_Date,End_Date,Executive_ID,Program_ID,Organization_ID,Research_Manager_ID) VALUES ("3119941", "Συνάδελφος", "Cum saepe dolore maxime. Quaerat aperiam eum alias error ut.", "414744", "2022-04-26", "2025-01-10", "3119133", "3119021", "3119012", "3119688");
INSERT INTO Works_On (Researcher_ID,Project_ID,Start_Date) VALUES ("3119688", "3119941", "2022-04-26");
INSERT INTO Project (Project_ID,Name,Summary,Project_Funds,Start_Date,End_Date,Executive_ID,Program_ID,Organization_ID,Research_Manager_ID) VALUES ("3119942", "Εργαζόμενοι", "Partner safe issue. Future dream eye must he today born.", "866693", "2022-04-06", "2023-10-28", "3119127", "3119131", "3119011", "3119744");
INSERT INTO Works_On (Researcher_ID,Project_ID,Start_Date) VALUES ("3119744", "3119942", "2022-04-06");
INSERT INTO Project (Project_ID,Name,Summary,Project_Funds,Start_Date,End_Date,Executive_ID,Program_ID,Organization_ID,Research_Manager_ID) VALUES ("3119943", "Autem Perspiciatis", "Ball young our including first thousand agent.", "481617", "2021-05-04", "2022-05-29", "3119036", "3119127", "3119016", "3119775");
INSERT INTO Works_On (Researcher_ID,Project_ID,Start_Date) VALUES ("3119775", "3119943", "2021-05-04");
INSERT INTO Project (Project_ID,Name,Summary,Project_Funds,Start_Date,End_Date,Executive_ID,Program_ID,Organization_ID,Research_Manager_ID) VALUES ("3119944", "Αποστηθίσει Τρόπο", "Quam saepe officia repudiandae. Iure quisquam perferendis assumenda ipsum.", "353041", "2020-11-04", "2024-01-16", "3119040", "3119175", "3119038", "3119387");
INSERT INTO Works_On (Researcher_ID,Project_ID,Start_Date) VALUES ("3119387", "3119944", "2020-11-04");
INSERT INTO Project (Project_ID,Name,Summary,Project_Funds,Start_Date,End_Date,Executive_ID,Program_ID,Organization_ID,Research_Manager_ID) VALUES ("3119945", "Financial Amount", "Απόλαυσε κάτι διαφήμιση πάντως μετράει σας όσο.", "226814", "2019-11-30", "2021-12-10", "3119093", "3119154", "3119030", "3119396");
INSERT INTO Works_On (Researcher_ID,Project_ID,Start_Date) VALUES ("3119396", "3119945", "2019-11-30");
INSERT INTO Project (Project_ID,Name,Summary,Project_Funds,Start_Date,End_Date,Executive_ID,Program_ID,Organization_ID,Research_Manager_ID) VALUES ("3119946", "Corrupti Cum", "Ad eius neque voluptatem. Blanditiis magni tempora eos officiis enim.", "489482", "2020-07-31", "2024-06-07", "3119193", "3119064", "3119032", "3119922");
INSERT INTO Works_On (Researcher_ID,Project_ID,Start_Date) VALUES ("3119922", "3119946", "2020-07-31");
INSERT INTO Project (Project_ID,Name,Summary,Project_Funds,Start_Date,End_Date,Executive_ID,Program_ID,Organization_ID,Research_Manager_ID) VALUES ("3119947", "Δημιουργήσεις", "Numquam dolore dolorem voluptatibus.", "401680", "2020-10-20", "2022-09-08", "3119184", "3119059", "3119049", "3119312");
INSERT INTO Works_On (Researcher_ID,Project_ID,Start_Date) VALUES ("3119312", "3119947", "2020-10-20");
INSERT INTO Project (Project_ID,Name,Summary,Project_Funds,Start_Date,End_Date,Executive_ID,Program_ID,Organization_ID,Research_Manager_ID) VALUES ("3119948", "Κειμένων Ροή Ανά", "Παράδειγμα γνωρίζουμε νόμιζες ορίστε δίνοντας περιμένουν πόρτες.", "354690", "2021-06-06", "2023-04-22", "3119052", "3119065", "3119031", "3119269");
INSERT INTO Works_On (Researcher_ID,Project_ID,Start_Date) VALUES ("3119269", "3119948", "2021-06-06");
INSERT INTO Project (Project_ID,Name,Summary,Project_Funds,Start_Date,End_Date,Executive_ID,Program_ID,Organization_ID,Research_Manager_ID) VALUES ("3119949", "Partner Very", "Ποια όταν εγώ στέλνοντάς σπίτι εργαλείων.", "105379", "2021-06-30", "2023-05-29", "3119128", "3119002", "3119030", "3119901");
INSERT INTO Works_On (Researcher_ID,Project_ID,Start_Date) VALUES ("3119901", "3119949", "2021-06-30");
INSERT INTO Project (Project_ID,Name,Summary,Project_Funds,Start_Date,End_Date,Executive_ID,Program_ID,Organization_ID,Research_Manager_ID) VALUES ("3119950", "Serious Occur", "Totam quae quo recusandae cumque dolore magni.", "163520", "2022-03-22", "2024-04-07", "3119045", "3119029", "3119016", "3119432");
INSERT INTO Works_On (Researcher_ID,Project_ID,Start_Date) VALUES ("3119432", "3119950", "2022-03-22");
INSERT INTO Project (Project_ID,Name,Summary,Project_Funds,Start_Date,End_Date,Executive_ID,Program_ID,Organization_ID,Research_Manager_ID) VALUES ("3119951", "Πιο Στις Απαράδεκτη", "Architecto voluptate quia distinctio corporis laborum.", "240154", "2022-04-14", "2023-10-01", "3119187", "3119199", "3119011", "3119012");
INSERT INTO Works_On (Researcher_ID,Project_ID,Start_Date) VALUES ("3119012", "3119951", "2022-04-14");
INSERT INTO Project (Project_ID,Name,Summary,Project_Funds,Start_Date,End_Date,Executive_ID,Program_ID,Organization_ID,Research_Manager_ID) VALUES ("3119952", "Ad Illum Iste", "Debitis occaecati impedit. Eaque aliquam labore ea ab.", "725847", "2022-01-31", "2024-09-30", "3119005", "3119020", "3119022", "3119928");
INSERT INTO Works_On (Researcher_ID,Project_ID,Start_Date) VALUES ("3119928", "3119952", "2022-01-31");
INSERT INTO Project (Project_ID,Name,Summary,Project_Funds,Start_Date,End_Date,Executive_ID,Program_ID,Organization_ID,Research_Manager_ID) VALUES ("3119953", "Iure Odit Delectus", "Πρώτοι δημιουργήσεις σου ήδη ποια.", "544687", "2020-12-26", "2022-11-03", "3119119", "3119014", "3119013", "3119926");
INSERT INTO Works_On (Researcher_ID,Project_ID,Start_Date) VALUES ("3119926", "3119953", "2020-12-26");
INSERT INTO Project (Project_ID,Name,Summary,Project_Funds,Start_Date,End_Date,Executive_ID,Program_ID,Organization_ID,Research_Manager_ID) VALUES ("3119954", "Μιας Βιαστικά Θα", "Velit harum nisi at. Asperiores itaque aperiam voluptas voluptas.", "284139", "2021-03-20", "2022-07-13", "3119136", "3119182", "3119043", "3119801");
INSERT INTO Works_On (Researcher_ID,Project_ID,Start_Date) VALUES ("3119801", "3119954", "2021-03-20");
INSERT INTO Project (Project_ID,Name,Summary,Project_Funds,Start_Date,End_Date,Executive_ID,Program_ID,Organization_ID,Research_Manager_ID) VALUES ("3119955", "Θα Αρέσει Στραβά", "Άρα παραδώσεις πιο κάνεις ρωτάει σας. Μέχρι αρπάζεις βαθμό παραδώσεις.", "220154", "2020-06-14", "2022-11-30", "3119173", "3119126", "3119046", "3119337");
INSERT INTO Works_On (Researcher_ID,Project_ID,Start_Date) VALUES ("3119337", "3119955", "2020-06-14");
INSERT INTO Project (Project_ID,Name,Summary,Project_Funds,Start_Date,End_Date,Executive_ID,Program_ID,Organization_ID,Research_Manager_ID) VALUES ("3119956", "Respond Onto", "Διαχειριστής ίδιο θέματα ναι έρθει με μου. Των ανακλύψεις ρουτίνα.", "260470", "2020-01-30", "2023-04-05", "3119163", "3119100", "3119032", "3119357");
INSERT INTO Works_On (Researcher_ID,Project_ID,Start_Date) VALUES ("3119357", "3119956", "2020-01-30");
INSERT INTO Project (Project_ID,Name,Summary,Project_Funds,Start_Date,End_Date,Executive_ID,Program_ID,Organization_ID,Research_Manager_ID) VALUES ("3119957", "Veniam Commodi", "Sure who law believe. Consumer yet he around.", "143272", "2022-03-30", "2024-02-14", "3119077", "3119051", "3119045", "3119461");
INSERT INTO Works_On (Researcher_ID,Project_ID,Start_Date) VALUES ("3119461", "3119957", "2022-03-30");
INSERT INTO Project (Project_ID,Name,Summary,Project_Funds,Start_Date,End_Date,Executive_ID,Program_ID,Organization_ID,Research_Manager_ID) VALUES ("3119958", "Again Per Wind Sort", "Asperiores corrupti expedita asperiores minus dolores debitis eveniet.", "724100", "2020-03-13", "2022-10-02", "3119077", "3119180", "3119000", "3119200");
INSERT INTO Works_On (Researcher_ID,Project_ID,Start_Date) VALUES ("3119200", "3119958", "2020-03-13");
INSERT INTO Project (Project_ID,Name,Summary,Project_Funds,Start_Date,End_Date,Executive_ID,Program_ID,Organization_ID,Research_Manager_ID) VALUES ("3119959", "Συγκεντρωμένοι Με", "Εδώ ανεπιθύμητη τον σας γραμμής ταξινομεί βάζοντας.", "485738", "2019-11-13", "2023-09-18", "3119030", "3119096", "3119031", "3119830");
INSERT INTO Works_On (Researcher_ID,Project_ID,Start_Date) VALUES ("3119830", "3119959", "2019-11-13");
INSERT INTO Project (Project_ID,Name,Summary,Project_Funds,Start_Date,End_Date,Executive_ID,Program_ID,Organization_ID,Research_Manager_ID) VALUES ("3119960", "Κάνε Δεδομένων", "Reiciendis cupiditate occaecati ex.", "418067", "2021-10-12", "2023-10-15", "3119108", "3119163", "3119021", "3119706");
INSERT INTO Works_On (Researcher_ID,Project_ID,Start_Date) VALUES ("3119706", "3119960", "2021-10-12");
INSERT INTO Project (Project_ID,Name,Summary,Project_Funds,Start_Date,End_Date,Executive_ID,Program_ID,Organization_ID,Research_Manager_ID) VALUES ("3119961", "Εκδόσεις Άτομο Όχι", "Κάνε με τέλειοι σταματάς αποδείξεις νέα.", "133287", "2020-07-15", "2023-05-13", "3119128", "3119086", "3119039", "3119034");
INSERT INTO Works_On (Researcher_ID,Project_ID,Start_Date) VALUES ("3119034", "3119961", "2020-07-15");
INSERT INTO Project (Project_ID,Name,Summary,Project_Funds,Start_Date,End_Date,Executive_ID,Program_ID,Organization_ID,Research_Manager_ID) VALUES ("3119962", "Έστελνε Προϊόντα", "Management character effect describe receive.", "426450", "2020-10-13", "2022-03-08", "3119121", "3119069", "3119035", "3119527");
INSERT INTO Works_On (Researcher_ID,Project_ID,Start_Date) VALUES ("3119527", "3119962", "2020-10-13");
INSERT INTO Project (Project_ID,Name,Summary,Project_Funds,Start_Date,End_Date,Executive_ID,Program_ID,Organization_ID,Research_Manager_ID) VALUES ("3119963", "Πλέον Ένας Και", "Ταξινομεί να διολισθήσεις μα εργασίας ελέγχου.", "568496", "2021-04-22", "2023-04-02", "3119006", "3119119", "3119041", "3120030");
INSERT INTO Works_On (Researcher_ID,Project_ID,Start_Date) VALUES ("3120030", "3119963", "2021-04-22");
INSERT INTO Project (Project_ID,Name,Summary,Project_Funds,Start_Date,End_Date,Executive_ID,Program_ID,Organization_ID,Research_Manager_ID) VALUES ("3119964", "Αναφέρονται Ατόμου", "Ανταγωνιστής τα μετράει παράγοντες ρουτίνα υψηλότερη πόρτες.", "216594", "2019-11-17", "2023-11-05", "3119031", "3119131", "3119009", "3119040");
INSERT INTO Works_On (Researcher_ID,Project_ID,Start_Date) VALUES ("3119040", "3119964", "2019-11-17");
INSERT INTO Project (Project_ID,Name,Summary,Project_Funds,Start_Date,End_Date,Executive_ID,Program_ID,Organization_ID,Research_Manager_ID) VALUES ("3119965", "Εφαμοργής Θέματα", "Radio popular you everybody establish especially.", "819287", "2022-04-02", "2023-06-21", "3119074", "3119118", "3119025", "3119537");
INSERT INTO Works_On (Researcher_ID,Project_ID,Start_Date) VALUES ("3119537", "3119965", "2022-04-02");
INSERT INTO Project (Project_ID,Name,Summary,Project_Funds,Start_Date,End_Date,Executive_ID,Program_ID,Organization_ID,Research_Manager_ID) VALUES ("3119966", "Ως Ρωτήσει Εργασίας", "Velit assumenda deleniti in delectus natus eligendi necessitatibus.", "356288", "2020-01-31", "2021-07-22", "3119007", "3119074", "3119004", "3119900");
INSERT INTO Works_On (Researcher_ID,Project_ID,Start_Date) VALUES ("3119900", "3119966", "2020-01-31");
INSERT INTO Project (Project_ID,Name,Summary,Project_Funds,Start_Date,End_Date,Executive_ID,Program_ID,Organization_ID,Research_Manager_ID) VALUES ("3119967", "Placeat Placeat", "Κανόνα μάθε συνεχώς διαπιστώνεις κόψεις και.", "681594", "2020-05-27", "2023-12-15", "3119076", "3119119", "3119018", "3119764");
INSERT INTO Works_On (Researcher_ID,Project_ID,Start_Date) VALUES ("3119764", "3119967", "2020-05-27");
INSERT INTO Project (Project_ID,Name,Summary,Project_Funds,Start_Date,End_Date,Executive_ID,Program_ID,Organization_ID,Research_Manager_ID) VALUES ("3119968", "Her Imagine Chance", "Κόψεις παίξουν διαφήμιση. Προσλάμβανες προγραμματιστής που πρώτοι σε.", "984141", "2020-04-26", "2023-08-15", "3119014", "3119137", "3119018", "3120172");
INSERT INTO Works_On (Researcher_ID,Project_ID,Start_Date) VALUES ("3120172", "3119968", "2020-04-26");
INSERT INTO Project (Project_ID,Name,Summary,Project_Funds,Start_Date,End_Date,Executive_ID,Program_ID,Organization_ID,Research_Manager_ID) VALUES ("3119969", "Χρόνου Στα Πιο", "Incidunt maxime velit. Recusandae dignissimos distinctio minus blanditiis.", "191700", "2019-12-17", "2022-04-10", "3119152", "3119168", "3119033", "3119729");
INSERT INTO Works_On (Researcher_ID,Project_ID,Start_Date) VALUES ("3119729", "3119969", "2019-12-17");
INSERT INTO Project (Project_ID,Name,Summary,Project_Funds,Start_Date,End_Date,Executive_ID,Program_ID,Organization_ID,Research_Manager_ID) VALUES ("3119970", "Βαθμό Όσο", "Απαραίτητο αποφάσισε πλέον. Πρώτο ρωτάει πάντα ώρα.", "913251", "2021-10-06", "2023-01-17", "3119060", "3119118", "3119016", "3119006");
INSERT INTO Works_On (Researcher_ID,Project_ID,Start_Date) VALUES ("3119006", "3119970", "2021-10-06");
INSERT INTO Project (Project_ID,Name,Summary,Project_Funds,Start_Date,End_Date,Executive_ID,Program_ID,Organization_ID,Research_Manager_ID) VALUES ("3119971", "Reprehenderit Optio", "Culpa id explicabo. Dolorem ea occaecati debitis.", "944277", "2020-06-15", "2024-03-24", "3119056", "3119146", "3119045", "3119132");
INSERT INTO Works_On (Researcher_ID,Project_ID,Start_Date) VALUES ("3119132", "3119971", "2020-06-15");
INSERT INTO Project (Project_ID,Name,Summary,Project_Funds,Start_Date,End_Date,Executive_ID,Program_ID,Organization_ID,Research_Manager_ID) VALUES ("3119972", "Πολύ Στραβά Όχι Για", "In aperiam inventore qui quas esse sint. Occaecati tempora ipsa quo iusto.", "828833", "2020-11-30", "2024-06-05", "3119184", "3119153", "3119016", "3119949");
INSERT INTO Works_On (Researcher_ID,Project_ID,Start_Date) VALUES ("3119949", "3119972", "2020-11-30");
INSERT INTO Project (Project_ID,Name,Summary,Project_Funds,Start_Date,End_Date,Executive_ID,Program_ID,Organization_ID,Research_Manager_ID) VALUES ("3119973", "Ύψος Περιεχόμενα", "Successful such rich dark task hot. West free star region must three card.", "773587", "2021-12-16", "2025-08-28", "3119123", "3119017", "3119033", "3120089");
INSERT INTO Works_On (Researcher_ID,Project_ID,Start_Date) VALUES ("3120089", "3119973", "2021-12-16");
INSERT INTO Project (Project_ID,Name,Summary,Project_Funds,Start_Date,End_Date,Executive_ID,Program_ID,Organization_ID,Research_Manager_ID) VALUES ("3119974", "Μην Ύψος Εκτελέσεις", "Όταν παραδώσεις προσθέσει τέλειοι. Έλεγχος νόμιζες εργασίας κύκλο.", "526076", "2022-03-23", "2023-10-31", "3119110", "3119177", "3119004", "3119467");
INSERT INTO Works_On (Researcher_ID,Project_ID,Start_Date) VALUES ("3119467", "3119974", "2022-03-23");
INSERT INTO Project (Project_ID,Name,Summary,Project_Funds,Start_Date,End_Date,Executive_ID,Program_ID,Organization_ID,Research_Manager_ID) VALUES ("3119975", "Θα Τρόπο Χαρτιού", "Διαχειριστής μιας κώδικάς μερικούς επί τέλειοι μερικούς τους.", "617959", "2021-01-12", "2024-12-15", "3119050", "3119046", "3119029", "3119216");
INSERT INTO Works_On (Researcher_ID,Project_ID,Start_Date) VALUES ("3119216", "3119975", "2021-01-12");
INSERT INTO Project (Project_ID,Name,Summary,Project_Funds,Start_Date,End_Date,Executive_ID,Program_ID,Organization_ID,Research_Manager_ID) VALUES ("3119976", "High Sense Back", "Για παραγωγικής και περιβάλλοντος επιστρέφουν.", "207421", "2020-05-11", "2022-03-16", "3119084", "3119127", "3119023", "3119361");
INSERT INTO Works_On (Researcher_ID,Project_ID,Start_Date) VALUES ("3119361", "3119976", "2020-05-11");
INSERT INTO Project (Project_ID,Name,Summary,Project_Funds,Start_Date,End_Date,Executive_ID,Program_ID,Organization_ID,Research_Manager_ID) VALUES ("3119977", "Να Εσωτερικών", "Έχω ελέγχου περισσότερες ως ταξινομεί ποια δεν μάτσο.", "310803", "2020-10-23", "2022-03-17", "3119145", "3119028", "3119028", "3120086");
INSERT INTO Works_On (Researcher_ID,Project_ID,Start_Date) VALUES ("3120086", "3119977", "2020-10-23");
INSERT INTO Project (Project_ID,Name,Summary,Project_Funds,Start_Date,End_Date,Executive_ID,Program_ID,Organization_ID,Research_Manager_ID) VALUES ("3119978", "Στο Κόψεις", "Εργασίας το σας ανεπιθύμητη.", "957136", "2019-11-26", "2021-11-04", "3119182", "3119112", "3119033", "3119028");
INSERT INTO Works_On (Researcher_ID,Project_ID,Start_Date) VALUES ("3119028", "3119978", "2019-11-26");
INSERT INTO Project (Project_ID,Name,Summary,Project_Funds,Start_Date,End_Date,Executive_ID,Program_ID,Organization_ID,Research_Manager_ID) VALUES ("3119979", "Reprehenderit Nulla", "Σημαντικό μην τους. Σημαντικό μέρος μέχρι εδώ. Με στις τρέξει μα.", "742399", "2020-08-28", "2023-08-25", "3119163", "3119161", "3119006", "3119575");
INSERT INTO Works_On (Researcher_ID,Project_ID,Start_Date) VALUES ("3119575", "3119979", "2020-08-28");
INSERT INTO Project (Project_ID,Name,Summary,Project_Funds,Start_Date,End_Date,Executive_ID,Program_ID,Organization_ID,Research_Manager_ID) VALUES ("3119980", "Value Themselves", "Repellat deserunt quam beatae neque omnis similique.", "711667", "2021-01-08", "2022-10-26", "3119112", "3119057", "3119016", "3119255");
INSERT INTO Works_On (Researcher_ID,Project_ID,Start_Date) VALUES ("3119255", "3119980", "2021-01-08");
INSERT INTO Project (Project_ID,Name,Summary,Project_Funds,Start_Date,End_Date,Executive_ID,Program_ID,Organization_ID,Research_Manager_ID) VALUES ("3119981", "Soluta Tempore", "Πιο διορθώσει μεταγλωτιστής δημιουργια ιδιαίτερα.", "589608", "2019-12-15", "2023-08-13", "3119136", "3119084", "3119013", "3119977");
INSERT INTO Works_On (Researcher_ID,Project_ID,Start_Date) VALUES ("3119977", "3119981", "2019-12-15");
INSERT INTO Project (Project_ID,Name,Summary,Project_Funds,Start_Date,End_Date,Executive_ID,Program_ID,Organization_ID,Research_Manager_ID) VALUES ("3119982", "Traditional None", "Ωραίο πάντως εκτός διακοπή πρώτοι ως πως τη.", "404257", "2021-07-21", "2024-08-20", "3119170", "3119131", "3119030", "3119603");
INSERT INTO Works_On (Researcher_ID,Project_ID,Start_Date) VALUES ("3119603", "3119982", "2021-07-21");
INSERT INTO Project (Project_ID,Name,Summary,Project_Funds,Start_Date,End_Date,Executive_ID,Program_ID,Organization_ID,Research_Manager_ID) VALUES ("3119983", "Ανεπιθύμητη Έτοιμος", "Program maybe theory cell. That option head security hear.", "616802", "2020-05-21", "2023-11-20", "3119112", "3119187", "3119005", "3119973");
INSERT INTO Works_On (Researcher_ID,Project_ID,Start_Date) VALUES ("3119973", "3119983", "2020-05-21");
INSERT INTO Project (Project_ID,Name,Summary,Project_Funds,Start_Date,End_Date,Executive_ID,Program_ID,Organization_ID,Research_Manager_ID) VALUES ("3119984", "Δε Προκαλείς Τι", "Πακέτων κάτι εργαλείων περιεχόμενα γεύματος επί τον εξακολουθεί.", "486471", "2020-01-21", "2022-01-16", "3119042", "3119002", "3119045", "3119586");
INSERT INTO Works_On (Researcher_ID,Project_ID,Start_Date) VALUES ("3119586", "3119984", "2020-01-21");
INSERT INTO Project (Project_ID,Name,Summary,Project_Funds,Start_Date,End_Date,Executive_ID,Program_ID,Organization_ID,Research_Manager_ID) VALUES ("3119985", "Προκαλείς Έχω", "Μερικούς όσο μηχανής ελέγχου διάσημα.", "976747", "2021-05-12", "2023-03-05", "3119094", "3119078", "3119015", "3119623");
INSERT INTO Works_On (Researcher_ID,Project_ID,Start_Date) VALUES ("3119623", "3119985", "2021-05-12");
INSERT INTO Project (Project_ID,Name,Summary,Project_Funds,Start_Date,End_Date,Executive_ID,Program_ID,Organization_ID,Research_Manager_ID) VALUES ("3119986", "Nobis Laboriosam", "Των τη μας. Ερώτηση λοιπόν ίδιο υόρκη.", "238575", "2020-05-18", "2024-03-30", "3119179", "3119144", "3119016", "3119834");
INSERT INTO Works_On (Researcher_ID,Project_ID,Start_Date) VALUES ("3119834", "3119986", "2020-05-18");
INSERT INTO Project (Project_ID,Name,Summary,Project_Funds,Start_Date,End_Date,Executive_ID,Program_ID,Organization_ID,Research_Manager_ID) VALUES ("3119987", "Θα Χρειάζονται Εδώ", "Ως χαρακτηριστικών τύπους. Συγγραφής κειμένων ήδη.", "856358", "2021-02-01", "2022-04-01", "3119186", "3119096", "3119002", "3120056");
INSERT INTO Works_On (Researcher_ID,Project_ID,Start_Date) VALUES ("3120056", "3119987", "2021-02-01");
INSERT INTO Project (Project_ID,Name,Summary,Project_Funds,Start_Date,End_Date,Executive_ID,Program_ID,Organization_ID,Research_Manager_ID) VALUES ("3119988", "Democratic Detail", "Suscipit animi nostrum aliquam.", "696678", "2022-01-30", "2024-04-06", "3119015", "3119127", "3119007", "3119477");
INSERT INTO Works_On (Researcher_ID,Project_ID,Start_Date) VALUES ("3119477", "3119988", "2022-01-30");
INSERT INTO Project (Project_ID,Name,Summary,Project_Funds,Start_Date,End_Date,Executive_ID,Program_ID,Organization_ID,Research_Manager_ID) VALUES ("3119989", "Ένα Εργαλείων", "Nesciunt impedit facilis ipsum cum. Neque laudantium quisquam non.", "694817", "2021-06-30", "2024-12-07", "3119165", "3119135", "3119045", "3119352");
INSERT INTO Works_On (Researcher_ID,Project_ID,Start_Date) VALUES ("3119352", "3119989", "2021-06-30");
INSERT INTO Project (Project_ID,Name,Summary,Project_Funds,Start_Date,End_Date,Executive_ID,Program_ID,Organization_ID,Research_Manager_ID) VALUES ("3119990", "Ο Διορθώσει Ώρα Μια", "Βουτήξουν διακοπή δουλεύει αθόρυβες. Υόρκη διολισθήσεις συγγραφείς αρχεία.", "860456", "2020-11-15", "2024-04-20", "3119138", "3119032", "3119018", "3119513");
INSERT INTO Works_On (Researcher_ID,Project_ID,Start_Date) VALUES ("3119513", "3119990", "2020-11-15");
INSERT INTO Project (Project_ID,Name,Summary,Project_Funds,Start_Date,End_Date,Executive_ID,Program_ID,Organization_ID,Research_Manager_ID) VALUES ("3119991", "Illum Quasi Aliquam", "Sea thousand one performance wish from human.", "157143", "2020-05-02", "2022-02-15", "3119082", "3119192", "3119023", "3119370");
INSERT INTO Works_On (Researcher_ID,Project_ID,Start_Date) VALUES ("3119370", "3119991", "2020-05-02");
INSERT INTO Project (Project_ID,Name,Summary,Project_Funds,Start_Date,End_Date,Executive_ID,Program_ID,Organization_ID,Research_Manager_ID) VALUES ("3119992", "Ωραίο Εταιρείες", "For talk threat often. Travel door science marriage many check.", "993335", "2021-01-20", "2024-12-11", "3119050", "3119067", "3119027", "3119453");
INSERT INTO Works_On (Researcher_ID,Project_ID,Start_Date) VALUES ("3119453", "3119992", "2021-01-20");
INSERT INTO Project (Project_ID,Name,Summary,Project_Funds,Start_Date,End_Date,Executive_ID,Program_ID,Organization_ID,Research_Manager_ID) VALUES ("3119993", "Energy Government", "Sunt consequatur dolorum provident incidunt numquam.", "382614", "2020-04-11", "2022-12-19", "3119112", "3119136", "3119029", "3119598");
INSERT INTO Works_On (Researcher_ID,Project_ID,Start_Date) VALUES ("3119598", "3119993", "2020-04-11");
INSERT INTO Project (Project_ID,Name,Summary,Project_Funds,Start_Date,End_Date,Executive_ID,Program_ID,Organization_ID,Research_Manager_ID) VALUES ("3119994", "Something Every", "Praesentium voluptatum quae odio eveniet maxime. Aliquam facere ut.", "113876", "2020-10-27", "2024-08-22", "3119138", "3119163", "3119014", "3119321");
INSERT INTO Works_On (Researcher_ID,Project_ID,Start_Date) VALUES ("3119321", "3119994", "2020-10-27");
INSERT INTO Project (Project_ID,Name,Summary,Project_Funds,Start_Date,End_Date,Executive_ID,Program_ID,Organization_ID,Research_Manager_ID) VALUES ("3119995", "Προκύπτουν Καλύτερο", "Χάος απαράδεκτη μέσης ημέρα. Ένα ανακλύψεις μέχρι μέσης διαφήμιση.", "965441", "2020-10-17", "2023-02-28", "3119019", "3119094", "3119032", "3119619");
INSERT INTO Works_On (Researcher_ID,Project_ID,Start_Date) VALUES ("3119619", "3119995", "2020-10-17");
INSERT INTO Project (Project_ID,Name,Summary,Project_Funds,Start_Date,End_Date,Executive_ID,Program_ID,Organization_ID,Research_Manager_ID) VALUES ("3119996", "Near Tell My Never", "Ως δύο εργάστηκε μέγιστη μεταγλωτιστής γραμμές σαν.", "546963", "2021-05-25", "2023-07-11", "3119088", "3119155", "3119022", "3119925");
INSERT INTO Works_On (Researcher_ID,Project_ID,Start_Date) VALUES ("3119925", "3119996", "2021-05-25");
INSERT INTO Project (Project_ID,Name,Summary,Project_Funds,Start_Date,End_Date,Executive_ID,Program_ID,Organization_ID,Research_Manager_ID) VALUES ("3119997", "Μεταγλωτιστής Ένα", "Voluptas reprehenderit distinctio.", "229328", "2021-05-29", "2022-08-25", "3119057", "3119105", "3119030", "3119286");
INSERT INTO Works_On (Researcher_ID,Project_ID,Start_Date) VALUES ("3119286", "3119997", "2021-05-29");
INSERT INTO Project (Project_ID,Name,Summary,Project_Funds,Start_Date,End_Date,Executive_ID,Program_ID,Organization_ID,Research_Manager_ID) VALUES ("3119998", "Μας Χάος Ποσοστό", "Μιας προκύπτουν πως ίδιο έξι διολισθήσεις δημιουργήσεις.", "606876", "2020-11-13", "2023-07-20", "3119189", "3119061", "3119042", "3119794");
INSERT INTO Works_On (Researcher_ID,Project_ID,Start_Date) VALUES ("3119794", "3119998", "2020-11-13");
INSERT INTO Project (Project_ID,Name,Summary,Project_Funds,Start_Date,End_Date,Executive_ID,Program_ID,Organization_ID,Research_Manager_ID) VALUES ("3119999", "Εργάστηκε Εκτός", "Λες ένας καταλάθος υπηρεσία επεξεργασία. Οι με έξι απαρατήρητο δε που.", "144100", "2021-03-21", "2022-12-24", "3119041", "3119017", "3119018", "3119724");
INSERT INTO Works_On (Researcher_ID,Project_ID,Start_Date) VALUES ("3119724", "3119999", "2021-03-21");
INSERT INTO Project (Project_ID,Name,Summary,Project_Funds,Start_Date,End_Date,Executive_ID,Program_ID,Organization_ID,Research_Manager_ID) VALUES ("3120000", "Εικόνες Τις Και", "Vel quidem nemo accusamus veritatis consequatur.", "264238", "2019-11-20", "2021-01-23", "3119005", "3119135", "3119019", "3119516");
INSERT INTO Works_On (Researcher_ID,Project_ID,Start_Date) VALUES ("3119516", "3120000", "2019-11-20");
INSERT INTO Project (Project_ID,Name,Summary,Project_Funds,Start_Date,End_Date,Executive_ID,Program_ID,Organization_ID,Research_Manager_ID) VALUES ("3120001", "Απαραίτητο Επί Τους", "Nihil nihil magnam iusto. Eum aliquid suscipit magnam dolorem dolorem ad.", "463754", "2020-09-04", "2023-06-11", "3119066", "3119028", "3119026", "3119277");
INSERT INTO Works_On (Researcher_ID,Project_ID,Start_Date) VALUES ("3119277", "3120001", "2020-09-04");
INSERT INTO Project (Project_ID,Name,Summary,Project_Funds,Start_Date,End_Date,Executive_ID,Program_ID,Organization_ID,Research_Manager_ID) VALUES ("3120002", "Eos Officiis", "Ανά ήδη μεταγλωτιστής μου. Έγραψες μας ανεπιθύμητη ωραίο δεν.", "528077", "2022-03-17", "2024-11-04", "3119018", "3119172", "3119019", "3119010");
INSERT INTO Works_On (Researcher_ID,Project_ID,Start_Date) VALUES ("3119010", "3120002", "2022-03-17");
INSERT INTO Project (Project_ID,Name,Summary,Project_Funds,Start_Date,End_Date,Executive_ID,Program_ID,Organization_ID,Research_Manager_ID) VALUES ("3120003", "Tenetur Ut Quam Nam", "Νέα συνέχεια του. Άρα για δε.", "483712", "2020-05-17", "2021-09-17", "3119088", "3119113", "3119036", "3119023");
INSERT INTO Works_On (Researcher_ID,Project_ID,Start_Date) VALUES ("3119023", "3120003", "2020-05-17");
INSERT INTO Project (Project_ID,Name,Summary,Project_Funds,Start_Date,End_Date,Executive_ID,Program_ID,Organization_ID,Research_Manager_ID) VALUES ("3120004", "Δουλεύει Μάτσο Ως", "Μπορούσες χαμηλός απλό σχεδιαστής απλό κάνεις. Επεξεργασία οι έρθει.", "664812", "2021-08-01", "2024-07-12", "3119054", "3119176", "3119021", "3119862");
INSERT INTO Works_On (Researcher_ID,Project_ID,Start_Date) VALUES ("3119862", "3120004", "2021-08-01");
INSERT INTO Project (Project_ID,Name,Summary,Project_Funds,Start_Date,End_Date,Executive_ID,Program_ID,Organization_ID,Research_Manager_ID) VALUES ("3120005", "Level Why Stage", "Sell happy myself many blood then describe.", "320851", "2022-03-03", "2024-05-06", "3119086", "3119109", "3119025", "3119133");
INSERT INTO Works_On (Researcher_ID,Project_ID,Start_Date) VALUES ("3119133", "3120005", "2022-03-03");
INSERT INTO Project (Project_ID,Name,Summary,Project_Funds,Start_Date,End_Date,Executive_ID,Program_ID,Organization_ID,Research_Manager_ID) VALUES ("3120006", "Ποια Πρόσληψη", "Εκτελέσεις μιας έξι στη έχω. Σκεφτείς στις πακέτων ιδιαίτερα.", "160542", "2020-06-16", "2022-04-29", "3119182", "3119141", "3119033", "3120045");
INSERT INTO Works_On (Researcher_ID,Project_ID,Start_Date) VALUES ("3120045", "3120006", "2020-06-16");
INSERT INTO Project (Project_ID,Name,Summary,Project_Funds,Start_Date,End_Date,Executive_ID,Program_ID,Organization_ID,Research_Manager_ID) VALUES ("3120007", "Διαφήμιση Πως Και", "Όσο περιεχόμενα προγραμματιστής κόψεις να μάλλον.", "904032", "2022-05-22", "2023-11-10", "3119041", "3119053", "3119002", "3120064");
INSERT INTO Works_On (Researcher_ID,Project_ID,Start_Date) VALUES ("3120064", "3120007", "2022-05-22");
INSERT INTO Project (Project_ID,Name,Summary,Project_Funds,Start_Date,End_Date,Executive_ID,Program_ID,Organization_ID,Research_Manager_ID) VALUES ("3120008", "Κύκλο Κανένας Χώρου", "Τοπικές τύπους κάτι κι των. Μετρήσεις στα φίλος πολύ πλέον.", "122376", "2021-06-22", "2023-12-01", "3119022", "3119073", "3119026", "3120000");
INSERT INTO Works_On (Researcher_ID,Project_ID,Start_Date) VALUES ("3120000", "3120008", "2021-06-22");
INSERT INTO Project (Project_ID,Name,Summary,Project_Funds,Start_Date,End_Date,Executive_ID,Program_ID,Organization_ID,Research_Manager_ID) VALUES ("3120009", "Περίπου Γνωρίζουμε", "Delectus incidunt molestiae sed quas culpa veritatis dolor.", "603236", "2021-09-28", "2023-12-31", "3119162", "3119148", "3119012", "3119538");
INSERT INTO Works_On (Researcher_ID,Project_ID,Start_Date) VALUES ("3119538", "3120009", "2021-09-28");
INSERT INTO Project (Project_ID,Name,Summary,Project_Funds,Start_Date,End_Date,Executive_ID,Program_ID,Organization_ID,Research_Manager_ID) VALUES ("3120010", "Challenge Rise", "Απόλαυσε ως τρόποι πόρτες απόλαυσε αλγόριθμου.", "354668", "2021-12-11", "2025-10-24", "3119109", "3119098", "3119011", "3119909");
INSERT INTO Works_On (Researcher_ID,Project_ID,Start_Date) VALUES ("3119909", "3120010", "2021-12-11");
INSERT INTO Project (Project_ID,Name,Summary,Project_Funds,Start_Date,End_Date,Executive_ID,Program_ID,Organization_ID,Research_Manager_ID) VALUES ("3120011", "Wife According Fly", "Soluta iusto dignissimos exercitationem quis deserunt delectus.", "416976", "2021-07-18", "2024-05-05", "3119185", "3119049", "3119037", "3119344");
INSERT INTO Works_On (Researcher_ID,Project_ID,Start_Date) VALUES ("3119344", "3120011", "2021-07-18");
INSERT INTO Project (Project_ID,Name,Summary,Project_Funds,Start_Date,End_Date,Executive_ID,Program_ID,Organization_ID,Research_Manager_ID) VALUES ("3120012", "Έστειλε Κι", "Vitae dolore dolorem voluptatibus quae.", "812335", "2020-01-27", "2023-07-04", "3119133", "3119079", "3119030", "3119958");
INSERT INTO Works_On (Researcher_ID,Project_ID,Start_Date) VALUES ("3119958", "3120012", "2020-01-27");
INSERT INTO Project (Project_ID,Name,Summary,Project_Funds,Start_Date,End_Date,Executive_ID,Program_ID,Organization_ID,Research_Manager_ID) VALUES ("3120013", "Provident Ullam", "Διακοπή διακοπή χώρου παραδώσεις.", "763119", "2021-03-23", "2024-05-22", "3119066", "3119086", "3119010", "3119268");
INSERT INTO Works_On (Researcher_ID,Project_ID,Start_Date) VALUES ("3119268", "3120013", "2021-03-23");
INSERT INTO Project (Project_ID,Name,Summary,Project_Funds,Start_Date,End_Date,Executive_ID,Program_ID,Organization_ID,Research_Manager_ID) VALUES ("3120014", "Adipisci Aut Dicta", "Κανείς επί τέλειοι δε σαν. Απαραίτητο χώρου πρώτο τέλειοι.", "681397", "2020-05-27", "2022-11-28", "3119118", "3119160", "3119009", "3119970");
INSERT INTO Works_On (Researcher_ID,Project_ID,Start_Date) VALUES ("3119970", "3120014", "2020-05-27");
INSERT INTO Project (Project_ID,Name,Summary,Project_Funds,Start_Date,End_Date,Executive_ID,Program_ID,Organization_ID,Research_Manager_ID) VALUES ("3120015", "Αποδείξεις", "Relationship although lose. Maintain strategy Mr discover recognize.", "296136", "2020-01-07", "2021-04-10", "3119001", "3119155", "3119022", "3119221");
INSERT INTO Works_On (Researcher_ID,Project_ID,Start_Date) VALUES ("3119221", "3120015", "2020-01-07");
INSERT INTO Project (Project_ID,Name,Summary,Project_Funds,Start_Date,End_Date,Executive_ID,Program_ID,Organization_ID,Research_Manager_ID) VALUES ("3120016", "Rerum Fuga", "Yard cold smile win. Recently both its coach story crime trade debate.", "475072", "2020-04-22", "2022-04-04", "3119099", "3119088", "3119042", "3119350");
INSERT INTO Works_On (Researcher_ID,Project_ID,Start_Date) VALUES ("3119350", "3120016", "2020-04-22");
INSERT INTO Project (Project_ID,Name,Summary,Project_Funds,Start_Date,End_Date,Executive_ID,Program_ID,Organization_ID,Research_Manager_ID) VALUES ("3120017", "Est Cumque Sapiente", "Εφαρμογή εξακολουθεί αντιλήφθηκαν εδώ πιο.", "133651", "2020-11-10", "2023-03-03", "3119161", "3119033", "3119024", "3119481");
INSERT INTO Works_On (Researcher_ID,Project_ID,Start_Date) VALUES ("3119481", "3120017", "2020-11-10");
INSERT INTO Project (Project_ID,Name,Summary,Project_Funds,Start_Date,End_Date,Executive_ID,Program_ID,Organization_ID,Research_Manager_ID) VALUES ("3120018", "Write Sense Ago Eat", "Πρώτης χάος μέρος πρώτο.", "530224", "2020-01-11", "2022-12-18", "3119090", "3119084", "3119026", "3119402");
INSERT INTO Works_On (Researcher_ID,Project_ID,Start_Date) VALUES ("3119402", "3120018", "2020-01-11");
INSERT INTO Project (Project_ID,Name,Summary,Project_Funds,Start_Date,End_Date,Executive_ID,Program_ID,Organization_ID,Research_Manager_ID) VALUES ("3120019", "Tempora Animi", "Απομόνωση εργάστηκε χαμηλός νόμιζες στις χρησιμοποίησέ αυτήν.", "230736", "2021-06-01", "2023-07-09", "3119168", "3119025", "3119009", "3119213");
INSERT INTO Works_On (Researcher_ID,Project_ID,Start_Date) VALUES ("3119213", "3120019", "2021-06-01");
INSERT INTO Project (Project_ID,Name,Summary,Project_Funds,Start_Date,End_Date,Executive_ID,Program_ID,Organization_ID,Research_Manager_ID) VALUES ("3120020", "Αντιλήφθηκαν Ο", "Ανά ας και ωραίο. Διορθώσει μάτσο διορθώσεις.", "223557", "2022-02-05", "2023-12-16", "3119091", "3119109", "3119034", "3119752");
INSERT INTO Works_On (Researcher_ID,Project_ID,Start_Date) VALUES ("3119752", "3120020", "2022-02-05");
INSERT INTO Project (Project_ID,Name,Summary,Project_Funds,Start_Date,End_Date,Executive_ID,Program_ID,Organization_ID,Research_Manager_ID) VALUES ("3120021", "Accusamus", "Σου ανταγωνιστής τις ανεπιθύμητη δεδομένων. Ξέχασε κανένας έξι.", "183037", "2021-06-24", "2022-07-16", "3119027", "3119117", "3119017", "3119187");
INSERT INTO Works_On (Researcher_ID,Project_ID,Start_Date) VALUES ("3119187", "3120021", "2021-06-24");
INSERT INTO Project (Project_ID,Name,Summary,Project_Funds,Start_Date,End_Date,Executive_ID,Program_ID,Organization_ID,Research_Manager_ID) VALUES ("3120022", "Προσπαθούν Ατόμου", "Architecto reiciendis quas ea sint numquam.", "405926", "2020-05-03", "2021-11-20", "3119179", "3119053", "3119001", "3120108");
INSERT INTO Works_On (Researcher_ID,Project_ID,Start_Date) VALUES ("3120108", "3120022", "2020-05-03");
INSERT INTO Project (Project_ID,Name,Summary,Project_Funds,Start_Date,End_Date,Executive_ID,Program_ID,Organization_ID,Research_Manager_ID) VALUES ("3120023", "Όχι Συγχωνευτεί", "Short since drug letter show.", "682457", "2020-09-20", "2024-02-02", "3119020", "3119010", "3119022", "3119505");
INSERT INTO Works_On (Researcher_ID,Project_ID,Start_Date) VALUES ("3119505", "3120023", "2020-09-20");
INSERT INTO Project (Project_ID,Name,Summary,Project_Funds,Start_Date,End_Date,Executive_ID,Program_ID,Organization_ID,Research_Manager_ID) VALUES ("3120024", "Αν Πολύ Καταλάθος", "Molestiae unde ullam commodi magnam dignissimos.", "923534", "2020-03-15", "2024-01-31", "3119104", "3119106", "3119024", "3119473");
INSERT INTO Works_On (Researcher_ID,Project_ID,Start_Date) VALUES ("3119473", "3120024", "2020-03-15");
INSERT INTO Project (Project_ID,Name,Summary,Project_Funds,Start_Date,End_Date,Executive_ID,Program_ID,Organization_ID,Research_Manager_ID) VALUES ("3120025", "Ullam Enim", "Επί επενδυτής μη νέων χαμηλός και χαρακτηριστικών αφήσεις.", "573825", "2020-04-23", "2023-03-01", "3119004", "3119155", "3119003", "3120183");
INSERT INTO Works_On (Researcher_ID,Project_ID,Start_Date) VALUES ("3120183", "3120025", "2020-04-23");
INSERT INTO Project (Project_ID,Name,Summary,Project_Funds,Start_Date,End_Date,Executive_ID,Program_ID,Organization_ID,Research_Manager_ID) VALUES ("3120026", "Doloremque Minima", "Εργαζόμενων σε χρησιμοποιούνταν ανά σε. Χρησιμοποιούσες ένας μη σημαντικό.", "132215", "2021-09-04", "2024-02-25", "3119189", "3119007", "3119017", "3119188");
INSERT INTO Works_On (Researcher_ID,Project_ID,Start_Date) VALUES ("3119188", "3120026", "2021-09-04");
INSERT INTO Project (Project_ID,Name,Summary,Project_Funds,Start_Date,End_Date,Executive_ID,Program_ID,Organization_ID,Research_Manager_ID) VALUES ("3120027", "Strong Expect", "Συγχρόνως όχι πετάνε έχω παίρνει.", "122916", "2020-05-23", "2022-12-05", "3119054", "3119192", "3119034", "3120137");
INSERT INTO Works_On (Researcher_ID,Project_ID,Start_Date) VALUES ("3120137", "3120027", "2020-05-23");
INSERT INTO Project (Project_ID,Name,Summary,Project_Funds,Start_Date,End_Date,Executive_ID,Program_ID,Organization_ID,Research_Manager_ID) VALUES ("3120028", "Ullam Rem Eos Eius", "Κάτι εκτός κύκλο.", "623582", "2022-03-20", "2025-10-06", "3119138", "3119082", "3119021", "3119369");
INSERT INTO Works_On (Researcher_ID,Project_ID,Start_Date) VALUES ("3119369", "3120028", "2022-03-20");
INSERT INTO Project (Project_ID,Name,Summary,Project_Funds,Start_Date,End_Date,Executive_ID,Program_ID,Organization_ID,Research_Manager_ID) VALUES ("3120029", "Newspaper Shoulder", "Particularly pressure end scientist.", "910359", "2022-01-13", "2025-01-26", "3119163", "3119003", "3119005", "3119941");
INSERT INTO Works_On (Researcher_ID,Project_ID,Start_Date) VALUES ("3119941", "3120029", "2022-01-13");
INSERT INTO Project (Project_ID,Name,Summary,Project_Funds,Start_Date,End_Date,Executive_ID,Program_ID,Organization_ID,Research_Manager_ID) VALUES ("3120030", "Cupiditate Facere", "Προκαλείς μέχρι γράψει πεδία λοιπόν εκτός.", "291438", "2021-01-22", "2024-12-17", "3119026", "3119133", "3119004", "3119309");
INSERT INTO Works_On (Researcher_ID,Project_ID,Start_Date) VALUES ("3119309", "3120030", "2021-01-22");
INSERT INTO Project (Project_ID,Name,Summary,Project_Funds,Start_Date,End_Date,Executive_ID,Program_ID,Organization_ID,Research_Manager_ID) VALUES ("3120031", "Κάνε", "Dolore blanditiis deleniti fuga facilis. Tempore veritatis debitis soluta.", "198417", "2021-06-16", "2023-07-03", "3119110", "3119012", "3119010", "3119261");
INSERT INTO Works_On (Researcher_ID,Project_ID,Start_Date) VALUES ("3119261", "3120031", "2021-06-16");
INSERT INTO Project (Project_ID,Name,Summary,Project_Funds,Start_Date,End_Date,Executive_ID,Program_ID,Organization_ID,Research_Manager_ID) VALUES ("3120032", "Ullam Nesciunt Ex", "Consequatur distinctio iusto odit commodi sint tenetur.", "808759", "2020-08-01", "2023-11-12", "3119154", "3119189", "3119039", "3120076");
INSERT INTO Works_On (Researcher_ID,Project_ID,Start_Date) VALUES ("3120076", "3120032", "2020-08-01");
INSERT INTO Project (Project_ID,Name,Summary,Project_Funds,Start_Date,End_Date,Executive_ID,Program_ID,Organization_ID,Research_Manager_ID) VALUES ("3120033", "Μηχανής Απαρατήρητο", "Architecto perferendis dignissimos aliquam maiores illum sed.", "888988", "2021-11-12", "2025-04-05", "3119100", "3119132", "3119011", "3119101");
INSERT INTO Works_On (Researcher_ID,Project_ID,Start_Date) VALUES ("3119101", "3120033", "2021-11-12");
INSERT INTO Project (Project_ID,Name,Summary,Project_Funds,Start_Date,End_Date,Executive_ID,Program_ID,Organization_ID,Research_Manager_ID) VALUES ("3120034", "Έτοιμος Βουτήξουν", "Αρέσει ξέχασε θα σωστά. Κώδικάς ώρα ένα ειδικά δύο.", "942410", "2021-12-11", "2024-04-07", "3119099", "3119179", "3119024", "3119422");
INSERT INTO Works_On (Researcher_ID,Project_ID,Start_Date) VALUES ("3119422", "3120034", "2021-12-11");
INSERT INTO Project (Project_ID,Name,Summary,Project_Funds,Start_Date,End_Date,Executive_ID,Program_ID,Organization_ID,Research_Manager_ID) VALUES ("3120035", "Adipisci Pariatur", "Πως και δεν ως διορθώσεις. Συνεχώς χαμηλός ποια με.", "679964", "2022-02-22", "2023-06-30", "3119153", "3119042", "3119033", "3120078");
INSERT INTO Works_On (Researcher_ID,Project_ID,Start_Date) VALUES ("3120078", "3120035", "2022-02-22");
INSERT INTO Project (Project_ID,Name,Summary,Project_Funds,Start_Date,End_Date,Executive_ID,Program_ID,Organization_ID,Research_Manager_ID) VALUES ("3120036", "Probably Bit Nation", "Έστειλε ίδιο γραμμής διασφαλίζεται ορίστε δωροδοκηθούν. Βγήκε πάρα του.", "805038", "2020-10-09", "2024-01-08", "3119005", "3119127", "3119035", "3120080");
INSERT INTO Works_On (Researcher_ID,Project_ID,Start_Date) VALUES ("3120080", "3120036", "2020-10-09");
INSERT INTO Project (Project_ID,Name,Summary,Project_Funds,Start_Date,End_Date,Executive_ID,Program_ID,Organization_ID,Research_Manager_ID) VALUES ("3120037", "Διάσημα Γραμμής", "Nisi aperiam reiciendis hic itaque corporis.", "653278", "2020-02-02", "2021-10-07", "3119114", "3119151", "3119004", "3119627");
INSERT INTO Works_On (Researcher_ID,Project_ID,Start_Date) VALUES ("3119627", "3120037", "2020-02-02");
INSERT INTO Project (Project_ID,Name,Summary,Project_Funds,Start_Date,End_Date,Executive_ID,Program_ID,Organization_ID,Research_Manager_ID) VALUES ("3120038", "Δείξει Των Την Ας", "Πάντα αυτός εντολές προσοχή που τα.", "846818", "2021-08-04", "2023-11-24", "3119015", "3119198", "3119031", "3119262");
INSERT INTO Works_On (Researcher_ID,Project_ID,Start_Date) VALUES ("3119262", "3120038", "2021-08-04");
INSERT INTO Project (Project_ID,Name,Summary,Project_Funds,Start_Date,End_Date,Executive_ID,Program_ID,Organization_ID,Research_Manager_ID) VALUES ("3120039", "Έγραψες Ιδιαίτερα", "Προγραμματιστής ημέρα δεδομένων επί δημιουργια.", "123859", "2022-04-03", "2023-04-13", "3119154", "3119080", "3119033", "3119989");
INSERT INTO Works_On (Researcher_ID,Project_ID,Start_Date) VALUES ("3119989", "3120039", "2022-04-03");
INSERT INTO Project (Project_ID,Name,Summary,Project_Funds,Start_Date,End_Date,Executive_ID,Program_ID,Organization_ID,Research_Manager_ID) VALUES ("3120040", "Quo Velit Ducimus", "Not sometimes case check open claim. Pick carry total physical over hour.", "360599", "2021-05-03", "2022-08-30", "3119053", "3119037", "3119033", "3119898");
INSERT INTO Works_On (Researcher_ID,Project_ID,Start_Date) VALUES ("3119898", "3120040", "2021-05-03");
INSERT INTO Project (Project_ID,Name,Summary,Project_Funds,Start_Date,End_Date,Executive_ID,Program_ID,Organization_ID,Research_Manager_ID) VALUES ("3120041", "Διορθώσει Μην", "Χώρου ήδη επενδυτής. Ότι απόλαυσε αν σου μερικούς πακέτων.", "871312", "2022-03-27", "2025-08-22", "3119004", "3119057", "3119024", "3119655");
INSERT INTO Works_On (Researcher_ID,Project_ID,Start_Date) VALUES ("3119655", "3120041", "2022-03-27");
INSERT INTO Project (Project_ID,Name,Summary,Project_Funds,Start_Date,End_Date,Executive_ID,Program_ID,Organization_ID,Research_Manager_ID) VALUES ("3120042", "Popular Name Adult", "Κώδικα ερωτήσεις μάλλον μάθε ποσοστό οι.", "377074", "2022-03-06", "2025-11-24", "3119053", "3119163", "3119002", "3119325");
INSERT INTO Works_On (Researcher_ID,Project_ID,Start_Date) VALUES ("3119325", "3120042", "2022-03-06");
INSERT INTO Project (Project_ID,Name,Summary,Project_Funds,Start_Date,End_Date,Executive_ID,Program_ID,Organization_ID,Research_Manager_ID) VALUES ("3120043", "Άρθρων Εφαρμογής Μα", "Πλέον ήδη στη πετάξαμε παραδώσεις.", "247303", "2022-01-14", "2025-09-02", "3119185", "3119165", "3119021", "3119606");
INSERT INTO Works_On (Researcher_ID,Project_ID,Start_Date) VALUES ("3119606", "3120043", "2022-01-14");
INSERT INTO Project (Project_ID,Name,Summary,Project_Funds,Start_Date,End_Date,Executive_ID,Program_ID,Organization_ID,Research_Manager_ID) VALUES ("3120044", "Clearly Member", "Debitis distinctio aliquam quisquam doloribus vero voluptate assumenda.", "386635", "2022-04-17", "2025-02-25", "3119054", "3119121", "3119004", "3119120");
INSERT INTO Works_On (Researcher_ID,Project_ID,Start_Date) VALUES ("3119120", "3120044", "2022-04-17");
INSERT INTO Project (Project_ID,Name,Summary,Project_Funds,Start_Date,End_Date,Executive_ID,Program_ID,Organization_ID,Research_Manager_ID) VALUES ("3120045", "Κώδικάς Άρα Και Τα", "Αναγκάζονται εργαζόμενοι έξι πόρτες.", "706970", "2021-02-13", "2023-11-19", "3119160", "3119125", "3119004", "3119823");
INSERT INTO Works_On (Researcher_ID,Project_ID,Start_Date) VALUES ("3119823", "3120045", "2021-02-13");
INSERT INTO Project (Project_ID,Name,Summary,Project_Funds,Start_Date,End_Date,Executive_ID,Program_ID,Organization_ID,Research_Manager_ID) VALUES ("3120046", "Doloribus Nesciunt", "Τρόποι κάνεις ζητήσεις ένα. Χαρακτηριστικών έτοιμος πρόσληψη σταματάς.", "461537", "2020-06-23", "2022-12-14", "3119197", "3119060", "3119019", "3119202");
INSERT INTO Works_On (Researcher_ID,Project_ID,Start_Date) VALUES ("3119202", "3120046", "2020-06-23");
INSERT INTO Project (Project_ID,Name,Summary,Project_Funds,Start_Date,End_Date,Executive_ID,Program_ID,Organization_ID,Research_Manager_ID) VALUES ("3120047", "Αρέσει Εργασίας", "At deserunt reiciendis possimus veritatis iste.", "654445", "2021-08-31", "2024-12-25", "3119120", "3119005", "3119046", "3119963");
INSERT INTO Works_On (Researcher_ID,Project_ID,Start_Date) VALUES ("3119963", "3120047", "2021-08-31");
INSERT INTO Project (Project_ID,Name,Summary,Project_Funds,Start_Date,End_Date,Executive_ID,Program_ID,Organization_ID,Research_Manager_ID) VALUES ("3120048", "Impedit Recusandae", "Δεδομένων παίρνει πρώτης αντιλήφθηκαν.", "477455", "2020-05-16", "2021-11-11", "3119141", "3119179", "3119010", "3120128");
INSERT INTO Works_On (Researcher_ID,Project_ID,Start_Date) VALUES ("3120128", "3120048", "2020-05-16");
INSERT INTO Project (Project_ID,Name,Summary,Project_Funds,Start_Date,End_Date,Executive_ID,Program_ID,Organization_ID,Research_Manager_ID) VALUES ("3120049", "Γραμμής Βρίσκονται", "Represent agent shake understand. Sea test soldier maybe.", "837116", "2022-03-02", "2025-02-18", "3119029", "3119005", "3119005", "3120178");
INSERT INTO Works_On (Researcher_ID,Project_ID,Start_Date) VALUES ("3120178", "3120049", "2022-03-02");
INSERT INTO Project (Project_ID,Name,Summary,Project_Funds,Start_Date,End_Date,Executive_ID,Program_ID,Organization_ID,Research_Manager_ID) VALUES ("3120050", "Skill Common", "Θέλεις του θα. Μου ανταγωνιστής σαν πως σχεδιαστής ωραίο αθόρυβες.", "165168", "2021-03-19", "2024-08-18", "3119131", "3119130", "3119001", "3119727");
INSERT INTO Works_On (Researcher_ID,Project_ID,Start_Date) VALUES ("3119727", "3120050", "2021-03-19");
INSERT INTO Project (Project_ID,Name,Summary,Project_Funds,Start_Date,End_Date,Executive_ID,Program_ID,Organization_ID,Research_Manager_ID) VALUES ("3120051", "Πάντα Λίγο", "Qui voluptatibus quis repudiandae similique.", "441537", "2022-01-07", "2023-11-08", "3119120", "3119083", "3119024", "3119378");
INSERT INTO Works_On (Researcher_ID,Project_ID,Start_Date) VALUES ("3119378", "3120051", "2022-01-07");
INSERT INTO Project (Project_ID,Name,Summary,Project_Funds,Start_Date,End_Date,Executive_ID,Program_ID,Organization_ID,Research_Manager_ID) VALUES ("3120052", "Consectetur Tempora", "Dolores ullam tenetur corporis.", "638115", "2020-01-07", "2021-04-19", "3119064", "3119125", "3119005", "3119607");
INSERT INTO Works_On (Researcher_ID,Project_ID,Start_Date) VALUES ("3119607", "3120052", "2020-01-07");
INSERT INTO Project (Project_ID,Name,Summary,Project_Funds,Start_Date,End_Date,Executive_ID,Program_ID,Organization_ID,Research_Manager_ID) VALUES ("3120053", "Culture Stay Big", "Τα μάτσο κλπ να. Νέου έξι μέγιστη στη.", "644939", "2022-02-17", "2025-07-11", "3119119", "3119106", "3119033", "3119796");
INSERT INTO Works_On (Researcher_ID,Project_ID,Start_Date) VALUES ("3119796", "3120053", "2022-02-17");
INSERT INTO Project (Project_ID,Name,Summary,Project_Funds,Start_Date,End_Date,Executive_ID,Program_ID,Organization_ID,Research_Manager_ID) VALUES ("3120054", "Cumque Earum Error", "Πολύ άλγεβρα σας δυστυχής διαπιστώνεις όταν ένας.", "929700", "2022-02-11", "2023-03-29", "3119075", "3119100", "3119031", "3119285");
INSERT INTO Works_On (Researcher_ID,Project_ID,Start_Date) VALUES ("3119285", "3120054", "2022-02-11");
INSERT INTO Project (Project_ID,Name,Summary,Project_Funds,Start_Date,End_Date,Executive_ID,Program_ID,Organization_ID,Research_Manager_ID) VALUES ("3120055", "Κανόνα Που Ώρα", "Δούλευε πρώτοι σαν ρουτίνα διασφαλίζεται.", "898038", "2021-12-01", "2024-12-19", "3119121", "3119028", "3119028", "3119774");
INSERT INTO Works_On (Researcher_ID,Project_ID,Start_Date) VALUES ("3119774", "3120055", "2021-12-01");
INSERT INTO Project (Project_ID,Name,Summary,Project_Funds,Start_Date,End_Date,Executive_ID,Program_ID,Organization_ID,Research_Manager_ID) VALUES ("3120056", "Expert Either", "Απομόνωση συνηθίζουν εκείνου τρόποι πάρεις κι αποκλειστικούς.", "216190", "2021-07-16", "2024-03-09", "3119087", "3119041", "3119023", "3120118");
INSERT INTO Works_On (Researcher_ID,Project_ID,Start_Date) VALUES ("3120118", "3120056", "2021-07-16");
INSERT INTO Project (Project_ID,Name,Summary,Project_Funds,Start_Date,End_Date,Executive_ID,Program_ID,Organization_ID,Research_Manager_ID) VALUES ("3120057", "Corporis Dolore", "Γιαυτό πες δωροδοκηθούν σημεία απόλαυσε.", "747162", "2020-05-07", "2023-06-27", "3119008", "3119098", "3119037", "3119709");
INSERT INTO Works_On (Researcher_ID,Project_ID,Start_Date) VALUES ("3119709", "3120057", "2020-05-07");
INSERT INTO Project (Project_ID,Name,Summary,Project_Funds,Start_Date,End_Date,Executive_ID,Program_ID,Organization_ID,Research_Manager_ID) VALUES ("3120058", "Πετάνε Πλέον", "Εκτός χρονοδιαγράμματος θέματα αν.", "978007", "2021-05-08", "2024-08-01", "3119071", "3119068", "3119006", "3119943");
INSERT INTO Works_On (Researcher_ID,Project_ID,Start_Date) VALUES ("3119943", "3120058", "2021-05-08");
INSERT INTO Project (Project_ID,Name,Summary,Project_Funds,Start_Date,End_Date,Executive_ID,Program_ID,Organization_ID,Research_Manager_ID) VALUES ("3120059", "Άρα Ανεπιθύμητη", "Μέχρι πακέτων ρωτάει κύκλο εκθέσεις περίπου κάτι.", "732385", "2021-06-25", "2024-06-08", "3119178", "3119094", "3119028", "3119778");
INSERT INTO Works_On (Researcher_ID,Project_ID,Start_Date) VALUES ("3119778", "3120059", "2021-06-25");
INSERT INTO Project (Project_ID,Name,Summary,Project_Funds,Start_Date,End_Date,Executive_ID,Program_ID,Organization_ID,Research_Manager_ID) VALUES ("3120060", "Τις Προσπαθούν Μη", "Ab pariatur ipsam iusto pariatur delectus.", "603788", "2020-02-24", "2023-02-24", "3119029", "3119142", "3119043", "3119055");
INSERT INTO Works_On (Researcher_ID,Project_ID,Start_Date) VALUES ("3119055", "3120060", "2020-02-24");
INSERT INTO Project (Project_ID,Name,Summary,Project_Funds,Start_Date,End_Date,Executive_ID,Program_ID,Organization_ID,Research_Manager_ID) VALUES ("3120061", "Δυστυχής Την", "Treat floor democratic outside place care college behind.", "770279", "2021-04-06", "2022-10-25", "3119147", "3119158", "3119030", "3119479");
INSERT INTO Works_On (Researcher_ID,Project_ID,Start_Date) VALUES ("3119479", "3120061", "2021-04-06");
INSERT INTO Project (Project_ID,Name,Summary,Project_Funds,Start_Date,End_Date,Executive_ID,Program_ID,Organization_ID,Research_Manager_ID) VALUES ("3120062", "Μετρήσεις", "Εργαλείων τέλειοι πρόσληψη μαγικά προσλάμβανες.", "402410", "2020-01-29", "2022-05-07", "3119103", "3119058", "3119001", "3119577");
INSERT INTO Works_On (Researcher_ID,Project_ID,Start_Date) VALUES ("3119577", "3120062", "2020-01-29");
INSERT INTO Project (Project_ID,Name,Summary,Project_Funds,Start_Date,End_Date,Executive_ID,Program_ID,Organization_ID,Research_Manager_ID) VALUES ("3120063", "Rerum Eaque Sit Sit", "Κάτι πες τα. Διακοπής κάτι αναφέρονται μην για. Ποια τεσσαρών ποια.", "320305", "2021-10-10", "2025-04-26", "3119182", "3119086", "3119002", "3119781");
INSERT INTO Works_On (Researcher_ID,Project_ID,Start_Date) VALUES ("3119781", "3120063", "2021-10-10");
INSERT INTO Project (Project_ID,Name,Summary,Project_Funds,Start_Date,End_Date,Executive_ID,Program_ID,Organization_ID,Research_Manager_ID) VALUES ("3120064", "Εδώ Ευκολότερο Ο", "Et velit minus magni soluta. Delectus nobis itaque architecto.", "106308", "2021-03-09", "2022-09-01", "3119145", "3119036", "3119030", "3119579");
INSERT INTO Works_On (Researcher_ID,Project_ID,Start_Date) VALUES ("3119579", "3120064", "2021-03-09");
INSERT INTO Project (Project_ID,Name,Summary,Project_Funds,Start_Date,End_Date,Executive_ID,Program_ID,Organization_ID,Research_Manager_ID) VALUES ("3120065", "Natus Eveniet", "Eos earum tempore explicabo. Veritatis accusantium ullam asperiores nulla.", "150473", "2021-10-22", "2023-06-04", "3119172", "3119059", "3119003", "3120140");
INSERT INTO Works_On (Researcher_ID,Project_ID,Start_Date) VALUES ("3120140", "3120065", "2021-10-22");
INSERT INTO Project (Project_ID,Name,Summary,Project_Funds,Start_Date,End_Date,Executive_ID,Program_ID,Organization_ID,Research_Manager_ID) VALUES ("3120066", "Του Κύκλο Άρα", "Σε ανά έτσι παραπάνω εκτελέσεις εικόνες.", "142662", "2019-11-22", "2022-12-23", "3119089", "3119181", "3119028", "3119578");
INSERT INTO Works_On (Researcher_ID,Project_ID,Start_Date) VALUES ("3119578", "3120066", "2019-11-22");
INSERT INTO Project (Project_ID,Name,Summary,Project_Funds,Start_Date,End_Date,Executive_ID,Program_ID,Organization_ID,Research_Manager_ID) VALUES ("3120067", "Ex Iusto Maxime", "Mollitia libero non nisi autem laudantium similique.", "912042", "2022-03-02", "2024-10-21", "3119040", "3119066", "3119042", "3119123");
INSERT INTO Works_On (Researcher_ID,Project_ID,Start_Date) VALUES ("3119123", "3120067", "2022-03-02");
INSERT INTO Project (Project_ID,Name,Summary,Project_Funds,Start_Date,End_Date,Executive_ID,Program_ID,Organization_ID,Research_Manager_ID) VALUES ("3120068", "Dignissimos Nisi", "Προσλάμβανες πάντα πρόσληψη παίρνουν μάλλον περιβάλλον εργαλείων.", "842604", "2020-01-13", "2023-03-10", "3119104", "3119046", "3119025", "3119393");
INSERT INTO Works_On (Researcher_ID,Project_ID,Start_Date) VALUES ("3119393", "3120068", "2020-01-13");
INSERT INTO Project (Project_ID,Name,Summary,Project_Funds,Start_Date,End_Date,Executive_ID,Program_ID,Organization_ID,Research_Manager_ID) VALUES ("3120069", "Δοκιμάσεις", "Βρίσκονται εξακολουθεί τι κανένας έτσι παίξουν ποια.", "129866", "2022-03-24", "2024-09-15", "3119003", "3119120", "3119037", "3119442");
INSERT INTO Works_On (Researcher_ID,Project_ID,Start_Date) VALUES ("3119442", "3120069", "2022-03-24");
INSERT INTO Project (Project_ID,Name,Summary,Project_Funds,Start_Date,End_Date,Executive_ID,Program_ID,Organization_ID,Research_Manager_ID) VALUES ("3120070", "Κώδικα Πρώτης", "Ανά χρονοδιαγράμματος σημαντικός γέλασαν στο από. Ρωτήσει πως παίξουν.", "510312", "2020-03-25", "2023-05-02", "3119127", "3119084", "3119046", "3119191");
INSERT INTO Works_On (Researcher_ID,Project_ID,Start_Date) VALUES ("3119191", "3120070", "2020-03-25");
INSERT INTO Project (Project_ID,Name,Summary,Project_Funds,Start_Date,End_Date,Executive_ID,Program_ID,Organization_ID,Research_Manager_ID) VALUES ("3120071", "Καλύτερο Βγήκε Δύο", "Μάθε τεκμηριώνει συγγραφής. Χώρου του και έστειλε τις λίγο.", "745909", "2020-09-06", "2024-01-07", "3119165", "3119017", "3119012", "3119618");
INSERT INTO Works_On (Researcher_ID,Project_ID,Start_Date) VALUES ("3119618", "3120071", "2020-09-06");
INSERT INTO Project (Project_ID,Name,Summary,Project_Funds,Start_Date,End_Date,Executive_ID,Program_ID,Organization_ID,Research_Manager_ID) VALUES ("3120072", "Perspiciatis", "Περιεχόμενα οι πετούν σχεδιαστής ωραίο μπουν.", "870536", "2021-02-12", "2023-01-06", "3119024", "3119114", "3119022", "3119857");
INSERT INTO Works_On (Researcher_ID,Project_ID,Start_Date) VALUES ("3119857", "3120072", "2021-02-12");
INSERT INTO Project (Project_ID,Name,Summary,Project_Funds,Start_Date,End_Date,Executive_ID,Program_ID,Organization_ID,Research_Manager_ID) VALUES ("3120073", "Ώρα Δημιουργήσεις", "Numquam modi ad qui saepe minima at. Fugit fuga dolor qui non excepturi.", "988406", "2020-04-18", "2023-05-16", "3119077", "3119168", "3119029", "3119927");
INSERT INTO Works_On (Researcher_ID,Project_ID,Start_Date) VALUES ("3119927", "3120073", "2020-04-18");
INSERT INTO Project (Project_ID,Name,Summary,Project_Funds,Start_Date,End_Date,Executive_ID,Program_ID,Organization_ID,Research_Manager_ID) VALUES ("3120074", "Συγχωνευτεί Δε Ο", "Εκτελέσεις γράψει συγχωνευτεί γεγονός προσπαθούν διευθυντές σου.", "544008", "2021-04-19", "2025-01-10", "3119024", "3119061", "3119037", "3119117");
INSERT INTO Works_On (Researcher_ID,Project_ID,Start_Date) VALUES ("3119117", "3120074", "2021-04-19");
INSERT INTO Project (Project_ID,Name,Summary,Project_Funds,Start_Date,End_Date,Executive_ID,Program_ID,Organization_ID,Research_Manager_ID) VALUES ("3120075", "Κάτι Οι Υποψήφιο", "Defense today personal go degree commercial.", "247842", "2022-01-21", "2023-10-07", "3119131", "3119043", "3119006", "3119069");
INSERT INTO Works_On (Researcher_ID,Project_ID,Start_Date) VALUES ("3119069", "3120075", "2022-01-21");
INSERT INTO Project (Project_ID,Name,Summary,Project_Funds,Start_Date,End_Date,Executive_ID,Program_ID,Organization_ID,Research_Manager_ID) VALUES ("3120076", "Διαφήμιση Φίλος", "Nemo distinctio rerum exercitationem rerum accusamus culpa.", "793541", "2021-01-17", "2023-05-26", "3119196", "3119073", "3119013", "3119987");
INSERT INTO Works_On (Researcher_ID,Project_ID,Start_Date) VALUES ("3119987", "3120076", "2021-01-17");
INSERT INTO Project (Project_ID,Name,Summary,Project_Funds,Start_Date,End_Date,Executive_ID,Program_ID,Organization_ID,Research_Manager_ID) VALUES ("3120077", "Generation Per", "Amet veniam voluptatem quo ullam quidem veniam.", "373840", "2022-04-10", "2024-12-04", "3119070", "3119101", "3119033", "3119531");
INSERT INTO Works_On (Researcher_ID,Project_ID,Start_Date) VALUES ("3119531", "3120077", "2022-04-10");
INSERT INTO Project (Project_ID,Name,Summary,Project_Funds,Start_Date,End_Date,Executive_ID,Program_ID,Organization_ID,Research_Manager_ID) VALUES ("3120078", "Suggest Suddenly", "Praesentium nesciunt possimus iste dolores odio.", "158887", "2021-12-30", "2025-05-07", "3119159", "3119020", "3119009", "3119699");
INSERT INTO Works_On (Researcher_ID,Project_ID,Start_Date) VALUES ("3119699", "3120078", "2021-12-30");
INSERT INTO Project (Project_ID,Name,Summary,Project_Funds,Start_Date,End_Date,Executive_ID,Program_ID,Organization_ID,Research_Manager_ID) VALUES ("3120079", "Προγραμματιστής Εδώ", "Λες βρίσκονται όσο διακοπής τύπου τα απομόνωση.", "741481", "2020-09-25", "2022-03-04", "3119187", "3119060", "3119002", "3119005");
INSERT INTO Works_On (Researcher_ID,Project_ID,Start_Date) VALUES ("3119005", "3120079", "2020-09-25");
INSERT INTO Project (Project_ID,Name,Summary,Project_Funds,Start_Date,End_Date,Executive_ID,Program_ID,Organization_ID,Research_Manager_ID) VALUES ("3120080", "Red White Anything", "Εικόνες υψηλότερη μπουν άρα κοιτάζοντας ημέρα.", "682080", "2021-03-02", "2022-10-17", "3119128", "3119024", "3119026", "3119450");
INSERT INTO Works_On (Researcher_ID,Project_ID,Start_Date) VALUES ("3119450", "3120080", "2021-03-02");
INSERT INTO Project (Project_ID,Name,Summary,Project_Funds,Start_Date,End_Date,Executive_ID,Program_ID,Organization_ID,Research_Manager_ID) VALUES ("3120081", "Παίξουν Παραδώσεις", "Τρέξει διοικητικό ίδιο άρα. Οι έτσι μου τους. Πετούν πιο σημεία θυμάμαι.", "873157", "2021-05-16", "2022-06-25", "3119118", "3119100", "3119047", "3119417");
INSERT INTO Works_On (Researcher_ID,Project_ID,Start_Date) VALUES ("3119417", "3120081", "2021-05-16");
INSERT INTO Project (Project_ID,Name,Summary,Project_Funds,Start_Date,End_Date,Executive_ID,Program_ID,Organization_ID,Research_Manager_ID) VALUES ("3120082", "Περισσότερες", "Όσο ανταγωνιστής εντολές μέγιστη συνηθίζουν.", "569106", "2020-09-23", "2023-02-28", "3119146", "3119072", "3119039", "3119647");
INSERT INTO Works_On (Researcher_ID,Project_ID,Start_Date) VALUES ("3119647", "3120082", "2020-09-23");
INSERT INTO Project (Project_ID,Name,Summary,Project_Funds,Start_Date,End_Date,Executive_ID,Program_ID,Organization_ID,Research_Manager_ID) VALUES ("3120083", "Despite Race Give", "Κι εκτελέσει βιβλίο δυστυχής ήδη μεταφραστής ο.", "484038", "2022-03-30", "2024-02-17", "3119004", "3119001", "3119003", "3120022");
INSERT INTO Works_On (Researcher_ID,Project_ID,Start_Date) VALUES ("3120022", "3120083", "2022-03-30");
INSERT INTO Project (Project_ID,Name,Summary,Project_Funds,Start_Date,End_Date,Executive_ID,Program_ID,Organization_ID,Research_Manager_ID) VALUES ("3120084", "Sunt Rem Dolore", "Κι μη γνωρίζουμε έξι. Άρθρων συνέχεια μεταφραστής ανά ως συνηθίζουν.", "929641", "2020-03-03", "2024-02-29", "3119039", "3119109", "3119042", "3119169");
INSERT INTO Works_On (Researcher_ID,Project_ID,Start_Date) VALUES ("3119169", "3120084", "2020-03-03");
INSERT INTO Project (Project_ID,Name,Summary,Project_Funds,Start_Date,End_Date,Executive_ID,Program_ID,Organization_ID,Research_Manager_ID) VALUES ("3120085", "Επί Διοικητικό", "Ut maiores doloribus ea. Consequuntur non debitis quos voluptas nisi.", "115724", "2021-07-22", "2024-05-14", "3119052", "3119120", "3119032", "3119394");
INSERT INTO Works_On (Researcher_ID,Project_ID,Start_Date) VALUES ("3119394", "3120085", "2021-07-22");
INSERT INTO Project (Project_ID,Name,Summary,Project_Funds,Start_Date,End_Date,Executive_ID,Program_ID,Organization_ID,Research_Manager_ID) VALUES ("3120086", "Still Help Message", "Κάτι περίπου ρουτίνα θέλεις.", "530628", "2021-04-27", "2025-04-17", "3119137", "3119084", "3119002", "3119719");
INSERT INTO Works_On (Researcher_ID,Project_ID,Start_Date) VALUES ("3119719", "3120086", "2021-04-27");
INSERT INTO Project (Project_ID,Name,Summary,Project_Funds,Start_Date,End_Date,Executive_ID,Program_ID,Organization_ID,Research_Manager_ID) VALUES ("3120087", "Φίλος Μου Εκτός Ο", "Est molestiae reiciendis. Minus corporis laborum praesentium.", "290574", "2021-12-29", "2025-01-27", "3119115", "3119029", "3119046", "3119167");
INSERT INTO Works_On (Researcher_ID,Project_ID,Start_Date) VALUES ("3119167", "3120087", "2021-12-29");
INSERT INTO Project (Project_ID,Name,Summary,Project_Funds,Start_Date,End_Date,Executive_ID,Program_ID,Organization_ID,Research_Manager_ID) VALUES ("3120088", "Ναι Μεταγλωτιστής", "Change single book member. Economy data defense word to.", "223368", "2021-05-24", "2023-07-16", "3119160", "3119117", "3119035", "3119932");
INSERT INTO Works_On (Researcher_ID,Project_ID,Start_Date) VALUES ("3119932", "3120088", "2021-05-24");
INSERT INTO Project (Project_ID,Name,Summary,Project_Funds,Start_Date,End_Date,Executive_ID,Program_ID,Organization_ID,Research_Manager_ID) VALUES ("3120089", "Ευκολότερο Παίξουν", "Nemo autem in consequuntur. Laboriosam vel neque.", "293271", "2021-08-01", "2024-04-21", "3119039", "3119097", "3119030", "3120052");
INSERT INTO Works_On (Researcher_ID,Project_ID,Start_Date) VALUES ("3120052", "3120089", "2021-08-01");
INSERT INTO Project (Project_ID,Name,Summary,Project_Funds,Start_Date,End_Date,Executive_ID,Program_ID,Organization_ID,Research_Manager_ID) VALUES ("3120090", "Tenetur Sequi Ullam", "Provide modern or. When paper start west never.", "150442", "2020-03-05", "2021-03-31", "3119037", "3119119", "3119042", "3120165");
INSERT INTO Works_On (Researcher_ID,Project_ID,Start_Date) VALUES ("3120165", "3120090", "2020-03-05");
INSERT INTO Project (Project_ID,Name,Summary,Project_Funds,Start_Date,End_Date,Executive_ID,Program_ID,Organization_ID,Research_Manager_ID) VALUES ("3120091", "Enim Debitis Alias", "Κοιτάζοντας χρησιμοποιώντας πεδία ναι.", "111391", "2021-07-07", "2023-08-23", "3119050", "3119111", "3119010", "3119741");
INSERT INTO Works_On (Researcher_ID,Project_ID,Start_Date) VALUES ("3119741", "3120091", "2021-07-07");
INSERT INTO Project (Project_ID,Name,Summary,Project_Funds,Start_Date,End_Date,Executive_ID,Program_ID,Organization_ID,Research_Manager_ID) VALUES ("3120092", "Current Do Well", "Εργαλείων πες πρώτοι φράση. Προσεκτικά περιβάλλοντος πρώτο δεν.", "703349", "2021-01-26", "2023-02-24", "3119140", "3119143", "3119003", "3120151");
INSERT INTO Works_On (Researcher_ID,Project_ID,Start_Date) VALUES ("3120151", "3120092", "2021-01-26");
INSERT INTO Project (Project_ID,Name,Summary,Project_Funds,Start_Date,End_Date,Executive_ID,Program_ID,Organization_ID,Research_Manager_ID) VALUES ("3120093", "Voluptate Beatae", "Perferendis accusantium optio esse. Aperiam minima eligendi.", "345390", "2020-11-06", "2022-11-01", "3119053", "3119035", "3119029", "3119766");
INSERT INTO Works_On (Researcher_ID,Project_ID,Start_Date) VALUES ("3119766", "3120093", "2020-11-06");
INSERT INTO Project (Project_ID,Name,Summary,Project_Funds,Start_Date,End_Date,Executive_ID,Program_ID,Organization_ID,Research_Manager_ID) VALUES ("3120094", "Page Level Enough", "Συνεχώς παίξουν πες χρειάζονται μερικούς απίστευτα δύο. Ας κάτι τι μέχρι.", "751604", "2021-03-24", "2024-07-16", "3119197", "3119036", "3119041", "3119705");
INSERT INTO Works_On (Researcher_ID,Project_ID,Start_Date) VALUES ("3119705", "3120094", "2021-03-24");
INSERT INTO Project (Project_ID,Name,Summary,Project_Funds,Start_Date,End_Date,Executive_ID,Program_ID,Organization_ID,Research_Manager_ID) VALUES ("3120095", "Quibusdam Et", "Συνάδελφος καλύτερο φακέλους τρέξει αν ερωτήσεις.", "210611", "2022-01-10", "2024-11-11", "3119130", "3119188", "3119034", "3119386");
INSERT INTO Works_On (Researcher_ID,Project_ID,Start_Date) VALUES ("3119386", "3120095", "2022-01-10");
INSERT INTO Project (Project_ID,Name,Summary,Project_Funds,Start_Date,End_Date,Executive_ID,Program_ID,Organization_ID,Research_Manager_ID) VALUES ("3120096", "Vero Accusantium", "Street member night cause four though plant authority.", "690433", "2020-12-14", "2024-11-05", "3119096", "3119120", "3119011", "3120126");
INSERT INTO Works_On (Researcher_ID,Project_ID,Start_Date) VALUES ("3120126", "3120096", "2020-12-14");
INSERT INTO Project (Project_ID,Name,Summary,Project_Funds,Start_Date,End_Date,Executive_ID,Program_ID,Organization_ID,Research_Manager_ID) VALUES ("3120097", "Commodi Reiciendis", "Indicate difference run arm both statement at. Rich serious fund.", "965370", "2021-04-21", "2024-12-15", "3119131", "3119089", "3119039", "3119895");
INSERT INTO Works_On (Researcher_ID,Project_ID,Start_Date) VALUES ("3119895", "3120097", "2021-04-21");
INSERT INTO Project (Project_ID,Name,Summary,Project_Funds,Start_Date,End_Date,Executive_ID,Program_ID,Organization_ID,Research_Manager_ID) VALUES ("3120098", "Reiciendis Rem", "Unde quos porro illum in. Labore corporis amet sunt alias fuga.", "200516", "2022-03-06", "2025-03-28", "3119177", "3119013", "3119019", "3119353");
INSERT INTO Works_On (Researcher_ID,Project_ID,Start_Date) VALUES ("3119353", "3120098", "2022-03-06");
INSERT INTO Project (Project_ID,Name,Summary,Project_Funds,Start_Date,End_Date,Executive_ID,Program_ID,Organization_ID,Research_Manager_ID) VALUES ("3120099", "Into Environment", "Poor strong gas common cup themselves. Out story other new.", "963409", "2022-02-01", "2023-10-16", "3119159", "3119157", "3119016", "3120193");
INSERT INTO Works_On (Researcher_ID,Project_ID,Start_Date) VALUES ("3120193", "3120099", "2022-02-01");
INSERT INTO Project (Project_ID,Name,Summary,Project_Funds,Start_Date,End_Date,Executive_ID,Program_ID,Organization_ID,Research_Manager_ID) VALUES ("3120100", "Τρέξει Ας Μπορούσες", "Να χρησιμοποίησέ μα ατόμου όχι ελέγχου συγκεντρωμένοι.", "614855", "2020-03-24", "2022-08-14", "3119167", "3119117", "3119041", "3119978");
INSERT INTO Works_On (Researcher_ID,Project_ID,Start_Date) VALUES ("3119978", "3120100", "2020-03-24");
INSERT INTO Project (Project_ID,Name,Summary,Project_Funds,Start_Date,End_Date,Executive_ID,Program_ID,Organization_ID,Research_Manager_ID) VALUES ("3120101", "Κάτι Επιχείριση Έξι", "Σημαντικό ποια πόρτες αναφέρονται στις στη.", "538044", "2021-02-24", "2023-07-31", "3119168", "3119004", "3119049", "3119384");
INSERT INTO Works_On (Researcher_ID,Project_ID,Start_Date) VALUES ("3119384", "3120101", "2021-02-24");
INSERT INTO Project (Project_ID,Name,Summary,Project_Funds,Start_Date,End_Date,Executive_ID,Program_ID,Organization_ID,Research_Manager_ID) VALUES ("3120102", "Person Thing Heart", "Πολύ επεξεργασία της σαν μηχανής.", "586895", "2022-01-12", "2024-05-28", "3119036", "3119062", "3119008", "3119816");
INSERT INTO Works_On (Researcher_ID,Project_ID,Start_Date) VALUES ("3119816", "3120102", "2022-01-12");
INSERT INTO Project (Project_ID,Name,Summary,Project_Funds,Start_Date,End_Date,Executive_ID,Program_ID,Organization_ID,Research_Manager_ID) VALUES ("3120103", "Similique", "Recusandae quasi eum. Consectetur similique autem architecto voluptates.", "603166", "2021-09-06", "2025-06-30", "3119155", "3119190", "3119014", "3120059");
INSERT INTO Works_On (Researcher_ID,Project_ID,Start_Date) VALUES ("3120059", "3120103", "2021-09-06");
INSERT INTO Project (Project_ID,Name,Summary,Project_Funds,Start_Date,End_Date,Executive_ID,Program_ID,Organization_ID,Research_Manager_ID) VALUES ("3120104", "Quos Voluptatum Ut", "Molestias eaque quam. Aut rerum deserunt omnis.", "518796", "2019-12-22", "2022-12-06", "3119042", "3119043", "3119028", "3119063");
INSERT INTO Works_On (Researcher_ID,Project_ID,Start_Date) VALUES ("3119063", "3120104", "2019-12-22");
INSERT INTO Project (Project_ID,Name,Summary,Project_Funds,Start_Date,End_Date,Executive_ID,Program_ID,Organization_ID,Research_Manager_ID) VALUES ("3120105", "Nearly Walk Around", "Corrupti natus molestias tempore quisquam dolores.", "102680", "2020-05-28", "2022-09-30", "3119033", "3119161", "3119022", "3119802");
INSERT INTO Works_On (Researcher_ID,Project_ID,Start_Date) VALUES ("3119802", "3120105", "2020-05-28");
INSERT INTO Project (Project_ID,Name,Summary,Project_Funds,Start_Date,End_Date,Executive_ID,Program_ID,Organization_ID,Research_Manager_ID) VALUES ("3120106", "Μεταφραστής Άρθρων", "Δείξει ύψος ανώδυνη δε για μέσης υποψήφιο.", "690211", "2020-05-11", "2022-07-25", "3119045", "3119080", "3119042", "3119547");
INSERT INTO Works_On (Researcher_ID,Project_ID,Start_Date) VALUES ("3119547", "3120106", "2020-05-11");
INSERT INTO Project (Project_ID,Name,Summary,Project_Funds,Start_Date,End_Date,Executive_ID,Program_ID,Organization_ID,Research_Manager_ID) VALUES ("3120107", "All List Scene Pay", "Χρησιμοποιώντας εκθέσεις έξι επί τα.", "330857", "2021-01-20", "2022-07-21", "3119142", "3119151", "3119017", "3119739");
INSERT INTO Works_On (Researcher_ID,Project_ID,Start_Date) VALUES ("3119739", "3120107", "2021-01-20");
INSERT INTO Project (Project_ID,Name,Summary,Project_Funds,Start_Date,End_Date,Executive_ID,Program_ID,Organization_ID,Research_Manager_ID) VALUES ("3120108", "Ταξινομεί Είχαμε", "Ζητήσεις απαρατήρητο βασανίζουν στη τα πρώτο τον.", "350097", "2022-04-14", "2023-11-18", "3119174", "3119004", "3119043", "3119594");
INSERT INTO Works_On (Researcher_ID,Project_ID,Start_Date) VALUES ("3119594", "3120108", "2022-04-14");
INSERT INTO Project (Project_ID,Name,Summary,Project_Funds,Start_Date,End_Date,Executive_ID,Program_ID,Organization_ID,Research_Manager_ID) VALUES ("3120109", "Corporis Doloremque", "It treatment total speech affect southern nor. Sense here couple our.", "752727", "2020-05-14", "2024-03-15", "3119026", "3119024", "3119041", "3119786");
INSERT INTO Works_On (Researcher_ID,Project_ID,Start_Date) VALUES ("3119786", "3120109", "2020-05-14");
INSERT INTO Project (Project_ID,Name,Summary,Project_Funds,Start_Date,End_Date,Executive_ID,Program_ID,Organization_ID,Research_Manager_ID) VALUES ("3120110", "Κόλπα Μη", "Nam consequuntur voluptate. Sint voluptatum iure. Unde quisquam eum.", "539484", "2021-02-12", "2022-08-17", "3119152", "3119019", "3119022", "3119528");
INSERT INTO Works_On (Researcher_ID,Project_ID,Start_Date) VALUES ("3119528", "3120110", "2021-02-12");
INSERT INTO Project (Project_ID,Name,Summary,Project_Funds,Start_Date,End_Date,Executive_ID,Program_ID,Organization_ID,Research_Manager_ID) VALUES ("3120111", "Series Great Hair", "Κανόνα γραφικά έξι. Κανένας πάντως ζητήσεις με από. Έλεγχος πλέον μη.", "692698", "2020-06-29", "2021-12-23", "3119152", "3119107", "3119020", "3120019");
INSERT INTO Works_On (Researcher_ID,Project_ID,Start_Date) VALUES ("3120019", "3120111", "2020-06-29");
INSERT INTO Project (Project_ID,Name,Summary,Project_Funds,Start_Date,End_Date,Executive_ID,Program_ID,Organization_ID,Research_Manager_ID) VALUES ("3120112", "Αθόρυβες", "Facere quasi consequuntur dolorum architecto laborum doloribus.", "440400", "2019-11-21", "2023-01-13", "3119098", "3119176", "3119034", "3119410");
INSERT INTO Works_On (Researcher_ID,Project_ID,Start_Date) VALUES ("3119410", "3120112", "2019-11-21");
INSERT INTO Project (Project_ID,Name,Summary,Project_Funds,Start_Date,End_Date,Executive_ID,Program_ID,Organization_ID,Research_Manager_ID) VALUES ("3120113", "Σημαντικό Πιο", "Δίνοντας εσωτερικών βουτήξουν φίλος μερικούς εκτελέσεις μη πηγαίου.", "172874", "2022-04-22", "2025-04-10", "3119194", "3119169", "3119003", "3119238");
INSERT INTO Works_On (Researcher_ID,Project_ID,Start_Date) VALUES ("3119238", "3120113", "2022-04-22");
INSERT INTO Project (Project_ID,Name,Summary,Project_Funds,Start_Date,End_Date,Executive_ID,Program_ID,Organization_ID,Research_Manager_ID) VALUES ("3120114", "Διαπιστώνεις Φίλος", "Girl economy away experience. Exactly left three.", "145887", "2021-11-05", "2024-01-30", "3119038", "3119159", "3119005", "3119935");
INSERT INTO Works_On (Researcher_ID,Project_ID,Start_Date) VALUES ("3119935", "3120114", "2021-11-05");
INSERT INTO Project (Project_ID,Name,Summary,Project_Funds,Start_Date,End_Date,Executive_ID,Program_ID,Organization_ID,Research_Manager_ID) VALUES ("3120115", "Στα Ειδικά Της", "Συνεντεύξεις κώδικάς δύο ρουτίνα προβληματική στραβά.", "509475", "2020-05-15", "2023-12-18", "3119108", "3119007", "3119031", "3120176");
INSERT INTO Works_On (Researcher_ID,Project_ID,Start_Date) VALUES ("3120176", "3120115", "2020-05-15");
INSERT INTO Project (Project_ID,Name,Summary,Project_Funds,Start_Date,End_Date,Executive_ID,Program_ID,Organization_ID,Research_Manager_ID) VALUES ("3120116", "Ipsum Quod Dolore", "Really family century oil. Pressure front also determine much fear share.", "937677", "2020-05-31", "2023-07-28", "3119135", "3119088", "3119006", "3119282");
INSERT INTO Works_On (Researcher_ID,Project_ID,Start_Date) VALUES ("3119282", "3120116", "2020-05-31");
INSERT INTO Project (Project_ID,Name,Summary,Project_Funds,Start_Date,End_Date,Executive_ID,Program_ID,Organization_ID,Research_Manager_ID) VALUES ("3120117", "Nesciunt Corporis", "Id incidunt ratione optio temporibus nesciunt.", "730102", "2021-12-04", "2023-10-23", "3119183", "3119072", "3119002", "3119785");
INSERT INTO Works_On (Researcher_ID,Project_ID,Start_Date) VALUES ("3119785", "3120117", "2021-12-04");
INSERT INTO Project (Project_ID,Name,Summary,Project_Funds,Start_Date,End_Date,Executive_ID,Program_ID,Organization_ID,Research_Manager_ID) VALUES ("3120118", "Student Change", "Necessitatibus officia pariatur tempore veniam.", "981363", "2021-01-16", "2022-06-11", "3119101", "3119146", "3119012", "3119215");
INSERT INTO Works_On (Researcher_ID,Project_ID,Start_Date) VALUES ("3119215", "3120118", "2021-01-16");
INSERT INTO Project (Project_ID,Name,Summary,Project_Funds,Start_Date,End_Date,Executive_ID,Program_ID,Organization_ID,Research_Manager_ID) VALUES ("3120119", "Απαραίτητο Κλπ", "Υόρκη αναφέρονται πετούν παίξουν κανόνα ένα.", "720786", "2021-03-26", "2023-09-29", "3119104", "3119076", "3119043", "3120112");
INSERT INTO Works_On (Researcher_ID,Project_ID,Start_Date) VALUES ("3120112", "3120119", "2021-03-26");
INSERT INTO Project (Project_ID,Name,Summary,Project_Funds,Start_Date,End_Date,Executive_ID,Program_ID,Organization_ID,Research_Manager_ID) VALUES ("3120120", "Error Repudiandae", "Λιγότερο έρθει άπειρα διαδίκτυο εργαζόμενων τα γραμμής.", "258352", "2020-08-25", "2023-06-16", "3119064", "3119159", "3119025", "3120115");
INSERT INTO Works_On (Researcher_ID,Project_ID,Start_Date) VALUES ("3120115", "3120120", "2020-08-25");
INSERT INTO Project (Project_ID,Name,Summary,Project_Funds,Start_Date,End_Date,Executive_ID,Program_ID,Organization_ID,Research_Manager_ID) VALUES ("3120121", "Labore Culpa Sed", "Ίδιο παίξουν έτσι θα αν ποια άτομο.", "998438", "2022-02-15", "2024-06-02", "3119078", "3119111", "3119017", "3119702");
INSERT INTO Works_On (Researcher_ID,Project_ID,Start_Date) VALUES ("3119702", "3120121", "2022-02-15");
INSERT INTO Project (Project_ID,Name,Summary,Project_Funds,Start_Date,End_Date,Executive_ID,Program_ID,Organization_ID,Research_Manager_ID) VALUES ("3120122", "Αναγκάζονται Των", "Ullam amet in illum ducimus incidunt non hic.", "938083", "2021-10-28", "2025-02-15", "3119137", "3119196", "3119002", "3119089");
INSERT INTO Works_On (Researcher_ID,Project_ID,Start_Date) VALUES ("3119089", "3120122", "2021-10-28");
INSERT INTO Project (Project_ID,Name,Summary,Project_Funds,Start_Date,End_Date,Executive_ID,Program_ID,Organization_ID,Research_Manager_ID) VALUES ("3120123", "Χαρακτηριστικών", "Αναφέρονται σαν ρουτίνα ότι που προϊόντα δούλευε.", "912695", "2021-08-03", "2022-12-02", "3119136", "3119000", "3119030", "3119942");
INSERT INTO Works_On (Researcher_ID,Project_ID,Start_Date) VALUES ("3119942", "3120123", "2021-08-03");
INSERT INTO Project (Project_ID,Name,Summary,Project_Funds,Start_Date,End_Date,Executive_ID,Program_ID,Organization_ID,Research_Manager_ID) VALUES ("3120124", "Των Απομόνωση", "Corporis porro maiores velit repellat quas.", "860242", "2020-03-13", "2021-10-14", "3119115", "3119183", "3119041", "3119887");
INSERT INTO Works_On (Researcher_ID,Project_ID,Start_Date) VALUES ("3119887", "3120124", "2020-03-13");
INSERT INTO Project (Project_ID,Name,Summary,Project_Funds,Start_Date,End_Date,Executive_ID,Program_ID,Organization_ID,Research_Manager_ID) VALUES ("3120125", "Type Option", "Quam odio ducimus provident sequi earum deleniti sapiente.", "761029", "2021-04-20", "2023-09-01", "3119050", "3119143", "3119001", "3119524");
INSERT INTO Works_On (Researcher_ID,Project_ID,Start_Date) VALUES ("3119524", "3120125", "2021-04-20");
INSERT INTO Project (Project_ID,Name,Summary,Project_Funds,Start_Date,End_Date,Executive_ID,Program_ID,Organization_ID,Research_Manager_ID) VALUES ("3120126", "Labore Iusto Eius", "Έτσι γέλασαν τα απαρατήρητο.", "746704", "2022-03-20", "2023-12-26", "3119075", "3119045", "3119044", "3120006");
INSERT INTO Works_On (Researcher_ID,Project_ID,Start_Date) VALUES ("3120006", "3120126", "2022-03-20");
INSERT INTO Project (Project_ID,Name,Summary,Project_Funds,Start_Date,End_Date,Executive_ID,Program_ID,Organization_ID,Research_Manager_ID) VALUES ("3120127", "Next Score Argue", "Et aspernatur exercitationem perferendis.", "613601", "2021-04-12", "2024-02-08", "3119196", "3119139", "3119023", "3119518");
INSERT INTO Works_On (Researcher_ID,Project_ID,Start_Date) VALUES ("3119518", "3120127", "2021-04-12");
INSERT INTO Project (Project_ID,Name,Summary,Project_Funds,Start_Date,End_Date,Executive_ID,Program_ID,Organization_ID,Research_Manager_ID) VALUES ("3120128", "Βάζοντας Σου", "Δημιουργήσεις γεγονός τύπους φίλος αθόρυβες.", "964442", "2020-02-25", "2022-03-13", "3119036", "3119070", "3119012", "3119768");
INSERT INTO Works_On (Researcher_ID,Project_ID,Start_Date) VALUES ("3119768", "3120128", "2020-02-25");
INSERT INTO Project (Project_ID,Name,Summary,Project_Funds,Start_Date,End_Date,Executive_ID,Program_ID,Organization_ID,Research_Manager_ID) VALUES ("3120129", "Excepturi Vel Autem", "Διαφήμιση άρα περίπου τους την ταξινομεί μετρήσεις.", "310596", "2021-11-03", "2025-01-01", "3119010", "3119180", "3119015", "3120018");
INSERT INTO Works_On (Researcher_ID,Project_ID,Start_Date) VALUES ("3120018", "3120129", "2021-11-03");
INSERT INTO Project (Project_ID,Name,Summary,Project_Funds,Start_Date,End_Date,Executive_ID,Program_ID,Organization_ID,Research_Manager_ID) VALUES ("3120130", "Εσωτερικών Προσοχή", "Από διακοπής λέει ύψος συνεντεύξεις. Εκτός μέρος εντολές σταματάς.", "997118", "2021-07-14", "2025-02-13", "3119090", "3119157", "3119010", "3120189");
INSERT INTO Works_On (Researcher_ID,Project_ID,Start_Date) VALUES ("3120189", "3120130", "2021-07-14");
INSERT INTO Project (Project_ID,Name,Summary,Project_Funds,Start_Date,End_Date,Executive_ID,Program_ID,Organization_ID,Research_Manager_ID) VALUES ("3120131", "Despite Task", "Assumenda ducimus incidunt. Voluptas non quos voluptates assumenda.", "319839", "2021-04-01", "2022-12-07", "3119050", "3119058", "3119047", "3119390");
INSERT INTO Works_On (Researcher_ID,Project_ID,Start_Date) VALUES ("3119390", "3120131", "2021-04-01");
INSERT INTO Project (Project_ID,Name,Summary,Project_Funds,Start_Date,End_Date,Executive_ID,Program_ID,Organization_ID,Research_Manager_ID) VALUES ("3120132", "Αποθηκευτικού", "Illum asperiores ipsum fugit provident eos hic.", "828058", "2020-01-03", "2022-07-05", "3119018", "3119128", "3119008", "3119896");
INSERT INTO Works_On (Researcher_ID,Project_ID,Start_Date) VALUES ("3119896", "3120132", "2020-01-03");
INSERT INTO Project (Project_ID,Name,Summary,Project_Funds,Start_Date,End_Date,Executive_ID,Program_ID,Organization_ID,Research_Manager_ID) VALUES ("3120133", "Έξι Οι Ήδη Βγήκε", "Άπειρα των μου. Αρχεία πόρτες πλέον μα δεν έτοιμος σαν.", "225552", "2020-12-16", "2023-01-03", "3119133", "3119109", "3119029", "3119033");
INSERT INTO Works_On (Researcher_ID,Project_ID,Start_Date) VALUES ("3119033", "3120133", "2020-12-16");
INSERT INTO Project (Project_ID,Name,Summary,Project_Funds,Start_Date,End_Date,Executive_ID,Program_ID,Organization_ID,Research_Manager_ID) VALUES ("3120134", "Κι Παράδειγμα", "Number none relationship cup assume. Tax fire test.", "663348", "2021-12-24", "2023-10-08", "3119055", "3119052", "3119016", "3120021");
INSERT INTO Works_On (Researcher_ID,Project_ID,Start_Date) VALUES ("3120021", "3120134", "2021-12-24");
INSERT INTO Project (Project_ID,Name,Summary,Project_Funds,Start_Date,End_Date,Executive_ID,Program_ID,Organization_ID,Research_Manager_ID) VALUES ("3120135", "Tenetur Facere", "Animi doloribus consequatur aliquam.", "443918", "2022-03-28", "2024-11-19", "3119175", "3119116", "3119023", "3119715");
INSERT INTO Works_On (Researcher_ID,Project_ID,Start_Date) VALUES ("3119715", "3120135", "2022-03-28");
INSERT INTO Project (Project_ID,Name,Summary,Project_Funds,Start_Date,End_Date,Executive_ID,Program_ID,Organization_ID,Research_Manager_ID) VALUES ("3120136", "Τη Καταλάθος", "Τα μερικούς στη στο διολισθήσεις.", "915384", "2020-10-11", "2024-01-03", "3119130", "3119014", "3119035", "3119232");
INSERT INTO Works_On (Researcher_ID,Project_ID,Start_Date) VALUES ("3119232", "3120136", "2020-10-11");
INSERT INTO Project (Project_ID,Name,Summary,Project_Funds,Start_Date,End_Date,Executive_ID,Program_ID,Organization_ID,Research_Manager_ID) VALUES ("3120137", "Mollitia Eaque Hic", "Ελέγχου μεταγλωτίσει στα. Μα απλό συγγραφής κάτι.", "114635", "2022-05-01", "2025-10-25", "3119070", "3119114", "3119014", "3119622");
INSERT INTO Works_On (Researcher_ID,Project_ID,Start_Date) VALUES ("3119622", "3120137", "2022-05-01");
INSERT INTO Project (Project_ID,Name,Summary,Project_Funds,Start_Date,End_Date,Executive_ID,Program_ID,Organization_ID,Research_Manager_ID) VALUES ("3120138", "Tenetur Sunt Maxime", "Κανόνα τις επιδιόρθωση.", "898860", "2020-11-30", "2023-03-01", "3119072", "3119034", "3119003", "3119944");
INSERT INTO Works_On (Researcher_ID,Project_ID,Start_Date) VALUES ("3119944", "3120138", "2020-11-30");
INSERT INTO Project (Project_ID,Name,Summary,Project_Funds,Start_Date,End_Date,Executive_ID,Program_ID,Organization_ID,Research_Manager_ID) VALUES ("3120139", "Εγώ Και Δείξει Μάθε", "Χαμηλός πετάξαμε πεδία δημιουργια.", "814270", "2022-02-05", "2024-07-16", "3119167", "3119068", "3119020", "3119616");
INSERT INTO Works_On (Researcher_ID,Project_ID,Start_Date) VALUES ("3119616", "3120139", "2022-02-05");
INSERT INTO Project (Project_ID,Name,Summary,Project_Funds,Start_Date,End_Date,Executive_ID,Program_ID,Organization_ID,Research_Manager_ID) VALUES ("3120140", "Ακούσει Μια", "Test size ball check morning.", "831804", "2022-01-23", "2024-04-09", "3119119", "3119114", "3119048", "3120058");
INSERT INTO Works_On (Researcher_ID,Project_ID,Start_Date) VALUES ("3120058", "3120140", "2022-01-23");
INSERT INTO Project (Project_ID,Name,Summary,Project_Funds,Start_Date,End_Date,Executive_ID,Program_ID,Organization_ID,Research_Manager_ID) VALUES ("3120141", "Inventore Laborum", "Της οι σημαντικός. Μέχρι τι μάθε να. Μην πρώτοι τύπου χρόνου βιβλίο σας.", "244649", "2020-11-07", "2022-01-17", "3119131", "3119087", "3119005", "3119465");
INSERT INTO Works_On (Researcher_ID,Project_ID,Start_Date) VALUES ("3119465", "3120141", "2020-11-07");
INSERT INTO Project (Project_ID,Name,Summary,Project_Funds,Start_Date,End_Date,Executive_ID,Program_ID,Organization_ID,Research_Manager_ID) VALUES ("3120142", "Information Box", "Ότι μεταγλωτιστής ίδιο προσπαθήσεις μέχρι χρονοδιαγράμματος.", "281415", "2022-01-22", "2024-03-22", "3119064", "3119166", "3119020", "3119302");
INSERT INTO Works_On (Researcher_ID,Project_ID,Start_Date) VALUES ("3119302", "3120142", "2022-01-22");
INSERT INTO Project (Project_ID,Name,Summary,Project_Funds,Start_Date,End_Date,Executive_ID,Program_ID,Organization_ID,Research_Manager_ID) VALUES ("3120143", "Vel Mollitia", "Χρονοδιαγράμματος τον περιβάλλον συγχρόνως μάθε.", "904286", "2019-12-12", "2022-03-04", "3119144", "3119055", "3119030", "3119421");
INSERT INTO Works_On (Researcher_ID,Project_ID,Start_Date) VALUES ("3119421", "3120143", "2019-12-12");
INSERT INTO Project (Project_ID,Name,Summary,Project_Funds,Start_Date,End_Date,Executive_ID,Program_ID,Organization_ID,Research_Manager_ID) VALUES ("3120144", "Σε Πάντα Μέγιστη", "Voluptate sed nemo sed quas eius molestias.", "809158", "2021-08-14", "2022-09-07", "3119058", "3119045", "3119005", "3120197");
INSERT INTO Works_On (Researcher_ID,Project_ID,Start_Date) VALUES ("3120197", "3120144", "2021-08-14");
INSERT INTO Project (Project_ID,Name,Summary,Project_Funds,Start_Date,End_Date,Executive_ID,Program_ID,Organization_ID,Research_Manager_ID) VALUES ("3120145", "Έγραψες Έχω", "Σαν βουτήξουν σημαντικός κρατήσουν πάρεις σκεφτείς που.", "689932", "2021-01-27", "2022-05-18", "3119018", "3119050", "3119026", "3119503");
INSERT INTO Works_On (Researcher_ID,Project_ID,Start_Date) VALUES ("3119503", "3120145", "2021-01-27");
INSERT INTO Project (Project_ID,Name,Summary,Project_Funds,Start_Date,End_Date,Executive_ID,Program_ID,Organization_ID,Research_Manager_ID) VALUES ("3120146", "Magni Soluta", "Beyond quickly audience student. Miss member score his.", "144163", "2021-12-25", "2024-10-19", "3119121", "3119071", "3119026", "3119427");
INSERT INTO Works_On (Researcher_ID,Project_ID,Start_Date) VALUES ("3119427", "3120146", "2021-12-25");
INSERT INTO Project (Project_ID,Name,Summary,Project_Funds,Start_Date,End_Date,Executive_ID,Program_ID,Organization_ID,Research_Manager_ID) VALUES ("3120147", "Special Not Give", "Ώρα περιμένουν συγγραφής αποφάσισε.", "193711", "2021-02-22", "2024-04-22", "3119064", "3119175", "3119006", "3119732");
INSERT INTO Works_On (Researcher_ID,Project_ID,Start_Date) VALUES ("3119732", "3120147", "2021-02-22");
INSERT INTO Project (Project_ID,Name,Summary,Project_Funds,Start_Date,End_Date,Executive_ID,Program_ID,Organization_ID,Research_Manager_ID) VALUES ("3120148", "Που Γειτονιάς", "Eligendi sapiente iste. Odio facilis porro illo placeat provident maiores.", "467262", "2021-03-11", "2023-02-19", "3119148", "3119177", "3119002", "3119016");
INSERT INTO Works_On (Researcher_ID,Project_ID,Start_Date) VALUES ("3119016", "3120148", "2021-03-11");
INSERT INTO Project (Project_ID,Name,Summary,Project_Funds,Start_Date,End_Date,Executive_ID,Program_ID,Organization_ID,Research_Manager_ID) VALUES ("3120149", "Quasi Occaecati", "Χρησιμοποίησέ δε κάτι δημιουργείς κάνε κάτι.", "673599", "2020-08-27", "2023-12-11", "3119095", "3119070", "3119009", "3119976");
INSERT INTO Works_On (Researcher_ID,Project_ID,Start_Date) VALUES ("3119976", "3120149", "2020-08-27");
INSERT INTO Project (Project_ID,Name,Summary,Project_Funds,Start_Date,End_Date,Executive_ID,Program_ID,Organization_ID,Research_Manager_ID) VALUES ("3120150", "Top Gun Interest", "Ώρα παραγωγικής παίξουν αγοράζοντας.", "350341", "2020-05-13", "2022-10-27", "3119170", "3119002", "3119026", "3119037");
INSERT INTO Works_On (Researcher_ID,Project_ID,Start_Date) VALUES ("3119037", "3120150", "2020-05-13");
INSERT INTO Project (Project_ID,Name,Summary,Project_Funds,Start_Date,End_Date,Executive_ID,Program_ID,Organization_ID,Research_Manager_ID) VALUES ("3120151", "Movement Attack", "Dolore neque quod minima at unde.", "525643", "2020-12-15", "2022-06-03", "3119179", "3119014", "3119042", "3119975");
INSERT INTO Works_On (Researcher_ID,Project_ID,Start_Date) VALUES ("3119975", "3120151", "2020-12-15");
INSERT INTO Project (Project_ID,Name,Summary,Project_Funds,Start_Date,End_Date,Executive_ID,Program_ID,Organization_ID,Research_Manager_ID) VALUES ("3120152", "Στέλνοντάς Και Μην", "Tempore commodi fuga aperiam in omnis iste officia.", "591875", "2022-03-17", "2024-07-02", "3119162", "3119167", "3119014", "3120085");
INSERT INTO Works_On (Researcher_ID,Project_ID,Start_Date) VALUES ("3120085", "3120152", "2022-03-17");
INSERT INTO Project (Project_ID,Name,Summary,Project_Funds,Start_Date,End_Date,Executive_ID,Program_ID,Organization_ID,Research_Manager_ID) VALUES ("3120153", "City Guess Life", "Molestiae dicta soluta officia enim.", "493988", "2021-07-05", "2025-03-11", "3119158", "3119134", "3119022", "3119053");
INSERT INTO Works_On (Researcher_ID,Project_ID,Start_Date) VALUES ("3119053", "3120153", "2021-07-05");
INSERT INTO Project (Project_ID,Name,Summary,Project_Funds,Start_Date,End_Date,Executive_ID,Program_ID,Organization_ID,Research_Manager_ID) VALUES ("3120154", "Beatae Officiis", "Πακέτων παίρνουν ανά καλύτερο αρπάζεις περιβάλλοντος.", "689188", "2020-03-19", "2021-04-11", "3119179", "3119110", "3119007", "3119681");
INSERT INTO Works_On (Researcher_ID,Project_ID,Start_Date) VALUES ("3119681", "3120154", "2020-03-19");
INSERT INTO Project (Project_ID,Name,Summary,Project_Funds,Start_Date,End_Date,Executive_ID,Program_ID,Organization_ID,Research_Manager_ID) VALUES ("3120155", "Αυτός Τύπους Και", "Represent politics future security effect boy wall.", "120052", "2020-10-18", "2024-04-25", "3119046", "3119103", "3119001", "3119992");
INSERT INTO Works_On (Researcher_ID,Project_ID,Start_Date) VALUES ("3119992", "3120155", "2020-10-18");
INSERT INTO Project (Project_ID,Name,Summary,Project_Funds,Start_Date,End_Date,Executive_ID,Program_ID,Organization_ID,Research_Manager_ID) VALUES ("3120156", "Μια Σίγουρος Όσο", "Vero enim nostrum doloribus nam facilis reprehenderit veniam.", "197288", "2020-06-10", "2021-10-01", "3119052", "3119080", "3119018", "3119692");
INSERT INTO Works_On (Researcher_ID,Project_ID,Start_Date) VALUES ("3119692", "3120156", "2020-06-10");
INSERT INTO Project (Project_ID,Name,Summary,Project_Funds,Start_Date,End_Date,Executive_ID,Program_ID,Organization_ID,Research_Manager_ID) VALUES ("3120157", "Autem Possimus Iste", "Πλέον τοπικές πολύ άτομο απλό απαράδεκτη χώρου.", "421031", "2021-02-13", "2024-01-03", "3119178", "3119183", "3119009", "3119158");
INSERT INTO Works_On (Researcher_ID,Project_ID,Start_Date) VALUES ("3119158", "3120157", "2021-02-13");
INSERT INTO Project (Project_ID,Name,Summary,Project_Funds,Start_Date,End_Date,Executive_ID,Program_ID,Organization_ID,Research_Manager_ID) VALUES ("3120158", "Quam Modi Harum", "Into bad range Mrs town. Moment individual today.", "946987", "2020-03-24", "2024-01-10", "3119178", "3119001", "3119042", "3120124");
INSERT INTO Works_On (Researcher_ID,Project_ID,Start_Date) VALUES ("3120124", "3120158", "2020-03-24");
INSERT INTO Project (Project_ID,Name,Summary,Project_Funds,Start_Date,End_Date,Executive_ID,Program_ID,Organization_ID,Research_Manager_ID) VALUES ("3120159", "Διαπιστώνεις Μας", "Εξοργιστικά οι ίδιο περιβάλλοντος υποψήφιο.", "573313", "2021-08-02", "2025-04-08", "3119043", "3119033", "3119049", "3119990");
INSERT INTO Works_On (Researcher_ID,Project_ID,Start_Date) VALUES ("3119990", "3120159", "2021-08-02");
INSERT INTO Project (Project_ID,Name,Summary,Project_Funds,Start_Date,End_Date,Executive_ID,Program_ID,Organization_ID,Research_Manager_ID) VALUES ("3120160", "Προσοχή Ύψος", "Εγώ προγραμματιστές όταν διολισθήσεις υπηρεσία πόρτες.", "261420", "2020-02-03", "2021-03-30", "3119082", "3119059", "3119026", "3119152");
INSERT INTO Works_On (Researcher_ID,Project_ID,Start_Date) VALUES ("3119152", "3120160", "2020-02-03");
INSERT INTO Project (Project_ID,Name,Summary,Project_Funds,Start_Date,End_Date,Executive_ID,Program_ID,Organization_ID,Research_Manager_ID) VALUES ("3120161", "Itaque Minima", "Διορθώσεις στα μιας προσοχή μας. Χαμηλός δύο τους σου. Με μέχρι εκθέσεις.", "896713", "2020-09-22", "2024-05-10", "3119029", "3119097", "3119022", "3119853");
INSERT INTO Works_On (Researcher_ID,Project_ID,Start_Date) VALUES ("3119853", "3120161", "2020-09-22");
INSERT INTO Project (Project_ID,Name,Summary,Project_Funds,Start_Date,End_Date,Executive_ID,Program_ID,Organization_ID,Research_Manager_ID) VALUES ("3120162", "Reiciendis Aliquid", "Success why military class some. Song issue industry foreign bag thing.", "252794", "2021-10-17", "2024-09-22", "3119087", "3119116", "3119031", "3119027");
INSERT INTO Works_On (Researcher_ID,Project_ID,Start_Date) VALUES ("3119027", "3120162", "2021-10-17");
INSERT INTO Project (Project_ID,Name,Summary,Project_Funds,Start_Date,End_Date,Executive_ID,Program_ID,Organization_ID,Research_Manager_ID) VALUES ("3120163", "Could American", "Delectus corrupti reprehenderit perferendis.", "735236", "2021-12-19", "2023-05-15", "3119034", "3119000", "3119045", "3119332");
INSERT INTO Works_On (Researcher_ID,Project_ID,Start_Date) VALUES ("3119332", "3120163", "2021-12-19");
INSERT INTO Project (Project_ID,Name,Summary,Project_Funds,Start_Date,End_Date,Executive_ID,Program_ID,Organization_ID,Research_Manager_ID) VALUES ("3120164", "Voluptas Officia", "Διοικητικό δύο πετάνε χρονοδιαγράμματος ένα. Βρίσκονται έγραψες πεδία.", "274149", "2021-11-16", "2023-09-14", "3119121", "3119158", "3119027", "3120095");
INSERT INTO Works_On (Researcher_ID,Project_ID,Start_Date) VALUES ("3120095", "3120164", "2021-11-16");
INSERT INTO Project (Project_ID,Name,Summary,Project_Funds,Start_Date,End_Date,Executive_ID,Program_ID,Organization_ID,Research_Manager_ID) VALUES ("3120165", "Mollitia Non", "Voice stay any offer or couple evening hot. Nice young lot amount.", "641606", "2020-08-18", "2022-09-24", "3119175", "3119021", "3119001", "3120046");
INSERT INTO Works_On (Researcher_ID,Project_ID,Start_Date) VALUES ("3120046", "3120165", "2020-08-18");
INSERT INTO Project (Project_ID,Name,Summary,Project_Funds,Start_Date,End_Date,Executive_ID,Program_ID,Organization_ID,Research_Manager_ID) VALUES ("3120166", "Voluptas Aliquid", "Άτομο του σταματάς κανένας δε σχεδιαστής.", "385228", "2022-03-28", "2025-12-26", "3119014", "3119115", "3119047", "3119817");
INSERT INTO Works_On (Researcher_ID,Project_ID,Start_Date) VALUES ("3119817", "3120166", "2022-03-28");
INSERT INTO Project (Project_ID,Name,Summary,Project_Funds,Start_Date,End_Date,Executive_ID,Program_ID,Organization_ID,Research_Manager_ID) VALUES ("3120167", "Ευκολότερο Επί Εγώ", "Πολύ παίρνει αναγκάζονται διευθυντές κι γνωρίζουμε ιδιαίτερα εφαρμογή.", "260788", "2020-03-04", "2021-10-17", "3119133", "3119111", "3119030", "3119754");
INSERT INTO Works_On (Researcher_ID,Project_ID,Start_Date) VALUES ("3119754", "3120167", "2020-03-04");
INSERT INTO Project (Project_ID,Name,Summary,Project_Funds,Start_Date,End_Date,Executive_ID,Program_ID,Organization_ID,Research_Manager_ID) VALUES ("3120168", "Κειμένων Μα Τις Εδώ", "Όταν δεν αυτήν κλπ μέχρι. Δύο έτσι δυστυχής καλύτερο.", "543321", "2020-08-13", "2023-10-14", "3119149", "3119140", "3119023", "3119557");
INSERT INTO Works_On (Researcher_ID,Project_ID,Start_Date) VALUES ("3119557", "3120168", "2020-08-13");
INSERT INTO Project (Project_ID,Name,Summary,Project_Funds,Start_Date,End_Date,Executive_ID,Program_ID,Organization_ID,Research_Manager_ID) VALUES ("3120169", "Μηχανής Τι Απλό", "Παίξουν δε ανώδυνη εντολές ας. Επί επενδυτής διαπιστώνεις παίξουν δύο.", "278097", "2020-08-20", "2023-03-16", "3119015", "3119119", "3119005", "3119713");
INSERT INTO Works_On (Researcher_ID,Project_ID,Start_Date) VALUES ("3119713", "3120169", "2020-08-20");
INSERT INTO Project (Project_ID,Name,Summary,Project_Funds,Start_Date,End_Date,Executive_ID,Program_ID,Organization_ID,Research_Manager_ID) VALUES ("3120170", "Μιας Πιο Έχω Μέσης", "Id quod ex. Ea consectetur ab facere neque. Eos quibusdam minus neque.", "687289", "2020-10-13", "2022-07-24", "3119029", "3119096", "3119024", "3120103");
INSERT INTO Works_On (Researcher_ID,Project_ID,Start_Date) VALUES ("3120103", "3120170", "2020-10-13");
INSERT INTO Project (Project_ID,Name,Summary,Project_Funds,Start_Date,End_Date,Executive_ID,Program_ID,Organization_ID,Research_Manager_ID) VALUES ("3120171", "Employee Add Court", "Porro velit beatae a. Repellat accusamus ipsum.", "648772", "2020-09-21", "2023-06-08", "3119036", "3119161", "3119017", "3119870");
INSERT INTO Works_On (Researcher_ID,Project_ID,Start_Date) VALUES ("3119870", "3120171", "2020-09-21");
INSERT INTO Project (Project_ID,Name,Summary,Project_Funds,Start_Date,End_Date,Executive_ID,Program_ID,Organization_ID,Research_Manager_ID) VALUES ("3120172", "Molestias Velit", "Κώδικάς υόρκη τη σας. Θα αυτήν την νέου σου ως μας.", "801084", "2021-11-01", "2025-01-26", "3119012", "3119138", "3119045", "3119745");
INSERT INTO Works_On (Researcher_ID,Project_ID,Start_Date) VALUES ("3119745", "3120172", "2021-11-01");
INSERT INTO Project (Project_ID,Name,Summary,Project_Funds,Start_Date,End_Date,Executive_ID,Program_ID,Organization_ID,Research_Manager_ID) VALUES ("3120173", "Καταλάθος Ιδιαίτερα", "Μέρος κάτι που σημαντικό ήδη πολύ.", "610366", "2022-01-30", "2023-10-27", "3119114", "3119022", "3119040", "3119280");
INSERT INTO Works_On (Researcher_ID,Project_ID,Start_Date) VALUES ("3119280", "3120173", "2022-01-30");
INSERT INTO Project (Project_ID,Name,Summary,Project_Funds,Start_Date,End_Date,Executive_ID,Program_ID,Organization_ID,Research_Manager_ID) VALUES ("3120174", "Μου Νέο", "Rerum quibusdam quae quo.", "867597", "2021-12-12", "2023-04-15", "3119097", "3119017", "3119021", "3119938");
INSERT INTO Works_On (Researcher_ID,Project_ID,Start_Date) VALUES ("3119938", "3120174", "2021-12-12");
INSERT INTO Project (Project_ID,Name,Summary,Project_Funds,Start_Date,End_Date,Executive_ID,Program_ID,Organization_ID,Research_Manager_ID) VALUES ("3120175", "Ρωτήσει Με", "Eligendi veniam quod deserunt voluptate.", "175620", "2020-12-10", "2023-03-27", "3119019", "3119000", "3119027", "3119643");
INSERT INTO Works_On (Researcher_ID,Project_ID,Start_Date) VALUES ("3119643", "3120175", "2020-12-10");
INSERT INTO Project (Project_ID,Name,Summary,Project_Funds,Start_Date,End_Date,Executive_ID,Program_ID,Organization_ID,Research_Manager_ID) VALUES ("3120176", "Labore Quo", "Βιαστικά διολισθήσεις στέλνοντάς κόψεις το πρώτο.", "661917", "2021-02-05", "2022-02-28", "3119162", "3119062", "3119022", "3120054");
INSERT INTO Works_On (Researcher_ID,Project_ID,Start_Date) VALUES ("3120054", "3120176", "2021-02-05");
INSERT INTO Project (Project_ID,Name,Summary,Project_Funds,Start_Date,End_Date,Executive_ID,Program_ID,Organization_ID,Research_Manager_ID) VALUES ("3120177", "Των Πιο Στραβά Των", "Commodi velit autem totam. Labore deserunt veritatis.", "820525", "2020-08-06", "2021-10-18", "3119195", "3119138", "3119009", "3120185");
INSERT INTO Works_On (Researcher_ID,Project_ID,Start_Date) VALUES ("3120185", "3120177", "2020-08-06");
INSERT INTO Project (Project_ID,Name,Summary,Project_Funds,Start_Date,End_Date,Executive_ID,Program_ID,Organization_ID,Research_Manager_ID) VALUES ("3120178", "Somebody How Report", "Next bad second. Other simple thousand information challenge role answer.", "963365", "2020-02-22", "2021-08-03", "3119140", "3119165", "3119047", "3119592");
INSERT INTO Works_On (Researcher_ID,Project_ID,Start_Date) VALUES ("3119592", "3120178", "2020-02-22");
INSERT INTO Project (Project_ID,Name,Summary,Project_Funds,Start_Date,End_Date,Executive_ID,Program_ID,Organization_ID,Research_Manager_ID) VALUES ("3120179", "Σημεία Πάντα", "Εκτελέσεις στα προσπαθούν επί.", "497336", "2020-02-10", "2023-04-05", "3119186", "3119047", "3119047", "3119103");
INSERT INTO Works_On (Researcher_ID,Project_ID,Start_Date) VALUES ("3119103", "3120179", "2020-02-10");
INSERT INTO Project (Project_ID,Name,Summary,Project_Funds,Start_Date,End_Date,Executive_ID,Program_ID,Organization_ID,Research_Manager_ID) VALUES ("3120180", "Καταλάθος Εργάστηκε", "Απλό μην σας ήδη συνεντεύξεις. Κώδικα εξοργιστικά πως.", "528785", "2020-07-18", "2022-07-11", "3119064", "3119090", "3119027", "3119038");
INSERT INTO Works_On (Researcher_ID,Project_ID,Start_Date) VALUES ("3119038", "3120180", "2020-07-18");
INSERT INTO Project (Project_ID,Name,Summary,Project_Funds,Start_Date,End_Date,Executive_ID,Program_ID,Organization_ID,Research_Manager_ID) VALUES ("3120181", "Water Interesting", "Θα τον πως γεγονός νιρβάνα πήρε βαθμό.", "439036", "2022-05-16", "2025-10-03", "3119001", "3119053", "3119010", "3119454");
INSERT INTO Works_On (Researcher_ID,Project_ID,Start_Date) VALUES ("3119454", "3120181", "2022-05-16");
INSERT INTO Project (Project_ID,Name,Summary,Project_Funds,Start_Date,End_Date,Executive_ID,Program_ID,Organization_ID,Research_Manager_ID) VALUES ("3120182", "Διαδίκτυο Σαν Το", "Παίξουν κλπ δύο. Περιμένουν παίξουν εργαλείων πρώτο περιμένουν.", "189529", "2020-05-11", "2023-03-11", "3119020", "3119178", "3119027", "3120023");
INSERT INTO Works_On (Researcher_ID,Project_ID,Start_Date) VALUES ("3120023", "3120182", "2020-05-11");
INSERT INTO Project (Project_ID,Name,Summary,Project_Funds,Start_Date,End_Date,Executive_ID,Program_ID,Organization_ID,Research_Manager_ID) VALUES ("3120183", "Εργαζόμενων Πιο", "Περιεχόμενα εκτελείται αποδείξεις εξοργιστικά μιας.", "336411", "2020-07-02", "2022-01-05", "3119082", "3119059", "3119046", "3119876");
INSERT INTO Works_On (Researcher_ID,Project_ID,Start_Date) VALUES ("3119876", "3120183", "2020-07-02");
INSERT INTO Project (Project_ID,Name,Summary,Project_Funds,Start_Date,End_Date,Executive_ID,Program_ID,Organization_ID,Research_Manager_ID) VALUES ("3120184", "Συγγραφής Βγήκε", "Repellat cum occaecati. Praesentium ipsum vitae temporibus illo quod.", "796835", "2019-12-06", "2021-03-01", "3119010", "3119099", "3119045", "3119047");
INSERT INTO Works_On (Researcher_ID,Project_ID,Start_Date) VALUES ("3119047", "3120184", "2019-12-06");
INSERT INTO Project (Project_ID,Name,Summary,Project_Funds,Start_Date,End_Date,Executive_ID,Program_ID,Organization_ID,Research_Manager_ID) VALUES ("3120185", "Alias Unde Numquam", "Incidunt dolores aliquid tenetur doloribus fugiat.", "926071", "2021-11-26", "2025-11-20", "3119041", "3119118", "3119033", "3119757");
INSERT INTO Works_On (Researcher_ID,Project_ID,Start_Date) VALUES ("3119757", "3120185", "2021-11-26");
INSERT INTO Project (Project_ID,Name,Summary,Project_Funds,Start_Date,End_Date,Executive_ID,Program_ID,Organization_ID,Research_Manager_ID) VALUES ("3120186", "Δεν Μέχρι", "Eum quia enim. Laborum alias aliquam soluta ullam. Fugit ea eius.", "372433", "2021-07-09", "2024-08-10", "3119038", "3119032", "3119018", "3119695");
INSERT INTO Works_On (Researcher_ID,Project_ID,Start_Date) VALUES ("3119695", "3120186", "2021-07-09");
INSERT INTO Project (Project_ID,Name,Summary,Project_Funds,Start_Date,End_Date,Executive_ID,Program_ID,Organization_ID,Research_Manager_ID) VALUES ("3120187", "Όχι Από Την Παίρνει", "East side pick response democratic popular agree.", "149558", "2021-04-11", "2022-08-18", "3119075", "3119118", "3119028", "3120184");
INSERT INTO Works_On (Researcher_ID,Project_ID,Start_Date) VALUES ("3120184", "3120187", "2021-04-11");
INSERT INTO Project (Project_ID,Name,Summary,Project_Funds,Start_Date,End_Date,Executive_ID,Program_ID,Organization_ID,Research_Manager_ID) VALUES ("3120188", "Να Παραδώσεις Τα", "Consequatur deleniti itaque.", "534281", "2020-03-28", "2022-08-14", "3119168", "3119077", "3119009", "3119100");
INSERT INTO Works_On (Researcher_ID,Project_ID,Start_Date) VALUES ("3119100", "3120188", "2020-03-28");
INSERT INTO Project (Project_ID,Name,Summary,Project_Funds,Start_Date,End_Date,Executive_ID,Program_ID,Organization_ID,Research_Manager_ID) VALUES ("3120189", "Περισσότερες Κανόνα", "Doloribus repellendus asperiores illum.", "178764", "2021-12-02", "2025-06-09", "3119101", "3119089", "3119030", "3119468");
INSERT INTO Works_On (Researcher_ID,Project_ID,Start_Date) VALUES ("3119468", "3120189", "2021-12-02");
INSERT INTO Project (Project_ID,Name,Summary,Project_Funds,Start_Date,End_Date,Executive_ID,Program_ID,Organization_ID,Research_Manager_ID) VALUES ("3120190", "Παίρνουν Εδώ Έχω", "Sint possimus illum incidunt.", "778273", "2021-01-27", "2024-12-09", "3119177", "3119122", "3119045", "3119405");
INSERT INTO Works_On (Researcher_ID,Project_ID,Start_Date) VALUES ("3119405", "3120190", "2021-01-27");
INSERT INTO Project (Project_ID,Name,Summary,Project_Funds,Start_Date,End_Date,Executive_ID,Program_ID,Organization_ID,Research_Manager_ID) VALUES ("3120191", "Επί Περιβάλλον", "Μη συνεχώς λιγότερο.", "107621", "2020-11-26", "2023-11-28", "3119096", "3119179", "3119022", "3119679");
INSERT INTO Works_On (Researcher_ID,Project_ID,Start_Date) VALUES ("3119679", "3120191", "2020-11-26");
INSERT INTO Project (Project_ID,Name,Summary,Project_Funds,Start_Date,End_Date,Executive_ID,Program_ID,Organization_ID,Research_Manager_ID) VALUES ("3120192", "Odit Culpa Tempora", "Impedit eligendi architecto et quia. Cupiditate minima veritatis amet.", "187931", "2021-10-08", "2023-07-14", "3119177", "3119090", "3119031", "3120122");
INSERT INTO Works_On (Researcher_ID,Project_ID,Start_Date) VALUES ("3120122", "3120192", "2021-10-08");
INSERT INTO Project (Project_ID,Name,Summary,Project_Funds,Start_Date,End_Date,Executive_ID,Program_ID,Organization_ID,Research_Manager_ID) VALUES ("3120193", "Est Quia Explicabo", "Προκύπτουν μεταγλωτιστής μεταγλωτιστής κάτι μετράει άτομο.", "303969", "2020-04-23", "2024-02-19", "3119082", "3119055", "3119005", "3119065");
INSERT INTO Works_On (Researcher_ID,Project_ID,Start_Date) VALUES ("3119065", "3120193", "2020-04-23");
INSERT INTO Project (Project_ID,Name,Summary,Project_Funds,Start_Date,End_Date,Executive_ID,Program_ID,Organization_ID,Research_Manager_ID) VALUES ("3120194", "Με Στα Πάντα Πως", "Ipsam ducimus doloremque inventore deleniti quis.", "714588", "2021-01-04", "2023-04-14", "3119133", "3119100", "3119036", "3119380");
INSERT INTO Works_On (Researcher_ID,Project_ID,Start_Date) VALUES ("3119380", "3120194", "2021-01-04");
INSERT INTO Project (Project_ID,Name,Summary,Project_Funds,Start_Date,End_Date,Executive_ID,Program_ID,Organization_ID,Research_Manager_ID) VALUES ("3120195", "Ότι Του Κι", "Που διακόψουμε ένας αποδείξεις γραμμές τις δούλευε.", "983253", "2021-01-12", "2024-04-17", "3119042", "3119128", "3119029", "3119083");
INSERT INTO Works_On (Researcher_ID,Project_ID,Start_Date) VALUES ("3119083", "3120195", "2021-01-12");
INSERT INTO Project (Project_ID,Name,Summary,Project_Funds,Start_Date,End_Date,Executive_ID,Program_ID,Organization_ID,Research_Manager_ID) VALUES ("3120196", "Φράση Εργαζόμενοι", "Than change soon industry than want middle. Any official issue dinner our.", "377737", "2020-09-03", "2023-05-13", "3119169", "3119084", "3119015", "3119491");
INSERT INTO Works_On (Researcher_ID,Project_ID,Start_Date) VALUES ("3119491", "3120196", "2020-09-03");
INSERT INTO Project (Project_ID,Name,Summary,Project_Funds,Start_Date,End_Date,Executive_ID,Program_ID,Organization_ID,Research_Manager_ID) VALUES ("3120197", "Neque In Error", "Praesentium libero odio nihil.", "242468", "2020-05-17", "2022-10-26", "3119143", "3119151", "3119014", "3119113");
INSERT INTO Works_On (Researcher_ID,Project_ID,Start_Date) VALUES ("3119113", "3120197", "2020-05-17");
INSERT INTO Project (Project_ID,Name,Summary,Project_Funds,Start_Date,End_Date,Executive_ID,Program_ID,Organization_ID,Research_Manager_ID) VALUES ("3120198", "Blanditiis", "World most rest indeed.", "478629", "2020-07-21", "2022-12-10", "3119107", "3119128", "3119040", "3119190");
INSERT INTO Works_On (Researcher_ID,Project_ID,Start_Date) VALUES ("3119190", "3120198", "2020-07-21");
INSERT INTO Project (Project_ID,Name,Summary,Project_Funds,Start_Date,End_Date,Executive_ID,Program_ID,Organization_ID,Research_Manager_ID) VALUES ("3120199", "Επεξεργασία Κανείς", "Επί κάνεις εκτός και δε απλό εντολές όχι.", "354581", "2020-04-05", "2022-07-17", "3119149", "3119059", "3119026", "3119160");
INSERT INTO Works_On (Researcher_ID,Project_ID,Start_Date) VALUES ("3119160", "3120199", "2020-04-05");
INSERT INTO University (University_ID,Ministry_Budget,Org_type) VALUES ("3119000", "131237", "University");
INSERT INTO University (University_ID,Ministry_Budget,Org_type) VALUES ("3119003", "178396", "University");
INSERT INTO University (University_ID,Ministry_Budget,Org_type) VALUES ("3119006", "261435", "University");
INSERT INTO University (University_ID,Ministry_Budget,Org_type) VALUES ("3119009", "678725", "University");
INSERT INTO University (University_ID,Ministry_Budget,Org_type) VALUES ("3119012", "511819", "University");
INSERT INTO University (University_ID,Ministry_Budget,Org_type) VALUES ("3119015", "221828", "University");
INSERT INTO University (University_ID,Ministry_Budget,Org_type) VALUES ("3119018", "639928", "University");
INSERT INTO University (University_ID,Ministry_Budget,Org_type) VALUES ("3119021", "215562", "University");
INSERT INTO University (University_ID,Ministry_Budget,Org_type) VALUES ("3119024", "266578", "University");
INSERT INTO University (University_ID,Ministry_Budget,Org_type) VALUES ("3119027", "142570", "University");
INSERT INTO University (University_ID,Ministry_Budget,Org_type) VALUES ("3119030", "55240", "University");
INSERT INTO University (University_ID,Ministry_Budget,Org_type) VALUES ("3119033", "296169", "University");
INSERT INTO University (University_ID,Ministry_Budget,Org_type) VALUES ("3119036", "12440", "University");
INSERT INTO University (University_ID,Ministry_Budget,Org_type) VALUES ("3119039", "576899", "University");
INSERT INTO University (University_ID,Ministry_Budget,Org_type) VALUES ("3119042", "44242", "University");
INSERT INTO University (University_ID,Ministry_Budget,Org_type) VALUES ("3119045", "194558", "University");
INSERT INTO University (University_ID,Ministry_Budget,Org_type) VALUES ("3119048", "150677", "University");
INSERT INTO Research_Center (Research_Center_ID,Ministry_Budget,Actions_Budget,Org_type) VALUES ("3119002", "90331", "44334", "Research Center");
INSERT INTO Research_Center (Research_Center_ID,Ministry_Budget,Actions_Budget,Org_type) VALUES ("3119005", "275531", "667332", "Research Center");
INSERT INTO Research_Center (Research_Center_ID,Ministry_Budget,Actions_Budget,Org_type) VALUES ("3119008", "206684", "419230", "Research Center");
INSERT INTO Research_Center (Research_Center_ID,Ministry_Budget,Actions_Budget,Org_type) VALUES ("3119011", "396242", "274558", "Research Center");
INSERT INTO Research_Center (Research_Center_ID,Ministry_Budget,Actions_Budget,Org_type) VALUES ("3119014", "87431", "417475", "Research Center");
INSERT INTO Research_Center (Research_Center_ID,Ministry_Budget,Actions_Budget,Org_type) VALUES ("3119017", "253323", "420746", "Research Center");
INSERT INTO Research_Center (Research_Center_ID,Ministry_Budget,Actions_Budget,Org_type) VALUES ("3119020", "346826", "571462", "Research Center");
INSERT INTO Research_Center (Research_Center_ID,Ministry_Budget,Actions_Budget,Org_type) VALUES ("3119023", "650063", "175726", "Research Center");
INSERT INTO Research_Center (Research_Center_ID,Ministry_Budget,Actions_Budget,Org_type) VALUES ("3119026", "578146", "342829", "Research Center");
INSERT INTO Research_Center (Research_Center_ID,Ministry_Budget,Actions_Budget,Org_type) VALUES ("3119029", "636856", "638352", "Research Center");
INSERT INTO Research_Center (Research_Center_ID,Ministry_Budget,Actions_Budget,Org_type) VALUES ("3119032", "398553", "41502", "Research Center");
INSERT INTO Research_Center (Research_Center_ID,Ministry_Budget,Actions_Budget,Org_type) VALUES ("3119035", "571951", "404046", "Research Center");
INSERT INTO Research_Center (Research_Center_ID,Ministry_Budget,Actions_Budget,Org_type) VALUES ("3119038", "441924", "483325", "Research Center");
INSERT INTO Research_Center (Research_Center_ID,Ministry_Budget,Actions_Budget,Org_type) VALUES ("3119041", "51389", "349695", "Research Center");
INSERT INTO Research_Center (Research_Center_ID,Ministry_Budget,Actions_Budget,Org_type) VALUES ("3119044", "163333", "501233", "Research Center");
INSERT INTO Research_Center (Research_Center_ID,Ministry_Budget,Actions_Budget,Org_type) VALUES ("3119047", "321698", "270299", "Research Center");
INSERT INTO Company (Company_ID,Equity,Org_type) VALUES ("3119001", "491440", "Company");
INSERT INTO Company (Company_ID,Equity,Org_type) VALUES ("3119004", "233645", "Company");
INSERT INTO Company (Company_ID,Equity,Org_type) VALUES ("3119007", "522739", "Company");
INSERT INTO Company (Company_ID,Equity,Org_type) VALUES ("3119010", "663399", "Company");
INSERT INTO Company (Company_ID,Equity,Org_type) VALUES ("3119013", "651679", "Company");
INSERT INTO Company (Company_ID,Equity,Org_type) VALUES ("3119016", "89762", "Company");
INSERT INTO Company (Company_ID,Equity,Org_type) VALUES ("3119019", "190865", "Company");
INSERT INTO Company (Company_ID,Equity,Org_type) VALUES ("3119022", "553421", "Company");
INSERT INTO Company (Company_ID,Equity,Org_type) VALUES ("3119025", "680775", "Company");
INSERT INTO Company (Company_ID,Equity,Org_type) VALUES ("3119028", "420665", "Company");
INSERT INTO Company (Company_ID,Equity,Org_type) VALUES ("3119031", "72133", "Company");
INSERT INTO Company (Company_ID,Equity,Org_type) VALUES ("3119034", "360037", "Company");
INSERT INTO Company (Company_ID,Equity,Org_type) VALUES ("3119037", "432093", "Company");
INSERT INTO Company (Company_ID,Equity,Org_type) VALUES ("3119040", "290083", "Company");
INSERT INTO Company (Company_ID,Equity,Org_type) VALUES ("3119043", "308797", "Company");
INSERT INTO Company (Company_ID,Equity,Org_type) VALUES ("3119046", "137582", "Company");
INSERT INTO Company (Company_ID,Equity,Org_type) VALUES ("3119049", "617395", "Company");
INSERT INTO Research_Field (Field_ID,Name) VALUES ("1", "Physics");
INSERT INTO Research_Field (Field_ID,Name) VALUES ("2", "Chemistry");
INSERT INTO Research_Field (Field_ID,Name) VALUES ("3", "Humanities");
INSERT INTO Research_Field (Field_ID,Name) VALUES ("4", "Creative Arts");
INSERT INTO Research_Field (Field_ID,Name) VALUES ("5", "Engineering");
INSERT INTO Research_Field (Field_ID,Name) VALUES ("6", "Economics");
INSERT INTO Research_Field (Field_ID,Name) VALUES ("7", "Mathematics");
INSERT INTO Research_Field (Field_ID,Name) VALUES ("8", "Computer Science");
INSERT INTO Research_Field (Field_ID,Name) VALUES ("9", "Biology");
INSERT INTO Research_Field (Field_ID,Name) VALUES ("10", "Medical Sciences");
INSERT INTO Research_Field (Field_ID,Name) VALUES ("11", "Education");
INSERT INTO Research_Field (Field_ID,Name) VALUES ("12", "Religion");
INSERT INTO Work_to_be_Submitted (Title,Project_ID,Summary,Submission_Date) VALUES ("Necessitatibus Odio", "3119001", "Whose try very though around back.", "2020-10-13");
INSERT INTO Work_to_be_Submitted (Title,Project_ID,Summary,Submission_Date) VALUES ("Μετρήσεις Έτοιμος", "3119023", "Λίγο μεταφραστής διαδίκτυο στα ας στο σας. Από απαρατήρητο ανά ναι δύο.", "2021-05-09");
INSERT INTO Work_to_be_Submitted (Title,Project_ID,Summary,Submission_Date) VALUES ("Probably Unit", "3119000", "Enjoy economy moment lead lay American our theory.", "2021-03-29");
INSERT INTO Work_to_be_Submitted (Title,Project_ID,Summary,Submission_Date) VALUES ("Id Cum Culpa Qui", "3119012", "Ea doloremque voluptatem tempore quam eveniet quo corrupti.", "2024-05-03");
INSERT INTO Work_to_be_Submitted (Title,Project_ID,Summary,Submission_Date) VALUES ("Veritatis", "3119041", "News just else while soldier. Line strategy represent business bank firm.", "2020-12-09");
INSERT INTO Work_to_be_Submitted (Title,Project_ID,Summary,Submission_Date) VALUES ("Pariatur Aliquid", "3119021", "Error dolor neque. Deserunt repudiandae expedita tempore.", "2021-06-27");
INSERT INTO Work_to_be_Submitted (Title,Project_ID,Summary,Submission_Date) VALUES ("Μερικούς Πετούν Έχω", "3119012", "Δεδομένων χώρου αρέσει σκεφτείς προσπαθούν παίρνουν.", "2021-09-18");
INSERT INTO Work_to_be_Submitted (Title,Project_ID,Summary,Submission_Date) VALUES ("Σαν Δούλευε Άτομο", "3119006", "Earum facilis laboriosam aliquam ipsa.", "2022-10-13");
INSERT INTO Work_to_be_Submitted (Title,Project_ID,Summary,Submission_Date) VALUES ("Similique Sit", "3119006", "Μιας πάντως επί περιμένουν περιμένουν διαπιστώνεις πάντως.", "2023-04-16");
INSERT INTO Work_to_be_Submitted (Title,Project_ID,Summary,Submission_Date) VALUES ("Όχι Βουτήξουν", "3119048", "Usually back amount someone social force and news. Reflect part at eye.", "2020-01-16");
INSERT INTO Work_to_be_Submitted (Title,Project_ID,Summary,Submission_Date) VALUES ("Quos Sunt Aliquam", "3119017", "Quae error sunt. Quas dolore perferendis eaque recusandae quod.", "2020-05-05");
INSERT INTO Work_to_be_Submitted (Title,Project_ID,Summary,Submission_Date) VALUES ("Μάθε Στα Σας", "3119019", "Card program good its friend marriage ever threat.", "2022-01-30");
INSERT INTO Work_to_be_Submitted (Title,Project_ID,Summary,Submission_Date) VALUES ("Γέλασαν Κάτι Πως", "3119021", "Μη τοπικές επιδιόρθωση μέρος ως εδώ από γεύματος.", "2022-09-02");
INSERT INTO Work_to_be_Submitted (Title,Project_ID,Summary,Submission_Date) VALUES ("Πήρε Θυμάμαι Απλό", "3119008", "Συγγραφής ερώτηση προσπαθούν κοιτάζοντας φίλος.", "2021-06-02");
INSERT INTO Work_to_be_Submitted (Title,Project_ID,Summary,Submission_Date) VALUES ("Factor Identify", "3119046", "Απίστευτα ένας έξι ένα. Πάντως αν άπειρα.", "2021-02-25");
INSERT INTO Work_to_be_Submitted (Title,Project_ID,Summary,Submission_Date) VALUES ("Στήλες Δυστυχώς Τι", "3119011", "Χαρακτηριστικών χαμηλός μεταγλωτιστής προσπαθήσεις χαρτιού.", "2021-03-02");
INSERT INTO Work_to_be_Submitted (Title,Project_ID,Summary,Submission_Date) VALUES ("Στο Μεταγλωτιστής", "3119034", "Εκτελέσει όταν ίδιο κάνε επιδιορθώσεις είχαμε βασανίζουν στο.", "2021-11-14");
INSERT INTO Work_to_be_Submitted (Title,Project_ID,Summary,Submission_Date) VALUES ("Πακέτων Κάτι", "3119020", "Πάντως χρονοδιαγράμματα πες θα συγκεντρωμένοι που.", "2022-11-16");
INSERT INTO Work_to_be_Submitted (Title,Project_ID,Summary,Submission_Date) VALUES ("Μιας Να Άρα Τρέξει", "3119011", "Dolores molestias suscipit possimus ab.", "2020-07-06");
INSERT INTO Work_to_be_Submitted (Title,Project_ID,Summary,Submission_Date) VALUES ("Ένα Εφαρμογή Μη Για", "3119046", "Style safe challenge court. Score fly performance minute.", "2023-02-27");
INSERT INTO Work_to_be_Submitted (Title,Project_ID,Summary,Submission_Date) VALUES ("Quidem Magnam", "3119047", "Μιας γράψει εργαλείων φίλος. Τύπου μπουν μπουν ίδιο καταλάθος ο.", "2020-11-24");
INSERT INTO Work_to_be_Submitted (Title,Project_ID,Summary,Submission_Date) VALUES ("Sense Billion White", "3119018", "Εγώ τρόπο ανεπιθύμητη λοιπόν δύο δε.", "2022-12-10");
INSERT INTO Work_to_be_Submitted (Title,Project_ID,Summary,Submission_Date) VALUES ("Κανένας Τεσσαρών", "3119045", "Area skill allow national drive worry. Difference structure unit my.", "2021-07-03");
INSERT INTO Work_to_be_Submitted (Title,Project_ID,Summary,Submission_Date) VALUES ("Voluptas Iusto", "3119010", "Deleniti consectetur sunt libero. Est ea eveniet saepe ad sapiente.", "2022-01-02");
INSERT INTO Work_to_be_Submitted (Title,Project_ID,Summary,Submission_Date) VALUES ("Job Building Record", "3119044", "Need stay mission similar hope thought.", "2021-06-13");
INSERT INTO Work_to_be_Submitted (Title,Project_ID,Summary,Submission_Date) VALUES ("Μέχρι Ιδιαίτερα", "3119005", "Χρονοδιαγράμματα μέχρι τι πολύ. Συνηθίζουν εκτός πως στα κι.", "2023-05-09");
INSERT INTO Work_to_be_Submitted (Title,Project_ID,Summary,Submission_Date) VALUES ("Ipsum Consectetur", "3119028", "Laboriosam consequatur eos esse dicta.", "2023-02-22");
INSERT INTO Work_to_be_Submitted (Title,Project_ID,Summary,Submission_Date) VALUES ("Αρπάζεις Μετρήσεις", "3119026", "Myself admit score only. Up think little work various effort.", "2020-07-26");
INSERT INTO Work_to_be_Submitted (Title,Project_ID,Summary,Submission_Date) VALUES ("Later Price", "3119013", "Εταιρείες εκδόσεις γραμμή μάτσο μερικούς σε μπορούσες.", "2021-09-23");
INSERT INTO Work_to_be_Submitted (Title,Project_ID,Summary,Submission_Date) VALUES ("Adipisci Error", "3119028", "Commodi voluptas nam adipisci ad. Facere quidem dolorum.", "2023-05-20");
INSERT INTO Work_to_be_Submitted (Title,Project_ID,Summary,Submission_Date) VALUES ("Machine Nor Similar", "3119008", "Θέμα ημέρα όταν θα. Προκαλείς τον έστειλε μηχανής τον μου και.", "2021-08-19");
INSERT INTO Work_to_be_Submitted (Title,Project_ID,Summary,Submission_Date) VALUES ("Difference Share", "3119014", "Odit repellendus est adipisci id.", "2021-05-04");
INSERT INTO Work_to_be_Submitted (Title,Project_ID,Summary,Submission_Date) VALUES ("Ωραίο Έτσι Οι Σου", "3119013", "Adipisci autem accusantium id ipsum neque sed.", "2021-02-15");
INSERT INTO Work_to_be_Submitted (Title,Project_ID,Summary,Submission_Date) VALUES ("Corporis Laudantium", "3119000", "Fuga neque quam laborum. Voluptatibus numquam sed maiores.", "2021-12-03");
INSERT INTO Work_to_be_Submitted (Title,Project_ID,Summary,Submission_Date) VALUES ("Γιαυτό Μεταγλωτίσει", "3119038", "Fine less when strong. Piece stop individual phone style home act.", "2022-10-20");
INSERT INTO Work_to_be_Submitted (Title,Project_ID,Summary,Submission_Date) VALUES ("Βασανίζουν Ανώδυνη", "3119034", "Τα μου ο έτσι νόμιζες νέα κάτι.", "2020-10-11");
INSERT INTO Work_to_be_Submitted (Title,Project_ID,Summary,Submission_Date) VALUES ("Μέχρι Διαδίκτυο Μας", "3119047", "Γραμμής εκτός επιδιόρθωση.", "2020-06-14");
INSERT INTO Work_to_be_Submitted (Title,Project_ID,Summary,Submission_Date) VALUES ("Και Εταιρείες", "3119008", "Ως λετπά ναι μερικούς έτσι περισσότερες νέο.", "2022-05-10");
INSERT INTO Work_to_be_Submitted (Title,Project_ID,Summary,Submission_Date) VALUES ("Στα Αποστηθίσει", "3119028", "Τύπους δείξει ευκολότερο χρησιμοποιώντας άρα.", "2023-01-04");
INSERT INTO Work_to_be_Submitted (Title,Project_ID,Summary,Submission_Date) VALUES ("Recusandae Itaque", "3119037", "Δείξει απαραίτητο σίγουρος πεδία ίδιο θέματα.", "2022-09-14");
INSERT INTO Work_to_be_Submitted (Title,Project_ID,Summary,Submission_Date) VALUES ("Μου Κύκλο Του", "3119008", "Minima consequatur molestiae error architecto quos doloremque.", "2023-01-24");
INSERT INTO Work_to_be_Submitted (Title,Project_ID,Summary,Submission_Date) VALUES ("Διάσημα Τεσσαρών", "3119004", "Ως βρίσκονται αγοράζοντας.", "2023-11-30");
INSERT INTO Work_to_be_Submitted (Title,Project_ID,Summary,Submission_Date) VALUES ("Τρόπο Συνεντεύξεις", "3119019", "Saepe quis deserunt amet ex minus. Vel earum non quisquam quia aut.", "2022-07-20");
INSERT INTO Work_to_be_Submitted (Title,Project_ID,Summary,Submission_Date) VALUES ("Για Διακόψουμε", "3119040", "Model fight police range science middle pretty.", "2022-09-08");
INSERT INTO Work_to_be_Submitted (Title,Project_ID,Summary,Submission_Date) VALUES ("Number Force", "3119015", "Κώδικάς τύπους βιβλίο στις χαρτιού.", "2025-09-06");
INSERT INTO Work_to_be_Submitted (Title,Project_ID,Summary,Submission_Date) VALUES ("Incidunt Aliquid", "3119042", "Παραπάνω τους εφαρμογή αν ναι απομόνωση. Ανώδυνη προσλάμβανες περισσότερη.", "2022-02-13");
INSERT INTO Work_to_be_Submitted (Title,Project_ID,Summary,Submission_Date) VALUES ("Quae Beatae", "3119029", "Possimus alias illo ullam cum voluptate. Pariatur officiis vero aut.", "2020-12-09");
INSERT INTO Work_to_be_Submitted (Title,Project_ID,Summary,Submission_Date) VALUES ("Τη Στο Διακοπής", "3119021", "Μην εφαρμογής φράση εξακολουθεί ότι γνωρίζουμε.", "2021-07-01");
INSERT INTO Work_to_be_Submitted (Title,Project_ID,Summary,Submission_Date) VALUES ("Determine Direction", "3119010", "Provident omnis alias ea accusamus velit iste.", "2021-12-12");
INSERT INTO Work_to_be_Submitted (Title,Project_ID,Summary,Submission_Date) VALUES ("Drug Bad If Tell", "3119046", "Modi praesentium praesentium hic velit ducimus perferendis.", "2022-06-10");
INSERT INTO Work_to_be_Submitted (Title,Project_ID,Summary,Submission_Date) VALUES ("Ab Amet Tenetur", "3119003", "Cut actually bring president gas firm. Beautiful analysis again sound.", "2021-12-06");
INSERT INTO Work_to_be_Submitted (Title,Project_ID,Summary,Submission_Date) VALUES ("Impedit Harum Quos", "3119028", "Type election future.", "2022-09-24");
INSERT INTO Work_to_be_Submitted (Title,Project_ID,Summary,Submission_Date) VALUES ("Μη Ποσοστό Αρέσει", "3119013", "Τις έλεγχος εντολές.", "2020-11-12");
INSERT INTO Work_to_be_Submitted (Title,Project_ID,Summary,Submission_Date) VALUES ("Εργασίας Δύο Ποια", "3119047", "Temporibus repudiandae necessitatibus voluptas cumque eligendi impedit.", "2020-03-29");
INSERT INTO Work_to_be_Submitted (Title,Project_ID,Summary,Submission_Date) VALUES ("Τοπικές Σου Σου", "3119032", "Δούλευε για διοικητικό διάσημα ορίστε. Κώδικα σωστά ως παραδοτέου.", "2023-12-07");
INSERT INTO Work_to_be_Submitted (Title,Project_ID,Summary,Submission_Date) VALUES ("Συγκεντρωμένοι", "3119004", "Thus doctor community. Through church record some since participant foot.", "2023-08-25");
INSERT INTO Work_to_be_Submitted (Title,Project_ID,Summary,Submission_Date) VALUES ("Nulla Corrupti", "3119045", "Animi pariatur necessitatibus nam beatae voluptatibus.", "2021-03-16");
INSERT INTO Work_to_be_Submitted (Title,Project_ID,Summary,Submission_Date) VALUES ("Voluptatibus Odit", "3119017", "Βρίσκονται μα σαν επί ένα. Αρπάζεις μια σχεδιαστής δεδομένων.", "2021-10-04");
INSERT INTO Work_to_be_Submitted (Title,Project_ID,Summary,Submission_Date) VALUES ("Πιο Σαν Δεν", "3119045", "Έξι αρχεία ότι τις θέμα. Εσωτερικών την μέχρι κόλπα εκτός.", "2021-07-25");
INSERT INTO Work_to_be_Submitted (Title,Project_ID,Summary,Submission_Date) VALUES ("Nisi Sed Commodi", "3119012", "Κοιτάζοντας δωροδοκηθούν μην τύπους. Να να υψηλότερη μα νέο ποσοστό.", "2022-01-17");
INSERT INTO Work_to_be_Submitted (Title,Project_ID,Summary,Submission_Date) VALUES ("Τον Μέγιστη", "3119014", "Μα σίγουρος ένα ανά λετπά οι.", "2022-06-22");
INSERT INTO Work_to_be_Submitted (Title,Project_ID,Summary,Submission_Date) VALUES ("Χάος Εκτός Νιρβάνα", "3119024", "Laudantium exercitationem amet iure animi.", "2021-05-07");
INSERT INTO Work_to_be_Submitted (Title,Project_ID,Summary,Submission_Date) VALUES ("Εφαρμογή", "3119029", "Θέλεις εκείνου ήδη. Εξαρτάται στήλες κάτι. Μερικούς σαν επί γραμμή.", "2021-05-30");
INSERT INTO Work_to_be_Submitted (Title,Project_ID,Summary,Submission_Date) VALUES ("Quo Esse Laboriosam", "3119009", "Στη ναι φακέλους πάντως προσλάμβανες αντιλήφθηκαν νέα ζητήσεις.", "2021-09-16");
INSERT INTO Work_to_be_Submitted (Title,Project_ID,Summary,Submission_Date) VALUES ("Ζητήσεις", "3119017", "Eius maiores qui commodi voluptates harum ducimus. Ullam ea iste in esse.", "2021-06-13");
INSERT INTO Work_to_be_Submitted (Title,Project_ID,Summary,Submission_Date) VALUES ("Διορθώσει Παίξουν", "3119012", "Λαμβάνουν χρονοδιαγράμματα έξι. Όσο επί νέο το λες προϊόντα σε ημέρα.", "2024-01-13");
INSERT INTO Work_to_be_Submitted (Title,Project_ID,Summary,Submission_Date) VALUES ("Συνηθίζουν Σου", "3119048", "Let plant soldier dream last. Along agency feel position discuss radio.", "2022-08-22");
INSERT INTO Work_to_be_Submitted (Title,Project_ID,Summary,Submission_Date) VALUES ("Γραφικά Ύψος", "3119016", "Πως ωραίο ανεπιθύμητη αναγκάζονται.", "2023-10-02");
INSERT INTO Work_to_be_Submitted (Title,Project_ID,Summary,Submission_Date) VALUES ("Magni Consequuntur", "3119005", "Eius optio cupiditate enim qui. Totam quaerat quasi rem eligendi optio.", "2021-08-04");
INSERT INTO Work_to_be_Submitted (Title,Project_ID,Summary,Submission_Date) VALUES ("Earum Corrupti Odio", "3119012", "Αποκλειστικούς άρα τρόπο στα μας. Μη δύο στα ερωτήσεις αναφέρονται.", "2023-08-20");
INSERT INTO Work_to_be_Submitted (Title,Project_ID,Summary,Submission_Date) VALUES ("Πάντως Ποια", "3119008", "Ut eos saepe accusamus. Eveniet maxime explicabo sunt quasi.", "2022-03-07");
INSERT INTO Work_to_be_Submitted (Title,Project_ID,Summary,Submission_Date) VALUES ("Wrong Throughout", "3119042", "Ducimus soluta ipsam. In ea consequatur praesentium suscipit quos nostrum.", "2021-04-02");
INSERT INTO Work_to_be_Submitted (Title,Project_ID,Summary,Submission_Date) VALUES ("Στήλες Βιβλίο", "3119010", "Reprehenderit adipisci fugit eligendi velit vero.", "2022-11-26");
INSERT INTO Work_to_be_Submitted (Title,Project_ID,Summary,Submission_Date) VALUES ("Δύο Κάτι Γραφικά", "3119007", "Λιγότερο τεσσαρών εξοργιστικά παράγοντες ήδη θέματα.", "2022-07-12");
INSERT INTO Work_to_be_Submitted (Title,Project_ID,Summary,Submission_Date) VALUES ("Πετούν Άρα Κάτι", "3119009", "Φράση εργάστηκε μεταγλωτιστής της τον αυτός τα. Ήδη περίπου έτσι βιβλίο.", "2022-06-21");
INSERT INTO Work_to_be_Submitted (Title,Project_ID,Summary,Submission_Date) VALUES ("Του Χρησιμοποιούσες", "3119010", "Error repellat exercitationem voluptatem aliquid.", "2022-10-01");
INSERT INTO Work_to_be_Submitted (Title,Project_ID,Summary,Submission_Date) VALUES ("Libero Libero", "3119038", "Σωστά βουτήξουν κειμένων από καλύτερο έξι στο.", "2024-07-27");
INSERT INTO Work_to_be_Submitted (Title,Project_ID,Summary,Submission_Date) VALUES ("Προγραμματιστές", "3119013", "Tempora esse aperiam iste. Sint animi doloremque.", "2021-09-01");
INSERT INTO Work_to_be_Submitted (Title,Project_ID,Summary,Submission_Date) VALUES ("Somebody Sense Easy", "3119040", "Νόμιζες χαμηλός δε δοκιμάσεις. Εδώ μετράει ποια.", "2021-01-06");
INSERT INTO Work_to_be_Submitted (Title,Project_ID,Summary,Submission_Date) VALUES ("Animal Identify", "3119037", "Αφήσεις ήδη κάνεις ανεπιθύμητη. Τα ναι έξι εδώ επί κάτι προσθέσει.", "2020-12-27");
INSERT INTO Work_to_be_Submitted (Title,Project_ID,Summary,Submission_Date) VALUES ("Give Present Walk", "3119010", "Συγχρόνως βασανίζουν κάνε χρονοδιαγράμματος λίγο συγγραφής την.", "2023-03-29");
INSERT INTO Work_to_be_Submitted (Title,Project_ID,Summary,Submission_Date) VALUES ("Quam Reprehenderit", "3119031", "Εξοργιστικά έγραψες θέμα χρησιμοποιούνταν διάσημα γραφικά.", "2021-12-03");
INSERT INTO Work_to_be_Submitted (Title,Project_ID,Summary,Submission_Date) VALUES ("Sunt Dolor Cumque", "3119036", "Quibusdam sequi numquam deleniti.", "2020-10-25");
INSERT INTO Work_to_be_Submitted (Title,Project_ID,Summary,Submission_Date) VALUES ("Ullam Ut Provident", "3119005", "Maiores perferendis alias quidem blanditiis eligendi adipisci.", "2021-08-14");
INSERT INTO Work_to_be_Submitted (Title,Project_ID,Summary,Submission_Date) VALUES ("Έτοιμος", "3119026", "Ad enim placeat. Vitae quam sequi culpa.", "2020-11-30");
INSERT INTO Work_to_be_Submitted (Title,Project_ID,Summary,Submission_Date) VALUES ("Cum Dolor Veritatis", "3119023", "Voluptatum dicta libero aspernatur reiciendis modi laborum fugit.", "2022-08-27");
INSERT INTO Work_to_be_Submitted (Title,Project_ID,Summary,Submission_Date) VALUES ("Sequi Assumenda", "3119007", "Corporis animi nisi dolores ducimus quod ipsa.", "2022-05-26");
INSERT INTO Work_to_be_Submitted (Title,Project_ID,Summary,Submission_Date) VALUES ("Tempore Esse", "3119038", "Βρίσκονται στα πόρτες της. Περισσότερη κανόνα εκτελέσει χρησιμοποιούνταν.", "2022-07-14");
INSERT INTO Work_to_be_Submitted (Title,Project_ID,Summary,Submission_Date) VALUES ("Έτσι Κάτι", "3119011", "Modi tempora molestiae.", "2020-06-02");
INSERT INTO Work_to_be_Submitted (Title,Project_ID,Summary,Submission_Date) VALUES ("Southern Next", "3119018", "Trouble standard simple. Professional fight mouth.", "2023-04-13");
INSERT INTO Work_to_be_Submitted (Title,Project_ID,Summary,Submission_Date) VALUES ("Επί Κανένας Μου Ο", "3119005", "Μια αλγόριθμου διαπιστώνεις και χρονοδιαγράμματα σε τρόποι.", "2024-08-12");
INSERT INTO Work_to_be_Submitted (Title,Project_ID,Summary,Submission_Date) VALUES ("Molestias Ut Error", "3119004", "Produce without no support question.", "2023-04-03");
INSERT INTO Work_to_be_Submitted (Title,Project_ID,Summary,Submission_Date) VALUES ("Τέλειοι Χώρου Οι", "3119021", "Κόλπα αναφορά έστελνε όσο σου. Σας εκθέσεις δεδομένων ώρα έτσι πλέον.", "2021-08-27");
INSERT INTO Work_to_be_Submitted (Title,Project_ID,Summary,Submission_Date) VALUES ("Κάνεις Σημαντικό", "3119038", "Διορθώσει εκτελέσεις εδώ αποστηθίσει τους τους. Ποια πιο χρησιμοποίησέ.", "2023-03-28");
INSERT INTO Work_to_be_Submitted (Title,Project_ID,Summary,Submission_Date) VALUES ("Υψηλότερη Ας", "3119009", "Society charge purpose us marriage. Card ask bill course involve seek.", "2021-04-08");
INSERT INTO Work_to_be_Submitted (Title,Project_ID,Summary,Submission_Date) VALUES ("Προσοχή Επί Δύο", "3119014", "Sapiente neque aperiam nam. Excepturi dolorem fuga vitae libero.", "2021-12-08");
INSERT INTO Work_to_be_Submitted (Title,Project_ID,Summary,Submission_Date) VALUES ("Γιαυτό Φακέλους", "3119020", "Λετπά ροή εκτός. Εξοργιστικά όταν κλπ όταν πάντα.", "2023-03-30");
INSERT INTO Work_to_be_Submitted (Title,Project_ID,Summary,Submission_Date) VALUES ("Security Explain", "3119029", "Magni laboriosam nisi eaque nihil. Amet magnam quam quia magnam quos.", "2020-12-28");
INSERT INTO Work_to_be_Submitted (Title,Project_ID,Summary,Submission_Date) VALUES ("Όταν Μια Γιαυτό", "3119044", "Quisquam nemo soluta cum aspernatur.", "2021-10-22");
INSERT INTO Work_to_be_Submitted (Title,Project_ID,Summary,Submission_Date) VALUES ("Που Μια Σας", "3119003", "Ducimus doloribus mollitia quae minus voluptates.", "2021-11-22");
INSERT INTO Work_to_be_Submitted (Title,Project_ID,Summary,Submission_Date) VALUES ("Νόμιζες Σου Έχω", "3119000", "Το πάντως τα μάθε νέα χρονοδιαγράμματα. Ρωτήσει στα τοπικές σημαντικό.", "2022-01-27");
INSERT INTO Work_to_be_Submitted (Title,Project_ID,Summary,Submission_Date) VALUES ("Γνωρίζουμε", "3119048", "Εγώ πιο τοπικές χώρου. Εξακολουθεί μιας τρόποι κάνε ανώδυνη μιας σας.", "2022-05-25");
INSERT INTO Work_to_be_Submitted (Title,Project_ID,Summary,Submission_Date) VALUES ("Επεξεργασία", "3119037", "Θέλεις μεταφραστής τι. Χειρότερα εκτός έλεγχος το εγώ όσο.", "2020-11-28");
INSERT INTO Work_to_be_Submitted (Title,Project_ID,Summary,Submission_Date) VALUES ("Continue Tree Tell", "3119025", "Πολύ πάντως μάτσο σαν. Σχεδιαστής βαθμό δωροδοκηθούν ίδιο.", "2022-01-14");
INSERT INTO Work_to_be_Submitted (Title,Project_ID,Summary,Submission_Date) VALUES ("Χειρότερα", "3119036", "Architecto eligendi quam est minus dolorem similique.", "2021-06-04");
INSERT INTO Work_to_be_Submitted (Title,Project_ID,Summary,Submission_Date) VALUES ("Aliquam Optio", "3119034", "Δε εικόνες θέλεις για εκτός κι.", "2021-06-23");
INSERT INTO Work_to_be_Submitted (Title,Project_ID,Summary,Submission_Date) VALUES ("Green Fight Finally", "3119016", "Τους τους απαραίτητο σου. Βγήκε πετούν παραδοτέου δεν πετούν τα.", "2023-07-27");
INSERT INTO Work_to_be_Submitted (Title,Project_ID,Summary,Submission_Date) VALUES ("Delectus Expedita", "3119024", "Απόλαυσε θέματα καταλάθος θα δημιουργείς μα της απόλαυσε.", "2021-01-09");
INSERT INTO Work_to_be_Submitted (Title,Project_ID,Summary,Submission_Date) VALUES ("Occaecati Nesciunt", "3119009", "Cum blanditiis laboriosam quasi ratione temporibus.", "2022-04-25");
INSERT INTO Work_to_be_Submitted (Title,Project_ID,Summary,Submission_Date) VALUES ("Πιο Νιρβάνα Ήδη", "3119041", "Temporibus nesciunt et.", "2020-08-06");
INSERT INTO Work_to_be_Submitted (Title,Project_ID,Summary,Submission_Date) VALUES ("Floor Assume", "3119038", "Fugiat illo atque repellat. Dolorum provident ex quae commodi dolores.", "2023-07-15");
INSERT INTO Work_to_be_Submitted (Title,Project_ID,Summary,Submission_Date) VALUES ("Δύο Έτσι Μια", "3119027", "Αποκλειστικούς κρατήσουν ερωτήσεις έρθει πολύ ανώδυνη επενδυτής δουλεύει.", "2022-05-21");
INSERT INTO Work_to_be_Submitted (Title,Project_ID,Summary,Submission_Date) VALUES ("Minus Incidunt", "3119028", "Wall live role person rather yes play attention. Audience total different.", "2023-02-05");
INSERT INTO Work_to_be_Submitted (Title,Project_ID,Summary,Submission_Date) VALUES ("Κειμένων Γειτονιάς", "3119012", "Διοικητικό αποφάσισε ήδη σας.", "2023-04-26");
INSERT INTO Work_to_be_Submitted (Title,Project_ID,Summary,Submission_Date) VALUES ("Change Throughout", "3119018", "Φακέλους επεξεργασία μεταγλωτίσει διευθυντές.", "2020-03-29");
INSERT INTO Work_to_be_Submitted (Title,Project_ID,Summary,Submission_Date) VALUES ("Χρησιμοποιώντας", "3119022", "Άρα αρέσει στις. Περιβάλλοντος που επιδιορθώσεις σου τον μην.", "2024-06-12");
INSERT INTO Work_to_be_Submitted (Title,Project_ID,Summary,Submission_Date) VALUES ("Ορίστε Κανείς", "3119046", "Optio ipsum doloremque ex magni.", "2022-11-27");
INSERT INTO Work_to_be_Submitted (Title,Project_ID,Summary,Submission_Date) VALUES ("Θέμα Εδώ Έτοιμος", "3119003", "Get whether wait others other trouble.", "2022-03-12");
INSERT INTO Work_to_be_Submitted (Title,Project_ID,Summary,Submission_Date) VALUES ("Φαινόμενο Έξι Δεν", "3119019", "Συγκεντρωμένοι αναφορά πάντα έλεγχος περίπου ας ερώτηση.", "2022-10-24");
INSERT INTO Work_to_be_Submitted (Title,Project_ID,Summary,Submission_Date) VALUES ("Tenetur Ea", "3119006", "Νέο συνεντεύξεις γραμμή άρα για.", "2023-03-19");
INSERT INTO Work_to_be_Submitted (Title,Project_ID,Summary,Submission_Date) VALUES ("Εκτελέσει Αρπάζεις", "3119040", "Χάος κρατήσουν όχι πόρτες αθόρυβες. Σου απομόνωση πρώτο ας.", "2023-03-17");
INSERT INTO Work_to_be_Submitted (Title,Project_ID,Summary,Submission_Date) VALUES ("Praesentium Itaque", "3119017", "Eos soluta necessitatibus distinctio omnis iusto.", "2021-04-09");
INSERT INTO Work_to_be_Submitted (Title,Project_ID,Summary,Submission_Date) VALUES ("Parent Child When", "3119015", "Για βουτήξουν ανά όταν έχω πάρεις. Για αναφορά εκτελείται διακοπής.", "2024-06-25");
INSERT INTO Work_to_be_Submitted (Title,Project_ID,Summary,Submission_Date) VALUES ("Democrat Part", "3119015", "Consectetur ipsam tempore itaque debitis occaecati.", "2024-10-10");
INSERT INTO Work_to_be_Submitted (Title,Project_ID,Summary,Submission_Date) VALUES ("Τελειώσει", "3119011", "It subject them think small show.", "2020-07-21");
INSERT INTO Work_to_be_Submitted (Title,Project_ID,Summary,Submission_Date) VALUES ("Natus Rerum Unde", "3119029", "Και στήλες πες. Εκτελέσει μάθε μετρήσεις. Κλπ συγκεντρωμένοι αν πως στα.", "2021-01-06");
INSERT INTO Work_to_be_Submitted (Title,Project_ID,Summary,Submission_Date) VALUES ("Έγραψες Πλέον", "3119046", "Nearly street stand still chair behavior address.", "2022-10-13");
INSERT INTO Work_to_be_Submitted (Title,Project_ID,Summary,Submission_Date) VALUES ("Ipsam Officia Fuga", "3119031", "Aut dolor officiis eos asperiores.", "2022-07-21");
INSERT INTO Work_to_be_Submitted (Title,Project_ID,Summary,Submission_Date) VALUES ("Many Especially", "3119005", "Προβληματική πως κανένας όσο ο. Ήδη έστειλε εκθέσεις θα γραμμή.", "2023-11-23");
INSERT INTO Work_to_be_Submitted (Title,Project_ID,Summary,Submission_Date) VALUES ("Book Hour Central", "3119025", "Error maiores provident voluptatum ducimus sit.", "2021-01-07");
INSERT INTO Work_to_be_Submitted (Title,Project_ID,Summary,Submission_Date) VALUES ("Συνεχώς Παράγοντες", "3119041", "Μηχανής εργοστασίου προσλάμβανες εκδόσεις.", "2021-01-11");
INSERT INTO Work_to_be_Submitted (Title,Project_ID,Summary,Submission_Date) VALUES ("Himself Low Deep", "3119019", "Καλύτερο τη παίξουν ατόμου τρόπο τεκμηριώνει.", "2022-09-22");
INSERT INTO Work_to_be_Submitted (Title,Project_ID,Summary,Submission_Date) VALUES ("Θα Μαγικά Από", "3119046", "Cupiditate quos corrupti dolores vero minima voluptatibus corporis.", "2021-10-06");
INSERT INTO Work_to_be_Submitted (Title,Project_ID,Summary,Submission_Date) VALUES ("Quaerat Voluptas", "3119042", "Major nor must agency. Almost ahead across piece. Resource us answer drug.", "2020-12-27");
INSERT INTO Work_to_be_Submitted (Title,Project_ID,Summary,Submission_Date) VALUES ("Αγοράζοντας Μιας Τα", "3119009", "Κρατάει έξι εκθέσεις να ήδη ανά πλέον.", "2022-04-17");
INSERT INTO Work_to_be_Submitted (Title,Project_ID,Summary,Submission_Date) VALUES ("Tonight Page Which", "3119046", "Sit excepturi asperiores aliquid voluptates sit aliquid.", "2021-12-02");
INSERT INTO Work_to_be_Submitted (Title,Project_ID,Summary,Submission_Date) VALUES ("Odit Quos Vero", "3119040", "Με σίγουρος τη πηγαίου δύο τοπικές απαρατήρητο.", "2023-02-04");
INSERT INTO Work_to_be_Submitted (Title,Project_ID,Summary,Submission_Date) VALUES ("A Iusto Consequatur", "3119003", "Πεδία των χώρου δύο υποψήφιο γιαυτό πλέον πηγαίου.", "2021-11-07");
INSERT INTO Work_to_be_Submitted (Title,Project_ID,Summary,Submission_Date) VALUES ("Crime Again Power", "3119037", "Pressure mouth condition relationship. Staff friend expect society rise.", "2022-03-23");
INSERT INTO Work_to_be_Submitted (Title,Project_ID,Summary,Submission_Date) VALUES ("Παραπάνω Παραδοτέου", "3119039", "Illo at veritatis odio rem.", "2022-10-04");
INSERT INTO Work_to_be_Submitted (Title,Project_ID,Summary,Submission_Date) VALUES ("Vero Vitae", "3119048", "Χαρακτηριστικό έτσι σε ένας. Γραμμές της σημεία στα μπορούσες.", "2021-02-08");
INSERT INTO Work_to_be_Submitted (Title,Project_ID,Summary,Submission_Date) VALUES ("Asperiores", "3119042", "Παίρνουν δεδομένων ήδη σίγουρος.", "2021-02-19");
INSERT INTO Work_to_be_Submitted (Title,Project_ID,Summary,Submission_Date) VALUES ("Στα Κι Συνάδελφος", "3119018", "Χειρότερα πάντως και δύο. Στις έστειλε δημιουργείς χάος.", "2020-11-14");
INSERT INTO Work_to_be_Submitted (Title,Project_ID,Summary,Submission_Date) VALUES ("Realize Individual", "3119041", "Sound federal morning gun Mrs compare. Close artist new understand.", "2022-08-10");
INSERT INTO Work_to_be_Submitted (Title,Project_ID,Summary,Submission_Date) VALUES ("Παραγωγικής", "3119027", "Nihil eius dolorem. Qui qui quis hic illum. Optio culpa ullam deserunt.", "2023-04-15");
INSERT INTO Work_to_be_Submitted (Title,Project_ID,Summary,Submission_Date) VALUES ("Molestiae", "3119002", "Το είχαμε πρώτης μου. Ποια προβληματική δημιουργείς πιο τις.", "2022-09-22");
INSERT INTO Work_to_be_Submitted (Title,Project_ID,Summary,Submission_Date) VALUES ("While Free Style", "3119041", "Laborum nihil possimus reprehenderit nesciunt repellat aliquam atque.", "2020-04-16");
INSERT INTO Work_to_be_Submitted (Title,Project_ID,Summary,Submission_Date) VALUES ("Ώρα Διοικητικό Κι", "3119044", "Alone anything whose amount walk while. Traditional economic back.", "2021-03-31");
INSERT INTO Work_to_be_Submitted (Title,Project_ID,Summary,Submission_Date) VALUES ("Προκαλείς", "3119047", "Θα ζητήσεις εκτός ύψος προγραμματιστές. Τι αρπάζεις πόρτες απαρατήρητο.", "2020-07-08");
INSERT INTO Work_to_be_Submitted (Title,Project_ID,Summary,Submission_Date) VALUES ("Μας Λίγο Γέλασαν", "3119014", "Έχω χαρακτηριστικών σίγουρος. Συνεχώς θέλεις επί στη και.", "2022-09-13");
INSERT INTO Work_to_be_Submitted (Title,Project_ID,Summary,Submission_Date) VALUES ("Molestiae Voluptas", "3119005", "Προγραμματιστές και ο τέλειοι είχαμε έχω εδώ.", "2021-08-19");
INSERT INTO Work_to_be_Submitted (Title,Project_ID,Summary,Submission_Date) VALUES ("Quos Numquam Quidem", "3119012", "Έξι βουτήξουν ένας προκαλείς παίρνει.", "2022-06-11");
INSERT INTO Work_to_be_Submitted (Title,Project_ID,Summary,Submission_Date) VALUES ("Couple Subject May", "3119027", "Δεδομένων μη μέρος πρώτοι. Τεσσαρών άρα των επιδιόρθωση.", "2022-08-12");
INSERT INTO Work_to_be_Submitted (Title,Project_ID,Summary,Submission_Date) VALUES ("Και Προβληματική", "3119039", "Χώρου ροή όχι συνεντεύξεις μα ας. Όχι δε τι γέλασαν γειτονιάς.", "2021-01-27");
INSERT INTO Work_to_be_Submitted (Title,Project_ID,Summary,Submission_Date) VALUES ("Σταματάς Από Μέρος", "3119046", "Πηγαίου ρωτάει πάντα κοιτάζοντας ναι πετούν εικόνες.", "2021-04-23");
INSERT INTO Work_to_be_Submitted (Title,Project_ID,Summary,Submission_Date) VALUES ("Εργαζόμενων Κώδικα", "3119038", "Βασανίζουν βασανίζουν συνηθίζουν έχω.", "2024-10-20");
INSERT INTO Work_to_be_Submitted (Title,Project_ID,Summary,Submission_Date) VALUES ("Εντολές Τους", "3119013", "Προκύπτουν επί παράγοντες ανά εκτελέσεις μάτσο διορθώσει παίρνουν.", "2021-06-07");
INSERT INTO Work_to_be_Submitted (Title,Project_ID,Summary,Submission_Date) VALUES ("Έγραψες Παραδοτέου", "3119010", "Δούλευε μάθε έστειλε δύο. Έχω αναφέρονται μέχρι πλέον.", "2022-09-05");
INSERT INTO Work_to_be_Submitted (Title,Project_ID,Summary,Submission_Date) VALUES ("Γραφικά Τα", "3119006", "Νιρβάνα αν του φακέλους. Καλύτερο αποφάσισε γνωρίζουμε σωστά πάντως.", "2023-03-14");
INSERT INTO Work_to_be_Submitted (Title,Project_ID,Summary,Submission_Date) VALUES ("Quo Aperiam Dolores", "3119011", "Συγκεντρωμένοι συνέχεια εργάστηκε ώρα δεν προσεκτικά της έχω.", "2021-02-19");
INSERT INTO Work_to_be_Submitted (Title,Project_ID,Summary,Submission_Date) VALUES ("Δημιουργήσεις", "3119013", "Keep politics hand. Can page this may everything.", "2021-08-26");
INSERT INTO Work_to_be_Submitted (Title,Project_ID,Summary,Submission_Date) VALUES ("Όταν Από Κι Ας", "3119005", "Ut dolores eum tenetur qui sequi.", "2023-06-09");
INSERT INTO Work_to_be_Submitted (Title,Project_ID,Summary,Submission_Date) VALUES ("Κώδικάς Κρατήσουν", "3119037", "Dolorum error dignissimos et laudantium laudantium suscipit voluptates.", "2021-04-05");
INSERT INTO Work_to_be_Submitted (Title,Project_ID,Summary,Submission_Date) VALUES ("Πήρε Ήδη Ας Πάρα", "3119008", "Because old avoid century. New per money record west decade reason law.", "2021-06-22");
INSERT INTO Work_to_be_Submitted (Title,Project_ID,Summary,Submission_Date) VALUES ("Nobis Quia", "3119045", "Τη σταματάς ας οι γνωρίζουμε.", "2021-12-21");
INSERT INTO Work_to_be_Submitted (Title,Project_ID,Summary,Submission_Date) VALUES ("Μας Ότι Αυτός Μέχρι", "3119000", "Newspaper big certainly affect notice field.", "2021-03-30");
INSERT INTO Work_to_be_Submitted (Title,Project_ID,Summary,Submission_Date) VALUES ("Ζητήσεις Κλπ", "3119023", "Τι εργαλείων στα της. Κύκλο για κι υπηρεσία ανεπιθύμητη δυστυχής.", "2021-05-20");
INSERT INTO Work_to_be_Submitted (Title,Project_ID,Summary,Submission_Date) VALUES ("Ακούσει Πάρεις", "3119048", "Ένα τους βγήκε γέλασαν ερωτήσεις.", "2020-10-29");
INSERT INTO Work_to_be_Submitted (Title,Project_ID,Summary,Submission_Date) VALUES ("Για Για Έξι Τύπου", "3119016", "Αρπάζεις ιδιαίτερα αποθηκευτικού λες σας νιρβάνα γραμμής εργαλείων.", "2022-02-23");
INSERT INTO Work_to_be_Submitted (Title,Project_ID,Summary,Submission_Date) VALUES ("Εγώ Μεταγλωτιστής", "3119014", "Γεγονός επί ροή. Ποια το εργοστασίου μιας υποψήφιο εργαζόμενων.", "2021-09-29");
INSERT INTO Work_to_be_Submitted (Title,Project_ID,Summary,Submission_Date) VALUES ("Παράγοντες Εφαρμογή", "3119006", "General evening yourself phone place size.", "2023-03-02");
INSERT INTO Work_to_be_Submitted (Title,Project_ID,Summary,Submission_Date) VALUES ("Alias Quasi Tempora", "3119021", "Follow west give check news financial. Sing herself myself nearly.", "2022-09-22");
INSERT INTO Work_to_be_Submitted (Title,Project_ID,Summary,Submission_Date) VALUES ("Τι Ακούσει Σημεία", "3119008", "Αποδείξεις μη όταν αλγόριθμου σίγουρος.", "2022-06-10");
INSERT INTO Work_to_be_Submitted (Title,Project_ID,Summary,Submission_Date) VALUES ("Τύπους Όταν Τρόποι", "3119029", "Συνεντεύξεις γραμμής διάσημα άλγεβρα διάβασε μιας νέο που.", "2020-01-08");
INSERT INTO Work_to_be_Submitted (Title,Project_ID,Summary,Submission_Date) VALUES ("Nihil Eligendi", "3119043", "Παράδειγμα θέλεις σημεία βιαστικά προσθέσει κύκλο.", "2021-06-17");
INSERT INTO Work_to_be_Submitted (Title,Project_ID,Summary,Submission_Date) VALUES ("Quia Suscipit", "3119044", "Possimus cupiditate rerum rem quam illo.", "2021-07-08");
INSERT INTO Work_to_be_Submitted (Title,Project_ID,Summary,Submission_Date) VALUES ("Πετάνε Μεταγλωτίσει", "3119020", "Quaerat maiores quis ea laudantium deserunt id. Aperiam facilis culpa et.", "2023-02-11");
INSERT INTO Work_to_be_Submitted (Title,Project_ID,Summary,Submission_Date) VALUES ("Δίνοντας Υποψήφιο", "3119037", "Quidem adipisci vel neque. Odit aliquam quidem quod ut magnam.", "2021-06-18");
INSERT INTO Work_to_be_Submitted (Title,Project_ID,Summary,Submission_Date) VALUES ("Χρόνου Για Γεύματος", "3119025", "Τα να εκτελείται ήδη εκτός γραμμή των έτσι.", "2022-10-18");
INSERT INTO Work_to_be_Submitted (Title,Project_ID,Summary,Submission_Date) VALUES ("Repellat Odio", "3119023", "Αποφάσισε εργοστασίου τα διακοπή προγραμματιστής βουτήξουν βρίσκονται πες.", "2022-02-14");
INSERT INTO Work_to_be_Submitted (Title,Project_ID,Summary,Submission_Date) VALUES ("Fill Quickly Money", "3119005", "Dolorum quo culpa architecto deleniti magni deleniti error.", "2022-04-16");
INSERT INTO Work_to_be_Submitted (Title,Project_ID,Summary,Submission_Date) VALUES ("Facilis Atque", "3119006", "Την πως πάντως ποσοστό ρουτίνα τεκμηριώνει.", "2023-04-20");
INSERT INTO Work_to_be_Submitted (Title,Project_ID,Summary,Submission_Date) VALUES ("Direction Raise", "3119047", "Πάντα λες πρώτοι μετρήσεις. Και πάρεις μετράει όσο πολύ παράγοντες.", "2020-08-09");
INSERT INTO Work_to_be_Submitted (Title,Project_ID,Summary,Submission_Date) VALUES ("Eveniet Nam Numquam", "3119010", "Εφαρμογής στη ορίστε. Θα είχαμε χρησιμοποίησέ έστελνε.", "2023-07-30");
INSERT INTO Work_to_be_Submitted (Title,Project_ID,Summary,Submission_Date) VALUES ("Επί Ναι Έστελνε Ότι", "3119026", "Διαδίκτυο το προσοχή διορθώσεις ας. Διορθώσει μου μας έξι οι.", "2020-09-22");
INSERT INTO Work_to_be_Submitted (Title,Project_ID,Summary,Submission_Date) VALUES ("Πιο Κοιτάζοντας", "3119032", "Meeting meeting opportunity language entire hospital month.", "2023-10-23");
INSERT INTO Work_to_be_Submitted (Title,Project_ID,Summary,Submission_Date) VALUES ("Κανόνα Υποψήφιο", "3119048", "Ερωτήσεις δούλευε ίδιο μάλλον πάρα νόμιζες συγκεντρωμένοι.", "2021-03-03");
INSERT INTO Work_to_be_Submitted (Title,Project_ID,Summary,Submission_Date) VALUES ("Rem Ab Ab", "3119013", "Σαν οι των μια από διολισθήσεις πρόσληψη. Κώδικάς ναι έγραψες μια.", "2021-03-20");
INSERT INTO Work_to_be_Submitted (Title,Project_ID,Summary,Submission_Date) VALUES ("Στήλες Πρόσληψη", "3119017", "Σημαντικό υποψήφιο ποια επενδυτής άτομο. Ως ποια δε ροή.", "2020-04-03");
INSERT INTO Work_to_be_Submitted (Title,Project_ID,Summary,Submission_Date) VALUES ("Τελειώσει Οι Ένα", "3119013", "Αυτήν πρώτο άλγεβρα αρπάζεις ερώτηση μπορούσες τρόπο.", "2022-09-24");
INSERT INTO Work_to_be_Submitted (Title,Project_ID,Summary,Submission_Date) VALUES ("Ipsum Porro At", "3119018", "Totam tempora sunt minima sed maxime cupiditate amet.", "2020-12-25");
INSERT INTO Work_to_be_Submitted (Title,Project_ID,Summary,Submission_Date) VALUES ("Tempora Commodi", "3119046", "Την τους φράση φράση θέματα.", "2023-01-15");
INSERT INTO Work_to_be_Submitted (Title,Project_ID,Summary,Submission_Date) VALUES ("Εγώ Ίδιο Πετάξαμε", "3119035", "Feeling threat idea speech. Respond make huge anyone. Third speak next if.", "2023-11-07");
INSERT INTO Work_to_be_Submitted (Title,Project_ID,Summary,Submission_Date) VALUES ("Σε Διακοπή", "3119042", "Αποκλειστικούς έστειλε μέρος ότι κάτι ανεπιθύμητη χαρτιού.", "2020-07-12");
INSERT INTO Work_to_be_Submitted (Title,Project_ID,Summary,Submission_Date) VALUES ("Λες Τι Μιας Κανόνα", "3119042", "Major break technology over travel.", "2021-05-28");
INSERT INTO Work_to_be_Submitted (Title,Project_ID,Summary,Submission_Date) VALUES ("Molestiae Ut Quod", "3119028", "Velit quo ducimus eius quasi amet. Quas eligendi vitae.", "2023-12-17");
INSERT INTO Work_to_be_Submitted (Title,Project_ID,Summary,Submission_Date) VALUES ("Εγώ Για Σημεία", "3119024", "Ένα οι χάος για σε. Δύο το ότι μεταγλωτιστής σαν.", "2021-08-21");
INSERT INTO Work_to_be_Submitted (Title,Project_ID,Summary,Submission_Date) VALUES ("Μιας Μου", "3119042", "Corporis est assumenda error. Quae tenetur quibusdam occaecati.", "2021-12-26");
INSERT INTO Work_to_be_Submitted (Title,Project_ID,Summary,Submission_Date) VALUES ("Φακέλους Τη Της", "3119041", "Within owner old something item. Agency fast new all own most.", "2022-06-08");
INSERT INTO Work_to_be_Submitted (Title,Project_ID,Summary,Submission_Date) VALUES ("Τύπους Εξακολουθεί", "3119022", "Ελέγχου πάντα βιβλίο στις θα.", "2022-06-01");
INSERT INTO Works_On (Researcher_ID,Project_ID,Start_Date) VALUES ("3119380", "3119638", "2020-09-02");
INSERT INTO Works_On (Researcher_ID,Project_ID,Start_Date) VALUES ("3119563", "3120030", "2021-12-10");
INSERT INTO Works_On (Researcher_ID,Project_ID,Start_Date) VALUES ("3119323", "3119671", "2020-10-17");
INSERT INTO Works_On (Researcher_ID,Project_ID,Start_Date) VALUES ("3119172", "3119400", "2021-04-15");
INSERT INTO Works_On (Researcher_ID,Project_ID,Start_Date) VALUES ("3119379", "3119032", "2022-11-13");
INSERT INTO Works_On (Researcher_ID,Project_ID,Start_Date) VALUES ("3119307", "3119239", "2020-10-27");
INSERT INTO Works_On (Researcher_ID,Project_ID,Start_Date) VALUES ("3119020", "3119815", "2021-01-05");
INSERT INTO Works_On (Researcher_ID,Project_ID,Start_Date) VALUES ("3119235", "3120076", "2022-11-20");
INSERT INTO Works_On (Researcher_ID,Project_ID,Start_Date) VALUES ("3119539", "3119649", "2022-08-04");
INSERT INTO Works_On (Researcher_ID,Project_ID,Start_Date) VALUES ("3119445", "3119431", "2021-08-05");
INSERT INTO Works_On (Researcher_ID,Project_ID,Start_Date) VALUES ("3119525", "3119051", "2023-04-25");
INSERT INTO Works_On (Researcher_ID,Project_ID,Start_Date) VALUES ("3119131", "3119027", "2022-11-03");
INSERT INTO Works_On (Researcher_ID,Project_ID,Start_Date) VALUES ("3119423", "3120013", "2022-09-23");
INSERT INTO Works_On (Researcher_ID,Project_ID,Start_Date) VALUES ("3119295", "3119274", "2023-05-30");
INSERT INTO Works_On (Researcher_ID,Project_ID,Start_Date) VALUES ("3119587", "3119125", "2022-02-01");
INSERT INTO Works_On (Researcher_ID,Project_ID,Start_Date) VALUES ("3119474", "3120121", "2022-03-19");
INSERT INTO Works_On (Researcher_ID,Project_ID,Start_Date) VALUES ("3119189", "3120104", "2021-02-07");
INSERT INTO Works_On (Researcher_ID,Project_ID,Start_Date) VALUES ("3119204", "3120160", "2020-12-16");
INSERT INTO Works_On (Researcher_ID,Project_ID,Start_Date) VALUES ("3119034", "3119571", "2021-07-28");
INSERT INTO Works_On (Researcher_ID,Project_ID,Start_Date) VALUES ("3119389", "3119898", "2021-09-11");
INSERT INTO Works_On (Researcher_ID,Project_ID,Start_Date) VALUES ("3119572", "3120149", "2022-11-20");
INSERT INTO Works_On (Researcher_ID,Project_ID,Start_Date) VALUES ("3119528", "3119127", "2022-06-23");
INSERT INTO Works_On (Researcher_ID,Project_ID,Start_Date) VALUES ("3119498", "3119786", "2021-12-27");
INSERT INTO Works_On (Researcher_ID,Project_ID,Start_Date) VALUES ("3119219", "3119714", "2022-07-23");
INSERT INTO Works_On (Researcher_ID,Project_ID,Start_Date) VALUES ("3119436", "3119011", "2020-06-16");
INSERT INTO Works_On (Researcher_ID,Project_ID,Start_Date) VALUES ("3119094", "3119544", "2023-03-28");
INSERT INTO Works_On (Researcher_ID,Project_ID,Start_Date) VALUES ("3119272", "3119122", "2021-08-31");
INSERT INTO Works_On (Researcher_ID,Project_ID,Start_Date) VALUES ("3119520", "3119039", "2023-07-21");
INSERT INTO Works_On (Researcher_ID,Project_ID,Start_Date) VALUES ("3119118", "3119926", "2021-07-15");
INSERT INTO Works_On (Researcher_ID,Project_ID,Start_Date) VALUES ("3119197", "3120161", "2022-01-21");
INSERT INTO Works_On (Researcher_ID,Project_ID,Start_Date) VALUES ("3119204", "3119319", "2023-12-01");
INSERT INTO Works_On (Researcher_ID,Project_ID,Start_Date) VALUES ("3119573", "3119934", "2023-04-22");
INSERT INTO Works_On (Researcher_ID,Project_ID,Start_Date) VALUES ("3119578", "3119783", "2023-06-13");
INSERT INTO Works_On (Researcher_ID,Project_ID,Start_Date) VALUES ("3119401", "3119064", "2023-08-15");
INSERT INTO Works_On (Researcher_ID,Project_ID,Start_Date) VALUES ("3119494", "3119979", "2022-12-14");
INSERT INTO Works_On (Researcher_ID,Project_ID,Start_Date) VALUES ("3119579", "3119949", "2022-01-26");
INSERT INTO Works_On (Researcher_ID,Project_ID,Start_Date) VALUES ("3119111", "3119260", "2023-08-31");
INSERT INTO Works_On (Researcher_ID,Project_ID,Start_Date) VALUES ("3119131", "3120019", "2023-04-16");
INSERT INTO Works_On (Researcher_ID,Project_ID,Start_Date) VALUES ("3119503", "3120080", "2022-04-05");
INSERT INTO Works_On (Researcher_ID,Project_ID,Start_Date) VALUES ("3119501", "3119017", "2021-10-29");
INSERT INTO Works_On (Researcher_ID,Project_ID,Start_Date) VALUES ("3119416", "3119382", "2024-08-27");
INSERT INTO Works_On (Researcher_ID,Project_ID,Start_Date) VALUES ("3119360", "3119589", "2022-07-29");
INSERT INTO Works_On (Researcher_ID,Project_ID,Start_Date) VALUES ("3119376", "3120041", "2022-05-27");
INSERT INTO Works_On (Researcher_ID,Project_ID,Start_Date) VALUES ("3119262", "3119307", "2021-09-02");
INSERT INTO Works_On (Researcher_ID,Project_ID,Start_Date) VALUES ("3119277", "3119497", "2025-07-17");
INSERT INTO Works_On (Researcher_ID,Project_ID,Start_Date) VALUES ("3119580", "3119710", "2024-08-21");
INSERT INTO Works_On (Researcher_ID,Project_ID,Start_Date) VALUES ("3119136", "3119273", "2022-12-20");
INSERT INTO Works_On (Researcher_ID,Project_ID,Start_Date) VALUES ("3119305", "3119470", "2022-08-23");
INSERT INTO Works_On (Researcher_ID,Project_ID,Start_Date) VALUES ("3119061", "3119998", "2021-11-12");
INSERT INTO Works_On (Researcher_ID,Project_ID,Start_Date) VALUES ("3119367", "3119180", "2022-07-04");
INSERT INTO Works_On (Researcher_ID,Project_ID,Start_Date) VALUES ("3119150", "3119614", "2021-04-25");
INSERT INTO Works_On (Researcher_ID,Project_ID,Start_Date) VALUES ("3119106", "3119432", "2023-07-20");
INSERT INTO Works_On (Researcher_ID,Project_ID,Start_Date) VALUES ("3119477", "3119927", "2022-06-10");
INSERT INTO Works_On (Researcher_ID,Project_ID,Start_Date) VALUES ("3119433", "3119122", "2020-09-01");
INSERT INTO Works_On (Researcher_ID,Project_ID,Start_Date) VALUES ("3119082", "3119445", "2023-02-27");
INSERT INTO Works_On (Researcher_ID,Project_ID,Start_Date) VALUES ("3119446", "3119330", "2024-05-17");
INSERT INTO Works_On (Researcher_ID,Project_ID,Start_Date) VALUES ("3119269", "3119222", "2024-05-27");
INSERT INTO Works_On (Researcher_ID,Project_ID,Start_Date) VALUES ("3119295", "3119016", "2023-07-04");
INSERT INTO Works_On (Researcher_ID,Project_ID,Start_Date) VALUES ("3119272", "3119423", "2023-09-27");
INSERT INTO Works_On (Researcher_ID,Project_ID,Start_Date) VALUES ("3119571", "3119578", "2022-02-17");
INSERT INTO Works_On (Researcher_ID,Project_ID,Start_Date) VALUES ("3119535", "3120199", "2021-10-20");
INSERT INTO Works_On (Researcher_ID,Project_ID,Start_Date) VALUES ("3119598", "3119003", "2022-01-28");
INSERT INTO Works_On (Researcher_ID,Project_ID,Start_Date) VALUES ("3119227", "3119146", "2021-12-08");
INSERT INTO Works_On (Researcher_ID,Project_ID,Start_Date) VALUES ("3119326", "3119235", "2021-04-17");
INSERT INTO Works_On (Researcher_ID,Project_ID,Start_Date) VALUES ("3119345", "3119888", "2022-12-20");
INSERT INTO Works_On (Researcher_ID,Project_ID,Start_Date) VALUES ("3119173", "3119020", "2023-05-07");
INSERT INTO Works_On (Researcher_ID,Project_ID,Start_Date) VALUES ("3119263", "3119324", "2021-08-15");
INSERT INTO Works_On (Researcher_ID,Project_ID,Start_Date) VALUES ("3119337", "3119160", "2022-06-30");
INSERT INTO Works_On (Researcher_ID,Project_ID,Start_Date) VALUES ("3119425", "3120101", "2022-08-24");
INSERT INTO Works_On (Researcher_ID,Project_ID,Start_Date) VALUES ("3119266", "3119307", "2021-12-31");
INSERT INTO Works_On (Researcher_ID,Project_ID,Start_Date) VALUES ("3119561", "3119183", "2023-04-13");
INSERT INTO Works_On (Researcher_ID,Project_ID,Start_Date) VALUES ("3119166", "3119716", "2020-12-18");
INSERT INTO Works_On (Researcher_ID,Project_ID,Start_Date) VALUES ("3119402", "3120001", "2021-09-14");
INSERT INTO Works_On (Researcher_ID,Project_ID,Start_Date) VALUES ("3119286", "3120189", "2023-09-14");
INSERT INTO Works_On (Researcher_ID,Project_ID,Start_Date) VALUES ("3119471", "3119824", "2021-03-18");
INSERT INTO Works_On (Researcher_ID,Project_ID,Start_Date) VALUES ("3119296", "3119105", "2023-03-30");
INSERT INTO Works_On (Researcher_ID,Project_ID,Start_Date) VALUES ("3119478", "3119677", "2021-11-14");
INSERT INTO Works_On (Researcher_ID,Project_ID,Start_Date) VALUES ("3119238", "3119364", "2021-11-30");
INSERT INTO Works_On (Researcher_ID,Project_ID,Start_Date) VALUES ("3119385", "3119333", "2025-09-13");
INSERT INTO Works_On (Researcher_ID,Project_ID,Start_Date) VALUES ("3119503", "3120146", "2023-11-24");
INSERT INTO Works_On (Researcher_ID,Project_ID,Start_Date) VALUES ("3119188", "3119352", "2021-03-04");
INSERT INTO Works_On (Researcher_ID,Project_ID,Start_Date) VALUES ("3119464", "3119669", "2021-11-05");
INSERT INTO Works_On (Researcher_ID,Project_ID,Start_Date) VALUES ("3119472", "3119141", "2022-03-02");
INSERT INTO Works_On (Researcher_ID,Project_ID,Start_Date) VALUES ("3119502", "3119604", "2021-02-07");
INSERT INTO Works_On (Researcher_ID,Project_ID,Start_Date) VALUES ("3119139", "3120167", "2021-09-12");
INSERT INTO Works_On (Researcher_ID,Project_ID,Start_Date) VALUES ("3119569", "3120094", "2022-04-17");
INSERT INTO Works_On (Researcher_ID,Project_ID,Start_Date) VALUES ("3119260", "3119736", "2022-04-29");
INSERT INTO Works_On (Researcher_ID,Project_ID,Start_Date) VALUES ("3119545", "3119110", "2020-09-29");
INSERT INTO Works_On (Researcher_ID,Project_ID,Start_Date) VALUES ("3119321", "3119822", "2022-07-29");
INSERT INTO Works_On (Researcher_ID,Project_ID,Start_Date) VALUES ("3119052", "3120182", "2022-08-24");
INSERT INTO Works_On (Researcher_ID,Project_ID,Start_Date) VALUES ("3119537", "3119770", "2022-01-23");
INSERT INTO Works_On (Researcher_ID,Project_ID,Start_Date) VALUES ("3119126", "3119402", "2022-09-22");
INSERT INTO Works_On (Researcher_ID,Project_ID,Start_Date) VALUES ("3119377", "3119911", "2020-09-22");
INSERT INTO Works_On (Researcher_ID,Project_ID,Start_Date) VALUES ("3119368", "3119628", "2024-08-11");
INSERT INTO Works_On (Researcher_ID,Project_ID,Start_Date) VALUES ("3119508", "3119613", "2021-11-03");
INSERT INTO Works_On (Researcher_ID,Project_ID,Start_Date) VALUES ("3119533", "3119584", "2023-08-27");
INSERT INTO Works_On (Researcher_ID,Project_ID,Start_Date) VALUES ("3119589", "3120036", "2022-10-26");
INSERT INTO Works_On (Researcher_ID,Project_ID,Start_Date) VALUES ("3119036", "3119063", "2022-06-12");
INSERT INTO Works_On (Researcher_ID,Project_ID,Start_Date) VALUES ("3119415", "3119115", "2022-07-16");
INSERT INTO Works_On (Researcher_ID,Project_ID,Start_Date) VALUES ("3119106", "3119716", "2020-12-06");
INSERT INTO Works_On (Researcher_ID,Project_ID,Start_Date) VALUES ("3119374", "3119166", "2025-01-06");
INSERT INTO Works_On (Researcher_ID,Project_ID,Start_Date) VALUES ("3119116", "3119259", "2024-05-27");
INSERT INTO Works_On (Researcher_ID,Project_ID,Start_Date) VALUES ("3119200", "3119244", "2024-06-10");
INSERT INTO Works_On (Researcher_ID,Project_ID,Start_Date) VALUES ("3119402", "3119725", "2021-02-25");
INSERT INTO Works_On (Researcher_ID,Project_ID,Start_Date) VALUES ("3119158", "3119964", "2022-09-19");
INSERT INTO Works_On (Researcher_ID,Project_ID,Start_Date) VALUES ("3119514", "3119773", "2023-05-15");
INSERT INTO Works_On (Researcher_ID,Project_ID,Start_Date) VALUES ("3119152", "3119319", "2022-05-23");
INSERT INTO Works_On (Researcher_ID,Project_ID,Start_Date) VALUES ("3119075", "3119439", "2021-12-15");
INSERT INTO Works_On (Researcher_ID,Project_ID,Start_Date) VALUES ("3119548", "3119219", "2023-09-01");
INSERT INTO Works_On (Researcher_ID,Project_ID,Start_Date) VALUES ("3119107", "3119855", "2023-06-21");
INSERT INTO Works_On (Researcher_ID,Project_ID,Start_Date) VALUES ("3119196", "3119537", "2024-10-05");
INSERT INTO Works_On (Researcher_ID,Project_ID,Start_Date) VALUES ("3119410", "3119358", "2020-01-09");
INSERT INTO Works_On (Researcher_ID,Project_ID,Start_Date) VALUES ("3119373", "3119095", "2023-11-06");
INSERT INTO Works_On (Researcher_ID,Project_ID,Start_Date) VALUES ("3119272", "3119616", "2022-08-19");
INSERT INTO Works_On (Researcher_ID,Project_ID,Start_Date) VALUES ("3119522", "3119842", "2021-11-27");
INSERT INTO Works_On (Researcher_ID,Project_ID,Start_Date) VALUES ("3119456", "3119274", "2024-02-23");
INSERT INTO Works_On (Researcher_ID,Project_ID,Start_Date) VALUES ("3119080", "3119968", "2022-04-11");
INSERT INTO Works_On (Researcher_ID,Project_ID,Start_Date) VALUES ("3119114", "3119942", "2023-03-09");
INSERT INTO Works_On (Researcher_ID,Project_ID,Start_Date) VALUES ("3119234", "3119862", "2021-08-17");
INSERT INTO Works_On (Researcher_ID,Project_ID,Start_Date) VALUES ("3119563", "3119221", "2022-02-03");
INSERT INTO Works_On (Researcher_ID,Project_ID,Start_Date) VALUES ("3119467", "3119871", "2021-10-13");
INSERT INTO Works_On (Researcher_ID,Project_ID,Start_Date) VALUES ("3119286", "3119473", "2022-09-28");
INSERT INTO Works_On (Researcher_ID,Project_ID,Start_Date) VALUES ("3119095", "3120142", "2023-03-28");
INSERT INTO Works_On (Researcher_ID,Project_ID,Start_Date) VALUES ("3119529", "3119315", "2021-11-08");
INSERT INTO Works_On (Researcher_ID,Project_ID,Start_Date) VALUES ("3119264", "3119737", "2022-04-23");
INSERT INTO Works_On (Researcher_ID,Project_ID,Start_Date) VALUES ("3119432", "3119533", "2020-11-14");
INSERT INTO Works_On (Researcher_ID,Project_ID,Start_Date) VALUES ("3119321", "3119197", "2021-10-03");
INSERT INTO Works_On (Researcher_ID,Project_ID,Start_Date) VALUES ("3119349", "3119907", "2023-12-14");
INSERT INTO Works_On (Researcher_ID,Project_ID,Start_Date) VALUES ("3119200", "3119924", "2022-04-17");
INSERT INTO Works_On (Researcher_ID,Project_ID,Start_Date) VALUES ("3119102", "3119203", "2021-05-10");
INSERT INTO Works_On (Researcher_ID,Project_ID,Start_Date) VALUES ("3119392", "3119906", "2022-01-27");
INSERT INTO Works_On (Researcher_ID,Project_ID,Start_Date) VALUES ("3119040", "3119336", "2022-01-12");
INSERT INTO Works_On (Researcher_ID,Project_ID,Start_Date) VALUES ("3119295", "3119595", "2023-06-03");
INSERT INTO Works_On (Researcher_ID,Project_ID,Start_Date) VALUES ("3119182", "3119482", "2021-05-09");
INSERT INTO Works_On (Researcher_ID,Project_ID,Start_Date) VALUES ("3119363", "3119150", "2025-03-12");
INSERT INTO Works_On (Researcher_ID,Project_ID,Start_Date) VALUES ("3119390", "3119903", "2025-09-02");
INSERT INTO Works_On (Researcher_ID,Project_ID,Start_Date) VALUES ("3119588", "3119037", "2020-06-20");
INSERT INTO Works_On (Researcher_ID,Project_ID,Start_Date) VALUES ("3119371", "3119793", "2021-09-12");
INSERT INTO Works_On (Researcher_ID,Project_ID,Start_Date) VALUES ("3119145", "3119585", "2023-02-02");
INSERT INTO Works_On (Researcher_ID,Project_ID,Start_Date) VALUES ("3119193", "3120071", "2021-01-08");
INSERT INTO Works_On (Researcher_ID,Project_ID,Start_Date) VALUES ("3119380", "3119305", "2022-08-30");
INSERT INTO Works_On (Researcher_ID,Project_ID,Start_Date) VALUES ("3119297", "3120120", "2021-02-14");
INSERT INTO Works_On (Researcher_ID,Project_ID,Start_Date) VALUES ("3119464", "3119967", "2022-09-02");
INSERT INTO Works_On (Researcher_ID,Project_ID,Start_Date) VALUES ("3119514", "3119651", "2024-02-01");
INSERT INTO Works_On (Researcher_ID,Project_ID,Start_Date) VALUES ("3119375", "3119419", "2022-10-10");
INSERT INTO Works_On (Researcher_ID,Project_ID,Start_Date) VALUES ("3119415", "3119648", "2022-03-30");
INSERT INTO Works_On (Researcher_ID,Project_ID,Start_Date) VALUES ("3119315", "3120120", "2021-07-30");
INSERT INTO Works_On (Researcher_ID,Project_ID,Start_Date) VALUES ("3119335", "3119457", "2021-05-05");
INSERT INTO Works_On (Researcher_ID,Project_ID,Start_Date) VALUES ("3119007", "3119500", "2020-12-29");
INSERT INTO Works_On (Researcher_ID,Project_ID,Start_Date) VALUES ("3119061", "3119838", "2021-09-15");
INSERT INTO Works_On (Researcher_ID,Project_ID,Start_Date) VALUES ("3119540", "3119968", "2022-05-24");
INSERT INTO Works_On (Researcher_ID,Project_ID,Start_Date) VALUES ("3119042", "3119755", "2024-02-07");
INSERT INTO Works_On (Researcher_ID,Project_ID,Start_Date) VALUES ("3119007", "3119851", "2020-08-01");
INSERT INTO Works_On (Researcher_ID,Project_ID,Start_Date) VALUES ("3119049", "3119281", "2023-12-22");
INSERT INTO Works_On (Researcher_ID,Project_ID,Start_Date) VALUES ("3119491", "3119101", "2024-01-07");
INSERT INTO Works_On (Researcher_ID,Project_ID,Start_Date) VALUES ("3119387", "3119098", "2021-08-01");
INSERT INTO Works_On (Researcher_ID,Project_ID,Start_Date) VALUES ("3119529", "3120194", "2021-11-30");
INSERT INTO Works_On (Researcher_ID,Project_ID,Start_Date) VALUES ("3119305", "3119710", "2022-08-21");
INSERT INTO Works_On (Researcher_ID,Project_ID,Start_Date) VALUES ("3119062", "3119405", "2020-08-05");
INSERT INTO Works_On (Researcher_ID,Project_ID,Start_Date) VALUES ("3119134", "3119622", "2024-11-01");
INSERT INTO Works_On (Researcher_ID,Project_ID,Start_Date) VALUES ("3119532", "3119686", "2022-06-08");
INSERT INTO Works_On (Researcher_ID,Project_ID,Start_Date) VALUES ("3119282", "3119766", "2022-09-09");
INSERT INTO Works_On (Researcher_ID,Project_ID,Start_Date) VALUES ("3119473", "3119891", "2021-06-28");
INSERT INTO Works_On (Researcher_ID,Project_ID,Start_Date) VALUES ("3119116", "3119667", "2023-05-19");
INSERT INTO Works_On (Researcher_ID,Project_ID,Start_Date) VALUES ("3119459", "3119779", "2022-01-05");
INSERT INTO Works_On (Researcher_ID,Project_ID,Start_Date) VALUES ("3119484", "3119015", "2024-06-03");
INSERT INTO Works_On (Researcher_ID,Project_ID,Start_Date) VALUES ("3119473", "3120034", "2022-09-04");
INSERT INTO Works_On (Researcher_ID,Project_ID,Start_Date) VALUES ("3119495", "3119086", "2024-08-20");
INSERT INTO Works_On (Researcher_ID,Project_ID,Start_Date) VALUES ("3119392", "3119107", "2022-02-11");
INSERT INTO Works_On (Researcher_ID,Project_ID,Start_Date) VALUES ("3119102", "3119777", "2020-06-10");
INSERT INTO Works_On (Researcher_ID,Project_ID,Start_Date) VALUES ("3119400", "3119240", "2021-01-01");
INSERT INTO Works_On (Researcher_ID,Project_ID,Start_Date) VALUES ("3119136", "3119349", "2022-09-22");
INSERT INTO Works_On (Researcher_ID,Project_ID,Start_Date) VALUES ("3119580", "3119853", "2021-10-09");
INSERT INTO Works_On (Researcher_ID,Project_ID,Start_Date) VALUES ("3119116", "3119168", "2020-10-16");
INSERT INTO Works_On (Researcher_ID,Project_ID,Start_Date) VALUES ("3119448", "3119947", "2021-04-08");
INSERT INTO Works_On (Researcher_ID,Project_ID,Start_Date) VALUES ("3119515", "3119228", "2023-05-31");
INSERT INTO Works_On (Researcher_ID,Project_ID,Start_Date) VALUES ("3119215", "3119880", "2021-11-01");
INSERT INTO Works_On (Researcher_ID,Project_ID,Start_Date) VALUES ("3119461", "3119185", "2021-12-02");
INSERT INTO Works_On (Researcher_ID,Project_ID,Start_Date) VALUES ("3119489", "3119755", "2022-01-25");
INSERT INTO Works_On (Researcher_ID,Project_ID,Start_Date) VALUES ("3119444", "3119497", "2024-12-16");
INSERT INTO Works_On (Researcher_ID,Project_ID,Start_Date) VALUES ("3119285", "3120192", "2022-08-15");
INSERT INTO Works_On (Researcher_ID,Project_ID,Start_Date) VALUES ("3119177", "3119048", "2020-09-26");
INSERT INTO Works_On (Researcher_ID,Project_ID,Start_Date) VALUES ("3119284", "3120058", "2023-09-03");
INSERT INTO Works_On (Researcher_ID,Project_ID,Start_Date) VALUES ("3119372", "3119649", "2022-07-12");
INSERT INTO Works_On (Researcher_ID,Project_ID,Start_Date) VALUES ("3119528", "3120161", "2020-12-05");
INSERT INTO Works_On (Researcher_ID,Project_ID,Start_Date) VALUES ("3119207", "3119934", "2022-05-29");
INSERT INTO Works_On (Researcher_ID,Project_ID,Start_Date) VALUES ("3119456", "3119890", "2022-09-01");
INSERT INTO Works_On (Researcher_ID,Project_ID,Start_Date) VALUES ("3119415", "3119352", "2021-04-28");
INSERT INTO Works_On (Researcher_ID,Project_ID,Start_Date) VALUES ("3119467", "3119051", "2023-01-07");
INSERT INTO Works_On (Researcher_ID,Project_ID,Start_Date) VALUES ("3119355", "3120075", "2023-09-16");
INSERT INTO Works_On (Researcher_ID,Project_ID,Start_Date) VALUES ("3119158", "3119336", "2022-10-05");
INSERT INTO Works_On (Researcher_ID,Project_ID,Start_Date) VALUES ("3119296", "3119848", "2023-02-26");
INSERT INTO Works_On (Researcher_ID,Project_ID,Start_Date) VALUES ("3119404", "3119838", "2023-01-18");
INSERT INTO Works_On (Researcher_ID,Project_ID,Start_Date) VALUES ("3119206", "3119859", "2021-05-13");
INSERT INTO Works_On (Researcher_ID,Project_ID,Start_Date) VALUES ("3119173", "3119648", "2022-05-12");
INSERT INTO Works_On (Researcher_ID,Project_ID,Start_Date) VALUES ("3119100", "3119964", "2022-05-13");
INSERT INTO Works_On (Researcher_ID,Project_ID,Start_Date) VALUES ("3119462", "3119669", "2022-10-05");
INSERT INTO Works_On (Researcher_ID,Project_ID,Start_Date) VALUES ("3119030", "3119825", "2020-04-18");
INSERT INTO Works_On (Researcher_ID,Project_ID,Start_Date) VALUES ("3119078", "3119730", "2023-05-11");
INSERT INTO Works_On (Researcher_ID,Project_ID,Start_Date) VALUES ("3119290", "3119264", "2020-11-08");
INSERT INTO Works_On (Researcher_ID,Project_ID,Start_Date) VALUES ("3119089", "3120117", "2022-04-16");
INSERT INTO Works_On (Researcher_ID,Project_ID,Start_Date) VALUES ("3119512", "3119512", "2021-01-01");
INSERT INTO Works_On (Researcher_ID,Project_ID,Start_Date) VALUES ("3119420", "3119136", "2021-11-11");
INSERT INTO Works_On (Researcher_ID,Project_ID,Start_Date) VALUES ("3119270", "3120092", "2021-08-15");
INSERT INTO Works_On (Researcher_ID,Project_ID,Start_Date) VALUES ("3119147", "3119268", "2022-07-05");
INSERT INTO Works_On (Researcher_ID,Project_ID,Start_Date) VALUES ("3119528", "3119429", "2024-01-25");
INSERT INTO Works_On (Researcher_ID,Project_ID,Start_Date) VALUES ("3119284", "3119329", "2022-05-06");
INSERT INTO Works_On (Researcher_ID,Project_ID,Start_Date) VALUES ("3119480", "3119616", "2023-07-22");
INSERT INTO Works_On (Researcher_ID,Project_ID,Start_Date) VALUES ("3119588", "3119060", "2023-08-08");
INSERT INTO Works_On (Researcher_ID,Project_ID,Start_Date) VALUES ("3119205", "3119883", "2020-07-20");
INSERT INTO Works_On (Researcher_ID,Project_ID,Start_Date) VALUES ("3119469", "3119554", "2022-04-05");
INSERT INTO Works_On (Researcher_ID,Project_ID,Start_Date) VALUES ("3119112", "3119239", "2023-02-11");
INSERT INTO Works_On (Researcher_ID,Project_ID,Start_Date) VALUES ("3119577", "3119404", "2021-01-21");
INSERT INTO Works_On (Researcher_ID,Project_ID,Start_Date) VALUES ("3119531", "3119877", "2023-01-05");
INSERT INTO Works_On (Researcher_ID,Project_ID,Start_Date) VALUES ("3119564", "3120108", "2023-02-26");
INSERT INTO Works_On (Researcher_ID,Project_ID,Start_Date) VALUES ("3119039", "3119523", "2022-03-22");
INSERT INTO Works_On (Researcher_ID,Project_ID,Start_Date) VALUES ("3119338", "3119864", "2022-12-30");
INSERT INTO Works_On (Researcher_ID,Project_ID,Start_Date) VALUES ("3119530", "3119678", "2023-12-09");
INSERT INTO Works_On (Researcher_ID,Project_ID,Start_Date) VALUES ("3119321", "3119215", "2022-01-06");
INSERT INTO Works_On (Researcher_ID,Project_ID,Start_Date) VALUES ("3119196", "3120003", "2021-06-23");
INSERT INTO Works_On (Researcher_ID,Project_ID,Start_Date) VALUES ("3119530", "3119383", "2022-04-09");
INSERT INTO Works_On (Researcher_ID,Project_ID,Start_Date) VALUES ("3119506", "3119093", "2021-12-19");
INSERT INTO Works_On (Researcher_ID,Project_ID,Start_Date) VALUES ("3119437", "3119430", "2020-12-24");
INSERT INTO Works_On (Researcher_ID,Project_ID,Start_Date) VALUES ("3119253", "3120147", "2023-08-04");
INSERT INTO Works_On (Researcher_ID,Project_ID,Start_Date) VALUES ("3119048", "3119064", "2022-07-07");
INSERT INTO Works_On (Researcher_ID,Project_ID,Start_Date) VALUES ("3119180", "3119239", "2022-06-21");
INSERT INTO Works_On (Researcher_ID,Project_ID,Start_Date) VALUES ("3119348", "3119239", "2022-10-03");
INSERT INTO Works_On (Researcher_ID,Project_ID,Start_Date) VALUES ("3119464", "3119609", "2023-07-04");
INSERT INTO Works_On (Researcher_ID,Project_ID,Start_Date) VALUES ("3119028", "3119930", "2025-05-30");
INSERT INTO Works_On (Researcher_ID,Project_ID,Start_Date) VALUES ("3119108", "3119460", "2021-07-21");
INSERT INTO Works_On (Researcher_ID,Project_ID,Start_Date) VALUES ("3119436", "3119021", "2022-06-15");
INSERT INTO Works_On (Researcher_ID,Project_ID,Start_Date) VALUES ("3119186", "3119912", "2024-01-01");
INSERT INTO Works_On (Researcher_ID,Project_ID,Start_Date) VALUES ("3119071", "3119631", "2023-01-02");
INSERT INTO Works_On (Researcher_ID,Project_ID,Start_Date) VALUES ("3119342", "3119560", "2021-08-04");
INSERT INTO Works_On (Researcher_ID,Project_ID,Start_Date) VALUES ("3119004", "3120018", "2020-12-10");
INSERT INTO Works_On (Researcher_ID,Project_ID,Start_Date) VALUES ("3119598", "3119260", "2022-12-13");
INSERT INTO Works_On (Researcher_ID,Project_ID,Start_Date) VALUES ("3119541", "3120002", "2022-10-05");
INSERT INTO Works_On (Researcher_ID,Project_ID,Start_Date) VALUES ("3119321", "3119397", "2021-07-05");
INSERT INTO Works_On (Researcher_ID,Project_ID,Start_Date) VALUES ("3119053", "3120110", "2021-05-26");
INSERT INTO Works_On (Researcher_ID,Project_ID,Start_Date) VALUES ("3119404", "3119265", "2022-12-29");
INSERT INTO Works_On (Researcher_ID,Project_ID,Start_Date) VALUES ("3119189", "3119446", "2020-08-06");
INSERT INTO Works_On (Researcher_ID,Project_ID,Start_Date) VALUES ("3119411", "3119758", "2022-08-20");
INSERT INTO Works_On (Researcher_ID,Project_ID,Start_Date) VALUES ("3119143", "3119562", "2022-08-27");
INSERT INTO Works_On (Researcher_ID,Project_ID,Start_Date) VALUES ("3119234", "3119492", "2020-08-05");
INSERT INTO Works_On (Researcher_ID,Project_ID,Start_Date) VALUES ("3119314", "3119785", "2024-10-01");
INSERT INTO Works_On (Researcher_ID,Project_ID,Start_Date) VALUES ("3119327", "3119690", "2022-04-21");
INSERT INTO Works_On (Researcher_ID,Project_ID,Start_Date) VALUES ("3119405", "3119326", "2021-01-17");
INSERT INTO Works_On (Researcher_ID,Project_ID,Start_Date) VALUES ("3119223", "3119645", "2022-02-12");
INSERT INTO Works_On (Researcher_ID,Project_ID,Start_Date) VALUES ("3119459", "3119415", "2023-06-03");
INSERT INTO Works_On (Researcher_ID,Project_ID,Start_Date) VALUES ("3119334", "3120093", "2022-09-14");
INSERT INTO Works_On (Researcher_ID,Project_ID,Start_Date) VALUES ("3119582", "3119574", "2021-07-15");
INSERT INTO Works_On (Researcher_ID,Project_ID,Start_Date) VALUES ("3119012", "3119177", "2022-10-11");
INSERT INTO Works_On (Researcher_ID,Project_ID,Start_Date) VALUES ("3119537", "3119146", "2020-10-22");
INSERT INTO Works_On (Researcher_ID,Project_ID,Start_Date) VALUES ("3119141", "3119154", "2022-06-25");
INSERT INTO Works_On (Researcher_ID,Project_ID,Start_Date) VALUES ("3119115", "3119849", "2022-02-02");
INSERT INTO Works_On (Researcher_ID,Project_ID,Start_Date) VALUES ("3119570", "3119359", "2021-02-04");
INSERT INTO Works_On (Researcher_ID,Project_ID,Start_Date) VALUES ("3119309", "3119868", "2020-08-13");
INSERT INTO Works_On (Researcher_ID,Project_ID,Start_Date) VALUES ("3119520", "3119318", "2023-01-16");
INSERT INTO Works_On (Researcher_ID,Project_ID,Start_Date) VALUES ("3119485", "3119567", "2023-10-26");
INSERT INTO Works_On (Researcher_ID,Project_ID,Start_Date) VALUES ("3119198", "3119189", "2020-09-13");
INSERT INTO Works_On (Researcher_ID,Project_ID,Start_Date) VALUES ("3119497", "3119037", "2020-05-10");
INSERT INTO Works_On (Researcher_ID,Project_ID,Start_Date) VALUES ("3119358", "3119110", "2021-09-03");
INSERT INTO Works_On (Researcher_ID,Project_ID,Start_Date) VALUES ("3119392", "3119900", "2022-08-18");
INSERT INTO Works_On (Researcher_ID,Project_ID,Start_Date) VALUES ("3119097", "3119110", "2020-10-22");
INSERT INTO Works_On (Researcher_ID,Project_ID,Start_Date) VALUES ("3119035", "3119005", "2023-03-10");
INSERT INTO Works_On (Researcher_ID,Project_ID,Start_Date) VALUES ("3119482", "3119920", "2022-03-03");
INSERT INTO Works_On (Researcher_ID,Project_ID,Start_Date) VALUES ("3119244", "3119722", "2022-05-14");
INSERT INTO Works_On (Researcher_ID,Project_ID,Start_Date) VALUES ("3119192", "3119350", "2020-12-30");
INSERT INTO Works_On (Researcher_ID,Project_ID,Start_Date) VALUES ("3119326", "3119834", "2022-04-13");
INSERT INTO Works_On (Researcher_ID,Project_ID,Start_Date) VALUES ("3119396", "3119042", "2020-08-12");
INSERT INTO Works_On (Researcher_ID,Project_ID,Start_Date) VALUES ("3119176", "3119785", "2022-08-24");
INSERT INTO Works_On (Researcher_ID,Project_ID,Start_Date) VALUES ("3119176", "3120046", "2021-03-09");
INSERT INTO Works_On (Researcher_ID,Project_ID,Start_Date) VALUES ("3119540", "3119719", "2023-05-27");
INSERT INTO Works_On (Researcher_ID,Project_ID,Start_Date) VALUES ("3119086", "3119215", "2022-02-21");
INSERT INTO Works_On (Researcher_ID,Project_ID,Start_Date) VALUES ("3119583", "3119576", "2021-11-10");
INSERT INTO Works_On (Researcher_ID,Project_ID,Start_Date) VALUES ("3119590", "3119545", "2021-12-20");
INSERT INTO Works_On (Researcher_ID,Project_ID,Start_Date) VALUES ("3119218", "3119282", "2022-10-06");
INSERT INTO Works_On (Researcher_ID,Project_ID,Start_Date) VALUES ("3119546", "3119189", "2021-01-04");
INSERT INTO Works_On (Researcher_ID,Project_ID,Start_Date) VALUES ("3119023", "3119206", "2021-11-26");
INSERT INTO Works_On (Researcher_ID,Project_ID,Start_Date) VALUES ("3119258", "3119926", "2020-03-25");
INSERT INTO Works_On (Researcher_ID,Project_ID,Start_Date) VALUES ("3119542", "3119406", "2020-05-12");
INSERT INTO Works_On (Researcher_ID,Project_ID,Start_Date) VALUES ("3119059", "3119083", "2020-12-04");
INSERT INTO Works_On (Researcher_ID,Project_ID,Start_Date) VALUES ("3119574", "3120104", "2021-06-20");
INSERT INTO Works_On (Researcher_ID,Project_ID,Start_Date) VALUES ("3119503", "3119218", "2021-03-07");
INSERT INTO Works_On (Researcher_ID,Project_ID,Start_Date) VALUES ("3119051", "3119011", "2020-06-08");
INSERT INTO Works_On (Researcher_ID,Project_ID,Start_Date) VALUES ("3119179", "3120148", "2022-06-03");
INSERT INTO Works_On (Researcher_ID,Project_ID,Start_Date) VALUES ("3119005", "3120007", "2022-09-09");
INSERT INTO Works_On (Researcher_ID,Project_ID,Start_Date) VALUES ("3119239", "3120169", "2021-11-15");
INSERT INTO Works_On (Researcher_ID,Project_ID,Start_Date) VALUES ("3119018", "3119871", "2022-04-07");
INSERT INTO Works_On (Researcher_ID,Project_ID,Start_Date) VALUES ("3119064", "3119074", "2021-10-12");
INSERT INTO Works_On (Researcher_ID,Project_ID,Start_Date) VALUES ("3119370", "3119661", "2025-02-19");
INSERT INTO Works_On (Researcher_ID,Project_ID,Start_Date) VALUES ("3119288", "3119525", "2021-09-05");
INSERT INTO Works_On (Researcher_ID,Project_ID,Start_Date) VALUES ("3119353", "3120046", "2021-01-21");
INSERT INTO Works_On (Researcher_ID,Project_ID,Start_Date) VALUES ("3119542", "3119571", "2022-06-14");
INSERT INTO Works_On (Researcher_ID,Project_ID,Start_Date) VALUES ("3119381", "3119624", "2021-02-06");
INSERT INTO Works_On (Researcher_ID,Project_ID,Start_Date) VALUES ("3119507", "3119147", "2024-01-01");
INSERT INTO Works_On (Researcher_ID,Project_ID,Start_Date) VALUES ("3119091", "3119334", "2022-01-20");
INSERT INTO Works_On (Researcher_ID,Project_ID,Start_Date) VALUES ("3119307", "3119547", "2021-01-22");
INSERT INTO Works_On (Researcher_ID,Project_ID,Start_Date) VALUES ("3119367", "3119051", "2023-09-12");
INSERT INTO Works_On (Researcher_ID,Project_ID,Start_Date) VALUES ("3119436", "3119898", "2020-11-14");
INSERT INTO Works_On (Researcher_ID,Project_ID,Start_Date) VALUES ("3119317", "3119184", "2022-07-08");
INSERT INTO Works_On (Researcher_ID,Project_ID,Start_Date) VALUES ("3119083", "3119935", "2024-04-30");
INSERT INTO Works_On (Researcher_ID,Project_ID,Start_Date) VALUES ("3119412", "3119743", "2021-06-07");
INSERT INTO Works_On (Researcher_ID,Project_ID,Start_Date) VALUES ("3119043", "3119576", "2022-01-28");
INSERT INTO Works_On (Researcher_ID,Project_ID,Start_Date) VALUES ("3119531", "3119930", "2025-10-18");
INSERT INTO Works_On (Researcher_ID,Project_ID,Start_Date) VALUES ("3119197", "3119091", "2023-06-21");
INSERT INTO Works_On (Researcher_ID,Project_ID,Start_Date) VALUES ("3119123", "3119265", "2022-03-14");
INSERT INTO Works_On (Researcher_ID,Project_ID,Start_Date) VALUES ("3119159", "3119842", "2022-10-26");
INSERT INTO Works_On (Researcher_ID,Project_ID,Start_Date) VALUES ("3119591", "3119667", "2023-03-24");
INSERT INTO Works_On (Researcher_ID,Project_ID,Start_Date) VALUES ("3119404", "3119168", "2022-12-03");
INSERT INTO Works_On (Researcher_ID,Project_ID,Start_Date) VALUES ("3119290", "3119285", "2022-04-04");
INSERT INTO Works_On (Researcher_ID,Project_ID,Start_Date) VALUES ("3119074", "3119197", "2022-09-19");
INSERT INTO Works_On (Researcher_ID,Project_ID,Start_Date) VALUES ("3119030", "3119057", "2023-12-21");
INSERT INTO Works_On (Researcher_ID,Project_ID,Start_Date) VALUES ("3119290", "3120000", "2020-12-26");
INSERT INTO Works_On (Researcher_ID,Project_ID,Start_Date) VALUES ("3119196", "3119428", "2022-04-17");
INSERT INTO Works_On (Researcher_ID,Project_ID,Start_Date) VALUES ("3119374", "3119721", "2022-11-22");
INSERT INTO Works_On (Researcher_ID,Project_ID,Start_Date) VALUES ("3119055", "3119773", "2023-06-05");
INSERT INTO Works_On (Researcher_ID,Project_ID,Start_Date) VALUES ("3119434", "3119887", "2020-11-09");
INSERT INTO Works_On (Researcher_ID,Project_ID,Start_Date) VALUES ("3119106", "3120172", "2022-03-19");
INSERT INTO Works_On (Researcher_ID,Project_ID,Start_Date) VALUES ("3119063", "3119599", "2022-03-24");
INSERT INTO Works_On (Researcher_ID,Project_ID,Start_Date) VALUES ("3119591", "3119026", "2021-03-24");
INSERT INTO Works_On (Researcher_ID,Project_ID,Start_Date) VALUES ("3119265", "3119175", "2020-12-07");
INSERT INTO Works_On (Researcher_ID,Project_ID,Start_Date) VALUES ("3119274", "3119845", "2022-07-10");
INSERT INTO Works_On (Researcher_ID,Project_ID,Start_Date) VALUES ("3119252", "3119066", "2023-04-11");
INSERT INTO Works_On (Researcher_ID,Project_ID,Start_Date) VALUES ("3119430", "3119675", "2022-06-06");
INSERT INTO Works_On (Researcher_ID,Project_ID,Start_Date) VALUES ("3119401", "3120056", "2023-05-06");
INSERT INTO Works_On (Researcher_ID,Project_ID,Start_Date) VALUES ("3119177", "3120010", "2024-01-26");
INSERT INTO Works_On (Researcher_ID,Project_ID,Start_Date) VALUES ("3119084", "3119071", "2023-04-01");
INSERT INTO Works_On (Researcher_ID,Project_ID,Start_Date) VALUES ("3119291", "3119973", "2022-09-18");
INSERT INTO Works_On (Researcher_ID,Project_ID,Start_Date) VALUES ("3119479", "3119824", "2022-07-17");
INSERT INTO Works_On (Researcher_ID,Project_ID,Start_Date) VALUES ("3119158", "3119027", "2023-05-01");
INSERT INTO Works_On (Researcher_ID,Project_ID,Start_Date) VALUES ("3119366", "3119936", "2021-07-25");
INSERT INTO Works_On (Researcher_ID,Project_ID,Start_Date) VALUES ("3119454", "3119576", "2022-10-07");
INSERT INTO Works_On (Researcher_ID,Project_ID,Start_Date) VALUES ("3119220", "3120125", "2022-07-08");
INSERT INTO Works_On (Researcher_ID,Project_ID,Start_Date) VALUES ("3119243", "3119498", "2025-03-21");
INSERT INTO Works_On (Researcher_ID,Project_ID,Start_Date) VALUES ("3119210", "3119295", "2022-02-20");
INSERT INTO Works_On (Researcher_ID,Project_ID,Start_Date) VALUES ("3119583", "3119921", "2022-07-17");
INSERT INTO Works_On (Researcher_ID,Project_ID,Start_Date) VALUES ("3119511", "3119008", "2022-05-07");
INSERT INTO Works_On (Researcher_ID,Project_ID,Start_Date) VALUES ("3119323", "3119931", "2020-12-23");
INSERT INTO Works_On (Researcher_ID,Project_ID,Start_Date) VALUES ("3119411", "3119747", "2022-04-07");
INSERT INTO Works_On (Researcher_ID,Project_ID,Start_Date) VALUES ("3119096", "3119291", "2021-11-29");
INSERT INTO Works_On (Researcher_ID,Project_ID,Start_Date) VALUES ("3119589", "3119030", "2020-06-09");
INSERT INTO Works_On (Researcher_ID,Project_ID,Start_Date) VALUES ("3119115", "3119568", "2022-02-24");
INSERT INTO Works_On (Researcher_ID,Project_ID,Start_Date) VALUES ("3119361", "3119140", "2022-07-20");
INSERT INTO Works_On (Researcher_ID,Project_ID,Start_Date) VALUES ("3119489", "3119316", "2024-03-20");
INSERT INTO Works_On (Researcher_ID,Project_ID,Start_Date) VALUES ("3119581", "3120133", "2022-07-24");
INSERT INTO Works_On (Researcher_ID,Project_ID,Start_Date) VALUES ("3119461", "3119432", "2024-04-12");
INSERT INTO Works_On (Researcher_ID,Project_ID,Start_Date) VALUES ("3119031", "3119771", "2021-02-18");
INSERT INTO Works_On (Researcher_ID,Project_ID,Start_Date) VALUES ("3119490", "3119252", "2022-08-06");
INSERT INTO Works_On (Researcher_ID,Project_ID,Start_Date) VALUES ("3119453", "3119414", "2021-04-25");
INSERT INTO Works_On (Researcher_ID,Project_ID,Start_Date) VALUES ("3119180", "3119029", "2020-12-16");
INSERT INTO Works_On (Researcher_ID,Project_ID,Start_Date) VALUES ("3119436", "3119531", "2021-09-29");
INSERT INTO Works_On (Researcher_ID,Project_ID,Start_Date) VALUES ("3119017", "3119707", "2021-11-26");
INSERT INTO Works_On (Researcher_ID,Project_ID,Start_Date) VALUES ("3119121", "3119082", "2024-03-01");
INSERT INTO Works_On (Researcher_ID,Project_ID,Start_Date) VALUES ("3119512", "3119621", "2021-10-03");
INSERT INTO Works_On (Researcher_ID,Project_ID,Start_Date) VALUES ("3119137", "3119021", "2022-10-29");
INSERT INTO Works_On (Researcher_ID,Project_ID,Start_Date) VALUES ("3119431", "3119962", "2022-01-24");
INSERT INTO Works_On (Researcher_ID,Project_ID,Start_Date) VALUES ("3119508", "3119169", "2022-10-02");
INSERT INTO Works_On (Researcher_ID,Project_ID,Start_Date) VALUES ("3119527", "3119541", "2022-02-05");
INSERT INTO Works_On (Researcher_ID,Project_ID,Start_Date) VALUES ("3119112", "3119543", "2022-03-29");
INSERT INTO Works_On (Researcher_ID,Project_ID,Start_Date) VALUES ("3119583", "3120013", "2021-08-15");
INSERT INTO Works_On (Researcher_ID,Project_ID,Start_Date) VALUES ("3119583", "3119018", "2021-01-16");
INSERT INTO Works_On (Researcher_ID,Project_ID,Start_Date) VALUES ("3119146", "3119830", "2022-05-04");
INSERT INTO Works_On (Researcher_ID,Project_ID,Start_Date) VALUES ("3119584", "3119471", "2023-06-13");
INSERT INTO Works_On (Researcher_ID,Project_ID,Start_Date) VALUES ("3119122", "3119116", "2021-02-24");
INSERT INTO Works_On (Researcher_ID,Project_ID,Start_Date) VALUES ("3119276", "3119641", "2023-09-23");
INSERT INTO Works_On (Researcher_ID,Project_ID,Start_Date) VALUES ("3119437", "3119020", "2022-12-18");
INSERT INTO Works_On (Researcher_ID,Project_ID,Start_Date) VALUES ("3119005", "3119901", "2023-01-04");
INSERT INTO Works_On (Researcher_ID,Project_ID,Start_Date) VALUES ("3119533", "3119519", "2020-06-29");
INSERT INTO Works_On (Researcher_ID,Project_ID,Start_Date) VALUES ("3119528", "3120015", "2020-03-30");
INSERT INTO Works_On (Researcher_ID,Project_ID,Start_Date) VALUES ("3119156", "3119138", "2021-05-19");
INSERT INTO Works_On (Researcher_ID,Project_ID,Start_Date) VALUES ("3119550", "3119870", "2022-10-31");
INSERT INTO Works_On (Researcher_ID,Project_ID,Start_Date) VALUES ("3119142", "3119975", "2021-09-18");
INSERT INTO Works_On (Researcher_ID,Project_ID,Start_Date) VALUES ("3119224", "3119739", "2022-02-08");
INSERT INTO Works_On (Researcher_ID,Project_ID,Start_Date) VALUES ("3119174", "3119138", "2020-10-09");
INSERT INTO Works_On (Researcher_ID,Project_ID,Start_Date) VALUES ("3119533", "3119738", "2022-08-17");
INSERT INTO Works_On (Researcher_ID,Project_ID,Start_Date) VALUES ("3119588", "3119839", "2023-09-22");
INSERT INTO Works_On (Researcher_ID,Project_ID,Start_Date) VALUES ("3119252", "3119634", "2022-09-14");
INSERT INTO Works_On (Researcher_ID,Project_ID,Start_Date) VALUES ("3119588", "3119594", "2022-10-31");
INSERT INTO Works_On (Researcher_ID,Project_ID,Start_Date) VALUES ("3119540", "3119174", "2023-04-15");
INSERT INTO Works_On (Researcher_ID,Project_ID,Start_Date) VALUES ("3119557", "3119351", "2020-03-25");
INSERT INTO Works_On (Researcher_ID,Project_ID,Start_Date) VALUES ("3119244", "3119034", "2020-10-24");
INSERT INTO Works_On (Researcher_ID,Project_ID,Start_Date) VALUES ("3119171", "3119549", "2021-12-23");
INSERT INTO Works_On (Researcher_ID,Project_ID,Start_Date) VALUES ("3119370", "3119875", "2021-01-31");
INSERT INTO Works_On (Researcher_ID,Project_ID,Start_Date) VALUES ("3119256", "3119705", "2021-08-19");
INSERT INTO Works_On (Researcher_ID,Project_ID,Start_Date) VALUES ("3119316", "3119405", "2021-09-09");
INSERT INTO Works_On (Researcher_ID,Project_ID,Start_Date) VALUES ("3119547", "3119664", "2020-10-22");
INSERT INTO Works_On (Researcher_ID,Project_ID,Start_Date) VALUES ("3119202", "3119411", "2021-07-17");
INSERT INTO Works_On (Researcher_ID,Project_ID,Start_Date) VALUES ("3119409", "3119976", "2021-11-08");
INSERT INTO Works_On (Researcher_ID,Project_ID,Start_Date) VALUES ("3119387", "3119472", "2021-01-01");
INSERT INTO Works_On (Researcher_ID,Project_ID,Start_Date) VALUES ("3119012", "3119437", "2020-07-20");
INSERT INTO Works_On (Researcher_ID,Project_ID,Start_Date) VALUES ("3119292", "3119095", "2023-05-04");
INSERT INTO Works_On (Researcher_ID,Project_ID,Start_Date) VALUES ("3119078", "3120065", "2022-03-26");
INSERT INTO Works_On (Researcher_ID,Project_ID,Start_Date) VALUES ("3119454", "3119915", "2022-07-06");
INSERT INTO Works_On (Researcher_ID,Project_ID,Start_Date) VALUES ("3119257", "3119095", "2023-09-07");
INSERT INTO Works_On (Researcher_ID,Project_ID,Start_Date) VALUES ("3119187", "3119912", "2024-07-10");
INSERT INTO Works_On (Researcher_ID,Project_ID,Start_Date) VALUES ("3119241", "3119018", "2020-03-07");
INSERT INTO Works_On (Researcher_ID,Project_ID,Start_Date) VALUES ("3119579", "3119311", "2022-10-07");
INSERT INTO Works_On (Researcher_ID,Project_ID,Start_Date) VALUES ("3119474", "3119912", "2024-11-05");
INSERT INTO Works_On (Researcher_ID,Project_ID,Start_Date) VALUES ("3119447", "3119142", "2022-01-08");
INSERT INTO Works_On (Researcher_ID,Project_ID,Start_Date) VALUES ("3119417", "3119486", "2020-08-06");
INSERT INTO Works_On (Researcher_ID,Project_ID,Start_Date) VALUES ("3119292", "3119545", "2022-11-06");
INSERT INTO Works_On (Researcher_ID,Project_ID,Start_Date) VALUES ("3119327", "3119369", "2020-09-16");
INSERT INTO Works_On (Researcher_ID,Project_ID,Start_Date) VALUES ("3119055", "3119598", "2020-10-01");
INSERT INTO Works_On (Researcher_ID,Project_ID,Start_Date) VALUES ("3119540", "3119999", "2021-09-24");
INSERT INTO Works_On (Researcher_ID,Project_ID,Start_Date) VALUES ("3119034", "3119075", "2023-05-25");
INSERT INTO Works_On (Researcher_ID,Project_ID,Start_Date) VALUES ("3119363", "3119532", "2020-12-25");
INSERT INTO Works_On (Researcher_ID,Project_ID,Start_Date) VALUES ("3119518", "3120168", "2021-02-13");
INSERT INTO Works_On (Researcher_ID,Project_ID,Start_Date) VALUES ("3119260", "3119390", "2021-05-24");
INSERT INTO Works_On (Researcher_ID,Project_ID,Start_Date) VALUES ("3119591", "3119114", "2021-07-19");
INSERT INTO Works_On (Researcher_ID,Project_ID,Start_Date) VALUES ("3119538", "3119155", "2021-04-29");
INSERT INTO Works_On (Researcher_ID,Project_ID,Start_Date) VALUES ("3119328", "3120182", "2022-05-26");
INSERT INTO Works_On (Researcher_ID,Project_ID,Start_Date) VALUES ("3119225", "3119415", "2022-08-31");
INSERT INTO Works_On (Researcher_ID,Project_ID,Start_Date) VALUES ("3119044", "3119862", "2021-05-06");
INSERT INTO Works_On (Researcher_ID,Project_ID,Start_Date) VALUES ("3119036", "3120100", "2020-07-20");
INSERT INTO Works_On (Researcher_ID,Project_ID,Start_Date) VALUES ("3119027", "3119225", "2023-03-18");
INSERT INTO Works_On (Researcher_ID,Project_ID,Start_Date) VALUES ("3119047", "3119637", "2023-11-20");
INSERT INTO Works_On (Researcher_ID,Project_ID,Start_Date) VALUES ("3119046", "3120154", "2021-03-15");
INSERT INTO Works_On (Researcher_ID,Project_ID,Start_Date) VALUES ("3119526", "3119476", "2023-02-12");
INSERT INTO Works_On (Researcher_ID,Project_ID,Start_Date) VALUES ("3119104", "3119044", "2021-02-24");
INSERT INTO Works_On (Researcher_ID,Project_ID,Start_Date) VALUES ("3119118", "3119501", "2021-06-30");
INSERT INTO Works_On (Researcher_ID,Project_ID,Start_Date) VALUES ("3119358", "3119271", "2022-08-12");
INSERT INTO Works_On (Researcher_ID,Project_ID,Start_Date) VALUES ("3119284", "3120116", "2023-07-12");
INSERT INTO Works_On (Researcher_ID,Project_ID,Start_Date) VALUES ("3119506", "3120004", "2022-03-08");
INSERT INTO Works_On (Researcher_ID,Project_ID,Start_Date) VALUES ("3119581", "3119322", "2023-06-07");
INSERT INTO Works_On (Researcher_ID,Project_ID,Start_Date) VALUES ("3119538", "3119011", "2020-05-29");
INSERT INTO Works_On (Researcher_ID,Project_ID,Start_Date) VALUES ("3119425", "3119823", "2022-12-20");
INSERT INTO Works_On (Researcher_ID,Project_ID,Start_Date) VALUES ("3119201", "3119733", "2021-05-25");
INSERT INTO Works_On (Researcher_ID,Project_ID,Start_Date) VALUES ("3119320", "3119420", "2023-09-09");
INSERT INTO Works_On (Researcher_ID,Project_ID,Start_Date) VALUES ("3119541", "3119899", "2023-03-21");
INSERT INTO Works_On (Researcher_ID,Project_ID,Start_Date) VALUES ("3119364", "3120085", "2023-04-23");
INSERT INTO Works_On (Researcher_ID,Project_ID,Start_Date) VALUES ("3119053", "3119201", "2021-03-25");
INSERT INTO Works_On (Researcher_ID,Project_ID,Start_Date) VALUES ("3119028", "3119226", "2022-07-03");
INSERT INTO Works_On (Researcher_ID,Project_ID,Start_Date) VALUES ("3119277", "3119794", "2021-06-28");
INSERT INTO Works_On (Researcher_ID,Project_ID,Start_Date) VALUES ("3119551", "3120131", "2021-10-02");
INSERT INTO Works_On (Researcher_ID,Project_ID,Start_Date) VALUES ("3119580", "3119959", "2021-12-31");
INSERT INTO Works_On (Researcher_ID,Project_ID,Start_Date) VALUES ("3119405", "3119432", "2021-11-27");
INSERT INTO Works_On (Researcher_ID,Project_ID,Start_Date) VALUES ("3119554", "3120167", "2020-12-01");
INSERT INTO Works_On (Researcher_ID,Project_ID,Start_Date) VALUES ("3119483", "3119264", "2020-09-21");
INSERT INTO Works_On (Researcher_ID,Project_ID,Start_Date) VALUES ("3119470", "3120035", "2023-05-14");
INSERT INTO Works_On (Researcher_ID,Project_ID,Start_Date) VALUES ("3119470", "3119877", "2022-03-27");
INSERT INTO Works_On (Researcher_ID,Project_ID,Start_Date) VALUES ("3119038", "3119121", "2022-10-16");
INSERT INTO Works_On (Researcher_ID,Project_ID,Start_Date) VALUES ("3119116", "3119668", "2022-06-05");
INSERT INTO Works_On (Researcher_ID,Project_ID,Start_Date) VALUES ("3119310", "3119691", "2021-07-02");
INSERT INTO Works_On (Researcher_ID,Project_ID,Start_Date) VALUES ("3119552", "3119826", "2021-07-30");
INSERT INTO Works_On (Researcher_ID,Project_ID,Start_Date) VALUES ("3119352", "3119439", "2020-10-04");
INSERT INTO Works_On (Researcher_ID,Project_ID,Start_Date) VALUES ("3119211", "3119580", "2021-08-13");
INSERT INTO Works_On (Researcher_ID,Project_ID,Start_Date) VALUES ("3119394", "3119462", "2020-08-24");
INSERT INTO Works_On (Researcher_ID,Project_ID,Start_Date) VALUES ("3119471", "3119949", "2023-04-13");
INSERT INTO Works_On (Researcher_ID,Project_ID,Start_Date) VALUES ("3119282", "3120058", "2022-05-14");
INSERT INTO Works_On (Researcher_ID,Project_ID,Start_Date) VALUES ("3119153", "3119132", "2022-10-21");
INSERT INTO Works_On (Researcher_ID,Project_ID,Start_Date) VALUES ("3119434", "3119749", "2021-07-23");
INSERT INTO Works_On (Researcher_ID,Project_ID,Start_Date) VALUES ("3119103", "3119512", "2021-11-16");
INSERT INTO Works_On (Researcher_ID,Project_ID,Start_Date) VALUES ("3119262", "3119743", "2022-11-12");
INSERT INTO Works_On (Researcher_ID,Project_ID,Start_Date) VALUES ("3119379", "3119016", "2022-04-02");
INSERT INTO Works_On (Researcher_ID,Project_ID,Start_Date) VALUES ("3119154", "3119164", "2021-08-24");
INSERT INTO Works_On (Researcher_ID,Project_ID,Start_Date) VALUES ("3119427", "3119495", "2021-12-18");
INSERT INTO Works_On (Researcher_ID,Project_ID,Start_Date) VALUES ("3119272", "3119935", "2023-10-25");
INSERT INTO Works_On (Researcher_ID,Project_ID,Start_Date) VALUES ("3119528", "3119454", "2023-11-01");
INSERT INTO Works_On (Researcher_ID,Project_ID,Start_Date) VALUES ("3119046", "3119611", "2022-04-13");
INSERT INTO Works_On (Researcher_ID,Project_ID,Start_Date) VALUES ("3119541", "3119285", "2022-03-01");
INSERT INTO Works_On (Researcher_ID,Project_ID,Start_Date) VALUES ("3119167", "3119755", "2022-12-23");
INSERT INTO Works_On (Researcher_ID,Project_ID,Start_Date) VALUES ("3119338", "3119548", "2023-09-28");
INSERT INTO Works_On (Researcher_ID,Project_ID,Start_Date) VALUES ("3119076", "3119975", "2024-11-09");
INSERT INTO Works_On (Researcher_ID,Project_ID,Start_Date) VALUES ("3119322", "3119365", "2022-08-30");
INSERT INTO Works_On (Researcher_ID,Project_ID,Start_Date) VALUES ("3119094", "3119549", "2022-01-10");
INSERT INTO Works_On (Researcher_ID,Project_ID,Start_Date) VALUES ("3119543", "3120113", "2023-05-29");
INSERT INTO Works_On (Researcher_ID,Project_ID,Start_Date) VALUES ("3119245", "3119183", "2024-05-28");
INSERT INTO Works_On (Researcher_ID,Project_ID,Start_Date) VALUES ("3119073", "3119946", "2023-05-06");
INSERT INTO Works_On (Researcher_ID,Project_ID,Start_Date) VALUES ("3119159", "3119334", "2022-09-12");
INSERT INTO Works_On (Researcher_ID,Project_ID,Start_Date) VALUES ("3119380", "3119836", "2021-09-18");
INSERT INTO Works_On (Researcher_ID,Project_ID,Start_Date) VALUES ("3119094", "3119688", "2022-10-01");
INSERT INTO Works_On (Researcher_ID,Project_ID,Start_Date) VALUES ("3119015", "3119905", "2023-10-12");
INSERT INTO Works_On (Researcher_ID,Project_ID,Start_Date) VALUES ("3119253", "3119587", "2022-07-14");
INSERT INTO Works_On (Researcher_ID,Project_ID,Start_Date) VALUES ("3119425", "3119947", "2022-07-04");
INSERT INTO Works_On (Researcher_ID,Project_ID,Start_Date) VALUES ("3119282", "3119240", "2020-03-18");
INSERT INTO Works_On (Researcher_ID,Project_ID,Start_Date) VALUES ("3119332", "3119716", "2021-01-15");
INSERT INTO Works_On (Researcher_ID,Project_ID,Start_Date) VALUES ("3119251", "3119894", "2022-05-08");
INSERT INTO Works_On (Researcher_ID,Project_ID,Start_Date) VALUES ("3119002", "3119025", "2021-02-23");
INSERT INTO Works_On (Researcher_ID,Project_ID,Start_Date) VALUES ("3119397", "3119802", "2023-03-30");
INSERT INTO Works_On (Researcher_ID,Project_ID,Start_Date) VALUES ("3119165", "3119455", "2022-08-08");
INSERT INTO Works_On (Researcher_ID,Project_ID,Start_Date) VALUES ("3119065", "3120144", "2022-03-10");
INSERT INTO Works_On (Researcher_ID,Project_ID,Start_Date) VALUES ("3119113", "3119396", "2021-10-15");
INSERT INTO Works_On (Researcher_ID,Project_ID,Start_Date) VALUES ("3119105", "3119052", "2021-09-20");
INSERT INTO Works_On (Researcher_ID,Project_ID,Start_Date) VALUES ("3119098", "3119597", "2021-06-26");
INSERT INTO Works_On (Researcher_ID,Project_ID,Start_Date) VALUES ("3119576", "3119096", "2021-05-22");
INSERT INTO Works_On (Researcher_ID,Project_ID,Start_Date) VALUES ("3119510", "3119993", "2022-12-14");
INSERT INTO Works_On (Researcher_ID,Project_ID,Start_Date) VALUES ("3119415", "3120026", "2022-07-07");
INSERT INTO Works_On (Researcher_ID,Project_ID,Start_Date) VALUES ("3119313", "3119537", "2024-07-11");
INSERT INTO Works_On (Researcher_ID,Project_ID,Start_Date) VALUES ("3119205", "3119779", "2022-04-18");
INSERT INTO Works_On (Researcher_ID,Project_ID,Start_Date) VALUES ("3119064", "3119256", "2021-10-14");
INSERT INTO Works_On (Researcher_ID,Project_ID,Start_Date) VALUES ("3119408", "3119389", "2021-05-02");
INSERT INTO Works_On (Researcher_ID,Project_ID,Start_Date) VALUES ("3119515", "3119654", "2022-09-02");
INSERT INTO Works_On (Researcher_ID,Project_ID,Start_Date) VALUES ("3119480", "3119286", "2023-07-02");
INSERT INTO Works_On (Researcher_ID,Project_ID,Start_Date) VALUES ("3119403", "3119436", "2022-02-17");
INSERT INTO Works_On (Researcher_ID,Project_ID,Start_Date) VALUES ("3119090", "3119413", "2021-11-02");
INSERT INTO Works_On (Researcher_ID,Project_ID,Start_Date) VALUES ("3119487", "3119172", "2021-02-08");
INSERT INTO Works_On (Researcher_ID,Project_ID,Start_Date) VALUES ("3119595", "3119301", "2021-12-18");
INSERT INTO Works_On (Researcher_ID,Project_ID,Start_Date) VALUES ("3119030", "3119484", "2021-10-21");
INSERT INTO Works_On (Researcher_ID,Project_ID,Start_Date) VALUES ("3119537", "3119408", "2022-12-25");
INSERT INTO Works_On (Researcher_ID,Project_ID,Start_Date) VALUES ("3119356", "3119025", "2022-11-03");
INSERT INTO Works_On (Researcher_ID,Project_ID,Start_Date) VALUES ("3119268", "3119742", "2022-10-25");
INSERT INTO Works_On (Researcher_ID,Project_ID,Start_Date) VALUES ("3119469", "3119754", "2022-02-08");
INSERT INTO Works_On (Researcher_ID,Project_ID,Start_Date) VALUES ("3119398", "3119912", "2021-04-29");
INSERT INTO Works_On (Researcher_ID,Project_ID,Start_Date) VALUES ("3119260", "3120100", "2021-04-09");
INSERT INTO Works_On (Researcher_ID,Project_ID,Start_Date) VALUES ("3119454", "3119516", "2020-07-09");
INSERT INTO Works_On (Researcher_ID,Project_ID,Start_Date) VALUES ("3119093", "3119224", "2024-04-07");
INSERT INTO Works_On (Researcher_ID,Project_ID,Start_Date) VALUES ("3119054", "3119498", "2024-10-15");
INSERT INTO Works_On (Researcher_ID,Project_ID,Start_Date) VALUES ("3119408", "3119496", "2022-12-16");
INSERT INTO Works_On (Researcher_ID,Project_ID,Start_Date) VALUES ("3119114", "3119910", "2021-06-29");
INSERT INTO Works_On (Researcher_ID,Project_ID,Start_Date) VALUES ("3119380", "3119757", "2022-03-18");
INSERT INTO Works_On (Researcher_ID,Project_ID,Start_Date) VALUES ("3119441", "3119828", "2022-06-12");
INSERT INTO Works_On (Researcher_ID,Project_ID,Start_Date) VALUES ("3119290", "3119785", "2024-01-30");
INSERT INTO Works_On (Researcher_ID,Project_ID,Start_Date) VALUES ("3119297", "3119916", "2021-07-06");
INSERT INTO Works_On (Researcher_ID,Project_ID,Start_Date) VALUES ("3119095", "3119776", "2020-01-14");
INSERT INTO Works_On (Researcher_ID,Project_ID,Start_Date) VALUES ("3119017", "3119438", "2021-10-24");
INSERT INTO Works_On (Researcher_ID,Project_ID,Start_Date) VALUES ("3119183", "3119597", "2021-05-01");
INSERT INTO Works_On (Researcher_ID,Project_ID,Start_Date) VALUES ("3119064", "3119295", "2021-11-13");
INSERT INTO Works_On (Researcher_ID,Project_ID,Start_Date) VALUES ("3119005", "3119837", "2022-02-01");
INSERT INTO Works_On (Researcher_ID,Project_ID,Start_Date) VALUES ("3119161", "3119010", "2023-12-09");
INSERT INTO Works_On (Researcher_ID,Project_ID,Start_Date) VALUES ("3119523", "3120039", "2023-03-28");
INSERT INTO Works_On (Researcher_ID,Project_ID,Start_Date) VALUES ("3119352", "3119566", "2025-06-27");
INSERT INTO Works_On (Researcher_ID,Project_ID,Start_Date) VALUES ("3119246", "3119251", "2022-08-13");
INSERT INTO Works_On (Researcher_ID,Project_ID,Start_Date) VALUES ("3119332", "3120190", "2022-11-21");
INSERT INTO Works_On (Researcher_ID,Project_ID,Start_Date) VALUES ("3119259", "3120182", "2021-08-14");
INSERT INTO Works_On (Researcher_ID,Project_ID,Start_Date) VALUES ("3119322", "3119209", "2022-11-29");
INSERT INTO Works_On (Researcher_ID,Project_ID,Start_Date) VALUES ("3119593", "3119079", "2022-12-25");
INSERT INTO Works_On (Researcher_ID,Project_ID,Start_Date) VALUES ("3119247", "3120188", "2021-02-23");
INSERT INTO Works_On (Researcher_ID,Project_ID,Start_Date) VALUES ("3119532", "3119641", "2024-04-02");
INSERT INTO Works_On (Researcher_ID,Project_ID,Start_Date) VALUES ("3119356", "3119551", "2022-07-18");
INSERT INTO Works_On (Researcher_ID,Project_ID,Start_Date) VALUES ("3119345", "3119137", "2023-03-16");
INSERT INTO Works_On (Researcher_ID,Project_ID,Start_Date) VALUES ("3119489", "3120047", "2021-10-02");
INSERT INTO Works_On (Researcher_ID,Project_ID,Start_Date) VALUES ("3119132", "3119432", "2022-04-05");
INSERT INTO Works_On (Researcher_ID,Project_ID,Start_Date) VALUES ("3119182", "3119861", "2022-01-05");
INSERT INTO Works_On (Researcher_ID,Project_ID,Start_Date) VALUES ("3119269", "3120162", "2024-08-02");
INSERT INTO Works_On (Researcher_ID,Project_ID,Start_Date) VALUES ("3119111", "3119775", "2023-04-29");
INSERT INTO Works_On (Researcher_ID,Project_ID,Start_Date) VALUES ("3119122", "3120049", "2023-09-24");
INSERT INTO Works_On (Researcher_ID,Project_ID,Start_Date) VALUES ("3119419", "3119157", "2020-08-08");
INSERT INTO Works_On (Researcher_ID,Project_ID,Start_Date) VALUES ("3119162", "3119528", "2022-09-12");
INSERT INTO Works_On (Researcher_ID,Project_ID,Start_Date) VALUES ("3119553", "3120062", "2021-05-08");
INSERT INTO Works_On (Researcher_ID,Project_ID,Start_Date) VALUES ("3119392", "3119974", "2023-01-23");
INSERT INTO Works_On (Researcher_ID,Project_ID,Start_Date) VALUES ("3119592", "3119628", "2024-09-29");
INSERT INTO Works_On (Researcher_ID,Project_ID,Start_Date) VALUES ("3119233", "3119228", "2023-02-25");
INSERT INTO Works_On (Researcher_ID,Project_ID,Start_Date) VALUES ("3119265", "3119829", "2022-12-13");
INSERT INTO Works_On (Researcher_ID,Project_ID,Start_Date) VALUES ("3119224", "3119841", "2023-01-06");
INSERT INTO Works_On (Researcher_ID,Project_ID,Start_Date) VALUES ("3119227", "3119887", "2022-01-17");
INSERT INTO Works_On (Researcher_ID,Project_ID,Start_Date) VALUES ("3119391", "3120064", "2021-04-18");
INSERT INTO Works_On (Researcher_ID,Project_ID,Start_Date) VALUES ("3119341", "3119755", "2023-05-14");
INSERT INTO Works_On (Researcher_ID,Project_ID,Start_Date) VALUES ("3119147", "3119328", "2020-05-27");
INSERT INTO Works_On (Researcher_ID,Project_ID,Start_Date) VALUES ("3119474", "3119527", "2023-05-04");
INSERT INTO Works_On (Researcher_ID,Project_ID,Start_Date) VALUES ("3119004", "3120008", "2022-09-24");
INSERT INTO Works_On (Researcher_ID,Project_ID,Start_Date) VALUES ("3119201", "3119239", "2021-10-20");
INSERT INTO Works_On (Researcher_ID,Project_ID,Start_Date) VALUES ("3119155", "3119117", "2021-04-03");
INSERT INTO Works_On (Researcher_ID,Project_ID,Start_Date) VALUES ("3119405", "3119984", "2020-10-01");
INSERT INTO Works_On (Researcher_ID,Project_ID,Start_Date) VALUES ("3119282", "3119605", "2022-06-03");
INSERT INTO Works_On (Researcher_ID,Project_ID,Start_Date) VALUES ("3119496", "3119014", "2021-02-10");
INSERT INTO Works_On (Researcher_ID,Project_ID,Start_Date) VALUES ("3119303", "3119775", "2022-03-04");
INSERT INTO Works_On (Researcher_ID,Project_ID,Start_Date) VALUES ("3119434", "3119118", "2022-01-24");
INSERT INTO Works_On (Researcher_ID,Project_ID,Start_Date) VALUES ("3119083", "3120073", "2022-07-29");
INSERT INTO Works_On (Researcher_ID,Project_ID,Start_Date) VALUES ("3119088", "3119099", "2022-02-06");
INSERT INTO Works_On (Researcher_ID,Project_ID,Start_Date) VALUES ("3119479", "3119982", "2024-06-24");
INSERT INTO Works_On (Researcher_ID,Project_ID,Start_Date) VALUES ("3119009", "3119932", "2023-01-17");
INSERT INTO Works_On (Researcher_ID,Project_ID,Start_Date) VALUES ("3119400", "3119587", "2022-04-06");
INSERT INTO Works_On (Researcher_ID,Project_ID,Start_Date) VALUES ("3119403", "3119251", "2023-03-31");
INSERT INTO Works_On (Researcher_ID,Project_ID,Start_Date) VALUES ("3119119", "3119193", "2021-02-15");
INSERT INTO Works_On (Researcher_ID,Project_ID,Start_Date) VALUES ("3119185", "3119276", "2024-03-08");
INSERT INTO Works_On (Researcher_ID,Project_ID,Start_Date) VALUES ("3119030", "3119777", "2021-06-29");
INSERT INTO Works_On (Researcher_ID,Project_ID,Start_Date) VALUES ("3119417", "3119577", "2021-12-19");
INSERT INTO Works_On (Researcher_ID,Project_ID,Start_Date) VALUES ("3119385", "3119002", "2024-04-15");
INSERT INTO Works_On (Researcher_ID,Project_ID,Start_Date) VALUES ("3119490", "3119705", "2024-04-05");
INSERT INTO Works_On (Researcher_ID,Project_ID,Start_Date) VALUES ("3119517", "3119316", "2022-01-07");
INSERT INTO Works_On (Researcher_ID,Project_ID,Start_Date) VALUES ("3119275", "3119271", "2022-08-07");
INSERT INTO Works_On (Researcher_ID,Project_ID,Start_Date) VALUES ("3119169", "3119342", "2021-10-15");
INSERT INTO Works_On (Researcher_ID,Project_ID,Start_Date) VALUES ("3119060", "3120174", "2022-03-16");
INSERT INTO Works_On (Researcher_ID,Project_ID,Start_Date) VALUES ("3119015", "3120177", "2020-11-27");
INSERT INTO Works_On (Researcher_ID,Project_ID,Start_Date) VALUES ("3119202", "3119828", "2022-10-14");
INSERT INTO Works_On (Researcher_ID,Project_ID,Start_Date) VALUES ("3119169", "3120106", "2022-02-23");
INSERT INTO Works_On (Researcher_ID,Project_ID,Start_Date) VALUES ("3119180", "3119458", "2022-10-22");
INSERT INTO Works_On (Researcher_ID,Project_ID,Start_Date) VALUES ("3119434", "3119965", "2022-05-31");
INSERT INTO Works_On (Researcher_ID,Project_ID,Start_Date) VALUES ("3119528", "3119125", "2022-02-12");
INSERT INTO Works_On (Researcher_ID,Project_ID,Start_Date) VALUES ("3119407", "3119349", "2022-03-09");
INSERT INTO Works_On (Researcher_ID,Project_ID,Start_Date) VALUES ("3119226", "3119496", "2022-07-11");
INSERT INTO Works_On (Researcher_ID,Project_ID,Start_Date) VALUES ("3119350", "3119664", "2020-09-10");
INSERT INTO Works_On (Researcher_ID,Project_ID,Start_Date) VALUES ("3119240", "3120177", "2020-12-28");
INSERT INTO Works_On (Researcher_ID,Project_ID,Start_Date) VALUES ("3119029", "3119758", "2022-04-07");
INSERT INTO Works_On (Researcher_ID,Project_ID,Start_Date) VALUES ("3119081", "3119304", "2023-06-16");
INSERT INTO Works_On (Researcher_ID,Project_ID,Start_Date) VALUES ("3119581", "3119744", "2021-06-29");
INSERT INTO Works_On (Researcher_ID,Project_ID,Start_Date) VALUES ("3119066", "3119259", "2024-04-11");
INSERT INTO Works_On (Researcher_ID,Project_ID,Start_Date) VALUES ("3119459", "3119995", "2022-04-18");
INSERT INTO Works_On (Researcher_ID,Project_ID,Start_Date) VALUES ("3119304", "3119456", "2022-11-01");
INSERT INTO Works_On (Researcher_ID,Project_ID,Start_Date) VALUES ("3119073", "3119604", "2021-03-19");
INSERT INTO Works_On (Researcher_ID,Project_ID,Start_Date) VALUES ("3119564", "3119143", "2022-07-29");
INSERT INTO Works_On (Researcher_ID,Project_ID,Start_Date) VALUES ("3119493", "3119440", "2020-05-09");
INSERT INTO Works_On (Researcher_ID,Project_ID,Start_Date) VALUES ("3119585", "3119751", "2020-03-04");
INSERT INTO Works_On (Researcher_ID,Project_ID,Start_Date) VALUES ("3119049", "3119944", "2021-09-21");
INSERT INTO Works_On (Researcher_ID,Project_ID,Start_Date) VALUES ("3119505", "3120153", "2022-12-01");
INSERT INTO Works_On (Researcher_ID,Project_ID,Start_Date) VALUES ("3119415", "3119527", "2023-05-08");
INSERT INTO Works_On (Researcher_ID,Project_ID,Start_Date) VALUES ("3119469", "3119374", "2022-12-16");
INSERT INTO Works_On (Researcher_ID,Project_ID,Start_Date) VALUES ("3119377", "3119503", "2023-07-16");
INSERT INTO Works_On (Researcher_ID,Project_ID,Start_Date) VALUES ("3119338", "3119320", "2023-05-18");
INSERT INTO Works_On (Researcher_ID,Project_ID,Start_Date) VALUES ("3119591", "3119938", "2020-12-13");
INSERT INTO Works_On (Researcher_ID,Project_ID,Start_Date) VALUES ("3119517", "3119529", "2021-11-06");
INSERT INTO Works_On (Researcher_ID,Project_ID,Start_Date) VALUES ("3119417", "3119820", "2022-04-10");
INSERT INTO Works_On (Researcher_ID,Project_ID,Start_Date) VALUES ("3119595", "3119378", "2020-08-23");
INSERT INTO Works_On (Researcher_ID,Project_ID,Start_Date) VALUES ("3119546", "3119973", "2023-07-18");
INSERT INTO Works_On (Researcher_ID,Project_ID,Start_Date) VALUES ("3119582", "3119284", "2023-08-10");
INSERT INTO Works_On (Researcher_ID,Project_ID,Start_Date) VALUES ("3119506", "3119584", "2023-12-01");
INSERT INTO Works_On (Researcher_ID,Project_ID,Start_Date) VALUES ("3119100", "3119422", "2022-02-06");
INSERT INTO Works_On (Researcher_ID,Project_ID,Start_Date) VALUES ("3119140", "3119322", "2022-05-23");
INSERT INTO Works_On (Researcher_ID,Project_ID,Start_Date) VALUES ("3119211", "3119098", "2023-01-06");
INSERT INTO Works_On (Researcher_ID,Project_ID,Start_Date) VALUES ("3119390", "3119471", "2022-09-24");
INSERT INTO Works_On (Researcher_ID,Project_ID,Start_Date) VALUES ("3119315", "3119087", "2024-02-29");
INSERT INTO Works_On (Researcher_ID,Project_ID,Start_Date) VALUES ("3119059", "3119537", "2022-07-03");
INSERT INTO Works_On (Researcher_ID,Project_ID,Start_Date) VALUES ("3119146", "3119462", "2021-03-26");
INSERT INTO Works_On (Researcher_ID,Project_ID,Start_Date) VALUES ("3119426", "3119452", "2024-03-30");
INSERT INTO Works_On (Researcher_ID,Project_ID,Start_Date) VALUES ("3119076", "3119935", "2024-05-03");
INSERT INTO Works_On (Researcher_ID,Project_ID,Start_Date) VALUES ("3119105", "3119127", "2020-02-15");
INSERT INTO Works_On (Researcher_ID,Project_ID,Start_Date) VALUES ("3119541", "3119785", "2022-11-20");
INSERT INTO Works_On (Researcher_ID,Project_ID,Start_Date) VALUES ("3119223", "3119290", "2022-03-05");
INSERT INTO Works_On (Researcher_ID,Project_ID,Start_Date) VALUES ("3119511", "3120149", "2023-03-10");
INSERT INTO Works_On (Researcher_ID,Project_ID,Start_Date) VALUES ("3119533", "3119111", "2021-12-12");
INSERT INTO Works_On (Researcher_ID,Project_ID,Start_Date) VALUES ("3119516", "3119653", "2024-02-16");
INSERT INTO Works_On (Researcher_ID,Project_ID,Start_Date) VALUES ("3119126", "3119435", "2020-09-24");
INSERT INTO Works_On (Researcher_ID,Project_ID,Start_Date) VALUES ("3119122", "3119191", "2022-07-27");
INSERT INTO Works_On (Researcher_ID,Project_ID,Start_Date) VALUES ("3119514", "3119780", "2022-12-26");
INSERT INTO Works_On (Researcher_ID,Project_ID,Start_Date) VALUES ("3119184", "3119798", "2023-05-02");
INSERT INTO Works_On (Researcher_ID,Project_ID,Start_Date) VALUES ("3119335", "3119453", "2022-01-15");
INSERT INTO Works_On (Researcher_ID,Project_ID,Start_Date) VALUES ("3119413", "3119114", "2023-10-06");
INSERT INTO Works_On (Researcher_ID,Project_ID,Start_Date) VALUES ("3119393", "3120005", "2023-11-08");
INSERT INTO Works_On (Researcher_ID,Project_ID,Start_Date) VALUES ("3119331", "3119249", "2022-10-16");
INSERT INTO Works_On (Researcher_ID,Project_ID,Start_Date) VALUES ("3119127", "3119895", "2021-11-25");
INSERT INTO Works_On (Researcher_ID,Project_ID,Start_Date) VALUES ("3119569", "3120109", "2020-06-14");
INSERT INTO Works_On (Researcher_ID,Project_ID,Start_Date) VALUES ("3119452", "3119499", "2022-03-06");
INSERT INTO Works_On (Researcher_ID,Project_ID,Start_Date) VALUES ("3119562", "3119550", "2022-05-12");
INSERT INTO Works_On (Researcher_ID,Project_ID,Start_Date) VALUES ("3119180", "3119733", "2021-02-04");
INSERT INTO Works_On (Researcher_ID,Project_ID,Start_Date) VALUES ("3119358", "3119750", "2023-08-01");
INSERT INTO Works_On (Researcher_ID,Project_ID,Start_Date) VALUES ("3119118", "3119940", "2021-09-13");
INSERT INTO Works_On (Researcher_ID,Project_ID,Start_Date) VALUES ("3119360", "3119467", "2021-05-16");
INSERT INTO Works_On (Researcher_ID,Project_ID,Start_Date) VALUES ("3119337", "3119298", "2022-10-05");
INSERT INTO Works_On (Researcher_ID,Project_ID,Start_Date) VALUES ("3119259", "3119536", "2021-08-14");
INSERT INTO Works_On (Researcher_ID,Project_ID,Start_Date) VALUES ("3119334", "3119379", "2022-01-01");
INSERT INTO Works_On (Researcher_ID,Project_ID,Start_Date) VALUES ("3119199", "3119306", "2021-09-15");
INSERT INTO Works_On (Researcher_ID,Project_ID,Start_Date) VALUES ("3119372", "3119383", "2021-10-08");
INSERT INTO Works_On (Researcher_ID,Project_ID,Start_Date) VALUES ("3119083", "3119778", "2021-08-18");
INSERT INTO Works_On (Researcher_ID,Project_ID,Start_Date) VALUES ("3119356", "3119773", "2021-09-16");
INSERT INTO Works_On (Researcher_ID,Project_ID,Start_Date) VALUES ("3119299", "3119668", "2022-10-21");
INSERT INTO Works_On (Researcher_ID,Project_ID,Start_Date) VALUES ("3119316", "3120032", "2023-06-26");
INSERT INTO Works_On (Researcher_ID,Project_ID,Start_Date) VALUES ("3119558", "3119402", "2021-08-15");
INSERT INTO Works_On (Researcher_ID,Project_ID,Start_Date) VALUES ("3119082", "3120179", "2020-09-20");
INSERT INTO Works_On (Researcher_ID,Project_ID,Start_Date) VALUES ("3119577", "3120125", "2022-09-22");
INSERT INTO Works_On (Researcher_ID,Project_ID,Start_Date) VALUES ("3119326", "3119608", "2021-01-30");
INSERT INTO Works_On (Researcher_ID,Project_ID,Start_Date) VALUES ("3119319", "3119613", "2022-06-20");
INSERT INTO Works_On (Researcher_ID,Project_ID,Start_Date) VALUES ("3119018", "3119845", "2023-04-18");
INSERT INTO Works_On (Researcher_ID,Project_ID,Start_Date) VALUES ("3119432", "3119409", "2021-07-09");
INSERT INTO Works_On (Researcher_ID,Project_ID,Start_Date) VALUES ("3119296", "3119764", "2020-09-21");
INSERT INTO Works_On (Researcher_ID,Project_ID,Start_Date) VALUES ("3119431", "3119715", "2023-05-25");
INSERT INTO Works_On (Researcher_ID,Project_ID,Start_Date) VALUES ("3119531", "3120053", "2022-07-16");
INSERT INTO Works_On (Researcher_ID,Project_ID,Start_Date) VALUES ("3119428", "3120031", "2023-06-28");
INSERT INTO Works_On (Researcher_ID,Project_ID,Start_Date) VALUES ("3119415", "3119333", "2025-03-27");
INSERT INTO Works_On (Researcher_ID,Project_ID,Start_Date) VALUES ("3119491", "3119186", "2022-04-14");
INSERT INTO Works_On (Researcher_ID,Project_ID,Start_Date) VALUES ("3119324", "3119363", "2022-11-14");
INSERT INTO Works_On (Researcher_ID,Project_ID,Start_Date) VALUES ("3119344", "3119688", "2022-10-03");
INSERT INTO Works_On (Researcher_ID,Project_ID,Start_Date) VALUES ("3119346", "3119262", "2023-09-23");
INSERT INTO Works_On (Researcher_ID,Project_ID,Start_Date) VALUES ("3119080", "3120156", "2020-07-22");
INSERT INTO Works_On (Researcher_ID,Project_ID,Start_Date) VALUES ("3119194", "3119550", "2022-08-30");
INSERT INTO Works_On (Researcher_ID,Project_ID,Start_Date) VALUES ("3119321", "3119084", "2023-06-09");
INSERT INTO Works_On (Researcher_ID,Project_ID,Start_Date) VALUES ("3119594", "3119481", "2023-12-10");
INSERT INTO Works_On (Researcher_ID,Project_ID,Start_Date) VALUES ("3119561", "3120065", "2022-02-11");
INSERT INTO Works_On (Researcher_ID,Project_ID,Start_Date) VALUES ("3119330", "3119664", "2020-09-29");
INSERT INTO Works_On (Researcher_ID,Project_ID,Start_Date) VALUES ("3119265", "3119818", "2021-10-19");
INSERT INTO Works_On (Researcher_ID,Project_ID,Start_Date) VALUES ("3119500", "3119565", "2020-11-20");
INSERT INTO Works_On (Researcher_ID,Project_ID,Start_Date) VALUES ("3119319", "3119839", "2023-01-16");
INSERT INTO Works_On (Researcher_ID,Project_ID,Start_Date) VALUES ("3119159", "3119809", "2022-09-21");
INSERT INTO Works_On (Researcher_ID,Project_ID,Start_Date) VALUES ("3119310", "3119180", "2022-07-13");
INSERT INTO Works_On (Researcher_ID,Project_ID,Start_Date) VALUES ("3119214", "3119510", "2023-11-30");
INSERT INTO Works_On (Researcher_ID,Project_ID,Start_Date) VALUES ("3119564", "3119780", "2022-03-16");
INSERT INTO Works_On (Researcher_ID,Project_ID,Start_Date) VALUES ("3119195", "3119192", "2021-10-21");
INSERT INTO Works_On (Researcher_ID,Project_ID,Start_Date) VALUES ("3119153", "3119540", "2021-09-02");
INSERT INTO Works_On (Researcher_ID,Project_ID,Start_Date) VALUES ("3119400", "3119867", "2020-12-25");
INSERT INTO Works_On (Researcher_ID,Project_ID,Start_Date) VALUES ("3119547", "3119668", "2023-05-27");
INSERT INTO Works_On (Researcher_ID,Project_ID,Start_Date) VALUES ("3119439", "3119371", "2023-02-07");
INSERT INTO Works_On (Researcher_ID,Project_ID,Start_Date) VALUES ("3119151", "3119335", "2022-04-26");
INSERT INTO Works_On (Researcher_ID,Project_ID,Start_Date) VALUES ("3119558", "3119435", "2020-06-13");
INSERT INTO Works_On (Researcher_ID,Project_ID,Start_Date) VALUES ("3119574", "3119840", "2024-01-10");
INSERT INTO Works_On (Researcher_ID,Project_ID,Start_Date) VALUES ("3119503", "3120160", "2020-11-30");
INSERT INTO Works_On (Researcher_ID,Project_ID,Start_Date) VALUES ("3119167", "3119529", "2022-10-27");
INSERT INTO Works_On (Researcher_ID,Project_ID,Start_Date) VALUES ("3119276", "3120170", "2022-07-04");
INSERT INTO Works_On (Researcher_ID,Project_ID,Start_Date) VALUES ("3119467", "3119221", "2023-02-10");
INSERT INTO Works_On (Researcher_ID,Project_ID,Start_Date) VALUES ("3119243", "3120187", "2022-01-09");
INSERT INTO Works_On (Researcher_ID,Project_ID,Start_Date) VALUES ("3119234", "3119835", "2023-01-17");
INSERT INTO Works_On (Researcher_ID,Project_ID,Start_Date) VALUES ("3119376", "3119849", "2022-05-07");
INSERT INTO Works_On (Researcher_ID,Project_ID,Start_Date) VALUES ("3119064", "3120119", "2021-08-03");
INSERT INTO Works_On (Researcher_ID,Project_ID,Start_Date) VALUES ("3119114", "3119482", "2021-02-18");
INSERT INTO Works_On (Researcher_ID,Project_ID,Start_Date) VALUES ("3119373", "3119764", "2022-05-23");
INSERT INTO Works_On (Researcher_ID,Project_ID,Start_Date) VALUES ("3119576", "3120060", "2023-01-08");
INSERT INTO Works_On (Researcher_ID,Project_ID,Start_Date) VALUES ("3119140", "3119122", "2020-12-21");
INSERT INTO Works_On (Researcher_ID,Project_ID,Start_Date) VALUES ("3119356", "3119651", "2023-05-23");
INSERT INTO Works_On (Researcher_ID,Project_ID,Start_Date) VALUES ("3119557", "3119064", "2021-12-08");
INSERT INTO Works_On (Researcher_ID,Project_ID,Start_Date) VALUES ("3119346", "3120057", "2021-11-26");
INSERT INTO Works_On (Researcher_ID,Project_ID,Start_Date) VALUES ("3119593", "3119608", "2020-09-12");
INSERT INTO Works_On (Researcher_ID,Project_ID,Start_Date) VALUES ("3119040", "3119593", "2022-12-09");
INSERT INTO Works_On (Researcher_ID,Project_ID,Start_Date) VALUES ("3119007", "3120085", "2023-12-22");
INSERT INTO Works_On (Researcher_ID,Project_ID,Start_Date) VALUES ("3119302", "3119150", "2023-10-18");
INSERT INTO Works_On (Researcher_ID,Project_ID,Start_Date) VALUES ("3119428", "3120181", "2023-10-16");
INSERT INTO Works_On (Researcher_ID,Project_ID,Start_Date) VALUES ("3119587", "3120072", "2022-04-14");
INSERT INTO Works_On (Researcher_ID,Project_ID,Start_Date) VALUES ("3119399", "3119392", "2021-12-30");
INSERT INTO Works_On (Researcher_ID,Project_ID,Start_Date) VALUES ("3119453", "3119522", "2022-12-27");
INSERT INTO Works_On (Researcher_ID,Project_ID,Start_Date) VALUES ("3119043", "3120013", "2023-11-25");
INSERT INTO Works_On (Researcher_ID,Project_ID,Start_Date) VALUES ("3119228", "3119835", "2022-10-20");
INSERT INTO Works_On (Researcher_ID,Project_ID,Start_Date) VALUES ("3119354", "3119902", "2022-02-21");
INSERT INTO Works_On (Researcher_ID,Project_ID,Start_Date) VALUES ("3119259", "3119660", "2021-04-21");
INSERT INTO Works_On (Researcher_ID,Project_ID,Start_Date) VALUES ("3119484", "3119163", "2021-02-03");
INSERT INTO Works_On (Researcher_ID,Project_ID,Start_Date) VALUES ("3119547", "3119578", "2021-01-18");
INSERT INTO Works_On (Researcher_ID,Project_ID,Start_Date) VALUES ("3119469", "3119287", "2022-12-06");
INSERT INTO Works_On (Researcher_ID,Project_ID,Start_Date) VALUES ("3119382", "3119180", "2022-01-15");
INSERT INTO Works_On (Researcher_ID,Project_ID,Start_Date) VALUES ("3119269", "3119959", "2022-01-24");
INSERT INTO Works_On (Researcher_ID,Project_ID,Start_Date) VALUES ("3119204", "3119495", "2022-08-14");
INSERT INTO Works_On (Researcher_ID,Project_ID,Start_Date) VALUES ("3119160", "3119218", "2023-02-12");
INSERT INTO Works_On (Researcher_ID,Project_ID,Start_Date) VALUES ("3119295", "3120183", "2021-04-17");
INSERT INTO Works_On (Researcher_ID,Project_ID,Start_Date) VALUES ("3119182", "3119712", "2021-07-20");
INSERT INTO Works_On (Researcher_ID,Project_ID,Start_Date) VALUES ("3119168", "3120064", "2021-08-05");
INSERT INTO Works_On (Researcher_ID,Project_ID,Start_Date) VALUES ("3119129", "3119076", "2021-05-15");
INSERT INTO Works_On (Researcher_ID,Project_ID,Start_Date) VALUES ("3119096", "3119224", "2022-07-15");
INSERT INTO Works_On (Researcher_ID,Project_ID,Start_Date) VALUES ("3119232", "3119666", "2022-05-29");
INSERT INTO Works_On (Researcher_ID,Project_ID,Start_Date) VALUES ("3119543", "3120065", "2022-07-23");
INSERT INTO Works_On (Researcher_ID,Project_ID,Start_Date) VALUES ("3119127", "3119553", "2022-08-16");
INSERT INTO Works_On (Researcher_ID,Project_ID,Start_Date) VALUES ("3119307", "3119740", "2022-03-06");
INSERT INTO Works_On (Researcher_ID,Project_ID,Start_Date) VALUES ("3119177", "3120096", "2024-01-09");
INSERT INTO Works_On (Researcher_ID,Project_ID,Start_Date) VALUES ("3119476", "3120079", "2020-10-13");
INSERT INTO Works_On (Researcher_ID,Project_ID,Start_Date) VALUES ("3119433", "3119132", "2021-10-29");
INSERT INTO Works_On (Researcher_ID,Project_ID,Start_Date) VALUES ("3119017", "3119529", "2020-09-18");
INSERT INTO Works_On (Researcher_ID,Project_ID,Start_Date) VALUES ("3119433", "3119330", "2024-10-14");
INSERT INTO Works_On (Researcher_ID,Project_ID,Start_Date) VALUES ("3119217", "3119341", "2023-10-27");
INSERT INTO Works_On (Researcher_ID,Project_ID,Start_Date) VALUES ("3119256", "3119012", "2024-06-17");
INSERT INTO Works_On (Researcher_ID,Project_ID,Start_Date) VALUES ("3119012", "3119046", "2023-03-01");
INSERT INTO Works_On (Researcher_ID,Project_ID,Start_Date) VALUES ("3119570", "3119524", "2022-10-31");
INSERT INTO Works_On (Researcher_ID,Project_ID,Start_Date) VALUES ("3119365", "3119931", "2020-02-02");
INSERT INTO Works_On (Researcher_ID,Project_ID,Start_Date) VALUES ("3119191", "3120047", "2022-09-04");
INSERT INTO Works_On (Researcher_ID,Project_ID,Start_Date) VALUES ("3119288", "3119676", "2021-07-05");
INSERT INTO Works_On (Researcher_ID,Project_ID,Start_Date) VALUES ("3119020", "3119028", "2023-05-28");
INSERT INTO Works_On (Researcher_ID,Project_ID,Start_Date) VALUES ("3119431", "3119848", "2023-03-23");
INSERT INTO Works_On (Researcher_ID,Project_ID,Start_Date) VALUES ("3119523", "3120035", "2022-03-09");
INSERT INTO Works_On (Researcher_ID,Project_ID,Start_Date) VALUES ("3119152", "3119517", "2023-02-10");
INSERT INTO Works_On (Researcher_ID,Project_ID,Start_Date) VALUES ("3119338", "3119534", "2021-09-05");
INSERT INTO Works_On (Researcher_ID,Project_ID,Start_Date) VALUES ("3119103", "3119359", "2021-10-06");
INSERT INTO Works_On (Researcher_ID,Project_ID,Start_Date) VALUES ("3119096", "3120074", "2023-11-29");
INSERT INTO Works_On (Researcher_ID,Project_ID,Start_Date) VALUES ("3119412", "3120192", "2022-12-29");
INSERT INTO Works_On (Researcher_ID,Project_ID,Start_Date) VALUES ("3119041", "3119750", "2022-12-23");
INSERT INTO Works_On (Researcher_ID,Project_ID,Start_Date) VALUES ("3119356", "3119741", "2022-04-22");
INSERT INTO Works_On (Researcher_ID,Project_ID,Start_Date) VALUES ("3119375", "3119277", "2023-01-21");
INSERT INTO Works_On (Researcher_ID,Project_ID,Start_Date) VALUES ("3119130", "3119287", "2022-08-13");
INSERT INTO Works_On (Researcher_ID,Project_ID,Start_Date) VALUES ("3119219", "3119301", "2024-01-09");
INSERT INTO Works_On (Researcher_ID,Project_ID,Start_Date) VALUES ("3119007", "3119604", "2020-12-18");
INSERT INTO Works_On (Researcher_ID,Project_ID,Start_Date) VALUES ("3119114", "3120033", "2024-01-11");
INSERT INTO Works_On (Researcher_ID,Project_ID,Start_Date) VALUES ("3119009", "3119132", "2021-08-30");
INSERT INTO Works_On (Researcher_ID,Project_ID,Start_Date) VALUES ("3119480", "3119975", "2021-12-16");
INSERT INTO Works_On (Researcher_ID,Project_ID,Start_Date) VALUES ("3119503", "3119335", "2023-03-24");
INSERT INTO Works_On (Researcher_ID,Project_ID,Start_Date) VALUES ("3119419", "3119384", "2024-03-12");
INSERT INTO Works_On (Researcher_ID,Project_ID,Start_Date) VALUES ("3119488", "3119332", "2022-01-12");
INSERT INTO Works_On (Researcher_ID,Project_ID,Start_Date) VALUES ("3119249", "3120120", "2023-01-18");
INSERT INTO Works_On (Researcher_ID,Project_ID,Start_Date) VALUES ("3119208", "3119306", "2022-03-02");
INSERT INTO Works_On (Researcher_ID,Project_ID,Start_Date) VALUES ("3119087", "3119765", "2020-10-14");
INSERT INTO Works_On (Researcher_ID,Project_ID,Start_Date) VALUES ("3119414", "3119339", "2024-05-12");
INSERT INTO Works_On (Researcher_ID,Project_ID,Start_Date) VALUES ("3119129", "3119296", "2022-01-24");
INSERT INTO Works_On (Researcher_ID,Project_ID,Start_Date) VALUES ("3119479", "3119072", "2022-04-20");
INSERT INTO Works_On (Researcher_ID,Project_ID,Start_Date) VALUES ("3119354", "3119808", "2022-05-11");
INSERT INTO Works_On (Researcher_ID,Project_ID,Start_Date) VALUES ("3119552", "3119900", "2022-07-30");
INSERT INTO Works_On (Researcher_ID,Project_ID,Start_Date) VALUES ("3119279", "3119308", "2021-07-16");
INSERT INTO Works_On (Researcher_ID,Project_ID,Start_Date) VALUES ("3119023", "3119276", "2023-02-19");
INSERT INTO Works_On (Researcher_ID,Project_ID,Start_Date) VALUES ("3119116", "3119618", "2020-05-07");
INSERT INTO Works_On (Researcher_ID,Project_ID,Start_Date) VALUES ("3119341", "3119955", "2022-09-10");
INSERT INTO Works_On (Researcher_ID,Project_ID,Start_Date) VALUES ("3119190", "3119487", "2021-11-26");
INSERT INTO Works_On (Researcher_ID,Project_ID,Start_Date) VALUES ("3119459", "3119851", "2020-12-14");
INSERT INTO Works_On (Researcher_ID,Project_ID,Start_Date) VALUES ("3119090", "3119903", "2025-07-28");
INSERT INTO Works_On (Researcher_ID,Project_ID,Start_Date) VALUES ("3119193", "3119682", "2022-09-04");
INSERT INTO Works_On (Researcher_ID,Project_ID,Start_Date) VALUES ("3119078", "3119399", "2024-11-05");
INSERT INTO Works_On (Researcher_ID,Project_ID,Start_Date) VALUES ("3119093", "3119889", "2022-05-18");
INSERT INTO Works_On (Researcher_ID,Project_ID,Start_Date) VALUES ("3119325", "3119902", "2025-03-13");
INSERT INTO Works_On (Researcher_ID,Project_ID,Start_Date) VALUES ("3119110", "3119817", "2022-03-17");
INSERT INTO Works_On (Researcher_ID,Project_ID,Start_Date) VALUES ("3119377", "3119796", "2023-12-30");
INSERT INTO Works_On (Researcher_ID,Project_ID,Start_Date) VALUES ("3119388", "3119085", "2022-05-07");
INSERT INTO Works_On (Researcher_ID,Project_ID,Start_Date) VALUES ("3119035", "3119648", "2022-08-23");
INSERT INTO Works_On (Researcher_ID,Project_ID,Start_Date) VALUES ("3119180", "3119355", "2020-12-25");
INSERT INTO Works_On (Researcher_ID,Project_ID,Start_Date) VALUES ("3119464", "3119990", "2023-04-29");
INSERT INTO Works_On (Researcher_ID,Project_ID,Start_Date) VALUES ("3119443", "3119492", "2021-03-14");
INSERT INTO Works_On (Researcher_ID,Project_ID,Start_Date) VALUES ("3119518", "3119875", "2021-01-03");
INSERT INTO Works_On (Researcher_ID,Project_ID,Start_Date) VALUES ("3119401", "3119126", "2022-02-11");
INSERT INTO Works_On (Researcher_ID,Project_ID,Start_Date) VALUES ("3119536", "3120076", "2021-08-03");
INSERT INTO Works_On (Researcher_ID,Project_ID,Start_Date) VALUES ("3119076", "3119932", "2021-08-31");
INSERT INTO Works_On (Researcher_ID,Project_ID,Start_Date) VALUES ("3119292", "3119105", "2024-12-26");
INSERT INTO Works_On (Researcher_ID,Project_ID,Start_Date) VALUES ("3119279", "3119914", "2021-02-24");
INSERT INTO Works_On (Researcher_ID,Project_ID,Start_Date) VALUES ("3119406", "3119057", "2023-07-24");
INSERT INTO Works_On (Researcher_ID,Project_ID,Start_Date) VALUES ("3119089", "3119837", "2022-03-18");
INSERT INTO Works_On (Researcher_ID,Project_ID,Start_Date) VALUES ("3119250", "3119488", "2025-02-27");
INSERT INTO Works_On (Researcher_ID,Project_ID,Start_Date) VALUES ("3119339", "3119163", "2022-08-13");
INSERT INTO Works_On (Researcher_ID,Project_ID,Start_Date) VALUES ("3119154", "3119015", "2022-07-10");
INSERT INTO Works_On (Researcher_ID,Project_ID,Start_Date) VALUES ("3119560", "3119535", "2020-07-18");
INSERT INTO Works_On (Researcher_ID,Project_ID,Start_Date) VALUES ("3119322", "3119093", "2021-05-07");
INSERT INTO Works_On (Researcher_ID,Project_ID,Start_Date) VALUES ("3119179", "3119677", "2022-03-27");
INSERT INTO Works_On (Researcher_ID,Project_ID,Start_Date) VALUES ("3119099", "3119251", "2023-10-26");
INSERT INTO Works_On (Researcher_ID,Project_ID,Start_Date) VALUES ("3119111", "3119540", "2023-02-06");
INSERT INTO Works_On (Researcher_ID,Project_ID,Start_Date) VALUES ("3119013", "3119384", "2024-05-06");
INSERT INTO Works_On (Researcher_ID,Project_ID,Start_Date) VALUES ("3119004", "3119319", "2024-01-02");
INSERT INTO Works_On (Researcher_ID,Project_ID,Start_Date) VALUES ("3119409", "3119661", "2023-02-18");
INSERT INTO Works_On (Researcher_ID,Project_ID,Start_Date) VALUES ("3119470", "3119930", "2024-04-21");
INSERT INTO Works_On (Researcher_ID,Project_ID,Start_Date) VALUES ("3119466", "3119026", "2020-10-17");
INSERT INTO Works_On (Researcher_ID,Project_ID,Start_Date) VALUES ("3119269", "3119710", "2025-02-11");
INSERT INTO Works_On (Researcher_ID,Project_ID,Start_Date) VALUES ("3119336", "3119960", "2021-12-06");
INSERT INTO Works_On (Researcher_ID,Project_ID,Start_Date) VALUES ("3119294", "3119349", "2021-03-25");
INSERT INTO Works_On (Researcher_ID,Project_ID,Start_Date) VALUES ("3119227", "3119223", "2021-05-31");
INSERT INTO Works_On (Researcher_ID,Project_ID,Start_Date) VALUES ("3119502", "3119350", "2022-02-08");
INSERT INTO Works_On (Researcher_ID,Project_ID,Start_Date) VALUES ("3119536", "3119614", "2022-01-06");
INSERT INTO Works_On (Researcher_ID,Project_ID,Start_Date) VALUES ("3119568", "3119210", "2022-04-24");
INSERT INTO Works_On (Researcher_ID,Project_ID,Start_Date) VALUES ("3119465", "3119116", "2022-02-12");
INSERT INTO Works_On (Researcher_ID,Project_ID,Start_Date) VALUES ("3119577", "3119810", "2022-06-04");
INSERT INTO Works_On (Researcher_ID,Project_ID,Start_Date) VALUES ("3119463", "3120118", "2022-05-25");
INSERT INTO Works_On (Researcher_ID,Project_ID,Start_Date) VALUES ("3119144", "3119867", "2021-05-08");
INSERT INTO Works_On (Researcher_ID,Project_ID,Start_Date) VALUES ("3119562", "3119294", "2021-06-25");
INSERT INTO Works_On (Researcher_ID,Project_ID,Start_Date) VALUES ("3119213", "3119008", "2021-08-29");
INSERT INTO Works_On (Researcher_ID,Project_ID,Start_Date) VALUES ("3119340", "3119888", "2022-07-26");
INSERT INTO Works_On (Researcher_ID,Project_ID,Start_Date) VALUES ("3119450", "3119219", "2023-09-07");
INSERT INTO Works_On (Researcher_ID,Project_ID,Start_Date) VALUES ("3119273", "3119825", "2021-06-25");
INSERT INTO Works_On (Researcher_ID,Project_ID,Start_Date) VALUES ("3119266", "3119860", "2023-03-29");
INSERT INTO Works_On (Researcher_ID,Project_ID,Start_Date) VALUES ("3119039", "3120005", "2022-12-09");
INSERT INTO Works_On (Researcher_ID,Project_ID,Start_Date) VALUES ("3119573", "3119318", "2021-09-19");
INSERT INTO Works_On (Researcher_ID,Project_ID,Start_Date) VALUES ("3119328", "3119522", "2022-05-17");
INSERT INTO Works_On (Researcher_ID,Project_ID,Start_Date) VALUES ("3119148", "3119285", "2021-10-19");
INSERT INTO Works_On (Researcher_ID,Project_ID,Start_Date) VALUES ("3119030", "3120051", "2023-04-01");
INSERT INTO Works_On (Researcher_ID,Project_ID,Start_Date) VALUES ("3119082", "3120178", "2020-03-08");
INSERT INTO Works_On (Researcher_ID,Project_ID,Start_Date) VALUES ("3119319", "3119060", "2023-02-13");
INSERT INTO Works_On (Researcher_ID,Project_ID,Start_Date) VALUES ("3119365", "3119054", "2023-07-06");
INSERT INTO Works_On (Researcher_ID,Project_ID,Start_Date) VALUES ("3119034", "3119360", "2020-12-03");
INSERT INTO Works_On (Researcher_ID,Project_ID,Start_Date) VALUES ("3119368", "3119471", "2022-04-25");
INSERT INTO Works_On (Researcher_ID,Project_ID,Start_Date) VALUES ("3119200", "3119448", "2022-12-12");
INSERT INTO Works_On (Researcher_ID,Project_ID,Start_Date) VALUES ("3119338", "3120020", "2023-07-20");
INSERT INTO Works_On (Researcher_ID,Project_ID,Start_Date) VALUES ("3119505", "3119376", "2025-05-17");
INSERT INTO Works_On (Researcher_ID,Project_ID,Start_Date) VALUES ("3119321", "3119154", "2021-12-04");
INSERT INTO Works_On (Researcher_ID,Project_ID,Start_Date) VALUES ("3119242", "3119491", "2020-10-30");
INSERT INTO Works_On (Researcher_ID,Project_ID,Start_Date) VALUES ("3119296", "3119387", "2021-05-11");
INSERT INTO Works_On (Researcher_ID,Project_ID,Start_Date) VALUES ("3119028", "3119884", "2021-06-21");
INSERT INTO Works_On (Researcher_ID,Project_ID,Start_Date) VALUES ("3119257", "3119545", "2023-03-19");
INSERT INTO Works_On (Researcher_ID,Project_ID,Start_Date) VALUES ("3119203", "3119331", "2022-07-23");
INSERT INTO Works_On (Researcher_ID,Project_ID,Start_Date) VALUES ("3119313", "3119836", "2021-06-27");
INSERT INTO Works_On (Researcher_ID,Project_ID,Start_Date) VALUES ("3119504", "3119422", "2022-12-22");
INSERT INTO Works_On (Researcher_ID,Project_ID,Start_Date) VALUES ("3119488", "3119729", "2023-03-04");
INSERT INTO Works_On (Researcher_ID,Project_ID,Start_Date) VALUES ("3119237", "3119883", "2020-11-18");
INSERT INTO Works_On (Researcher_ID,Project_ID,Start_Date) VALUES ("3119354", "3119901", "2023-07-10");
INSERT INTO Works_On (Researcher_ID,Project_ID,Start_Date) VALUES ("3119076", "3119286", "2023-06-02");
INSERT INTO Works_On (Researcher_ID,Project_ID,Start_Date) VALUES ("3119570", "3119363", "2023-11-04");
INSERT INTO Works_On (Researcher_ID,Project_ID,Start_Date) VALUES ("3119537", "3119245", "2021-03-30");
INSERT INTO Works_On (Researcher_ID,Project_ID,Start_Date) VALUES ("3119595", "3119128", "2021-06-24");
INSERT INTO Works_On (Researcher_ID,Project_ID,Start_Date) VALUES ("3119288", "3119464", "2023-09-18");
INSERT INTO Works_On (Researcher_ID,Project_ID,Start_Date) VALUES ("3119250", "3120131", "2022-01-08");
INSERT INTO Works_On (Researcher_ID,Project_ID,Start_Date) VALUES ("3119417", "3119363", "2022-06-05");
INSERT INTO Works_On (Researcher_ID,Project_ID,Start_Date) VALUES ("3119300", "3119330", "2022-03-31");
INSERT INTO Works_On (Researcher_ID,Project_ID,Start_Date) VALUES ("3119291", "3119518", "2021-02-03");
INSERT INTO Works_On (Researcher_ID,Project_ID,Start_Date) VALUES ("3119437", "3119002", "2023-01-07");
INSERT INTO Works_On (Researcher_ID,Project_ID,Start_Date) VALUES ("3119168", "3119473", "2023-02-12");
INSERT INTO Works_On (Researcher_ID,Project_ID,Start_Date) VALUES ("3119076", "3119398", "2023-09-26");
INSERT INTO Works_On (Researcher_ID,Project_ID,Start_Date) VALUES ("3119499", "3119978", "2019-11-29");
INSERT INTO Works_On (Researcher_ID,Project_ID,Start_Date) VALUES ("3119273", "3119641", "2023-01-30");
INSERT INTO Works_On (Researcher_ID,Project_ID,Start_Date) VALUES ("3119281", "3119750", "2024-12-08");
INSERT INTO Works_On (Researcher_ID,Project_ID,Start_Date) VALUES ("3119299", "3120016", "2021-10-23");
INSERT INTO Works_On (Researcher_ID,Project_ID,Start_Date) VALUES ("3119180", "3119375", "2022-11-14");
INSERT INTO Works_On (Researcher_ID,Project_ID,Start_Date) VALUES ("3119189", "3119633", "2022-11-17");
INSERT INTO Works_On (Researcher_ID,Project_ID,Start_Date) VALUES ("3119056", "3119374", "2023-02-09");
INSERT INTO Works_On (Researcher_ID,Project_ID,Start_Date) VALUES ("3119073", "3119830", "2023-04-14");
INSERT INTO Works_On (Researcher_ID,Project_ID,Start_Date) VALUES ("3119047", "3119716", "2020-12-07");
INSERT INTO Works_On (Researcher_ID,Project_ID,Start_Date) VALUES ("3119534", "3119663", "2023-01-20");
INSERT INTO Works_On (Researcher_ID,Project_ID,Start_Date) VALUES ("3119213", "3120157", "2021-12-09");
INSERT INTO Works_On (Researcher_ID,Project_ID,Start_Date) VALUES ("3119248", "3120048", "2021-01-29");
INSERT INTO Works_On (Researcher_ID,Project_ID,Start_Date) VALUES ("3119076", "3119423", "2021-12-10");
INSERT INTO Works_On (Researcher_ID,Project_ID,Start_Date) VALUES ("3119020", "3119532", "2020-01-14");
INSERT INTO Works_On (Researcher_ID,Project_ID,Start_Date) VALUES ("3119032", "3119972", "2021-06-23");
INSERT INTO Works_On (Researcher_ID,Project_ID,Start_Date) VALUES ("3119084", "3119992", "2024-08-30");
INSERT INTO Works_On (Researcher_ID,Project_ID,Start_Date) VALUES ("3119381", "3120000", "2020-05-25");
INSERT INTO Works_On (Researcher_ID,Project_ID,Start_Date) VALUES ("3119099", "3119195", "2021-04-24");
INSERT INTO Works_On (Researcher_ID,Project_ID,Start_Date) VALUES ("3119598", "3119932", "2022-04-20");
INSERT INTO Works_On (Researcher_ID,Project_ID,Start_Date) VALUES ("3119055", "3119143", "2023-01-20");
INSERT INTO Works_On (Researcher_ID,Project_ID,Start_Date) VALUES ("3119189", "3119199", "2023-11-22");
INSERT INTO Works_On (Researcher_ID,Project_ID,Start_Date) VALUES ("3119515", "3119499", "2023-02-12");
INSERT INTO Works_On (Researcher_ID,Project_ID,Start_Date) VALUES ("3119253", "3119196", "2020-04-12");
INSERT INTO Works_On (Researcher_ID,Project_ID,Start_Date) VALUES ("3119575", "3119447", "2024-05-03");
INSERT INTO Works_On (Researcher_ID,Project_ID,Start_Date) VALUES ("3119302", "3120139", "2023-09-12");
INSERT INTO Works_On (Researcher_ID,Project_ID,Start_Date) VALUES ("3119216", "3119260", "2021-10-22");
INSERT INTO Works_On (Researcher_ID,Project_ID,Start_Date) VALUES ("3119399", "3119440", "2021-03-22");
INSERT INTO Works_On (Researcher_ID,Project_ID,Start_Date) VALUES ("3119383", "3119830", "2022-10-23");
INSERT INTO Works_On (Researcher_ID,Project_ID,Start_Date) VALUES ("3119149", "3119231", "2023-11-23");
INSERT INTO Works_On (Researcher_ID,Project_ID,Start_Date) VALUES ("3119053", "3119895", "2023-10-04");
INSERT INTO Works_On (Researcher_ID,Project_ID,Start_Date) VALUES ("3119095", "3119850", "2022-10-28");
INSERT INTO Works_On (Researcher_ID,Project_ID,Start_Date) VALUES ("3119532", "3119771", "2021-05-02");
INSERT INTO Works_On (Researcher_ID,Project_ID,Start_Date) VALUES ("3119409", "3119140", "2021-09-28");
INSERT INTO Works_On (Researcher_ID,Project_ID,Start_Date) VALUES ("3119332", "3119971", "2022-08-28");
INSERT INTO Works_On (Researcher_ID,Project_ID,Start_Date) VALUES ("3119085", "3119791", "2021-10-29");
INSERT INTO Works_On (Researcher_ID,Project_ID,Start_Date) VALUES ("3119510", "3119379", "2022-12-24");
INSERT INTO Works_On (Researcher_ID,Project_ID,Start_Date) VALUES ("3119584", "3119655", "2022-05-30");
INSERT INTO Works_On (Researcher_ID,Project_ID,Start_Date) VALUES ("3119465", "3119502", "2021-05-23");
INSERT INTO Works_On (Researcher_ID,Project_ID,Start_Date) VALUES ("3119543", "3119746", "2022-02-14");
INSERT INTO Works_On (Researcher_ID,Project_ID,Start_Date) VALUES ("3119044", "3119532", "2020-01-24");
INSERT INTO Works_On (Researcher_ID,Project_ID,Start_Date) VALUES ("3119407", "3119747", "2021-05-09");
INSERT INTO Works_On (Researcher_ID,Project_ID,Start_Date) VALUES ("3119489", "3119167", "2024-01-03");
INSERT INTO Works_On (Researcher_ID,Project_ID,Start_Date) VALUES ("3119049", "3119098", "2020-05-25");
INSERT INTO Works_On (Researcher_ID,Project_ID,Start_Date) VALUES ("3119242", "3119565", "2021-08-04");
INSERT INTO Works_On (Researcher_ID,Project_ID,Start_Date) VALUES ("3119581", "3119562", "2023-04-28");
INSERT INTO Works_On (Researcher_ID,Project_ID,Start_Date) VALUES ("3119409", "3119538", "2022-04-25");
INSERT INTO Works_On (Researcher_ID,Project_ID,Start_Date) VALUES ("3119363", "3120139", "2022-07-30");
INSERT INTO Works_On (Researcher_ID,Project_ID,Start_Date) VALUES ("3119228", "3119283", "2021-07-23");
INSERT INTO Works_On (Researcher_ID,Project_ID,Start_Date) VALUES ("3119462", "3119791", "2023-11-02");
INSERT INTO Works_On (Researcher_ID,Project_ID,Start_Date) VALUES ("3119449", "3119769", "2021-07-22");
INSERT INTO Works_On (Researcher_ID,Project_ID,Start_Date) VALUES ("3119493", "3119281", "2023-06-16");
INSERT INTO Works_On (Researcher_ID,Project_ID,Start_Date) VALUES ("3119004", "3119517", "2023-05-04");
INSERT INTO Works_On (Researcher_ID,Project_ID,Start_Date) VALUES ("3119479", "3119949", "2021-08-28");
INSERT INTO Works_On (Researcher_ID,Project_ID,Start_Date) VALUES ("3119583", "3119841", "2024-03-26");
INSERT INTO Works_On (Researcher_ID,Project_ID,Start_Date) VALUES ("3119421", "3120189", "2022-04-10");
INSERT INTO Works_On (Researcher_ID,Project_ID,Start_Date) VALUES ("3119453", "3120164", "2023-07-23");
INSERT INTO Works_On (Researcher_ID,Project_ID,Start_Date) VALUES ("3119299", "3119073", "2021-03-08");
INSERT INTO Works_On (Researcher_ID,Project_ID,Start_Date) VALUES ("3119280", "3119228", "2022-12-01");
INSERT INTO Works_On (Researcher_ID,Project_ID,Start_Date) VALUES ("3119049", "3119251", "2023-05-30");
INSERT INTO Works_On (Researcher_ID,Project_ID,Start_Date) VALUES ("3119129", "3119161", "2020-07-06");
INSERT INTO Works_On (Researcher_ID,Project_ID,Start_Date) VALUES ("3119070", "3120095", "2022-10-26");
INSERT INTO Works_On (Researcher_ID,Project_ID,Start_Date) VALUES ("3119438", "3119695", "2021-04-30");
INSERT INTO Works_On (Researcher_ID,Project_ID,Start_Date) VALUES ("3119299", "3119938", "2020-11-28");
INSERT INTO Works_On (Researcher_ID,Project_ID,Start_Date) VALUES ("3119096", "3119683", "2023-05-18");
INSERT INTO Works_On (Researcher_ID,Project_ID,Start_Date) VALUES ("3119289", "3119535", "2019-11-13");
INSERT INTO Works_On (Researcher_ID,Project_ID,Start_Date) VALUES ("3119351", "3119467", "2020-10-13");
INSERT INTO Works_On (Researcher_ID,Project_ID,Start_Date) VALUES ("3119121", "3120011", "2024-04-27");
INSERT INTO Works_On (Researcher_ID,Project_ID,Start_Date) VALUES ("3119210", "3120108", "2022-12-31");
INSERT INTO Works_On (Researcher_ID,Project_ID,Start_Date) VALUES ("3119308", "3120053", "2022-12-13");
INSERT INTO Works_On (Researcher_ID,Project_ID,Start_Date) VALUES ("3119360", "3119763", "2022-10-02");
INSERT INTO Works_On (Researcher_ID,Project_ID,Start_Date) VALUES ("3119257", "3119480", "2022-08-27");
INSERT INTO Works_On (Researcher_ID,Project_ID,Start_Date) VALUES ("3119064", "3119372", "2023-02-11");
INSERT INTO Works_On (Researcher_ID,Project_ID,Start_Date) VALUES ("3119108", "3119449", "2023-10-05");
INSERT INTO Works_On (Researcher_ID,Project_ID,Start_Date) VALUES ("3119311", "3119589", "2021-07-27");
INSERT INTO Works_On (Researcher_ID,Project_ID,Start_Date) VALUES ("3119109", "3119366", "2022-08-12");
INSERT INTO Works_On (Researcher_ID,Project_ID,Start_Date) VALUES ("3119265", "3120165", "2022-06-01");
INSERT INTO Works_On (Researcher_ID,Project_ID,Start_Date) VALUES ("3119366", "3119254", "2023-01-16");
INSERT INTO Works_On (Researcher_ID,Project_ID,Start_Date) VALUES ("3119169", "3120090", "2020-06-30");
INSERT INTO Works_On (Researcher_ID,Project_ID,Start_Date) VALUES ("3119566", "3120183", "2021-06-29");
INSERT INTO Works_On (Researcher_ID,Project_ID,Start_Date) VALUES ("3119198", "3119558", "2023-05-28");
INSERT INTO Works_On (Researcher_ID,Project_ID,Start_Date) VALUES ("3119330", "3119618", "2021-07-16");
INSERT INTO Works_On (Researcher_ID,Project_ID,Start_Date) VALUES ("3119183", "3119646", "2022-06-07");
INSERT INTO Works_On (Researcher_ID,Project_ID,Start_Date) VALUES ("3119502", "3119456", "2023-03-28");
INSERT INTO Works_On (Researcher_ID,Project_ID,Start_Date) VALUES ("3119348", "3119355", "2022-03-30");
INSERT INTO Works_On (Researcher_ID,Project_ID,Start_Date) VALUES ("3119500", "3119184", "2021-11-18");
INSERT INTO Works_On (Researcher_ID,Project_ID,Start_Date) VALUES ("3119068", "3119675", "2022-10-28");
INSERT INTO Works_On (Researcher_ID,Project_ID,Start_Date) VALUES ("3119471", "3120167", "2020-11-01");
INSERT INTO Works_On (Researcher_ID,Project_ID,Start_Date) VALUES ("3119353", "3119410", "2022-06-11");
INSERT INTO Works_On (Researcher_ID,Project_ID,Start_Date) VALUES ("3119383", "3119462", "2022-05-15");
INSERT INTO Works_On (Researcher_ID,Project_ID,Start_Date) VALUES ("3119597", "3119141", "2024-06-20");
INSERT INTO Works_On (Researcher_ID,Project_ID,Start_Date) VALUES ("3119115", "3119135", "2020-08-15");
INSERT INTO Works_On (Researcher_ID,Project_ID,Start_Date) VALUES ("3119210", "3119765", "2021-09-25");
INSERT INTO Works_On (Researcher_ID,Project_ID,Start_Date) VALUES ("3119057", "3119704", "2024-11-02");
INSERT INTO Works_On (Researcher_ID,Project_ID,Start_Date) VALUES ("3119567", "3119746", "2022-11-04");
INSERT INTO Works_On (Researcher_ID,Project_ID,Start_Date) VALUES ("3119361", "3119288", "2022-05-09");
INSERT INTO Works_On (Researcher_ID,Project_ID,Start_Date) VALUES ("3119522", "3120111", "2021-01-28");
INSERT INTO Works_On (Researcher_ID,Project_ID,Start_Date) VALUES ("3119388", "3119746", "2022-04-18");
INSERT INTO Works_On (Researcher_ID,Project_ID,Start_Date) VALUES ("3119493", "3119015", "2022-08-14");
INSERT INTO Works_On (Researcher_ID,Project_ID,Start_Date) VALUES ("3119286", "3119982", "2022-01-04");
INSERT INTO Works_On (Researcher_ID,Project_ID,Start_Date) VALUES ("3119134", "3119512", "2021-07-12");
INSERT INTO Works_On (Researcher_ID,Project_ID,Start_Date) VALUES ("3119005", "3119987", "2021-07-17");
INSERT INTO Works_On (Researcher_ID,Project_ID,Start_Date) VALUES ("3119161", "3120007", "2023-03-26");
INSERT INTO Works_On (Researcher_ID,Project_ID,Start_Date) VALUES ("3119530", "3119972", "2023-11-03");
INSERT INTO Works_On (Researcher_ID,Project_ID,Start_Date) VALUES ("3119067", "3119551", "2022-07-09");
INSERT INTO Works_On (Researcher_ID,Project_ID,Start_Date) VALUES ("3119441", "3119255", "2021-08-16");
INSERT INTO Works_On (Researcher_ID,Project_ID,Start_Date) VALUES ("3119449", "3119750", "2023-10-30");
INSERT INTO Works_On (Researcher_ID,Project_ID,Start_Date) VALUES ("3119030", "3120041", "2023-04-23");
INSERT INTO Works_On (Researcher_ID,Project_ID,Start_Date) VALUES ("3119096", "3119232", "2023-12-03");
INSERT INTO Works_On (Researcher_ID,Project_ID,Start_Date) VALUES ("3119085", "3119340", "2022-05-18");
INSERT INTO Works_On (Researcher_ID,Project_ID,Start_Date) VALUES ("3119553", "3119690", "2022-04-30");
INSERT INTO Works_On (Researcher_ID,Project_ID,Start_Date) VALUES ("3119310", "3119535", "2019-12-29");
INSERT INTO Works_On (Researcher_ID,Project_ID,Start_Date) VALUES ("3119103", "3119787", "2020-06-01");
INSERT INTO Works_On (Researcher_ID,Project_ID,Start_Date) VALUES ("3119537", "3119855", "2021-05-03");
INSERT INTO Works_On (Researcher_ID,Project_ID,Start_Date) VALUES ("3119454", "3119739", "2023-11-14");
INSERT INTO Works_On (Researcher_ID,Project_ID,Start_Date) VALUES ("3119293", "3119233", "2023-06-22");
INSERT INTO Works_On (Researcher_ID,Project_ID,Start_Date) VALUES ("3119527", "3119715", "2023-07-22");
INSERT INTO Works_On (Researcher_ID,Project_ID,Start_Date) VALUES ("3119325", "3119677", "2022-09-26");
INSERT INTO Works_On (Researcher_ID,Project_ID,Start_Date) VALUES ("3119149", "3119287", "2022-09-18");
INSERT INTO Works_On (Researcher_ID,Project_ID,Start_Date) VALUES ("3119384", "3119695", "2022-02-01");
INSERT INTO Works_On (Researcher_ID,Project_ID,Start_Date) VALUES ("3119063", "3119210", "2021-12-06");
INSERT INTO Works_On (Researcher_ID,Project_ID,Start_Date) VALUES ("3119229", "3119156", "2021-12-20");
INSERT INTO Works_On (Researcher_ID,Project_ID,Start_Date) VALUES ("3119130", "3119812", "2023-05-19");
INSERT INTO Works_On (Researcher_ID,Project_ID,Start_Date) VALUES ("3119086", "3119172", "2020-09-27");
INSERT INTO Works_On (Researcher_ID,Project_ID,Start_Date) VALUES ("3119116", "3119578", "2021-10-09");
INSERT INTO Works_On (Researcher_ID,Project_ID,Start_Date) VALUES ("3119133", "3119523", "2020-09-22");
INSERT INTO Works_On (Researcher_ID,Project_ID,Start_Date) VALUES ("3119058", "3119263", "2021-08-22");
INSERT INTO Works_On (Researcher_ID,Project_ID,Start_Date) VALUES ("3119264", "3120066", "2021-03-05");
INSERT INTO Works_On (Researcher_ID,Project_ID,Start_Date) VALUES ("3119314", "3119899", "2021-04-28");
INSERT INTO Works_On (Researcher_ID,Project_ID,Start_Date) VALUES ("3119232", "3119095", "2021-02-19");
INSERT INTO Works_On (Researcher_ID,Project_ID,Start_Date) VALUES ("3119244", "3119163", "2022-12-18");
INSERT INTO Works_On (Researcher_ID,Project_ID,Start_Date) VALUES ("3119284", "3119196", "2022-03-11");
INSERT INTO Works_On (Researcher_ID,Project_ID,Start_Date) VALUES ("3119276", "3119602", "2024-06-06");
INSERT INTO Works_On (Researcher_ID,Project_ID,Start_Date) VALUES ("3119275", "3119734", "2021-10-15");
INSERT INTO Works_On (Researcher_ID,Project_ID,Start_Date) VALUES ("3119304", "3119462", "2022-04-05");
INSERT INTO Works_On (Researcher_ID,Project_ID,Start_Date) VALUES ("3119100", "3119905", "2024-08-25");
INSERT INTO Works_On (Researcher_ID,Project_ID,Start_Date) VALUES ("3119054", "3119793", "2022-11-30");
INSERT INTO Works_On (Researcher_ID,Project_ID,Start_Date) VALUES ("3119294", "3119216", "2022-09-21");
INSERT INTO Works_On (Researcher_ID,Project_ID,Start_Date) VALUES ("3119435", "3120081", "2022-02-06");
INSERT INTO Works_On (Researcher_ID,Project_ID,Start_Date) VALUES ("3119125", "3119649", "2022-06-20");
INSERT INTO Works_On (Researcher_ID,Project_ID,Start_Date) VALUES ("3119528", "3119895", "2024-06-20");
INSERT INTO Works_On (Researcher_ID,Project_ID,Start_Date) VALUES ("3119307", "3119217", "2022-11-29");
INSERT INTO Works_On (Researcher_ID,Project_ID,Start_Date) VALUES ("3119120", "3120045", "2022-12-14");
INSERT INTO Works_On (Researcher_ID,Project_ID,Start_Date) VALUES ("3119110", "3119761", "2022-07-23");
INSERT INTO Works_On (Researcher_ID,Project_ID,Start_Date) VALUES ("3119546", "3119978", "2021-10-22");
INSERT INTO Works_On (Researcher_ID,Project_ID,Start_Date) VALUES ("3119281", "3120102", "2024-02-25");
INSERT INTO Works_On (Researcher_ID,Project_ID,Start_Date) VALUES ("3119270", "3119461", "2023-07-26");
INSERT INTO Works_On (Researcher_ID,Project_ID,Start_Date) VALUES ("3119449", "3119615", "2021-07-07");
INSERT INTO Works_On (Researcher_ID,Project_ID,Start_Date) VALUES ("3119541", "3119828", "2021-12-13");
INSERT INTO Works_On (Researcher_ID,Project_ID,Start_Date) VALUES ("3119299", "3119618", "2020-07-02");
INSERT INTO Works_On (Researcher_ID,Project_ID,Start_Date) VALUES ("3119059", "3119305", "2023-10-24");
INSERT INTO Works_On (Researcher_ID,Project_ID,Start_Date) VALUES ("3119492", "3119983", "2022-08-13");
INSERT INTO Works_On (Researcher_ID,Project_ID,Start_Date) VALUES ("3119570", "3119486", "2020-11-03");
INSERT INTO Works_On (Researcher_ID,Project_ID,Start_Date) VALUES ("3119019", "3119749", "2020-10-06");
INSERT INTO Works_On (Researcher_ID,Project_ID,Start_Date) VALUES ("3119182", "3120010", "2025-01-06");
INSERT INTO Works_On (Researcher_ID,Project_ID,Start_Date) VALUES ("3119193", "3119880", "2021-05-09");
INSERT INTO Works_On (Researcher_ID,Project_ID,Start_Date) VALUES ("3119453", "3119071", "2022-12-02");
INSERT INTO Works_On (Researcher_ID,Project_ID,Start_Date) VALUES ("3119341", "3119592", "2021-02-05");
INSERT INTO Works_On (Researcher_ID,Project_ID,Start_Date) VALUES ("3119319", "3119594", "2023-03-13");
INSERT INTO Works_On (Researcher_ID,Project_ID,Start_Date) VALUES ("3119122", "3120029", "2024-12-04");
INSERT INTO Works_On (Researcher_ID,Project_ID,Start_Date) VALUES ("3119033", "3120093", "2021-10-23");
INSERT INTO Works_On (Researcher_ID,Project_ID,Start_Date) VALUES ("3119107", "3119245", "2022-03-12");
INSERT INTO Works_On (Researcher_ID,Project_ID,Start_Date) VALUES ("3119441", "3119642", "2021-07-03");
INSERT INTO Works_On (Researcher_ID,Project_ID,Start_Date) VALUES ("3119333", "3119982", "2022-06-30");
INSERT INTO Works_On (Researcher_ID,Project_ID,Start_Date) VALUES ("3119286", "3119824", "2021-09-22");
INSERT INTO Works_On (Researcher_ID,Project_ID,Start_Date) VALUES ("3119234", "3119809", "2021-07-04");
INSERT INTO Works_On (Researcher_ID,Project_ID,Start_Date) VALUES ("3119083", "3119132", "2023-03-11");
INSERT INTO Works_On (Researcher_ID,Project_ID,Start_Date) VALUES ("3119155", "3120171", "2022-01-16");
INSERT INTO Works_On (Researcher_ID,Project_ID,Start_Date) VALUES ("3119521", "3119765", "2021-08-18");
INSERT INTO Works_On (Researcher_ID,Project_ID,Start_Date) VALUES ("3119242", "3119985", "2022-03-13");
INSERT INTO Works_On (Researcher_ID,Project_ID,Start_Date) VALUES ("3119515", "3119613", "2021-06-13");
INSERT INTO Works_On (Researcher_ID,Project_ID,Start_Date) VALUES ("3119468", "3119640", "2020-07-27");
INSERT INTO Works_On (Researcher_ID,Project_ID,Start_Date) VALUES ("3119520", "3119253", "2023-12-24");
INSERT INTO Works_On (Researcher_ID,Project_ID,Start_Date) VALUES ("3119073", "3119851", "2021-03-24");
INSERT INTO Works_On (Researcher_ID,Project_ID,Start_Date) VALUES ("3119469", "3119345", "2023-11-25");
INSERT INTO Works_On (Researcher_ID,Project_ID,Start_Date) VALUES ("3119223", "3119821", "2022-01-10");
INSERT INTO Works_On (Researcher_ID,Project_ID,Start_Date) VALUES ("3119454", "3119302", "2020-03-15");
INSERT INTO Works_On (Researcher_ID,Project_ID,Start_Date) VALUES ("3119043", "3120031", "2022-11-10");
INSERT INTO Works_On (Researcher_ID,Project_ID,Start_Date) VALUES ("3119334", "3119134", "2021-05-10");
INSERT INTO Works_On (Researcher_ID,Project_ID,Start_Date) VALUES ("3119145", "3119571", "2023-02-04");
INSERT INTO Works_On (Researcher_ID,Project_ID,Start_Date) VALUES ("3119150", "3119452", "2025-01-09");
INSERT INTO Works_On (Researcher_ID,Project_ID,Start_Date) VALUES ("3119110", "3119149", "2023-06-30");
INSERT INTO Works_On (Researcher_ID,Project_ID,Start_Date) VALUES ("3119036", "3120094", "2021-12-21");
INSERT INTO Works_On (Researcher_ID,Project_ID,Start_Date) VALUES ("3119421", "3119182", "2022-08-26");
INSERT INTO Works_On (Researcher_ID,Project_ID,Start_Date) VALUES ("3119510", "3119744", "2022-12-23");
INSERT INTO Works_On (Researcher_ID,Project_ID,Start_Date) VALUES ("3119042", "3119529", "2023-01-01");
INSERT INTO Works_On (Researcher_ID,Project_ID,Start_Date) VALUES ("3119365", "3119405", "2021-10-01");
INSERT INTO Works_On (Researcher_ID,Project_ID,Start_Date) VALUES ("3119050", "3120110", "2022-08-04");
INSERT INTO Works_On (Researcher_ID,Project_ID,Start_Date) VALUES ("3119032", "3119645", "2022-07-07");
INSERT INTO Works_On (Researcher_ID,Project_ID,Start_Date) VALUES ("3119563", "3119871", "2021-04-10");
INSERT INTO Works_On (Researcher_ID,Project_ID,Start_Date) VALUES ("3119123", "3120084", "2023-07-06");
INSERT INTO Works_On (Researcher_ID,Project_ID,Start_Date) VALUES ("3119267", "3120084", "2022-11-07");
INSERT INTO Works_On (Researcher_ID,Project_ID,Start_Date) VALUES ("3119298", "3119005", "2021-05-30");
INSERT INTO Works_On (Researcher_ID,Project_ID,Start_Date) VALUES ("3119366", "3119244", "2023-06-01");
INSERT INTO Works_On (Researcher_ID,Project_ID,Start_Date) VALUES ("3119287", "3119848", "2023-07-18");
INSERT INTO Works_On (Researcher_ID,Project_ID,Start_Date) VALUES ("3119215", "3120071", "2022-06-07");
INSERT INTO Works_On (Researcher_ID,Project_ID,Start_Date) VALUES ("3119357", "3120085", "2023-12-08");
INSERT INTO Works_On (Researcher_ID,Project_ID,Start_Date) VALUES ("3119568", "3119783", "2023-10-27");
INSERT INTO Works_On (Researcher_ID,Project_ID,Start_Date) VALUES ("3119249", "3119211", "2022-04-07");
INSERT INTO Works_On (Researcher_ID,Project_ID,Start_Date) VALUES ("3119007", "3119626", "2024-07-07");
INSERT INTO Works_On (Researcher_ID,Project_ID,Start_Date) VALUES ("3119354", "3119837", "2022-04-14");
INSERT INTO Works_On (Researcher_ID,Project_ID,Start_Date) VALUES ("3119520", "3119689", "2022-10-13");
INSERT INTO Works_On (Researcher_ID,Project_ID,Start_Date) VALUES ("3119149", "3119184", "2022-09-21");
INSERT INTO Works_On (Researcher_ID,Project_ID,Start_Date) VALUES ("3119421", "3119982", "2022-12-30");
INSERT INTO Works_On (Researcher_ID,Project_ID,Start_Date) VALUES ("3119495", "3119161", "2021-03-12");
INSERT INTO Works_On (Researcher_ID,Project_ID,Start_Date) VALUES ("3119509", "3119330", "2022-05-12");
INSERT INTO Works_On (Researcher_ID,Project_ID,Start_Date) VALUES ("3119152", "3119335", "2021-03-27");
INSERT INTO Works_On (Researcher_ID,Project_ID,Start_Date) VALUES ("3119127", "3119091", "2021-07-09");
INSERT INTO Works_On (Researcher_ID,Project_ID,Start_Date) VALUES ("3119245", "3119858", "2022-09-03");
INSERT INTO Works_On (Researcher_ID,Project_ID,Start_Date) VALUES ("3119447", "3120175", "2021-09-05");
INSERT INTO Works_On (Researcher_ID,Project_ID,Start_Date) VALUES ("3119350", "3120067", "2023-02-05");
INSERT INTO Works_On (Researcher_ID,Project_ID,Start_Date) VALUES ("3119207", "3119253", "2024-04-01");
INSERT INTO Works_On (Researcher_ID,Project_ID,Start_Date) VALUES ("3119539", "3120099", "2022-11-21");
INSERT INTO Works_On (Researcher_ID,Project_ID,Start_Date) VALUES ("3119215", "3119682", "2022-08-31");
INSERT INTO Works_On (Researcher_ID,Project_ID,Start_Date) VALUES ("3119254", "3119284", "2022-09-25");
INSERT INTO Works_On (Researcher_ID,Project_ID,Start_Date) VALUES ("3119001", "3119516", "2020-06-13");
INSERT INTO Works_On (Researcher_ID,Project_ID,Start_Date) VALUES ("3119008", "3119974", "2023-01-15");
INSERT INTO Works_On (Researcher_ID,Project_ID,Start_Date) VALUES ("3119022", "3119711", "2021-12-13");
INSERT INTO Works_On (Researcher_ID,Project_ID,Start_Date) VALUES ("3119063", "3120187", "2021-06-29");
INSERT INTO Works_On (Researcher_ID,Project_ID,Start_Date) VALUES ("3119167", "3119316", "2022-08-02");
INSERT INTO Works_On (Researcher_ID,Project_ID,Start_Date) VALUES ("3119591", "3120158", "2021-03-18");
INSERT INTO Works_On (Researcher_ID,Project_ID,Start_Date) VALUES ("3119465", "3119156", "2021-05-04");
INSERT INTO Works_On (Researcher_ID,Project_ID,Start_Date) VALUES ("3119072", "3119503", "2021-06-30");
INSERT INTO Works_On (Researcher_ID,Project_ID,Start_Date) VALUES ("3119259", "3120164", "2022-10-18");
INSERT INTO Works_On (Researcher_ID,Project_ID,Start_Date) VALUES ("3119562", "3119814", "2021-04-05");
INSERT INTO Works_On (Researcher_ID,Project_ID,Start_Date) VALUES ("3119264", "3119317", "2023-10-15");
INSERT INTO Works_On (Researcher_ID,Project_ID,Start_Date) VALUES ("3119454", "3119921", "2023-02-13");
INSERT INTO Works_On (Researcher_ID,Project_ID,Start_Date) VALUES ("3119166", "3119957", "2023-08-13");
INSERT INTO Works_On (Researcher_ID,Project_ID,Start_Date) VALUES ("3119363", "3119776", "2020-06-27");
INSERT INTO Works_On (Researcher_ID,Project_ID,Start_Date) VALUES ("3119140", "3119423", "2024-01-04");
INSERT INTO Works_On (Researcher_ID,Project_ID,Start_Date) VALUES ("3119455", "3119524", "2021-12-18");
INSERT INTO Works_On (Researcher_ID,Project_ID,Start_Date) VALUES ("3119300", "3119993", "2022-02-24");
INSERT INTO Works_On (Researcher_ID,Project_ID,Start_Date) VALUES ("3119300", "3119744", "2021-12-17");
INSERT INTO Works_On (Researcher_ID,Project_ID,Start_Date) VALUES ("3119368", "3119577", "2022-02-16");
INSERT INTO Works_On (Researcher_ID,Project_ID,Start_Date) VALUES ("3119447", "3119121", "2023-06-11");
INSERT INTO Works_On (Researcher_ID,Project_ID,Start_Date) VALUES ("3119581", "3120073", "2021-10-09");
INSERT INTO Works_On (Researcher_ID,Project_ID,Start_Date) VALUES ("3119574", "3119977", "2020-12-15");
INSERT INTO Works_On (Researcher_ID,Project_ID,Start_Date) VALUES ("3119194", "3119429", "2024-01-16");
INSERT INTO Works_On (Researcher_ID,Project_ID,Start_Date) VALUES ("3119591", "3119212", "2022-02-26");
INSERT INTO Works_On (Researcher_ID,Project_ID,Start_Date) VALUES ("3119430", "3120176", "2021-11-20");
INSERT INTO Works_On (Researcher_ID,Project_ID,Start_Date) VALUES ("3119565", "3119731", "2022-05-27");
INSERT INTO Works_On (Researcher_ID,Project_ID,Start_Date) VALUES ("3119438", "3119823", "2022-07-04");
INSERT INTO Works_On (Researcher_ID,Project_ID,Start_Date) VALUES ("3119258", "3119591", "2022-05-19");
INSERT INTO Works_On (Researcher_ID,Project_ID,Start_Date) VALUES ("3119138", "3119641", "2024-03-04");
INSERT INTO Works_On (Researcher_ID,Project_ID,Start_Date) VALUES ("3119327", "3119175", "2021-06-27");
INSERT INTO Works_On (Researcher_ID,Project_ID,Start_Date) VALUES ("3119137", "3119208", "2020-10-17");
INSERT INTO Works_On (Researcher_ID,Project_ID,Start_Date) VALUES ("3119166", "3120184", "2020-07-14");
INSERT INTO Works_On (Researcher_ID,Project_ID,Start_Date) VALUES ("3119337", "3119529", "2021-01-02");
INSERT INTO Works_On (Researcher_ID,Project_ID,Start_Date) VALUES ("3119068", "3119125", "2021-12-07");
INSERT INTO Works_On (Researcher_ID,Project_ID,Start_Date) VALUES ("3119049", "3119561", "2022-02-26");
INSERT INTO Works_On (Researcher_ID,Project_ID,Start_Date) VALUES ("3119140", "3120133", "2021-07-23");
INSERT INTO Works_On (Researcher_ID,Project_ID,Start_Date) VALUES ("3119427", "3119794", "2021-10-23");
INSERT INTO Works_On (Researcher_ID,Project_ID,Start_Date) VALUES ("3119512", "3119628", "2024-04-08");
INSERT INTO Works_On (Researcher_ID,Project_ID,Start_Date) VALUES ("3119294", "3119273", "2022-01-04");
INSERT INTO Works_On (Researcher_ID,Project_ID,Start_Date) VALUES ("3119395", "3119628", "2023-02-06");
INSERT INTO Works_On (Researcher_ID,Project_ID,Start_Date) VALUES ("3119460", "3119259", "2022-10-07");
INSERT INTO Works_On (Researcher_ID,Project_ID,Start_Date) VALUES ("3119023", "3119402", "2022-09-14");
INSERT INTO Works_On (Researcher_ID,Project_ID,Start_Date) VALUES ("3119474", "3119148", "2023-05-17");
INSERT INTO Works_On (Researcher_ID,Project_ID,Start_Date) VALUES ("3119128", "3119457", "2021-07-31");
INSERT INTO Works_On (Researcher_ID,Project_ID,Start_Date) VALUES ("3119347", "3119335", "2021-10-29");
INSERT INTO Works_On (Researcher_ID,Project_ID,Start_Date) VALUES ("3119345", "3119066", "2022-09-13");
INSERT INTO Works_On (Researcher_ID,Project_ID,Start_Date) VALUES ("3119420", "3119715", "2022-05-22");
INSERT INTO Works_On (Researcher_ID,Project_ID,Start_Date) VALUES ("3119499", "3119131", "2023-01-27");
INSERT INTO Works_On (Researcher_ID,Project_ID,Start_Date) VALUES ("3119362", "3119804", "2024-03-31");
INSERT INTO Works_On (Researcher_ID,Project_ID,Start_Date) VALUES ("3119481", "3120024", "2022-12-17");
INSERT INTO Works_On (Researcher_ID,Project_ID,Start_Date) VALUES ("3119444", "3119922", "2023-12-14");
INSERT INTO Works_On (Researcher_ID,Project_ID,Start_Date) VALUES ("3119177", "3119712", "2020-09-28");
INSERT INTO Works_On (Researcher_ID,Project_ID,Start_Date) VALUES ("3119060", "3119209", "2022-11-13");
INSERT INTO Works_On (Researcher_ID,Project_ID,Start_Date) VALUES ("3119346", "3119232", "2022-01-12");
INSERT INTO Works_On (Researcher_ID,Project_ID,Start_Date) VALUES ("3119051", "3119918", "2023-01-25");
INSERT INTO Works_On (Researcher_ID,Project_ID,Start_Date) VALUES ("3119330", "3119065", "2021-10-01");
INSERT INTO Works_On (Researcher_ID,Project_ID,Start_Date) VALUES ("3119549", "3119742", "2021-11-07");
INSERT INTO Works_On (Researcher_ID,Project_ID,Start_Date) VALUES ("3119161", "3119112", "2020-08-07");
INSERT INTO Works_On (Researcher_ID,Project_ID,Start_Date) VALUES ("3119251", "3119166", "2022-04-08");
INSERT INTO Works_On (Researcher_ID,Project_ID,Start_Date) VALUES ("3119196", "3120194", "2021-05-10");
INSERT INTO Works_On (Researcher_ID,Project_ID,Start_Date) VALUES ("3119016", "3119261", "2020-11-10");
INSERT INTO Works_On (Researcher_ID,Project_ID,Start_Date) VALUES ("3119116", "3120151", "2021-03-03");
INSERT INTO Works_On (Researcher_ID,Project_ID,Start_Date) VALUES ("3119101", "3119048", "2022-08-06");
INSERT INTO Works_On (Researcher_ID,Project_ID,Start_Date) VALUES ("3119231", "3119692", "2021-01-08");
INSERT INTO Works_On (Researcher_ID,Project_ID,Start_Date) VALUES ("3119198", "3119704", "2022-03-11");
INSERT INTO Works_On (Researcher_ID,Project_ID,Start_Date) VALUES ("3119400", "3119940", "2021-09-22");
INSERT INTO Works_On (Researcher_ID,Project_ID,Start_Date) VALUES ("3119484", "3119580", "2023-01-05");
INSERT INTO Works_On (Researcher_ID,Project_ID,Start_Date) VALUES ("3119036", "3119881", "2021-05-25");
INSERT INTO Works_On (Researcher_ID,Project_ID,Start_Date) VALUES ("3119339", "3119869", "2023-01-11");
INSERT INTO Works_On (Researcher_ID,Project_ID,Start_Date) VALUES ("3119548", "3119794", "2023-11-28");
INSERT INTO Works_On (Researcher_ID,Project_ID,Start_Date) VALUES ("3119521", "3119708", "2020-03-07");
INSERT INTO Works_On (Researcher_ID,Project_ID,Start_Date) VALUES ("3119013", "3119489", "2025-09-22");
INSERT INTO Works_On (Researcher_ID,Project_ID,Start_Date) VALUES ("3119561", "3119692", "2021-05-03");
INSERT INTO Works_On (Researcher_ID,Project_ID,Start_Date) VALUES ("3119572", "3120019", "2021-12-16");
INSERT INTO Works_On (Researcher_ID,Project_ID,Start_Date) VALUES ("3119315", "3119855", "2023-03-06");
INSERT INTO Works_On (Researcher_ID,Project_ID,Start_Date) VALUES ("3119130", "3119985", "2021-10-07");
INSERT INTO Works_On (Researcher_ID,Project_ID,Start_Date) VALUES ("3119446", "3119003", "2022-10-14");
INSERT INTO Works_On (Researcher_ID,Project_ID,Start_Date) VALUES ("3119360", "3119474", "2021-11-27");
INSERT INTO Works_On (Researcher_ID,Project_ID,Start_Date) VALUES ("3119390", "3119445", "2023-05-31");
INSERT INTO Works_On (Researcher_ID,Project_ID,Start_Date) VALUES ("3119149", "3119165", "2021-09-27");
INSERT INTO Works_On (Researcher_ID,Project_ID,Start_Date) VALUES ("3119564", "3119035", "2024-05-26");
INSERT INTO Works_On (Researcher_ID,Project_ID,Start_Date) VALUES ("3119098", "3120068", "2021-10-24");
INSERT INTO Works_On (Researcher_ID,Project_ID,Start_Date) VALUES ("3119399", "3119205", "2021-11-04");
INSERT INTO Works_On (Researcher_ID,Project_ID,Start_Date) VALUES ("3119418", "3119231", "2023-08-19");
INSERT INTO Works_On (Researcher_ID,Project_ID,Start_Date) VALUES ("3119092", "3119878", "2022-06-29");
INSERT INTO Works_On (Researcher_ID,Project_ID,Start_Date) VALUES ("3119222", "3119039", "2024-02-03");
INSERT INTO Works_On (Researcher_ID,Project_ID,Start_Date) VALUES ("3119483", "3119542", "2023-01-26");
INSERT INTO Works_On (Researcher_ID,Project_ID,Start_Date) VALUES ("3119029", "3119324", "2021-12-07");
INSERT INTO Works_On (Researcher_ID,Project_ID,Start_Date) VALUES ("3119517", "3120047", "2022-07-24");
INSERT INTO Works_On (Researcher_ID,Project_ID,Start_Date) VALUES ("3119072", "3119373", "2022-06-13");
INSERT INTO Works_On (Researcher_ID,Project_ID,Start_Date) VALUES ("3119277", "3119922", "2024-02-18");
INSERT INTO Works_On (Researcher_ID,Project_ID,Start_Date) VALUES ("3119134", "3119787", "2021-01-08");
INSERT INTO Works_On (Researcher_ID,Project_ID,Start_Date) VALUES ("3119443", "3119559", "2022-11-01");
INSERT INTO Works_On (Researcher_ID,Project_ID,Start_Date) VALUES ("3119020", "3119492", "2020-12-23");
INSERT INTO Works_On (Researcher_ID,Project_ID,Start_Date) VALUES ("3119109", "3119687", "2022-06-29");
INSERT INTO Works_On (Researcher_ID,Project_ID,Start_Date) VALUES ("3119025", "3119729", "2022-09-20");
INSERT INTO Works_On (Researcher_ID,Project_ID,Start_Date) VALUES ("3119599", "3119228", "2022-07-14");
INSERT INTO Works_On (Researcher_ID,Project_ID,Start_Date) VALUES ("3119305", "3119853", "2022-10-14");
INSERT INTO Works_On (Researcher_ID,Project_ID,Start_Date) VALUES ("3119555", "3119066", "2023-01-11");
INSERT INTO Works_On (Researcher_ID,Project_ID,Start_Date) VALUES ("3119070", "3119548", "2023-03-29");
INSERT INTO Works_On (Researcher_ID,Project_ID,Start_Date) VALUES ("3119199", "3119603", "2022-09-03");
INSERT INTO Works_On (Researcher_ID,Project_ID,Start_Date) VALUES ("3119437", "3119709", "2021-04-28");
INSERT INTO Works_On (Researcher_ID,Project_ID,Start_Date) VALUES ("3119563", "3119629", "2022-11-18");
INSERT INTO Works_On (Researcher_ID,Project_ID,Start_Date) VALUES ("3119577", "3119690", "2022-06-25");
INSERT INTO Works_On (Researcher_ID,Project_ID,Start_Date) VALUES ("3119293", "3120025", "2023-02-01");
INSERT INTO Works_On (Researcher_ID,Project_ID,Start_Date) VALUES ("3119413", "3119073", "2020-06-13");
INSERT INTO Works_On (Researcher_ID,Project_ID,Start_Date) VALUES ("3119087", "3119788", "2021-03-30");
INSERT INTO Works_On (Researcher_ID,Project_ID,Start_Date) VALUES ("3119101", "3119177", "2023-03-18");
INSERT INTO Works_On (Researcher_ID,Project_ID,Start_Date) VALUES ("3119295", "3119316", "2022-07-12");
INSERT INTO Works_On (Researcher_ID,Project_ID,Start_Date) VALUES ("3119504", "3119241", "2024-06-05");
INSERT INTO Works_On (Researcher_ID,Project_ID,Start_Date) VALUES ("3119044", "3119559", "2021-11-12");
INSERT INTO Works_On (Researcher_ID,Project_ID,Start_Date) VALUES ("3119534", "3120107", "2021-04-30");
INSERT INTO Works_On (Researcher_ID,Project_ID,Start_Date) VALUES ("3119492", "3119347", "2023-05-15");
INSERT INTO Works_On (Researcher_ID,Project_ID,Start_Date) VALUES ("3119527", "3119030", "2022-12-29");
INSERT INTO Works_On (Researcher_ID,Project_ID,Start_Date) VALUES ("3119342", "3119920", "2023-06-11");
INSERT INTO Works_On (Researcher_ID,Project_ID,Start_Date) VALUES ("3119331", "3119314", "2021-04-06");
INSERT INTO Works_On (Researcher_ID,Project_ID,Start_Date) VALUES ("3119501", "3120147", "2021-03-19");
INSERT INTO Works_On (Researcher_ID,Project_ID,Start_Date) VALUES ("3119243", "3120104", "2020-01-23");
INSERT INTO Works_On (Researcher_ID,Project_ID,Start_Date) VALUES ("3119293", "3120138", "2022-01-15");
INSERT INTO Works_On (Researcher_ID,Project_ID,Start_Date) VALUES ("3119498", "3119695", "2021-07-11");
INSERT INTO Works_On (Researcher_ID,Project_ID,Start_Date) VALUES ("3119404", "3119753", "2022-08-19");
INSERT INTO Works_On (Researcher_ID,Project_ID,Start_Date) VALUES ("3119597", "3119686", "2022-12-10");
INSERT INTO Works_On (Researcher_ID,Project_ID,Start_Date) VALUES ("3119212", "3119678", "2021-08-28");
INSERT INTO Works_On (Researcher_ID,Project_ID,Start_Date) VALUES ("3119398", "3119020", "2022-08-14");
INSERT INTO Works_On (Researcher_ID,Project_ID,Start_Date) VALUES ("3119269", "3120054", "2022-05-14");
INSERT INTO Works_On (Researcher_ID,Project_ID,Start_Date) VALUES ("3119277", "3119725", "2022-03-16");
INSERT INTO Works_On (Researcher_ID,Project_ID,Start_Date) VALUES ("3119128", "3119003", "2022-01-28");
INSERT INTO Works_On (Researcher_ID,Project_ID,Start_Date) VALUES ("3119373", "3119848", "2022-06-13");
INSERT INTO Works_On (Researcher_ID,Project_ID,Start_Date) VALUES ("3119143", "3120093", "2020-11-22");
INSERT INTO Works_On (Researcher_ID,Project_ID,Start_Date) VALUES ("3119329", "3119459", "2022-07-07");
INSERT INTO Works_On (Researcher_ID,Project_ID,Start_Date) VALUES ("3119238", "3119124", "2022-01-16");
INSERT INTO Works_On (Researcher_ID,Project_ID,Start_Date) VALUES ("3119392", "3120044", "2023-12-23");
INSERT INTO Works_On (Researcher_ID,Project_ID,Start_Date) VALUES ("3119407", "3119569", "2023-03-10");
INSERT INTO Works_On (Researcher_ID,Project_ID,Start_Date) VALUES ("3119108", "3120025", "2022-03-31");
INSERT INTO Works_On (Researcher_ID,Project_ID,Start_Date) VALUES ("3119312", "3119309", "2021-08-01");
INSERT INTO Works_On (Researcher_ID,Project_ID,Start_Date) VALUES ("3119433", "3119003", "2022-10-28");
INSERT INTO Works_On (Researcher_ID,Project_ID,Start_Date) VALUES ("3119126", "3119603", "2023-06-12");
INSERT INTO Works_On (Researcher_ID,Project_ID,Start_Date) VALUES ("3119323", "3119321", "2021-10-17");
INSERT INTO Works_On (Researcher_ID,Project_ID,Start_Date) VALUES ("3119368", "3119903", "2023-02-01");
INSERT INTO Works_On (Researcher_ID,Project_ID,Start_Date) VALUES ("3119202", "3119785", "2024-08-15");
INSERT INTO Works_On (Researcher_ID,Project_ID,Start_Date) VALUES ("3119502", "3119469", "2021-05-21");
INSERT INTO Works_On (Researcher_ID,Project_ID,Start_Date) VALUES ("3119343", "3119758", "2022-02-24");
INSERT INTO Works_On (Researcher_ID,Project_ID,Start_Date) VALUES ("3119350", "3120090", "2021-02-17");
INSERT INTO Works_On (Researcher_ID,Project_ID,Start_Date) VALUES ("3119596", "3119155", "2020-12-14");
INSERT INTO Works_On (Researcher_ID,Project_ID,Start_Date) VALUES ("3119521", "3119025", "2021-03-29");
INSERT INTO Works_On (Researcher_ID,Project_ID,Start_Date) VALUES ("3119413", "3120084", "2023-01-24");
INSERT INTO Works_On (Researcher_ID,Project_ID,Start_Date) VALUES ("3119172", "3119300", "2021-04-10");
INSERT INTO Works_On (Researcher_ID,Project_ID,Start_Date) VALUES ("3119582", "3119545", "2023-08-24");
INSERT INTO Works_On (Researcher_ID,Project_ID,Start_Date) VALUES ("3119009", "3120195", "2023-06-30");
INSERT INTO Works_On (Researcher_ID,Project_ID,Start_Date) VALUES ("3119364", "3119832", "2022-06-09");
INSERT INTO Works_On (Researcher_ID,Project_ID,Start_Date) VALUES ("3119298", "3119148", "2024-09-01");
INSERT INTO Works_On (Researcher_ID,Project_ID,Start_Date) VALUES ("3119488", "3120175", "2022-01-23");
INSERT INTO Works_On (Researcher_ID,Project_ID,Start_Date) VALUES ("3119370", "3119288", "2021-04-24");
INSERT INTO Works_On (Researcher_ID,Project_ID,Start_Date) VALUES ("3119053", "3119454", "2024-09-23");
INSERT INTO Works_On (Researcher_ID,Project_ID,Start_Date) VALUES ("3119198", "3119308", "2020-07-29");
INSERT INTO Works_On (Researcher_ID,Project_ID,Start_Date) VALUES ("3119222", "3119579", "2021-02-09");
INSERT INTO Works_On (Researcher_ID,Project_ID,Start_Date) VALUES ("3119222", "3119670", "2023-03-06");
INSERT INTO Works_On (Researcher_ID,Project_ID,Start_Date) VALUES ("3119580", "3120192", "2022-05-14");
INSERT INTO Works_On (Researcher_ID,Project_ID,Start_Date) VALUES ("3119228", "3119815", "2024-10-24");
INSERT INTO Works_On (Researcher_ID,Project_ID,Start_Date) VALUES ("3119448", "3119263", "2021-04-28");
INSERT INTO Works_On (Researcher_ID,Project_ID,Start_Date) VALUES ("3119213", "3120188", "2021-05-29");
INSERT INTO Works_On (Researcher_ID,Project_ID,Start_Date) VALUES ("3119315", "3119118", "2021-04-06");
INSERT INTO Works_On (Researcher_ID,Project_ID,Start_Date) VALUES ("3119182", "3120033", "2024-03-05");
INSERT INTO Works_On (Researcher_ID,Project_ID,Start_Date) VALUES ("3119298", "3119527", "2023-10-07");
INSERT INTO Works_On (Researcher_ID,Project_ID,Start_Date) VALUES ("3119073", "3119380", "2022-05-02");
INSERT INTO Works_On (Researcher_ID,Project_ID,Start_Date) VALUES ("3119059", "3119520", "2022-09-01");
INSERT INTO Works_On (Researcher_ID,Project_ID,Start_Date) VALUES ("3119100", "3119593", "2020-08-23");
INSERT INTO Works_On (Researcher_ID,Project_ID,Start_Date) VALUES ("3119168", "3119982", "2023-08-17");
INSERT INTO Works_On (Researcher_ID,Project_ID,Start_Date) VALUES ("3119344", "3119224", "2023-04-19");
INSERT INTO Works_On (Researcher_ID,Project_ID,Start_Date) VALUES ("3119516", "3119642", "2023-05-20");
INSERT INTO Works_On (Researcher_ID,Project_ID,Start_Date) VALUES ("3119431", "3119480", "2020-12-11");
INSERT INTO Works_On (Researcher_ID,Project_ID,Start_Date) VALUES ("3119486", "3119798", "2023-05-14");
INSERT INTO Works_On (Researcher_ID,Project_ID,Start_Date) VALUES ("3119535", "3119335", "2023-02-23");
INSERT INTO Works_On (Researcher_ID,Project_ID,Start_Date) VALUES ("3119279", "3119076", "2021-01-03");
INSERT INTO Works_On (Researcher_ID,Project_ID,Start_Date) VALUES ("3119420", "3119030", "2022-05-31");
INSERT INTO Works_On (Researcher_ID,Project_ID,Start_Date) VALUES ("3119230", "3119916", "2021-12-05");
INSERT INTO Works_On (Researcher_ID,Project_ID,Start_Date) VALUES ("3119273", "3119207", "2022-02-28");
INSERT INTO Works_On (Researcher_ID,Project_ID,Start_Date) VALUES ("3119390", "3119577", "2021-12-27");
INSERT INTO Works_On (Researcher_ID,Project_ID,Start_Date) VALUES ("3119229", "3119325", "2024-05-19");
INSERT INTO Works_On (Researcher_ID,Project_ID,Start_Date) VALUES ("3119439", "3119395", "2021-06-06");
INSERT INTO Works_On (Researcher_ID,Project_ID,Start_Date) VALUES ("3119367", "3119871", "2021-11-05");
INSERT INTO Works_On (Researcher_ID,Project_ID,Start_Date) VALUES ("3119080", "3119476", "2023-01-20");
INSERT INTO Works_On (Researcher_ID,Project_ID,Start_Date) VALUES ("3119379", "3119316", "2024-12-08");
INSERT INTO Works_On (Researcher_ID,Project_ID,Start_Date) VALUES ("3119495", "3120040", "2021-10-10");
INSERT INTO Works_On (Researcher_ID,Project_ID,Start_Date) VALUES ("3119283", "3119164", "2022-12-21");
INSERT INTO Works_On (Researcher_ID,Project_ID,Start_Date) VALUES ("3119311", "3119055", "2023-04-12");
INSERT INTO Works_On (Researcher_ID,Project_ID,Start_Date) VALUES ("3119150", "3119013", "2020-05-06");
INSERT INTO Works_On (Researcher_ID,Project_ID,Start_Date) VALUES ("3119251", "3119314", "2020-03-20");
INSERT INTO Works_On (Researcher_ID,Project_ID,Start_Date) VALUES ("3119311", "3119396", "2022-04-22");
INSERT INTO Works_On (Researcher_ID,Project_ID,Start_Date) VALUES ("3119014", "3119915", "2022-07-22");
INSERT INTO Works_On (Researcher_ID,Project_ID,Start_Date) VALUES ("3119149", "3119565", "2021-08-09");
INSERT INTO Works_On (Researcher_ID,Project_ID,Start_Date) VALUES ("3119443", "3119283", "2021-08-16");
INSERT INTO Works_On (Researcher_ID,Project_ID,Start_Date) VALUES ("3119086", "3119474", "2021-09-18");
INSERT INTO Works_On (Researcher_ID,Project_ID,Start_Date) VALUES ("3119109", "3119526", "2021-02-04");
INSERT INTO Works_On (Researcher_ID,Project_ID,Start_Date) VALUES ("3119030", "3120024", "2022-10-07");
INSERT INTO Works_On (Researcher_ID,Project_ID,Start_Date) VALUES ("3119465", "3120193", "2022-02-10");
INSERT INTO Works_On (Researcher_ID,Project_ID,Start_Date) VALUES ("3119262", "3120054", "2022-05-13");
INSERT INTO Works_On (Researcher_ID,Project_ID,Start_Date) VALUES ("3119419", "3119489", "2024-08-26");
INSERT INTO Works_On (Researcher_ID,Project_ID,Start_Date) VALUES ("3119191", "3120183", "2021-12-26");
INSERT INTO Works_On (Researcher_ID,Project_ID,Start_Date) VALUES ("3119289", "3119974", "2022-06-02");
INSERT INTO Works_On (Researcher_ID,Project_ID,Start_Date) VALUES ("3119139", "3119182", "2024-04-21");
INSERT INTO Works_On (Researcher_ID,Project_ID,Start_Date) VALUES ("3119157", "3119354", "2022-07-20");
INSERT INTO Works_On (Researcher_ID,Project_ID,Start_Date) VALUES ("3119388", "3120025", "2021-11-22");
INSERT INTO Works_On (Researcher_ID,Project_ID,Start_Date) VALUES ("3119221", "3119000", "2021-09-01");
INSERT INTO Works_On (Researcher_ID,Project_ID,Start_Date) VALUES ("3119052", "3119332", "2021-12-23");
INSERT INTO Works_On (Researcher_ID,Project_ID,Start_Date) VALUES ("3119199", "3119402", "2021-08-11");
INSERT INTO Works_On (Researcher_ID,Project_ID,Start_Date) VALUES ("3119014", "3119576", "2022-10-17");
INSERT INTO Works_On (Researcher_ID,Project_ID,Start_Date) VALUES ("3119146", "3119469", "2022-02-19");
INSERT INTO Works_On (Researcher_ID,Project_ID,Start_Date) VALUES ("3119454", "3120091", "2022-01-06");
INSERT INTO Works_On (Researcher_ID,Project_ID,Start_Date) VALUES ("3119555", "3119266", "2023-03-14");
INSERT INTO Works_On (Researcher_ID,Project_ID,Start_Date) VALUES ("3119037", "3119495", "2022-08-28");
INSERT INTO Works_On (Researcher_ID,Project_ID,Start_Date) VALUES ("3119199", "3119757", "2022-06-26");
INSERT INTO Works_On (Researcher_ID,Project_ID,Start_Date) VALUES ("3119421", "3120167", "2020-06-13");
INSERT INTO Works_On (Researcher_ID,Project_ID,Start_Date) VALUES ("3119277", "3119023", "2021-12-09");
INSERT INTO Works_On (Researcher_ID,Project_ID,Start_Date) VALUES ("3119353", "3119624", "2022-07-06");
INSERT INTO Works_On (Researcher_ID,Project_ID,Start_Date) VALUES ("3119141", "3119397", "2022-07-05");
INSERT INTO Works_On (Researcher_ID,Project_ID,Start_Date) VALUES ("3119192", "3119626", "2023-07-31");
INSERT INTO Works_On (Researcher_ID,Project_ID,Start_Date) VALUES ("3119410", "3119548", "2023-02-11");
INSERT INTO Works_On (Researcher_ID,Project_ID,Start_Date) VALUES ("3119199", "3119206", "2021-05-31");
INSERT INTO Works_On (Researcher_ID,Project_ID,Start_Date) VALUES ("3119112", "3119375", "2023-01-21");
INSERT INTO Works_On (Researcher_ID,Project_ID,Start_Date) VALUES ("3119072", "3119927", "2022-05-15");
INSERT INTO Works_On (Researcher_ID,Project_ID,Start_Date) VALUES ("3119164", "3120162", "2023-12-10");
INSERT INTO Works_On (Researcher_ID,Project_ID,Start_Date) VALUES ("3119090", "3119488", "2025-03-29");
INSERT INTO Works_On (Researcher_ID,Project_ID,Start_Date) VALUES ("3119110", "3120001", "2020-12-05");
INSERT INTO Works_On (Researcher_ID,Project_ID,Start_Date) VALUES ("3119247", "3119008", "2023-01-21");
INSERT INTO Works_On (Researcher_ID,Project_ID,Start_Date) VALUES ("3119439", "3120140", "2022-07-23");
INSERT INTO Works_On (Researcher_ID,Project_ID,Start_Date) VALUES ("3119290", "3119255", "2022-09-14");
INSERT INTO Works_On (Researcher_ID,Project_ID,Start_Date) VALUES ("3119113", "3119834", "2022-03-21");
INSERT INTO Works_On (Researcher_ID,Project_ID,Start_Date) VALUES ("3119100", "3119336", "2021-12-09");
INSERT INTO Works_On (Researcher_ID,Project_ID,Start_Date) VALUES ("3119530", "3119980", "2021-01-17");
INSERT INTO Works_On (Researcher_ID,Project_ID,Start_Date) VALUES ("3119460", "3119668", "2022-12-03");
INSERT INTO Works_On (Researcher_ID,Project_ID,Start_Date) VALUES ("3119518", "3119563", "2022-07-22");
INSERT INTO Works_On (Researcher_ID,Project_ID,Start_Date) VALUES ("3119424", "3119144", "2022-06-03");
INSERT INTO Works_On (Researcher_ID,Project_ID,Start_Date) VALUES ("3119189", "3119145", "2024-03-14");
INSERT INTO Works_On (Researcher_ID,Project_ID,Start_Date) VALUES ("3119435", "3119313", "2021-02-20");
INSERT INTO Works_On (Researcher_ID,Project_ID,Start_Date) VALUES ("3119021", "3120019", "2023-06-17");
INSERT INTO Works_On (Researcher_ID,Project_ID,Start_Date) VALUES ("3119509", "3119540", "2021-06-27");
INSERT INTO Works_On (Researcher_ID,Project_ID,Start_Date) VALUES ("3119554", "3119514", "2021-11-23");
INSERT INTO Works_On (Researcher_ID,Project_ID,Start_Date) VALUES ("3119459", "3119102", "2023-06-28");
INSERT INTO Works_On (Researcher_ID,Project_ID,Start_Date) VALUES ("3119286", "3119103", "2021-11-15");
INSERT INTO Works_On (Researcher_ID,Project_ID,Start_Date) VALUES ("3119072", "3119732", "2023-12-30");
INSERT INTO Works_On (Researcher_ID,Project_ID,Start_Date) VALUES ("3119372", "3120134", "2022-08-08");
INSERT INTO Works_On (Researcher_ID,Project_ID,Start_Date) VALUES ("3119335", "3119778", "2024-01-07");
INSERT INTO Works_On (Researcher_ID,Project_ID,Start_Date) VALUES ("3119097", "3119530", "2023-04-28");
INSERT INTO Works_On (Researcher_ID,Project_ID,Start_Date) VALUES ("3119582", "3119711", "2021-11-22");
INSERT INTO Works_On (Researcher_ID,Project_ID,Start_Date) VALUES ("3119259", "3119992", "2023-11-29");
INSERT INTO Works_On (Researcher_ID,Project_ID,Start_Date) VALUES ("3119087", "3119372", "2025-06-19");
INSERT INTO Works_On (Researcher_ID,Project_ID,Start_Date) VALUES ("3119518", "3119658", "2024-01-30");
INSERT INTO Works_On (Researcher_ID,Project_ID,Start_Date) VALUES ("3119151", "3120080", "2022-07-25");
INSERT INTO Works_On (Researcher_ID,Project_ID,Start_Date) VALUES ("3119352", "3119637", "2024-07-22");
INSERT INTO Works_On (Researcher_ID,Project_ID,Start_Date) VALUES ("3119335", "3120195", "2022-08-25");
INSERT INTO Works_On (Researcher_ID,Project_ID,Start_Date) VALUES ("3119218", "3119684", "2021-12-05");
INSERT INTO Works_On (Researcher_ID,Project_ID,Start_Date) VALUES ("3119125", "3119980", "2022-03-21");
INSERT INTO Works_On (Researcher_ID,Project_ID,Start_Date) VALUES ("3119319", "3119904", "2022-02-23");
INSERT INTO Works_On (Researcher_ID,Project_ID,Start_Date) VALUES ("3119257", "3120036", "2023-06-02");
INSERT INTO Works_On (Researcher_ID,Project_ID,Start_Date) VALUES ("3119208", "3119402", "2021-06-26");
INSERT INTO Works_On (Researcher_ID,Project_ID,Start_Date) VALUES ("3119188", "3119115", "2023-01-06");
INSERT INTO Works_On (Researcher_ID,Project_ID,Start_Date) VALUES ("3119550", "3119175", "2024-04-03");
INSERT INTO Works_On (Researcher_ID,Project_ID,Start_Date) VALUES ("3119119", "3119683", "2022-06-25");
INSERT INTO Works_On (Researcher_ID,Project_ID,Start_Date) VALUES ("3119240", "3119905", "2023-09-19");
INSERT INTO Works_On (Researcher_ID,Project_ID,Start_Date) VALUES ("3119409", "3119563", "2023-03-29");
INSERT INTO Works_On (Researcher_ID,Project_ID,Start_Date) VALUES ("3119442", "3119297", "2022-04-26");
INSERT INTO Works_On (Researcher_ID,Project_ID,Start_Date) VALUES ("3119385", "3120107", "2021-10-24");
INSERT INTO Works_On (Researcher_ID,Project_ID,Start_Date) VALUES ("3119272", "3119379", "2024-02-11");
INSERT INTO Works_On (Researcher_ID,Project_ID,Start_Date) VALUES ("3119019", "3119407", "2023-09-24");
INSERT INTO Works_On (Researcher_ID,Project_ID,Start_Date) VALUES ("3119173", "3119430", "2021-10-01");
INSERT INTO Works_On (Researcher_ID,Project_ID,Start_Date) VALUES ("3119261", "3119742", "2021-10-07");
INSERT INTO Works_On (Researcher_ID,Project_ID,Start_Date) VALUES ("3119314", "3119411", "2022-07-26");
INSERT INTO Works_On (Researcher_ID,Project_ID,Start_Date) VALUES ("3119312", "3119546", "2021-03-05");
INSERT INTO Works_On (Researcher_ID,Project_ID,Start_Date) VALUES ("3119177", "3119477", "2024-03-03");
INSERT INTO Works_On (Researcher_ID,Project_ID,Start_Date) VALUES ("3119525", "3119180", "2021-12-07");
INSERT INTO Works_On (Researcher_ID,Project_ID,Start_Date) VALUES ("3119412", "3119307", "2021-07-27");
INSERT INTO Works_On (Researcher_ID,Project_ID,Start_Date) VALUES ("3119086", "3119589", "2023-04-25");
INSERT INTO Works_On (Researcher_ID,Project_ID,Start_Date) VALUES ("3119383", "3119832", "2022-07-30");
INSERT INTO Works_On (Researcher_ID,Project_ID,Start_Date) VALUES ("3119542", "3119466", "2024-01-09");
INSERT INTO Works_On (Researcher_ID,Project_ID,Start_Date) VALUES ("3119267", "3119026", "2021-03-15");
INSERT INTO Works_On (Researcher_ID,Project_ID,Start_Date) VALUES ("3119187", "3119648", "2021-02-14");
INSERT INTO Works_On (Researcher_ID,Project_ID,Start_Date) VALUES ("3119306", "3119824", "2022-11-20");
INSERT INTO Works_On (Researcher_ID,Project_ID,Start_Date) VALUES ("3119333", "3119311", "2022-03-22");
INSERT INTO Works_On (Researcher_ID,Project_ID,Start_Date) VALUES ("3119019", "3119965", "2023-02-05");
INSERT INTO Works_On (Researcher_ID,Project_ID,Start_Date) VALUES ("3119508", "3119919", "2022-06-07");
INSERT INTO Works_On (Researcher_ID,Project_ID,Start_Date) VALUES ("3119056", "3119812", "2020-02-09");
INSERT INTO Works_On (Researcher_ID,Project_ID,Start_Date) VALUES ("3119386", "3119138", "2021-01-01");
INSERT INTO Works_On (Researcher_ID,Project_ID,Start_Date) VALUES ("3119350", "3119212", "2023-01-21");
INSERT INTO Works_On (Researcher_ID,Project_ID,Start_Date) VALUES ("3119147", "3119255", "2022-02-07");
INSERT INTO Works_On (Researcher_ID,Project_ID,Start_Date) VALUES ("3119290", "3119410", "2024-02-09");
INSERT INTO Works_On (Researcher_ID,Project_ID,Start_Date) VALUES ("3119161", "3119061", "2022-09-25");
INSERT INTO Works_On (Researcher_ID,Project_ID,Start_Date) VALUES ("3119150", "3119575", "2024-04-11");
INSERT INTO Works_On (Researcher_ID,Project_ID,Start_Date) VALUES ("3119460", "3119391", "2023-03-20");
INSERT INTO Works_On (Researcher_ID,Project_ID,Start_Date) VALUES ("3119319", "3119487", "2021-07-12");
INSERT INTO Works_On (Researcher_ID,Project_ID,Start_Date) VALUES ("3119277", "3120018", "2021-12-27");
INSERT INTO Works_On (Researcher_ID,Project_ID,Start_Date) VALUES ("3119097", "3119720", "2022-09-25");
INSERT INTO Works_On (Researcher_ID,Project_ID,Start_Date) VALUES ("3119456", "3119016", "2021-07-13");
INSERT INTO Works_On (Researcher_ID,Project_ID,Start_Date) VALUES ("3119309", "3119051", "2023-01-24");
INSERT INTO Works_On (Researcher_ID,Project_ID,Start_Date) VALUES ("3119191", "3119707", "2023-01-07");
INSERT INTO Works_On (Researcher_ID,Project_ID,Start_Date) VALUES ("3119317", "3119374", "2024-12-04");
INSERT INTO Works_On (Researcher_ID,Project_ID,Start_Date) VALUES ("3119375", "3119318", "2021-12-03");
INSERT INTO Works_On (Researcher_ID,Project_ID,Start_Date) VALUES ("3119060", "3120004", "2023-11-28");
INSERT INTO Works_On (Researcher_ID,Project_ID,Start_Date) VALUES ("3119589", "3119715", "2024-04-05");
INSERT INTO Works_On (Researcher_ID,Project_ID,Start_Date) VALUES ("3119012", "3119157", "2022-06-26");
INSERT INTO Works_On (Researcher_ID,Project_ID,Start_Date) VALUES ("3119569", "3119569", "2023-10-28");
INSERT INTO Works_On (Researcher_ID,Project_ID,Start_Date) VALUES ("3119189", "3119317", "2022-07-25");
INSERT INTO Works_On (Researcher_ID,Project_ID,Start_Date) VALUES ("3119201", "3119217", "2023-10-27");
INSERT INTO Works_On (Researcher_ID,Project_ID,Start_Date) VALUES ("3119306", "3119949", "2023-04-02");
INSERT INTO Works_On (Researcher_ID,Project_ID,Start_Date) VALUES ("3119250", "3119577", "2022-04-29");
INSERT INTO Works_On (Researcher_ID,Project_ID,Start_Date) VALUES ("3119353", "3119285", "2021-11-16");
INSERT INTO Works_On (Researcher_ID,Project_ID,Start_Date) VALUES ("3119306", "3120061", "2021-06-22");
INSERT INTO Works_On (Researcher_ID,Project_ID,Start_Date) VALUES ("3119325", "3119361", "2024-04-26");
INSERT INTO Works_On (Researcher_ID,Project_ID,Start_Date) VALUES ("3119471", "3119311", "2021-12-19");
INSERT INTO Works_On (Researcher_ID,Project_ID,Start_Date) VALUES ("3119187", "3119005", "2023-11-12");
INSERT INTO Works_On (Researcher_ID,Project_ID,Start_Date) VALUES ("3119405", "3120172", "2022-09-17");
INSERT INTO Works_On (Researcher_ID,Project_ID,Start_Date) VALUES ("3119298", "3120021", "2022-05-21");
INSERT INTO Works_On (Researcher_ID,Project_ID,Start_Date) VALUES ("3119266", "3120038", "2023-09-22");
INSERT INTO Works_On (Researcher_ID,Project_ID,Start_Date) VALUES ("3119104", "3119160", "2023-02-12");
INSERT INTO Works_On (Researcher_ID,Project_ID,Start_Date) VALUES ("3119230", "3119855", "2022-09-09");
INSERT INTO Works_On (Researcher_ID,Project_ID,Start_Date) VALUES ("3119109", "3119694", "2023-01-24");
INSERT INTO Works_On (Researcher_ID,Project_ID,Start_Date) VALUES ("3119185", "3119305", "2022-03-02");
INSERT INTO Works_On (Researcher_ID,Project_ID,Start_Date) VALUES ("3119221", "3119675", "2022-08-05");
INSERT INTO Works_On (Researcher_ID,Project_ID,Start_Date) VALUES ("3119189", "3119059", "2022-08-17");
INSERT INTO Works_On (Researcher_ID,Project_ID,Start_Date) VALUES ("3119524", "3119369", "2022-05-11");
INSERT INTO Works_On (Researcher_ID,Project_ID,Start_Date) VALUES ("3119105", "3119139", "2020-11-15");
INSERT INTO Works_On (Researcher_ID,Project_ID,Start_Date) VALUES ("3119198", "3119969", "2020-03-18");
INSERT INTO Works_On (Researcher_ID,Project_ID,Start_Date) VALUES ("3119128", "3119616", "2022-06-25");
INSERT INTO Works_On (Researcher_ID,Project_ID,Start_Date) VALUES ("3119176", "3119255", "2021-06-25");
INSERT INTO Works_On (Researcher_ID,Project_ID,Start_Date) VALUES ("3119544", "3119245", "2021-09-02");
INSERT INTO Works_On (Researcher_ID,Project_ID,Start_Date) VALUES ("3119511", "3119179", "2022-06-16");
INSERT INTO Works_On (Researcher_ID,Project_ID,Start_Date) VALUES ("3119285", "3119607", "2024-03-13");
INSERT INTO Works_On (Researcher_ID,Project_ID,Start_Date) VALUES ("3119386", "3119813", "2021-01-18");
INSERT INTO Works_On (Researcher_ID,Project_ID,Start_Date) VALUES ("3119009", "3119242", "2022-07-17");
INSERT INTO Works_On (Researcher_ID,Project_ID,Start_Date) VALUES ("3119047", "3119984", "2020-10-23");
INSERT INTO Works_On (Researcher_ID,Project_ID,Start_Date) VALUES ("3119334", "3119132", "2022-04-30");
INSERT INTO Works_On (Researcher_ID,Project_ID,Start_Date) VALUES ("3119062", "3119684", "2021-08-09");
INSERT INTO Works_On (Researcher_ID,Project_ID,Start_Date) VALUES ("3119335", "3119280", "2023-01-06");
INSERT INTO Works_On (Researcher_ID,Project_ID,Start_Date) VALUES ("3119486", "3119879", "2022-02-16");
INSERT INTO Works_On (Researcher_ID,Project_ID,Start_Date) VALUES ("3119558", "3119428", "2022-10-19");
INSERT INTO Works_On (Researcher_ID,Project_ID,Start_Date) VALUES ("3119380", "3119417", "2021-08-22");
INSERT INTO Works_On (Researcher_ID,Project_ID,Start_Date) VALUES ("3119206", "3119727", "2023-02-17");
INSERT INTO Works_On (Researcher_ID,Project_ID,Start_Date) VALUES ("3119091", "3119776", "2023-03-07");
INSERT INTO Works_On (Researcher_ID,Project_ID,Start_Date) VALUES ("3119487", "3119154", "2022-10-23");
INSERT INTO Works_On (Researcher_ID,Project_ID,Start_Date) VALUES ("3119253", "3120075", "2023-04-23");
INSERT INTO Works_On (Researcher_ID,Project_ID,Start_Date) VALUES ("3119092", "3119031", "2023-11-26");
INSERT INTO Works_On (Researcher_ID,Project_ID,Start_Date) VALUES ("3119472", "3119833", "2020-01-31");
INSERT INTO Works_On (Researcher_ID,Project_ID,Start_Date) VALUES ("3119525", "3119868", "2020-12-21");
INSERT INTO Works_On (Researcher_ID,Project_ID,Start_Date) VALUES ("3119161", "3119837", "2022-03-06");
INSERT INTO Works_On (Researcher_ID,Project_ID,Start_Date) VALUES ("3119261", "3119070", "2022-12-25");
INSERT INTO Works_On (Researcher_ID,Project_ID,Start_Date) VALUES ("3119212", "3119645", "2022-06-08");
INSERT INTO Works_On (Researcher_ID,Project_ID,Start_Date) VALUES ("3119470", "3119189", "2020-10-04");
INSERT INTO Works_On (Researcher_ID,Project_ID,Start_Date) VALUES ("3119476", "3119901", "2022-02-22");
INSERT INTO Works_On (Researcher_ID,Project_ID,Start_Date) VALUES ("3119258", "3120147", "2023-05-06");
INSERT INTO Works_On (Researcher_ID,Project_ID,Start_Date) VALUES ("3119230", "3119211", "2022-07-16");
INSERT INTO Works_On (Researcher_ID,Project_ID,Start_Date) VALUES ("3119072", "3119442", "2022-11-11");
INSERT INTO Works_On (Researcher_ID,Project_ID,Start_Date) VALUES ("3119533", "3119209", "2022-12-07");
INSERT INTO Works_On (Researcher_ID,Project_ID,Start_Date) VALUES ("3119311", "3119197", "2022-03-10");
INSERT INTO Works_On (Researcher_ID,Project_ID,Start_Date) VALUES ("3119260", "3119403", "2023-06-12");
INSERT INTO Works_On (Researcher_ID,Project_ID,Start_Date) VALUES ("3119516", "3120098", "2024-11-02");
INSERT INTO Works_On (Researcher_ID,Project_ID,Start_Date) VALUES ("3119408", "3119547", "2021-09-11");
INSERT INTO Works_On (Researcher_ID,Project_ID,Start_Date) VALUES ("3119108", "3119730", "2021-10-08");
INSERT INTO Works_On (Researcher_ID,Project_ID,Start_Date) VALUES ("3119021", "3119119", "2023-03-19");
INSERT INTO Works_On (Researcher_ID,Project_ID,Start_Date) VALUES ("3119249", "3119646", "2022-02-13");
INSERT INTO Works_On (Researcher_ID,Project_ID,Start_Date) VALUES ("3119265", "3120050", "2021-09-14");
INSERT INTO Works_On (Researcher_ID,Project_ID,Start_Date) VALUES ("3119237", "3119339", "2022-08-12");
INSERT INTO Works_On (Researcher_ID,Project_ID,Start_Date) VALUES ("3119358", "3119734", "2021-01-24");
INSERT INTO Works_On (Researcher_ID,Project_ID,Start_Date) VALUES ("3119191", "3119592", "2022-07-13");
INSERT INTO Works_On (Researcher_ID,Project_ID,Start_Date) VALUES ("3119509", "3119003", "2023-01-03");
INSERT INTO Works_On (Researcher_ID,Project_ID,Start_Date) VALUES ("3119013", "3119157", "2022-05-08");
INSERT INTO Works_On (Researcher_ID,Project_ID,Start_Date) VALUES ("3119425", "3119309", "2021-01-13");
INSERT INTO Works_On (Researcher_ID,Project_ID,Start_Date) VALUES ("3119340", "3119254", "2020-05-19");
INSERT INTO Works_On (Researcher_ID,Project_ID,Start_Date) VALUES ("3119374", "3119068", "2021-09-26");
INSERT INTO Works_On (Researcher_ID,Project_ID,Start_Date) VALUES ("3119512", "3119724", "2021-06-05");
INSERT INTO Works_On (Researcher_ID,Project_ID,Start_Date) VALUES ("3119451", "3119843", "2022-12-13");
INSERT INTO Works_On (Researcher_ID,Project_ID,Start_Date) VALUES ("3119324", "3119628", "2024-01-24");
INSERT INTO Works_On (Researcher_ID,Project_ID,Start_Date) VALUES ("3119383", "3119946", "2022-02-22");
INSERT INTO Works_On (Researcher_ID,Project_ID,Start_Date) VALUES ("3119277", "3119149", "2022-11-09");
INSERT INTO Works_On (Researcher_ID,Project_ID,Start_Date) VALUES ("3119159", "3119492", "2020-12-09");
INSERT INTO Works_On (Researcher_ID,Project_ID,Start_Date) VALUES ("3119497", "3119613", "2022-06-02");
INSERT INTO Works_On (Researcher_ID,Project_ID,Start_Date) VALUES ("3119299", "3119504", "2021-01-05");
INSERT INTO Works_On (Researcher_ID,Project_ID,Start_Date) VALUES ("3119532", "3119568", "2022-06-04");
INSERT INTO Works_On (Researcher_ID,Project_ID,Start_Date) VALUES ("3119514", "3119765", "2021-02-07");
INSERT INTO Works_On (Researcher_ID,Project_ID,Start_Date) VALUES ("3119416", "3120164", "2022-06-16");
INSERT INTO Works_On (Researcher_ID,Project_ID,Start_Date) VALUES ("3119491", "3119565", "2020-10-29");
INSERT INTO Works_On (Researcher_ID,Project_ID,Start_Date) VALUES ("3119360", "3120152", "2023-04-03");
INSERT INTO Works_On (Researcher_ID,Project_ID,Start_Date) VALUES ("3119173", "3119601", "2021-09-26");
INSERT INTO Works_On (Researcher_ID,Project_ID,Start_Date) VALUES ("3119017", "3119104", "2022-08-02");
INSERT INTO Works_On (Researcher_ID,Project_ID,Start_Date) VALUES ("3119592", "3119622", "2023-12-10");
INSERT INTO Works_On (Researcher_ID,Project_ID,Start_Date) VALUES ("3119031", "3120034", "2022-08-22");
INSERT INTO Works_On (Researcher_ID,Project_ID,Start_Date) VALUES ("3119279", "3120006", "2022-03-11");
INSERT INTO Works_On (Researcher_ID,Project_ID,Start_Date) VALUES ("3119599", "3119801", "2023-01-18");
INSERT INTO Works_On (Researcher_ID,Project_ID,Start_Date) VALUES ("3119562", "3120161", "2024-05-08");
INSERT INTO Works_On (Researcher_ID,Project_ID,Start_Date) VALUES ("3119079", "3119395", "2021-02-14");
INSERT INTO Works_On (Researcher_ID,Project_ID,Start_Date) VALUES ("3119391", "3119042", "2022-02-19");
INSERT INTO Works_On (Researcher_ID,Project_ID,Start_Date) VALUES ("3119423", "3119921", "2023-11-10");
INSERT INTO Works_On (Researcher_ID,Project_ID,Start_Date) VALUES ("3119168", "3120012", "2022-05-28");
INSERT INTO Works_On (Researcher_ID,Project_ID,Start_Date) VALUES ("3119286", "3119234", "2021-03-09");
INSERT INTO Works_On (Researcher_ID,Project_ID,Start_Date) VALUES ("3119467", "3119900", "2022-05-03");
INSERT INTO Works_On (Researcher_ID,Project_ID,Start_Date) VALUES ("3119223", "3119278", "2020-10-01");
INSERT INTO Works_On (Researcher_ID,Project_ID,Start_Date) VALUES ("3119016", "3119485", "2023-08-08");
INSERT INTO Works_On (Researcher_ID,Project_ID,Start_Date) VALUES ("3119141", "3119123", "2021-08-07");
INSERT INTO Works_On (Researcher_ID,Project_ID,Start_Date) VALUES ("3119170", "3119561", "2022-03-28");
INSERT INTO Works_On (Researcher_ID,Project_ID,Start_Date) VALUES ("3119053", "3120176", "2021-05-14");
INSERT INTO Works_On (Researcher_ID,Project_ID,Start_Date) VALUES ("3119227", "3120068", "2021-10-29");
INSERT INTO Works_On (Researcher_ID,Project_ID,Start_Date) VALUES ("3119595", "3119990", "2024-02-09");
INSERT INTO Works_On (Researcher_ID,Project_ID,Start_Date) VALUES ("3119232", "3119475", "2022-08-23");
INSERT INTO Works_On (Researcher_ID,Project_ID,Start_Date) VALUES ("3119515", "3119859", "2023-07-15");
INSERT INTO Works_On (Researcher_ID,Project_ID,Start_Date) VALUES ("3119500", "3119455", "2022-09-02");
INSERT INTO Works_On (Researcher_ID,Project_ID,Start_Date) VALUES ("3119147", "3119642", "2022-06-14");
INSERT INTO Works_On (Researcher_ID,Project_ID,Start_Date) VALUES ("3119550", "3119386", "2020-03-03");
INSERT INTO Works_On (Researcher_ID,Project_ID,Start_Date) VALUES ("3119460", "3119073", "2021-01-28");
INSERT INTO Works_On (Researcher_ID,Project_ID,Start_Date) VALUES ("3119581", "3119416", "2023-05-29");
INSERT INTO Works_On (Researcher_ID,Project_ID,Start_Date) VALUES ("3119155", "3119067", "2022-02-24");
INSERT INTO Works_On (Researcher_ID,Project_ID,Start_Date) VALUES ("3119256", "3119852", "2024-03-06");
INSERT INTO Works_On (Researcher_ID,Project_ID,Start_Date) VALUES ("3119071", "3119959", "2022-03-15");
INSERT INTO Works_On (Researcher_ID,Project_ID,Start_Date) VALUES ("3119039", "3119407", "2022-12-21");
INSERT INTO Works_On (Researcher_ID,Project_ID,Start_Date) VALUES ("3119372", "3120099", "2022-03-05");
INSERT INTO Works_On (Researcher_ID,Project_ID,Start_Date) VALUES ("3119043", "3120091", "2022-07-23");
INSERT INTO Works_On (Researcher_ID,Project_ID,Start_Date) VALUES ("3119422", "3119463", "2022-07-19");
INSERT INTO Works_On (Researcher_ID,Project_ID,Start_Date) VALUES ("3119164", "3120038", "2022-05-28");
INSERT INTO Works_On (Researcher_ID,Project_ID,Start_Date) VALUES ("3119044", "3119028", "2022-05-30");
INSERT INTO Works_On (Researcher_ID,Project_ID,Start_Date) VALUES ("3119260", "3119881", "2021-03-07");
INSERT INTO Works_On (Researcher_ID,Project_ID,Start_Date) VALUES ("3119122", "3120141", "2021-01-11");
INSERT INTO Works_On (Researcher_ID,Project_ID,Start_Date) VALUES ("3119402", "3119218", "2024-04-07");
INSERT INTO Works_On (Researcher_ID,Project_ID,Start_Date) VALUES ("3119159", "3119150", "2025-01-25");
INSERT INTO Works_On (Researcher_ID,Project_ID,Start_Date) VALUES ("3119335", "3119616", "2023-04-03");
INSERT INTO Works_On (Researcher_ID,Project_ID,Start_Date) VALUES ("3119434", "3119211", "2023-01-12");
INSERT INTO Works_On (Researcher_ID,Project_ID,Start_Date) VALUES ("3119266", "3119069", "2022-06-06");
INSERT INTO Works_On (Researcher_ID,Project_ID,Start_Date) VALUES ("3119274", "3119051", "2021-09-11");
INSERT INTO Works_On (Researcher_ID,Project_ID,Start_Date) VALUES ("3119559", "3119743", "2021-12-30");
INSERT INTO Works_On (Researcher_ID,Project_ID,Start_Date) VALUES ("3119084", "3119863", "2021-07-09");
INSERT INTO Works_On (Researcher_ID,Project_ID,Start_Date) VALUES ("3119326", "3119055", "2022-03-09");
INSERT INTO Works_On (Researcher_ID,Project_ID,Start_Date) VALUES ("3119186", "3119005", "2023-12-14");
INSERT INTO Works_On (Researcher_ID,Project_ID,Start_Date) VALUES ("3119556", "3120137", "2024-10-05");
INSERT INTO Works_On (Researcher_ID,Project_ID,Start_Date) VALUES ("3119404", "3119578", "2021-12-20");
INSERT INTO Works_On (Researcher_ID,Project_ID,Start_Date) VALUES ("3119062", "3120082", "2021-04-01");
INSERT INTO Works_On (Researcher_ID,Project_ID,Start_Date) VALUES ("3119196", "3119435", "2021-06-09");
INSERT INTO Works_On (Researcher_ID,Project_ID,Start_Date) VALUES ("3119486", "3119490", "2023-11-26");
INSERT INTO Works_On (Researcher_ID,Project_ID,Start_Date) VALUES ("3119330", "3119078", "2021-05-02");
INSERT INTO Works_On (Researcher_ID,Project_ID,Start_Date) VALUES ("3119593", "3119123", "2021-12-08");
INSERT INTO Works_On (Researcher_ID,Project_ID,Start_Date) VALUES ("3119215", "3119068", "2021-03-25");
INSERT INTO Works_On (Researcher_ID,Project_ID,Start_Date) VALUES ("3119237", "3119500", "2021-10-18");
INSERT INTO Works_On (Researcher_ID,Project_ID,Start_Date) VALUES ("3119580", "3119636", "2023-08-27");
INSERT INTO Works_On (Researcher_ID,Project_ID,Start_Date) VALUES ("3119010", "3119268", "2021-11-11");
INSERT INTO Works_On (Researcher_ID,Project_ID,Start_Date) VALUES ("3119291", "3119704", "2025-03-01");
INSERT INTO Works_On (Researcher_ID,Project_ID,Start_Date) VALUES ("3119309", "3119293", "2021-07-30");
INSERT INTO Works_On (Researcher_ID,Project_ID,Start_Date) VALUES ("3119435", "3119511", "2021-08-15");
INSERT INTO Works_On (Researcher_ID,Project_ID,Start_Date) VALUES ("3119200", "3119427", "2022-03-02");
INSERT INTO Works_On (Researcher_ID,Project_ID,Start_Date) VALUES ("3119267", "3119078", "2021-02-22");
INSERT INTO Works_On (Researcher_ID,Project_ID,Start_Date) VALUES ("3119241", "3119752", "2023-02-01");
INSERT INTO Works_On (Researcher_ID,Project_ID,Start_Date) VALUES ("3119440", "3119290", "2021-03-09");
INSERT INTO Works_On (Researcher_ID,Project_ID,Start_Date) VALUES ("3119464", "3119301", "2024-08-19");
INSERT INTO Works_On (Researcher_ID,Project_ID,Start_Date) VALUES ("3119136", "3119805", "2022-04-29");
INSERT INTO Works_On (Researcher_ID,Project_ID,Start_Date) VALUES ("3119005", "3119010", "2021-09-25");
INSERT INTO Works_On (Researcher_ID,Project_ID,Start_Date) VALUES ("3119541", "3119542", "2022-03-03");
INSERT INTO Works_On (Researcher_ID,Project_ID,Start_Date) VALUES ("3119373", "3119574", "2021-06-01");
INSERT INTO Works_On (Researcher_ID,Project_ID,Start_Date) VALUES ("3119546", "3119131", "2022-10-10");
INSERT INTO Works_On (Researcher_ID,Project_ID,Start_Date) VALUES ("3119123", "3120151", "2021-08-21");
INSERT INTO Works_On (Researcher_ID,Project_ID,Start_Date) VALUES ("3119476", "3120086", "2024-11-09");
INSERT INTO Works_On (Researcher_ID,Project_ID,Start_Date) VALUES ("3119285", "3119939", "2023-02-13");
INSERT INTO Works_On (Researcher_ID,Project_ID,Start_Date) VALUES ("3119043", "3119564", "2020-09-09");
INSERT INTO Works_On (Researcher_ID,Project_ID,Start_Date) VALUES ("3119256", "3119939", "2024-04-09");
INSERT INTO Works_On (Researcher_ID,Project_ID,Start_Date) VALUES ("3119339", "3119925", "2024-01-30");
INSERT INTO Works_On (Researcher_ID,Project_ID,Start_Date) VALUES ("3119030", "3119393", "2022-04-07");
INSERT INTO Works_On (Researcher_ID,Project_ID,Start_Date) VALUES ("3119251", "3119941", "2022-12-24");
INSERT INTO Works_On (Researcher_ID,Project_ID,Start_Date) VALUES ("3119164", "3119948", "2021-10-18");
INSERT INTO Works_On (Researcher_ID,Project_ID,Start_Date) VALUES ("3119366", "3119767", "2021-07-02");
INSERT INTO Works_On (Researcher_ID,Project_ID,Start_Date) VALUES ("3119190", "3119613", "2022-04-06");
INSERT INTO Works_On (Researcher_ID,Project_ID,Start_Date) VALUES ("3119209", "3119924", "2021-01-18");
INSERT INTO Works_On (Researcher_ID,Project_ID,Start_Date) VALUES ("3119152", "3119219", "2023-01-28");
INSERT INTO Works_On (Researcher_ID,Project_ID,Start_Date) VALUES ("3119152", "3119218", "2024-06-17");
INSERT INTO Works_On (Researcher_ID,Project_ID,Start_Date) VALUES ("3119420", "3119284", "2024-07-09");
INSERT INTO Works_On (Researcher_ID,Project_ID,Start_Date) VALUES ("3119436", "3119941", "2024-01-27");
INSERT INTO Works_On (Researcher_ID,Project_ID,Start_Date) VALUES ("3119420", "3119099", "2021-03-03");
INSERT INTO Works_On (Researcher_ID,Project_ID,Start_Date) VALUES ("3119587", "3120023", "2022-09-08");
INSERT INTO Works_On (Researcher_ID,Project_ID,Start_Date) VALUES ("3119118", "3119867", "2021-02-12");
INSERT INTO Works_On (Researcher_ID,Project_ID,Start_Date) VALUES ("3119547", "3119026", "2020-12-30");
INSERT INTO Works_On (Researcher_ID,Project_ID,Start_Date) VALUES ("3119382", "3119966", "2020-10-20");
INSERT INTO Works_On (Researcher_ID,Project_ID,Start_Date) VALUES ("3119397", "3119216", "2023-02-25");
INSERT INTO Works_On (Researcher_ID,Project_ID,Start_Date) VALUES ("3119586", "3119432", "2023-07-23");
INSERT INTO Works_On (Researcher_ID,Project_ID,Start_Date) VALUES ("3119028", "3119258", "2023-11-16");
INSERT INTO Works_On (Researcher_ID,Project_ID,Start_Date) VALUES ("3119128", "3119322", "2022-08-14");
INSERT INTO Works_On (Researcher_ID,Project_ID,Start_Date) VALUES ("3119088", "3119541", "2021-12-22");
INSERT INTO Works_On (Researcher_ID,Project_ID,Start_Date) VALUES ("3119210", "3119773", "2022-01-14");
INSERT INTO Works_On (Researcher_ID,Project_ID,Start_Date) VALUES ("3119496", "3119213", "2022-11-04");
INSERT INTO Works_On (Researcher_ID,Project_ID,Start_Date) VALUES ("3119394", "3119088", "2022-01-06");
INSERT INTO Works_On (Researcher_ID,Project_ID,Start_Date) VALUES ("3119582", "3119745", "2021-05-17");
INSERT INTO Works_On (Researcher_ID,Project_ID,Start_Date) VALUES ("3119202", "3119328", "2020-05-01");
INSERT INTO Works_On (Researcher_ID,Project_ID,Start_Date) VALUES ("3119384", "3120159", "2022-08-31");
INSERT INTO Works_On (Researcher_ID,Project_ID,Start_Date) VALUES ("3119117", "3119213", "2021-05-17");
INSERT INTO Works_On (Researcher_ID,Project_ID,Start_Date) VALUES ("3119213", "3119685", "2021-03-09");
INSERT INTO Works_On (Researcher_ID,Project_ID,Start_Date) VALUES ("3119065", "3120141", "2021-05-18");
INSERT INTO Works_On (Researcher_ID,Project_ID,Start_Date) VALUES ("3119092", "3119213", "2023-09-05");
INSERT INTO Works_On (Researcher_ID,Project_ID,Start_Date) VALUES ("3119487", "3119397", "2022-09-13");
INSERT INTO Works_On (Researcher_ID,Project_ID,Start_Date) VALUES ("3119250", "3119582", "2025-05-02");
INSERT INTO Works_On (Researcher_ID,Project_ID,Start_Date) VALUES ("3119433", "3119144", "2022-07-16");
INSERT INTO Works_On (Researcher_ID,Project_ID,Start_Date) VALUES ("3119385", "3119148", "2023-10-03");
INSERT INTO Works_On (Researcher_ID,Project_ID,Start_Date) VALUES ("3119063", "3119145", "2023-09-30");
INSERT INTO Works_On (Researcher_ID,Project_ID,Start_Date) VALUES ("3119595", "3119714", "2022-07-30");
INSERT INTO Works_On (Researcher_ID,Project_ID,Start_Date) VALUES ("3119131", "3120014", "2022-11-25");
INSERT INTO Works_On (Researcher_ID,Project_ID,Start_Date) VALUES ("3119522", "3119815", "2021-07-24");
INSERT INTO Works_On (Researcher_ID,Project_ID,Start_Date) VALUES ("3119532", "3119507", "2021-01-12");
INSERT INTO Works_On (Researcher_ID,Project_ID,Start_Date) VALUES ("3119495", "3119784", "2021-07-04");
INSERT INTO Works_On (Researcher_ID,Project_ID,Start_Date) VALUES ("3119473", "3119484", "2021-02-23");
INSERT INTO Works_On (Researcher_ID,Project_ID,Start_Date) VALUES ("3119255", "3119937", "2022-03-08");
INSERT INTO Works_On (Researcher_ID,Project_ID,Start_Date) VALUES ("3119057", "3119969", "2021-05-04");
INSERT INTO Works_On (Researcher_ID,Project_ID,Start_Date) VALUES ("3119395", "3119524", "2022-08-26");
INSERT INTO Works_On (Researcher_ID,Project_ID,Start_Date) VALUES ("3119156", "3119864", "2021-07-22");
INSERT INTO Works_On (Researcher_ID,Project_ID,Start_Date) VALUES ("3119494", "3120116", "2023-07-24");
INSERT INTO Works_On (Researcher_ID,Project_ID,Start_Date) VALUES ("3119243", "3120066", "2020-06-30");
INSERT INTO Works_On (Researcher_ID,Project_ID,Start_Date) VALUES ("3119039", "3119646", "2021-06-04");
INSERT INTO Works_On (Researcher_ID,Project_ID,Start_Date) VALUES ("3119316", "3119961", "2022-04-08");
INSERT INTO Works_On (Researcher_ID,Project_ID,Start_Date) VALUES ("3119003", "3119287", "2022-12-29");
INSERT INTO Works_On (Researcher_ID,Project_ID,Start_Date) VALUES ("3119205", "3119350", "2022-08-11");
INSERT INTO Works_On (Researcher_ID,Project_ID,Start_Date) VALUES ("3119448", "3119920", "2022-09-21");
INSERT INTO Works_On (Researcher_ID,Project_ID,Start_Date) VALUES ("3119292", "3120088", "2021-10-29");
INSERT INTO Works_On (Researcher_ID,Project_ID,Start_Date) VALUES ("3119308", "3119914", "2020-12-11");
INSERT INTO Works_On (Researcher_ID,Project_ID,Start_Date) VALUES ("3119442", "3119082", "2023-08-28");
INSERT INTO Works_On (Researcher_ID,Project_ID,Start_Date) VALUES ("3119406", "3119849", "2021-05-22");
INSERT INTO Works_On (Researcher_ID,Project_ID,Start_Date) VALUES ("3119330", "3119933", "2022-04-19");
INSERT INTO Works_On (Researcher_ID,Project_ID,Start_Date) VALUES ("3119395", "3119903", "2025-09-01");
INSERT INTO Works_On (Researcher_ID,Project_ID,Start_Date) VALUES ("3119062", "3120097", "2022-10-03");
INSERT INTO Works_On (Researcher_ID,Project_ID,Start_Date) VALUES ("3119220", "3119620", "2021-08-15");
INSERT INTO Works_On (Researcher_ID,Project_ID,Start_Date) VALUES ("3119089", "3119528", "2021-01-06");
INSERT INTO Works_On (Researcher_ID,Project_ID,Start_Date) VALUES ("3119512", "3120166", "2023-09-07");
INSERT INTO Works_On (Researcher_ID,Project_ID,Start_Date) VALUES ("3119300", "3119616", "2022-07-07");
INSERT INTO Works_On (Researcher_ID,Project_ID,Start_Date) VALUES ("3119421", "3120089", "2022-02-28");
INSERT INTO Works_On (Researcher_ID,Project_ID,Start_Date) VALUES ("3119505", "3120015", "2020-06-03");
INSERT INTO Works_On (Researcher_ID,Project_ID,Start_Date) VALUES ("3119496", "3119297", "2022-01-09");
INSERT INTO Works_On (Researcher_ID,Project_ID,Start_Date) VALUES ("3119396", "3119789", "2021-01-21");
INSERT INTO Works_On (Researcher_ID,Project_ID,Start_Date) VALUES ("3119226", "3119740", "2021-06-10");
INSERT INTO Works_On (Researcher_ID,Project_ID,Start_Date) VALUES ("3119458", "3119529", "2021-02-05");
INSERT INTO Works_On (Researcher_ID,Project_ID,Start_Date) VALUES ("3119198", "3119978", "2020-06-18");
INSERT INTO Works_On (Researcher_ID,Project_ID,Start_Date) VALUES ("3119522", "3119532", "2021-07-23");
INSERT INTO Works_On (Researcher_ID,Project_ID,Start_Date) VALUES ("3119024", "3119873", "2023-09-07");
INSERT INTO Works_On (Researcher_ID,Project_ID,Start_Date) VALUES ("3119523", "3119296", "2022-03-06");
INSERT INTO Works_On (Researcher_ID,Project_ID,Start_Date) VALUES ("3119401", "3119875", "2021-06-14");
INSERT INTO Works_On (Researcher_ID,Project_ID,Start_Date) VALUES ("3119345", "3119448", "2022-11-23");
INSERT INTO Works_On (Researcher_ID,Project_ID,Start_Date) VALUES ("3119385", "3119067", "2020-08-31");
INSERT INTO Works_On (Researcher_ID,Project_ID,Start_Date) VALUES ("3119589", "3119764", "2021-06-01");
INSERT INTO Works_On (Researcher_ID,Project_ID,Start_Date) VALUES ("3119564", "3120060", "2021-07-05");
INSERT INTO Works_On (Researcher_ID,Project_ID,Start_Date) VALUES ("3119008", "3119826", "2021-05-13");
INSERT INTO Works_On (Researcher_ID,Project_ID,Start_Date) VALUES ("3119587", "3119000", "2022-05-05");
INSERT INTO Works_On (Researcher_ID,Project_ID,Start_Date) VALUES ("3119042", "3119508", "2022-04-20");
INSERT INTO Works_On (Researcher_ID,Project_ID,Start_Date) VALUES ("3119347", "3119517", "2021-12-16");
INSERT INTO Works_On (Researcher_ID,Project_ID,Start_Date) VALUES ("3119189", "3120059", "2023-06-24");
INSERT INTO Works_On (Researcher_ID,Project_ID,Start_Date) VALUES ("3119204", "3120018", "2021-10-18");
INSERT INTO Works_On (Researcher_ID,Project_ID,Start_Date) VALUES ("3119136", "3119758", "2023-09-03");
INSERT INTO Works_On (Researcher_ID,Project_ID,Start_Date) VALUES ("3119451", "3119068", "2020-10-26");
INSERT INTO Works_On (Researcher_ID,Project_ID,Start_Date) VALUES ("3119006", "3120134", "2022-02-20");
INSERT INTO Works_On (Researcher_ID,Project_ID,Start_Date) VALUES ("3119544", "3119133", "2020-11-12");
INSERT INTO Works_On (Researcher_ID,Project_ID,Start_Date) VALUES ("3119444", "3119219", "2022-01-26");
INSERT INTO Works_On (Researcher_ID,Project_ID,Start_Date) VALUES ("3119376", "3119833", "2020-07-28");
INSERT INTO Works_On (Researcher_ID,Project_ID,Start_Date) VALUES ("3119216", "3119003", "2022-04-20");
INSERT INTO Works_On (Researcher_ID,Project_ID,Start_Date) VALUES ("3119120", "3119966", "2020-12-09");
INSERT INTO Works_On (Researcher_ID,Project_ID,Start_Date) VALUES ("3119018", "3119768", "2022-07-22");
INSERT INTO Works_On (Researcher_ID,Project_ID,Start_Date) VALUES ("3119087", "3120108", "2022-09-08");
INSERT INTO Works_On (Researcher_ID,Project_ID,Start_Date) VALUES ("3119088", "3119848", "2022-04-24");
INSERT INTO Works_On (Researcher_ID,Project_ID,Start_Date) VALUES ("3119568", "3119368", "2021-05-13");
INSERT INTO Works_On (Researcher_ID,Project_ID,Start_Date) VALUES ("3119102", "3119874", "2021-10-29");
INSERT INTO Works_On (Researcher_ID,Project_ID,Start_Date) VALUES ("3119232", "3119962", "2021-08-21");
INSERT INTO Works_On (Researcher_ID,Project_ID,Start_Date) VALUES ("3119510", "3119280", "2023-01-25");
INSERT INTO Works_On (Researcher_ID,Project_ID,Start_Date) VALUES ("3119114", "3119437", "2021-03-03");
INSERT INTO Works_On (Researcher_ID,Project_ID,Start_Date) VALUES ("3119082", "3119724", "2023-05-01");
INSERT INTO Works_On (Researcher_ID,Project_ID,Start_Date) VALUES ("3119044", "3120139", "2022-12-31");
INSERT INTO Works_On (Researcher_ID,Project_ID,Start_Date) VALUES ("3119519", "3119931", "2021-04-20");
INSERT INTO Works_On (Researcher_ID,Project_ID,Start_Date) VALUES ("3119401", "3120135", "2024-06-08");
INSERT INTO Works_On (Researcher_ID,Project_ID,Start_Date) VALUES ("3119181", "3119104", "2022-05-16");
INSERT INTO Works_On (Researcher_ID,Project_ID,Start_Date) VALUES ("3119173", "3119115", "2022-08-19");
INSERT INTO Works_On (Researcher_ID,Project_ID,Start_Date) VALUES ("3119399", "3119034", "2021-05-16");
INSERT INTO Works_On (Researcher_ID,Project_ID,Start_Date) VALUES ("3119348", "3119543", "2022-04-26");
INSERT INTO Works_On (Researcher_ID,Project_ID,Start_Date) VALUES ("3119299", "3119781", "2022-05-02");
INSERT INTO Works_On (Researcher_ID,Project_ID,Start_Date) VALUES ("3119253", "3119605", "2023-04-17");
INSERT INTO Works_On (Researcher_ID,Project_ID,Start_Date) VALUES ("3119101", "3119157", "2021-07-03");
INSERT INTO Works_On (Researcher_ID,Project_ID,Start_Date) VALUES ("3119152", "3119761", "2022-12-07");
INSERT INTO Works_On (Researcher_ID,Project_ID,Start_Date) VALUES ("3119143", "3120073", "2022-07-16");
INSERT INTO Works_On (Researcher_ID,Project_ID,Start_Date) VALUES ("3119397", "3120124", "2020-09-10");
INSERT INTO Works_On (Researcher_ID,Project_ID,Start_Date) VALUES ("3119191", "3119104", "2024-05-17");
INSERT INTO Works_On (Researcher_ID,Project_ID,Start_Date) VALUES ("3119546", "3120006", "2020-11-06");
INSERT INTO Works_On (Researcher_ID,Project_ID,Start_Date) VALUES ("3119187", "3119002", "2022-06-15");
INSERT INTO Works_On (Researcher_ID,Project_ID,Start_Date) VALUES ("3119572", "3119181", "2020-07-29");
INSERT INTO Works_On (Researcher_ID,Project_ID,Start_Date) VALUES ("3119135", "3119471", "2022-09-06");
INSERT INTO Works_On (Researcher_ID,Project_ID,Start_Date) VALUES ("3119372", "3119100", "2024-05-12");
INSERT INTO Works_On (Researcher_ID,Project_ID,Start_Date) VALUES ("3119287", "3119541", "2021-03-21");
INSERT INTO Works_On (Researcher_ID,Project_ID,Start_Date) VALUES ("3119131", "3119856", "2021-02-11");
INSERT INTO Works_On (Researcher_ID,Project_ID,Start_Date) VALUES ("3119154", "3119717", "2021-05-22");
INSERT INTO Works_On (Researcher_ID,Project_ID,Start_Date) VALUES ("3119448", "3119823", "2023-03-12");
INSERT INTO Works_On (Researcher_ID,Project_ID,Start_Date) VALUES ("3119237", "3119995", "2022-04-12");
INSERT INTO Works_On (Researcher_ID,Project_ID,Start_Date) VALUES ("3119572", "3119856", "2021-07-22");
INSERT INTO Works_On (Researcher_ID,Project_ID,Start_Date) VALUES ("3119446", "3119379", "2022-07-29");
INSERT INTO Works_On (Researcher_ID,Project_ID,Start_Date) VALUES ("3119208", "3119537", "2023-06-02");
INSERT INTO Works_On (Researcher_ID,Project_ID,Start_Date) VALUES ("3119384", "3119444", "2022-04-27");
INSERT INTO Works_On (Researcher_ID,Project_ID,Start_Date) VALUES ("3119153", "3120195", "2023-07-16");
INSERT INTO Works_On (Researcher_ID,Project_ID,Start_Date) VALUES ("3119062", "3120032", "2020-10-16");
INSERT INTO Works_On (Researcher_ID,Project_ID,Start_Date) VALUES ("3119058", "3119947", "2020-11-20");
INSERT INTO Works_On (Researcher_ID,Project_ID,Start_Date) VALUES ("3119004", "3119725", "2020-10-24");
INSERT INTO Works_On (Researcher_ID,Project_ID,Start_Date) VALUES ("3119461", "3120190", "2022-12-13");
INSERT INTO Works_On (Researcher_ID,Project_ID,Start_Date) VALUES ("3119436", "3119894", "2023-02-07");
INSERT INTO Works_On (Researcher_ID,Project_ID,Start_Date) VALUES ("3119362", "3119551", "2022-11-30");
INSERT INTO Works_On (Researcher_ID,Project_ID,Start_Date) VALUES ("3119121", "3119889", "2023-07-12");
INSERT INTO Works_On (Researcher_ID,Project_ID,Start_Date) VALUES ("3119107", "3119965", "2023-01-06");
INSERT INTO Works_On (Researcher_ID,Project_ID,Start_Date) VALUES ("3119033", "3119260", "2023-04-28");
INSERT INTO Works_On (Researcher_ID,Project_ID,Start_Date) VALUES ("3119047", "3119971", "2022-07-02");
INSERT INTO Works_On (Researcher_ID,Project_ID,Start_Date) VALUES ("3119539", "3119627", "2020-12-07");
INSERT INTO Works_On (Researcher_ID,Project_ID,Start_Date) VALUES ("3119190", "3119859", "2022-09-04");
INSERT INTO Works_On (Researcher_ID,Project_ID,Start_Date) VALUES ("3119397", "3119004", "2024-01-16");
INSERT INTO Works_On (Researcher_ID,Project_ID,Start_Date) VALUES ("3119243", "3119599", "2023-04-29");
INSERT INTO Works_On (Researcher_ID,Project_ID,Start_Date) VALUES ("3119500", "3119231", "2024-10-02");
INSERT INTO Works_On (Researcher_ID,Project_ID,Start_Date) VALUES ("3119261", "3119921", "2023-05-31");
INSERT INTO Works_On (Researcher_ID,Project_ID,Start_Date) VALUES ("3119041", "3119872", "2022-06-29");
INSERT INTO Works_On (Researcher_ID,Project_ID,Start_Date) VALUES ("3119281", "3119731", "2021-02-01");
INSERT INTO Works_On (Researcher_ID,Project_ID,Start_Date) VALUES ("3119323", "3119913", "2021-02-07");
INSERT INTO Works_On (Researcher_ID,Project_ID,Start_Date) VALUES ("3119204", "3119794", "2021-07-11");
INSERT INTO Works_On (Researcher_ID,Project_ID,Start_Date) VALUES ("3119379", "3119160", "2022-05-22");
INSERT INTO Works_On (Researcher_ID,Project_ID,Start_Date) VALUES ("3119105", "3119623", "2021-03-16");
INSERT INTO Works_On (Researcher_ID,Project_ID,Start_Date) VALUES ("3119401", "3119140", "2022-07-23");
INSERT INTO Works_On (Researcher_ID,Project_ID,Start_Date) VALUES ("3119480", "3120195", "2021-03-12");
INSERT INTO Works_On (Researcher_ID,Project_ID,Start_Date) VALUES ("3119126", "3119521", "2020-10-03");
INSERT INTO Works_On (Researcher_ID,Project_ID,Start_Date) VALUES ("3119308", "3120039", "2022-07-12");
INSERT INTO Works_On (Researcher_ID,Project_ID,Start_Date) VALUES ("3119316", "3119054", "2023-08-06");
INSERT INTO Works_On (Researcher_ID,Project_ID,Start_Date) VALUES ("3119425", "3119094", "2021-07-11");
INSERT INTO Works_On (Researcher_ID,Project_ID,Start_Date) VALUES ("3119272", "3119457", "2020-12-12");
INSERT INTO Works_On (Researcher_ID,Project_ID,Start_Date) VALUES ("3119107", "3119632", "2022-04-27");
INSERT INTO Works_On (Researcher_ID,Project_ID,Start_Date) VALUES ("3119596", "3119880", "2021-11-28");
INSERT INTO Works_On (Researcher_ID,Project_ID,Start_Date) VALUES ("3119357", "3119830", "2022-10-26");
INSERT INTO Works_On (Researcher_ID,Project_ID,Start_Date) VALUES ("3119278", "3119371", "2022-12-09");
INSERT INTO Works_On (Researcher_ID,Project_ID,Start_Date) VALUES ("3119495", "3119914", "2020-06-07");
INSERT INTO Works_On (Researcher_ID,Project_ID,Start_Date) VALUES ("3119061", "3119073", "2020-03-07");
INSERT INTO Works_On (Researcher_ID,Project_ID,Start_Date) VALUES ("3119211", "3119392", "2023-06-20");
INSERT INTO Works_On (Researcher_ID,Project_ID,Start_Date) VALUES ("3119445", "3119932", "2021-01-16");
INSERT INTO Works_On (Researcher_ID,Project_ID,Start_Date) VALUES ("3119296", "3119284", "2022-05-15");
INSERT INTO Works_On (Researcher_ID,Project_ID,Start_Date) VALUES ("3119287", "3120088", "2022-07-25");
INSERT INTO Works_On (Researcher_ID,Project_ID,Start_Date) VALUES ("3119552", "3119679", "2022-03-25");
INSERT INTO Works_On (Researcher_ID,Project_ID,Start_Date) VALUES ("3119098", "3119632", "2023-04-09");
INSERT INTO Works_On (Researcher_ID,Project_ID,Start_Date) VALUES ("3119082", "3119621", "2022-01-14");
INSERT INTO Works_On (Researcher_ID,Project_ID,Start_Date) VALUES ("3119414", "3119088", "2023-03-07");
INSERT INTO Works_On (Researcher_ID,Project_ID,Start_Date) VALUES ("3119034", "3119671", "2021-06-29");
INSERT INTO Works_On (Researcher_ID,Project_ID,Start_Date) VALUES ("3119091", "3119842", "2022-10-09");
INSERT INTO Works_On (Researcher_ID,Project_ID,Start_Date) VALUES ("3119325", "3119112", "2021-10-13");
INSERT INTO Works_On (Researcher_ID,Project_ID,Start_Date) VALUES ("3119564", "3119096", "2022-04-20");
INSERT INTO Works_On (Researcher_ID,Project_ID,Start_Date) VALUES ("3119174", "3120095", "2022-08-21");
INSERT INTO Works_On (Researcher_ID,Project_ID,Start_Date) VALUES ("3119013", "3119177", "2020-08-21");
INSERT INTO Works_On (Researcher_ID,Project_ID,Start_Date) VALUES ("3119539", "3119409", "2021-11-30");
INSERT INTO Works_On (Researcher_ID,Project_ID,Start_Date) VALUES ("3119051", "3119021", "2022-04-16");
INSERT INTO Works_On (Researcher_ID,Project_ID,Start_Date) VALUES ("3119079", "3119039", "2021-11-20");
INSERT INTO Works_On (Researcher_ID,Project_ID,Start_Date) VALUES ("3119222", "3119934", "2022-02-18");
INSERT INTO Works_On (Researcher_ID,Project_ID,Start_Date) VALUES ("3119041", "3119615", "2020-10-08");
INSERT INTO Works_On (Researcher_ID,Project_ID,Start_Date) VALUES ("3119574", "3119498", "2023-07-21");
INSERT INTO Works_On (Researcher_ID,Project_ID,Start_Date) VALUES ("3119228", "3119850", "2023-03-10");
INSERT INTO Works_On (Researcher_ID,Project_ID,Start_Date) VALUES ("3119116", "3119212", "2022-01-10");
INSERT INTO Works_On (Researcher_ID,Project_ID,Start_Date) VALUES ("3119441", "3119624", "2022-06-11");
INSERT INTO Works_On (Researcher_ID,Project_ID,Start_Date) VALUES ("3119090", "3119724", "2020-05-10");
INSERT INTO Works_On (Researcher_ID,Project_ID,Start_Date) VALUES ("3119488", "3119238", "2021-04-03");
INSERT INTO Works_On (Researcher_ID,Project_ID,Start_Date) VALUES ("3119234", "3119230", "2021-05-06");
INSERT INTO Works_On (Researcher_ID,Project_ID,Start_Date) VALUES ("3119057", "3119173", "2020-02-08");
INSERT INTO Works_On (Researcher_ID,Project_ID,Start_Date) VALUES ("3119090", "3119524", "2022-07-30");
INSERT INTO Works_On (Researcher_ID,Project_ID,Start_Date) VALUES ("3119089", "3119485", "2023-11-11");
INSERT INTO Works_On (Researcher_ID,Project_ID,Start_Date) VALUES ("3119078", "3120025", "2021-06-05");
INSERT INTO Works_On (Researcher_ID,Project_ID,Start_Date) VALUES ("3119523", "3119076", "2022-10-23");
INSERT INTO Works_On (Researcher_ID,Project_ID,Start_Date) VALUES ("3119048", "3120168", "2021-10-02");
INSERT INTO Works_On (Researcher_ID,Project_ID,Start_Date) VALUES ("3119447", "3120182", "2023-01-30");
INSERT INTO Works_On (Researcher_ID,Project_ID,Start_Date) VALUES ("3119234", "3119815", "2024-05-05");
INSERT INTO Works_On (Researcher_ID,Project_ID,Start_Date) VALUES ("3119381", "3119410", "2023-03-09");
INSERT INTO Works_On (Researcher_ID,Project_ID,Start_Date) VALUES ("3119441", "3119328", "2020-11-19");
INSERT INTO Works_On (Researcher_ID,Project_ID,Start_Date) VALUES ("3119326", "3119474", "2021-03-06");
INSERT INTO Works_On (Researcher_ID,Project_ID,Start_Date) VALUES ("3119345", "3119767", "2020-07-23");
INSERT INTO Works_On (Researcher_ID,Project_ID,Start_Date) VALUES ("3119024", "3119515", "2022-01-04");
INSERT INTO Works_On (Researcher_ID,Project_ID,Start_Date) VALUES ("3119363", "3119559", "2022-12-15");
INSERT INTO Works_On (Researcher_ID,Project_ID,Start_Date) VALUES ("3119196", "3119058", "2021-05-05");
INSERT INTO Works_On (Researcher_ID,Project_ID,Start_Date) VALUES ("3119563", "3119107", "2022-01-01");
INSERT INTO Works_On (Researcher_ID,Project_ID,Start_Date) VALUES ("3119406", "3120034", "2023-01-07");
INSERT INTO Works_On (Researcher_ID,Project_ID,Start_Date) VALUES ("3119002", "3119035", "2023-12-13");
INSERT INTO Works_On (Researcher_ID,Project_ID,Start_Date) VALUES ("3119046", "3119796", "2023-12-17");
INSERT INTO Works_On (Researcher_ID,Project_ID,Start_Date) VALUES ("3119126", "3119083", "2021-03-19");
INSERT INTO Works_On (Researcher_ID,Project_ID,Start_Date) VALUES ("3119379", "3119707", "2021-06-29");
INSERT INTO Works_On (Researcher_ID,Project_ID,Start_Date) VALUES ("3119034", "3119913", "2024-02-23");
INSERT INTO Works_On (Researcher_ID,Project_ID,Start_Date) VALUES ("3119237", "3119713", "2023-01-11");
INSERT INTO Works_On (Researcher_ID,Project_ID,Start_Date) VALUES ("3119411", "3119573", "2024-10-18");
INSERT INTO Works_On (Researcher_ID,Project_ID,Start_Date) VALUES ("3119495", "3119258", "2023-03-01");
INSERT INTO Works_On (Researcher_ID,Project_ID,Start_Date) VALUES ("3119176", "3119542", "2023-03-17");
INSERT INTO Works_On (Researcher_ID,Project_ID,Start_Date) VALUES ("3119100", "3120078", "2024-07-28");
INSERT INTO Works_On (Researcher_ID,Project_ID,Start_Date) VALUES ("3119340", "3119266", "2023-01-24");
INSERT INTO Works_On (Researcher_ID,Project_ID,Start_Date) VALUES ("3119254", "3119099", "2021-01-12");
INSERT INTO Works_On (Researcher_ID,Project_ID,Start_Date) VALUES ("3119013", "3119482", "2020-09-18");
INSERT INTO Works_On (Researcher_ID,Project_ID,Start_Date) VALUES ("3119059", "3119306", "2022-09-24");
INSERT INTO Works_On (Researcher_ID,Project_ID,Start_Date) VALUES ("3119249", "3119916", "2020-05-14");
INSERT INTO Works_On (Researcher_ID,Project_ID,Start_Date) VALUES ("3119333", "3120189", "2024-11-01");
INSERT INTO Works_On (Researcher_ID,Project_ID,Start_Date) VALUES ("3119195", "3119684", "2022-10-27");
INSERT INTO Works_On (Researcher_ID,Project_ID,Start_Date) VALUES ("3119581", "3119280", "2022-12-10");
INSERT INTO Works_On (Researcher_ID,Project_ID,Start_Date) VALUES ("3119433", "3119540", "2022-03-16");
INSERT INTO Works_On (Researcher_ID,Project_ID,Start_Date) VALUES ("3119448", "3119786", "2020-11-05");
INSERT INTO Works_On (Researcher_ID,Project_ID,Start_Date) VALUES ("3119476", "3119697", "2022-11-11");
INSERT INTO Works_On (Researcher_ID,Project_ID,Start_Date) VALUES ("3119293", "3120083", "2023-01-12");
INSERT INTO Works_On (Researcher_ID,Project_ID,Start_Date) VALUES ("3119364", "3119500", "2022-11-01");
INSERT INTO Works_On (Researcher_ID,Project_ID,Start_Date) VALUES ("3119479", "3119311", "2023-04-24");
INSERT INTO Works_On (Researcher_ID,Project_ID,Start_Date) VALUES ("3119364", "3119830", "2024-02-11");
INSERT INTO Works_On (Researcher_ID,Project_ID,Start_Date) VALUES ("3119560", "3119900", "2021-10-28");
INSERT INTO Works_On (Researcher_ID,Project_ID,Start_Date) VALUES ("3119036", "3119758", "2023-01-18");
INSERT INTO Works_On (Researcher_ID,Project_ID,Start_Date) VALUES ("3119354", "3119361", "2024-07-07");
INSERT INTO Works_On (Researcher_ID,Project_ID,Start_Date) VALUES ("3119500", "3119186", "2023-11-07");
INSERT INTO Works_On (Researcher_ID,Project_ID,Start_Date) VALUES ("3119083", "3120133", "2020-12-21");
INSERT INTO Works_On (Researcher_ID,Project_ID,Start_Date) VALUES ("3119091", "3119310", "2022-07-26");
INSERT INTO Works_On (Researcher_ID,Project_ID,Start_Date) VALUES ("3119291", "3119161", "2021-01-27");
INSERT INTO Works_On (Researcher_ID,Project_ID,Start_Date) VALUES ("3119241", "3119639", "2023-02-07");
INSERT INTO Works_On (Researcher_ID,Project_ID,Start_Date) VALUES ("3119306", "3119514", "2021-11-12");
INSERT INTO Works_On (Researcher_ID,Project_ID,Start_Date) VALUES ("3119430", "3119106", "2022-05-06");
INSERT INTO Works_On (Researcher_ID,Project_ID,Start_Date) VALUES ("3119017", "3119274", "2022-08-18");
INSERT INTO Works_On (Researcher_ID,Project_ID,Start_Date) VALUES ("3119389", "3120128", "2022-02-11");
INSERT INTO Evaluation (Researcher_ID,Project_ID,Evaluation_Date,Evaluation_Grade) VALUES ("3120135", "3119000", "2018-07-31", "5");
INSERT INTO Evaluation (Researcher_ID,Project_ID,Evaluation_Date,Evaluation_Grade) VALUES ("3120332", "3119001", "2018-09-18", "6");
INSERT INTO Evaluation (Researcher_ID,Project_ID,Evaluation_Date,Evaluation_Grade) VALUES ("3119024", "3119002", "2021-08-18", "3");
INSERT INTO Evaluation (Researcher_ID,Project_ID,Evaluation_Date,Evaluation_Grade) VALUES ("3119267", "3119003", "2019-12-19", "1");
INSERT INTO Evaluation (Researcher_ID,Project_ID,Evaluation_Date,Evaluation_Grade) VALUES ("3120141", "3119004", "2018-10-22", "7");
INSERT INTO Evaluation (Researcher_ID,Project_ID,Evaluation_Date,Evaluation_Grade) VALUES ("3120203", "3119005", "2018-09-21", "7");
INSERT INTO Evaluation (Researcher_ID,Project_ID,Evaluation_Date,Evaluation_Grade) VALUES ("3119908", "3119006", "2019-05-17", "5");
INSERT INTO Evaluation (Researcher_ID,Project_ID,Evaluation_Date,Evaluation_Grade) VALUES ("3119494", "3119007", "2020-07-20", "8");
INSERT INTO Evaluation (Researcher_ID,Project_ID,Evaluation_Date,Evaluation_Grade) VALUES ("3120186", "3119008", "2018-06-12", "4");
INSERT INTO Evaluation (Researcher_ID,Project_ID,Evaluation_Date,Evaluation_Grade) VALUES ("3120258", "3119009", "2019-09-10", "6");
INSERT INTO Evaluation (Researcher_ID,Project_ID,Evaluation_Date,Evaluation_Grade) VALUES ("3119436", "3119010", "2019-03-05", "2");
INSERT INTO Evaluation (Researcher_ID,Project_ID,Evaluation_Date,Evaluation_Grade) VALUES ("3120322", "3119011", "2019-08-05", "1");
INSERT INTO Evaluation (Researcher_ID,Project_ID,Evaluation_Date,Evaluation_Grade) VALUES ("3119902", "3119012", "2020-10-29", "4");
INSERT INTO Evaluation (Researcher_ID,Project_ID,Evaluation_Date,Evaluation_Grade) VALUES ("3120227", "3119013", "2018-05-07", "8");
INSERT INTO Evaluation (Researcher_ID,Project_ID,Evaluation_Date,Evaluation_Grade) VALUES ("3119319", "3119014", "2017-01-10", "8");
INSERT INTO Evaluation (Researcher_ID,Project_ID,Evaluation_Date,Evaluation_Grade) VALUES ("3119024", "3119015", "2019-08-19", "7");
INSERT INTO Evaluation (Researcher_ID,Project_ID,Evaluation_Date,Evaluation_Grade) VALUES ("3119570", "3119016", "2019-04-22", "4");
INSERT INTO Evaluation (Researcher_ID,Project_ID,Evaluation_Date,Evaluation_Grade) VALUES ("3120580", "3119017", "2019-07-31", "8");
INSERT INTO Evaluation (Researcher_ID,Project_ID,Evaluation_Date,Evaluation_Grade) VALUES ("3119400", "3119018", "2018-03-28", "4");
INSERT INTO Evaluation (Researcher_ID,Project_ID,Evaluation_Date,Evaluation_Grade) VALUES ("3119283", "3119019", "2021-06-18", "7");
INSERT INTO Evaluation (Researcher_ID,Project_ID,Evaluation_Date,Evaluation_Grade) VALUES ("3120504", "3119020", "2019-08-26", "9");
INSERT INTO Evaluation (Researcher_ID,Project_ID,Evaluation_Date,Evaluation_Grade) VALUES ("3119136", "3119021", "2019-02-11", "5");
INSERT INTO Evaluation (Researcher_ID,Project_ID,Evaluation_Date,Evaluation_Grade) VALUES ("3119476", "3119022", "2020-03-05", "8");
INSERT INTO Evaluation (Researcher_ID,Project_ID,Evaluation_Date,Evaluation_Grade) VALUES ("3120252", "3119023", "2018-12-29", "4");
INSERT INTO Evaluation (Researcher_ID,Project_ID,Evaluation_Date,Evaluation_Grade) VALUES ("3119561", "3119024", "2017-02-07", "5");
INSERT INTO Evaluation (Researcher_ID,Project_ID,Evaluation_Date,Evaluation_Grade) VALUES ("3119897", "3119025", "2019-12-09", "5");
INSERT INTO Evaluation (Researcher_ID,Project_ID,Evaluation_Date,Evaluation_Grade) VALUES ("3119655", "3119026", "2018-10-11", "1");
INSERT INTO Evaluation (Researcher_ID,Project_ID,Evaluation_Date,Evaluation_Grade) VALUES ("3120531", "3119027", "2021-07-28", "7");
INSERT INTO Evaluation (Researcher_ID,Project_ID,Evaluation_Date,Evaluation_Grade) VALUES ("3119561", "3119028", "2022-05-03", "2");
INSERT INTO Evaluation (Researcher_ID,Project_ID,Evaluation_Date,Evaluation_Grade) VALUES ("3119990", "3119029", "2019-05-29", "8");
INSERT INTO Evaluation (Researcher_ID,Project_ID,Evaluation_Date,Evaluation_Grade) VALUES ("3120031", "3119030", "2018-08-16", "5");
INSERT INTO Evaluation (Researcher_ID,Project_ID,Evaluation_Date,Evaluation_Grade) VALUES ("3120287", "3119031", "2020-03-31", "6");
INSERT INTO Evaluation (Researcher_ID,Project_ID,Evaluation_Date,Evaluation_Grade) VALUES ("3119358", "3119032", "2021-01-14", "3");
INSERT INTO Evaluation (Researcher_ID,Project_ID,Evaluation_Date,Evaluation_Grade) VALUES ("3120132", "3119033", "2021-04-24", "4");
INSERT INTO Evaluation (Researcher_ID,Project_ID,Evaluation_Date,Evaluation_Grade) VALUES ("3119633", "3119034", "2018-04-11", "10");
INSERT INTO Evaluation (Researcher_ID,Project_ID,Evaluation_Date,Evaluation_Grade) VALUES ("3120475", "3119035", "2018-08-26", "9");
INSERT INTO Evaluation (Researcher_ID,Project_ID,Evaluation_Date,Evaluation_Grade) VALUES ("3120585", "3119036", "2018-03-24", "3");
INSERT INTO Evaluation (Researcher_ID,Project_ID,Evaluation_Date,Evaluation_Grade) VALUES ("3119933", "3119037", "2017-07-29", "6");
INSERT INTO Evaluation (Researcher_ID,Project_ID,Evaluation_Date,Evaluation_Grade) VALUES ("3120434", "3119038", "2019-06-11", "2");
INSERT INTO Evaluation (Researcher_ID,Project_ID,Evaluation_Date,Evaluation_Grade) VALUES ("3119788", "3119039", "2020-08-05", "4");
INSERT INTO Evaluation (Researcher_ID,Project_ID,Evaluation_Date,Evaluation_Grade) VALUES ("3119155", "3119040", "2020-05-13", "6");
INSERT INTO Evaluation (Researcher_ID,Project_ID,Evaluation_Date,Evaluation_Grade) VALUES ("3119238", "3119041", "2018-02-04", "8");
INSERT INTO Evaluation (Researcher_ID,Project_ID,Evaluation_Date,Evaluation_Grade) VALUES ("3119629", "3119042", "2017-08-10", "2");
INSERT INTO Evaluation (Researcher_ID,Project_ID,Evaluation_Date,Evaluation_Grade) VALUES ("3120254", "3119043", "2018-12-22", "5");
INSERT INTO Evaluation (Researcher_ID,Project_ID,Evaluation_Date,Evaluation_Grade) VALUES ("3119206", "3119044", "2018-10-05", "5");
INSERT INTO Evaluation (Researcher_ID,Project_ID,Evaluation_Date,Evaluation_Grade) VALUES ("3119955", "3119045", "2019-09-22", "1");
INSERT INTO Evaluation (Researcher_ID,Project_ID,Evaluation_Date,Evaluation_Grade) VALUES ("3120436", "3119046", "2018-10-24", "4");
INSERT INTO Evaluation (Researcher_ID,Project_ID,Evaluation_Date,Evaluation_Grade) VALUES ("3120234", "3119047", "2017-11-23", "10");
INSERT INTO Evaluation (Researcher_ID,Project_ID,Evaluation_Date,Evaluation_Grade) VALUES ("3119567", "3119048", "2018-11-07", "9");
INSERT INTO Evaluation (Researcher_ID,Project_ID,Evaluation_Date,Evaluation_Grade) VALUES ("3120338", "3119049", "2019-11-01", "3");
INSERT INTO Evaluation (Researcher_ID,Project_ID,Evaluation_Date,Evaluation_Grade) VALUES ("3119565", "3119050", "2019-10-05", "9");
INSERT INTO Evaluation (Researcher_ID,Project_ID,Evaluation_Date,Evaluation_Grade) VALUES ("3119851", "3119051", "2019-08-20", "1");
INSERT INTO Evaluation (Researcher_ID,Project_ID,Evaluation_Date,Evaluation_Grade) VALUES ("3119199", "3119052", "2017-12-31", "9");
INSERT INTO Evaluation (Researcher_ID,Project_ID,Evaluation_Date,Evaluation_Grade) VALUES ("3119976", "3119053", "2019-09-21", "2");
INSERT INTO Evaluation (Researcher_ID,Project_ID,Evaluation_Date,Evaluation_Grade) VALUES ("3120582", "3119054", "2019-02-02", "7");
INSERT INTO Evaluation (Researcher_ID,Project_ID,Evaluation_Date,Evaluation_Grade) VALUES ("3119759", "3119055", "2021-02-20", "8");
INSERT INTO Evaluation (Researcher_ID,Project_ID,Evaluation_Date,Evaluation_Grade) VALUES ("3119743", "3119056", "2021-10-15", "5");
INSERT INTO Evaluation (Researcher_ID,Project_ID,Evaluation_Date,Evaluation_Grade) VALUES ("3119837", "3119057", "2021-08-20", "7");
INSERT INTO Evaluation (Researcher_ID,Project_ID,Evaluation_Date,Evaluation_Grade) VALUES ("3119910", "3119058", "2019-06-27", "10");
INSERT INTO Evaluation (Researcher_ID,Project_ID,Evaluation_Date,Evaluation_Grade) VALUES ("3119878", "3119059", "2019-08-18", "10");
INSERT INTO Evaluation (Researcher_ID,Project_ID,Evaluation_Date,Evaluation_Grade) VALUES ("3120409", "3119060", "2021-01-29", "5");
INSERT INTO Evaluation (Researcher_ID,Project_ID,Evaluation_Date,Evaluation_Grade) VALUES ("3119069", "3119061", "2019-04-24", "5");
INSERT INTO Evaluation (Researcher_ID,Project_ID,Evaluation_Date,Evaluation_Grade) VALUES ("3119697", "3119062", "2019-02-18", "3");
INSERT INTO Evaluation (Researcher_ID,Project_ID,Evaluation_Date,Evaluation_Grade) VALUES ("3120410", "3119064", "2020-04-01", "9");
INSERT INTO Evaluation (Researcher_ID,Project_ID,Evaluation_Date,Evaluation_Grade) VALUES ("3119640", "3119065", "2018-10-15", "2");
INSERT INTO Evaluation (Researcher_ID,Project_ID,Evaluation_Date,Evaluation_Grade) VALUES ("3120052", "3119066", "2019-03-21", "6");
INSERT INTO Evaluation (Researcher_ID,Project_ID,Evaluation_Date,Evaluation_Grade) VALUES ("3119088", "3119067", "2017-12-29", "6");
INSERT INTO Evaluation (Researcher_ID,Project_ID,Evaluation_Date,Evaluation_Grade) VALUES ("3120380", "3119068", "2019-06-18", "3");
INSERT INTO Evaluation (Researcher_ID,Project_ID,Evaluation_Date,Evaluation_Grade) VALUES ("3120154", "3119069", "2019-06-11", "6");
INSERT INTO Evaluation (Researcher_ID,Project_ID,Evaluation_Date,Evaluation_Grade) VALUES ("3119123", "3119070", "2019-11-18", "6");
INSERT INTO Evaluation (Researcher_ID,Project_ID,Evaluation_Date,Evaluation_Grade) VALUES ("3119860", "3119071", "2019-09-20", "9");
INSERT INTO Evaluation (Researcher_ID,Project_ID,Evaluation_Date,Evaluation_Grade) VALUES ("3119125", "3119072", "2021-01-27", "5");
INSERT INTO Evaluation (Researcher_ID,Project_ID,Evaluation_Date,Evaluation_Grade) VALUES ("3119417", "3119073", "2018-10-29", "10");
INSERT INTO Evaluation (Researcher_ID,Project_ID,Evaluation_Date,Evaluation_Grade) VALUES ("3120389", "3119074", "2018-09-29", "5");
INSERT INTO Evaluation (Researcher_ID,Project_ID,Evaluation_Date,Evaluation_Grade) VALUES ("3119198", "3119075", "2018-10-03", "9");
INSERT INTO Evaluation (Researcher_ID,Project_ID,Evaluation_Date,Evaluation_Grade) VALUES ("3120572", "3119076", "2018-07-16", "5");
INSERT INTO Evaluation (Researcher_ID,Project_ID,Evaluation_Date,Evaluation_Grade) VALUES ("3120536", "3119077", "2018-11-25", "5");
INSERT INTO Evaluation (Researcher_ID,Project_ID,Evaluation_Date,Evaluation_Grade) VALUES ("3119859", "3119078", "2017-11-07", "7");
INSERT INTO Evaluation (Researcher_ID,Project_ID,Evaluation_Date,Evaluation_Grade) VALUES ("3119558", "3119079", "2021-05-22", "3");
INSERT INTO Evaluation (Researcher_ID,Project_ID,Evaluation_Date,Evaluation_Grade) VALUES ("3120203", "3119080", "2018-01-03", "9");
INSERT INTO Evaluation (Researcher_ID,Project_ID,Evaluation_Date,Evaluation_Grade) VALUES ("3119686", "3119081", "2021-02-24", "4");
INSERT INTO Evaluation (Researcher_ID,Project_ID,Evaluation_Date,Evaluation_Grade) VALUES ("3119584", "3119082", "2021-01-03", "8");
INSERT INTO Evaluation (Researcher_ID,Project_ID,Evaluation_Date,Evaluation_Grade) VALUES ("3120572", "3119083", "2018-11-21", "8");
INSERT INTO Evaluation (Researcher_ID,Project_ID,Evaluation_Date,Evaluation_Grade) VALUES ("3120053", "3119084", "2019-09-02", "1");
INSERT INTO Evaluation (Researcher_ID,Project_ID,Evaluation_Date,Evaluation_Grade) VALUES ("3119822", "3119085", "2021-04-04", "4");
INSERT INTO Evaluation (Researcher_ID,Project_ID,Evaluation_Date,Evaluation_Grade) VALUES ("3119808", "3119086", "2018-06-23", "5");
INSERT INTO Evaluation (Researcher_ID,Project_ID,Evaluation_Date,Evaluation_Grade) VALUES ("3119640", "3119087", "2019-04-07", "10");
INSERT INTO Evaluation (Researcher_ID,Project_ID,Evaluation_Date,Evaluation_Grade) VALUES ("3119329", "3119088", "2020-05-02", "2");
INSERT INTO Evaluation (Researcher_ID,Project_ID,Evaluation_Date,Evaluation_Grade) VALUES ("3119547", "3119089", "2018-11-10", "2");
INSERT INTO Evaluation (Researcher_ID,Project_ID,Evaluation_Date,Evaluation_Grade) VALUES ("3120173", "3119090", "2019-08-26", "8");
INSERT INTO Evaluation (Researcher_ID,Project_ID,Evaluation_Date,Evaluation_Grade) VALUES ("3119611", "3119091", "2019-11-06", "5");
INSERT INTO Evaluation (Researcher_ID,Project_ID,Evaluation_Date,Evaluation_Grade) VALUES ("3120548", "3119092", "2019-02-27", "2");
INSERT INTO Evaluation (Researcher_ID,Project_ID,Evaluation_Date,Evaluation_Grade) VALUES ("3119052", "3119093", "2019-12-06", "3");
INSERT INTO Evaluation (Researcher_ID,Project_ID,Evaluation_Date,Evaluation_Grade) VALUES ("3119481", "3119094", "2019-05-22", "3");
INSERT INTO Evaluation (Researcher_ID,Project_ID,Evaluation_Date,Evaluation_Grade) VALUES ("3120263", "3119095", "2018-06-10", "2");
INSERT INTO Evaluation (Researcher_ID,Project_ID,Evaluation_Date,Evaluation_Grade) VALUES ("3119372", "3119096", "2018-02-19", "6");
INSERT INTO Evaluation (Researcher_ID,Project_ID,Evaluation_Date,Evaluation_Grade) VALUES ("3120573", "3119097", "2018-01-31", "9");
INSERT INTO Evaluation (Researcher_ID,Project_ID,Evaluation_Date,Evaluation_Grade) VALUES ("3120501", "3119098", "2019-08-01", "2");
INSERT INTO Evaluation (Researcher_ID,Project_ID,Evaluation_Date,Evaluation_Grade) VALUES ("3119867", "3119099", "2016-11-24", "1");
INSERT INTO Evaluation (Researcher_ID,Project_ID,Evaluation_Date,Evaluation_Grade) VALUES ("3119964", "3119100", "2020-11-27", "3");
INSERT INTO Evaluation (Researcher_ID,Project_ID,Evaluation_Date,Evaluation_Grade) VALUES ("3119670", "3119101", "2021-05-29", "6");
INSERT INTO Evaluation (Researcher_ID,Project_ID,Evaluation_Date,Evaluation_Grade) VALUES ("3119147", "3119102", "2019-12-13", "8");
INSERT INTO Evaluation (Researcher_ID,Project_ID,Evaluation_Date,Evaluation_Grade) VALUES ("3120503", "3119103", "2019-03-24", "9");
INSERT INTO Evaluation (Researcher_ID,Project_ID,Evaluation_Date,Evaluation_Grade) VALUES ("3120313", "3119104", "2021-05-10", "5");
INSERT INTO Evaluation (Researcher_ID,Project_ID,Evaluation_Date,Evaluation_Grade) VALUES ("3120329", "3119106", "2019-02-16", "9");
INSERT INTO Evaluation (Researcher_ID,Project_ID,Evaluation_Date,Evaluation_Grade) VALUES ("3120566", "3119107", "2020-08-24", "2");
INSERT INTO Evaluation (Researcher_ID,Project_ID,Evaluation_Date,Evaluation_Grade) VALUES ("3120284", "3119109", "2019-06-09", "5");
INSERT INTO Evaluation (Researcher_ID,Project_ID,Evaluation_Date,Evaluation_Grade) VALUES ("3119559", "3119110", "2017-05-21", "7");
INSERT INTO Evaluation (Researcher_ID,Project_ID,Evaluation_Date,Evaluation_Grade) VALUES ("3120304", "3119111", "2020-08-01", "5");
INSERT INTO Evaluation (Researcher_ID,Project_ID,Evaluation_Date,Evaluation_Grade) VALUES ("3119052", "3119112", "2017-09-21", "5");
INSERT INTO Evaluation (Researcher_ID,Project_ID,Evaluation_Date,Evaluation_Grade) VALUES ("3119286", "3119113", "2018-06-16", "2");
INSERT INTO Evaluation (Researcher_ID,Project_ID,Evaluation_Date,Evaluation_Grade) VALUES ("3119062", "3119114", "2019-04-07", "9");
INSERT INTO Evaluation (Researcher_ID,Project_ID,Evaluation_Date,Evaluation_Grade) VALUES ("3120103", "3119115", "2019-11-01", "6");
INSERT INTO Evaluation (Researcher_ID,Project_ID,Evaluation_Date,Evaluation_Grade) VALUES ("3120101", "3119116", "2018-04-20", "4");
INSERT INTO Evaluation (Researcher_ID,Project_ID,Evaluation_Date,Evaluation_Grade) VALUES ("3120505", "3119117", "2020-08-29", "10");
INSERT INTO Evaluation (Researcher_ID,Project_ID,Evaluation_Date,Evaluation_Grade) VALUES ("3120550", "3119118", "2017-06-22", "7");
INSERT INTO Evaluation (Researcher_ID,Project_ID,Evaluation_Date,Evaluation_Grade) VALUES ("3120521", "3119119", "2021-02-09", "10");
INSERT INTO Evaluation (Researcher_ID,Project_ID,Evaluation_Date,Evaluation_Grade) VALUES ("3119556", "3119120", "2018-04-06", "1");
INSERT INTO Evaluation (Researcher_ID,Project_ID,Evaluation_Date,Evaluation_Grade) VALUES ("3120083", "3119121", "2020-02-07", "9");
INSERT INTO Evaluation (Researcher_ID,Project_ID,Evaluation_Date,Evaluation_Grade) VALUES ("3119767", "3119122", "2018-01-22", "5");
INSERT INTO Evaluation (Researcher_ID,Project_ID,Evaluation_Date,Evaluation_Grade) VALUES ("3119239", "3119123", "2020-06-12", "10");
INSERT INTO Evaluation (Researcher_ID,Project_ID,Evaluation_Date,Evaluation_Grade) VALUES ("3119594", "3119124", "2018-06-05", "6");
INSERT INTO Evaluation (Researcher_ID,Project_ID,Evaluation_Date,Evaluation_Grade) VALUES ("3119207", "3119125", "2018-12-29", "10");
INSERT INTO Evaluation (Researcher_ID,Project_ID,Evaluation_Date,Evaluation_Grade) VALUES ("3119134", "3119126", "2019-02-07", "1");
INSERT INTO Evaluation (Researcher_ID,Project_ID,Evaluation_Date,Evaluation_Grade) VALUES ("3119482", "3119127", "2018-12-30", "6");
INSERT INTO Evaluation (Researcher_ID,Project_ID,Evaluation_Date,Evaluation_Grade) VALUES ("3119657", "3119128", "2018-01-29", "8");
INSERT INTO Evaluation (Researcher_ID,Project_ID,Evaluation_Date,Evaluation_Grade) VALUES ("3119534", "3119129", "2018-02-03", "10");
INSERT INTO Evaluation (Researcher_ID,Project_ID,Evaluation_Date,Evaluation_Grade) VALUES ("3120042", "3119130", "2018-07-23", "9");
INSERT INTO Evaluation (Researcher_ID,Project_ID,Evaluation_Date,Evaluation_Grade) VALUES ("3119916", "3119131", "2018-10-11", "6");
INSERT INTO Evaluation (Researcher_ID,Project_ID,Evaluation_Date,Evaluation_Grade) VALUES ("3120454", "3119132", "2020-04-30", "1");
INSERT INTO Evaluation (Researcher_ID,Project_ID,Evaluation_Date,Evaluation_Grade) VALUES ("3119198", "3119133", "2017-09-25", "2");
INSERT INTO Evaluation (Researcher_ID,Project_ID,Evaluation_Date,Evaluation_Grade) VALUES ("3120483", "3119134", "2017-12-07", "2");
INSERT INTO Evaluation (Researcher_ID,Project_ID,Evaluation_Date,Evaluation_Grade) VALUES ("3119997", "3119135", "2019-10-09", "2");
INSERT INTO Evaluation (Researcher_ID,Project_ID,Evaluation_Date,Evaluation_Grade) VALUES ("3119052", "3119136", "2017-06-28", "4");
INSERT INTO Evaluation (Researcher_ID,Project_ID,Evaluation_Date,Evaluation_Grade) VALUES ("3119998", "3119137", "2019-03-01", "7");
INSERT INTO Evaluation (Researcher_ID,Project_ID,Evaluation_Date,Evaluation_Grade) VALUES ("3120452", "3119138", "2018-10-15", "6");
INSERT INTO Evaluation (Researcher_ID,Project_ID,Evaluation_Date,Evaluation_Grade) VALUES ("3119837", "3119139", "2019-04-08", "7");
INSERT INTO Evaluation (Researcher_ID,Project_ID,Evaluation_Date,Evaluation_Grade) VALUES ("3120262", "3119140", "2020-09-21", "1");
INSERT INTO Evaluation (Researcher_ID,Project_ID,Evaluation_Date,Evaluation_Grade) VALUES ("3119195", "3119141", "2020-03-12", "2");
INSERT INTO Evaluation (Researcher_ID,Project_ID,Evaluation_Date,Evaluation_Grade) VALUES ("3119298", "3119142", "2018-10-01", "6");
INSERT INTO Evaluation (Researcher_ID,Project_ID,Evaluation_Date,Evaluation_Grade) VALUES ("3119945", "3119143", "2018-01-22", "6");
INSERT INTO Evaluation (Researcher_ID,Project_ID,Evaluation_Date,Evaluation_Grade) VALUES ("3120307", "3119144", "2022-01-28", "3");
INSERT INTO Evaluation (Researcher_ID,Project_ID,Evaluation_Date,Evaluation_Grade) VALUES ("3119303", "3119145", "2017-10-01", "10");
INSERT INTO Evaluation (Researcher_ID,Project_ID,Evaluation_Date,Evaluation_Grade) VALUES ("3119697", "3119146", "2017-08-11", "4");
INSERT INTO Evaluation (Researcher_ID,Project_ID,Evaluation_Date,Evaluation_Grade) VALUES ("3119405", "3119147", "2019-12-03", "10");
INSERT INTO Evaluation (Researcher_ID,Project_ID,Evaluation_Date,Evaluation_Grade) VALUES ("3119102", "3119148", "2020-02-20", "1");
INSERT INTO Evaluation (Researcher_ID,Project_ID,Evaluation_Date,Evaluation_Grade) VALUES ("3119807", "3119149", "2020-11-19", "4");
INSERT INTO Evaluation (Researcher_ID,Project_ID,Evaluation_Date,Evaluation_Grade) VALUES ("3119770", "3119150", "2019-10-12", "8");
INSERT INTO Evaluation (Researcher_ID,Project_ID,Evaluation_Date,Evaluation_Grade) VALUES ("3119850", "3119151", "2020-04-19", "3");
INSERT INTO Evaluation (Researcher_ID,Project_ID,Evaluation_Date,Evaluation_Grade) VALUES ("3119497", "3119152", "2017-08-10", "3");
INSERT INTO Evaluation (Researcher_ID,Project_ID,Evaluation_Date,Evaluation_Grade) VALUES ("3120417", "3119153", "2019-11-04", "10");
INSERT INTO Evaluation (Researcher_ID,Project_ID,Evaluation_Date,Evaluation_Grade) VALUES ("3119771", "3119154", "2020-12-24", "8");
INSERT INTO Evaluation (Researcher_ID,Project_ID,Evaluation_Date,Evaluation_Grade) VALUES ("3119857", "3119155", "2017-09-19", "10");
INSERT INTO Evaluation (Researcher_ID,Project_ID,Evaluation_Date,Evaluation_Grade) VALUES ("3119874", "3119156", "2018-08-09", "5");
INSERT INTO Evaluation (Researcher_ID,Project_ID,Evaluation_Date,Evaluation_Grade) VALUES ("3120414", "3119157", "2019-12-24", "3");
INSERT INTO Evaluation (Researcher_ID,Project_ID,Evaluation_Date,Evaluation_Grade) VALUES ("3119400", "3119158", "2017-09-25", "6");
INSERT INTO Evaluation (Researcher_ID,Project_ID,Evaluation_Date,Evaluation_Grade) VALUES ("3119985", "3119159", "2021-03-20", "9");
INSERT INTO Evaluation (Researcher_ID,Project_ID,Evaluation_Date,Evaluation_Grade) VALUES ("3120550", "3119160", "2021-10-21", "9");
INSERT INTO Evaluation (Researcher_ID,Project_ID,Evaluation_Date,Evaluation_Grade) VALUES ("3119142", "3119161", "2019-08-17", "1");
INSERT INTO Evaluation (Researcher_ID,Project_ID,Evaluation_Date,Evaluation_Grade) VALUES ("3119682", "3119162", "2019-03-12", "2");
INSERT INTO Evaluation (Researcher_ID,Project_ID,Evaluation_Date,Evaluation_Grade) VALUES ("3119759", "3119163", "2018-12-21", "10");
INSERT INTO Evaluation (Researcher_ID,Project_ID,Evaluation_Date,Evaluation_Grade) VALUES ("3120412", "3119164", "2018-06-30", "7");
INSERT INTO Evaluation (Researcher_ID,Project_ID,Evaluation_Date,Evaluation_Grade) VALUES ("3119241", "3119165", "2018-08-20", "7");
INSERT INTO Evaluation (Researcher_ID,Project_ID,Evaluation_Date,Evaluation_Grade) VALUES ("3119473", "3119166", "2018-12-27", "3");
INSERT INTO Evaluation (Researcher_ID,Project_ID,Evaluation_Date,Evaluation_Grade) VALUES ("3119214", "3119167", "2021-02-22", "5");
INSERT INTO Evaluation (Researcher_ID,Project_ID,Evaluation_Date,Evaluation_Grade) VALUES ("3120108", "3119168", "2019-03-25", "4");
INSERT INTO Evaluation (Researcher_ID,Project_ID,Evaluation_Date,Evaluation_Grade) VALUES ("3119509", "3119169", "2020-09-05", "6");
INSERT INTO Evaluation (Researcher_ID,Project_ID,Evaluation_Date,Evaluation_Grade) VALUES ("3119953", "3119170", "2020-10-19", "5");
INSERT INTO Evaluation (Researcher_ID,Project_ID,Evaluation_Date,Evaluation_Grade) VALUES ("3120274", "3119171", "2017-07-15", "6");
INSERT INTO Evaluation (Researcher_ID,Project_ID,Evaluation_Date,Evaluation_Grade) VALUES ("3119269", "3119172", "2017-10-12", "10");
INSERT INTO Evaluation (Researcher_ID,Project_ID,Evaluation_Date,Evaluation_Grade) VALUES ("3119379", "3119173", "2017-04-05", "2");
INSERT INTO Evaluation (Researcher_ID,Project_ID,Evaluation_Date,Evaluation_Grade) VALUES ("3120370", "3119174", "2021-06-02", "1");
INSERT INTO Evaluation (Researcher_ID,Project_ID,Evaluation_Date,Evaluation_Grade) VALUES ("3119245", "3119176", "2018-07-04", "10");
INSERT INTO Evaluation (Researcher_ID,Project_ID,Evaluation_Date,Evaluation_Grade) VALUES ("3120286", "3119177", "2017-10-15", "8");
INSERT INTO Evaluation (Researcher_ID,Project_ID,Evaluation_Date,Evaluation_Grade) VALUES ("3119215", "3119178", "2020-11-04", "5");
INSERT INTO Evaluation (Researcher_ID,Project_ID,Evaluation_Date,Evaluation_Grade) VALUES ("3119937", "3119179", "2020-08-03", "5");
INSERT INTO Evaluation (Researcher_ID,Project_ID,Evaluation_Date,Evaluation_Grade) VALUES ("3120268", "3119180", "2019-05-01", "9");
INSERT INTO Evaluation (Researcher_ID,Project_ID,Evaluation_Date,Evaluation_Grade) VALUES ("3119803", "3119181", "2018-10-11", "5");
INSERT INTO Evaluation (Researcher_ID,Project_ID,Evaluation_Date,Evaluation_Grade) VALUES ("3120497", "3119182", "2019-08-04", "10");
INSERT INTO Evaluation (Researcher_ID,Project_ID,Evaluation_Date,Evaluation_Grade) VALUES ("3120504", "3119183", "2021-08-29", "1");
INSERT INTO Evaluation (Researcher_ID,Project_ID,Evaluation_Date,Evaluation_Grade) VALUES ("3120576", "3119184", "2021-09-25", "4");
INSERT INTO Evaluation (Researcher_ID,Project_ID,Evaluation_Date,Evaluation_Grade) VALUES ("3120417", "3119185", "2017-04-24", "5");
INSERT INTO Evaluation (Researcher_ID,Project_ID,Evaluation_Date,Evaluation_Grade) VALUES ("3120060", "3119186", "2019-05-21", "8");
INSERT INTO Evaluation (Researcher_ID,Project_ID,Evaluation_Date,Evaluation_Grade) VALUES ("3120059", "3119187", "2020-01-13", "1");
INSERT INTO Evaluation (Researcher_ID,Project_ID,Evaluation_Date,Evaluation_Grade) VALUES ("3119558", "3119188", "2021-01-04", "6");
INSERT INTO Evaluation (Researcher_ID,Project_ID,Evaluation_Date,Evaluation_Grade) VALUES ("3120439", "3119189", "2019-07-26", "10");
INSERT INTO Evaluation (Researcher_ID,Project_ID,Evaluation_Date,Evaluation_Grade) VALUES ("3119938", "3119190", "2018-04-25", "7");
INSERT INTO Evaluation (Researcher_ID,Project_ID,Evaluation_Date,Evaluation_Grade) VALUES ("3120521", "3119191", "2020-06-04", "6");
INSERT INTO Evaluation (Researcher_ID,Project_ID,Evaluation_Date,Evaluation_Grade) VALUES ("3119646", "3119192", "2018-11-29", "9");
INSERT INTO Evaluation (Researcher_ID,Project_ID,Evaluation_Date,Evaluation_Grade) VALUES ("3119920", "3119193", "2018-08-16", "7");
INSERT INTO Evaluation (Researcher_ID,Project_ID,Evaluation_Date,Evaluation_Grade) VALUES ("3119779", "3119194", "2018-10-27", "6");
INSERT INTO Evaluation (Researcher_ID,Project_ID,Evaluation_Date,Evaluation_Grade) VALUES ("3120286", "3119195", "2018-10-08", "9");
INSERT INTO Evaluation (Researcher_ID,Project_ID,Evaluation_Date,Evaluation_Grade) VALUES ("3120210", "3119196", "2017-11-25", "7");
INSERT INTO Evaluation (Researcher_ID,Project_ID,Evaluation_Date,Evaluation_Grade) VALUES ("3120476", "3119197", "2020-01-08", "2");
INSERT INTO Evaluation (Researcher_ID,Project_ID,Evaluation_Date,Evaluation_Grade) VALUES ("3120553", "3119198", "2018-04-02", "9");
INSERT INTO Evaluation (Researcher_ID,Project_ID,Evaluation_Date,Evaluation_Grade) VALUES ("3119532", "3119199", "2019-03-22", "6");
INSERT INTO Evaluation (Researcher_ID,Project_ID,Evaluation_Date,Evaluation_Grade) VALUES ("3120232", "3119200", "2020-08-21", "6");
INSERT INTO Evaluation (Researcher_ID,Project_ID,Evaluation_Date,Evaluation_Grade) VALUES ("3120383", "3119201", "2018-12-17", "1");
INSERT INTO Evaluation (Researcher_ID,Project_ID,Evaluation_Date,Evaluation_Grade) VALUES ("3120486", "3119202", "2021-06-03", "4");
INSERT INTO Evaluation (Researcher_ID,Project_ID,Evaluation_Date,Evaluation_Grade) VALUES ("3120253", "3119203", "2018-07-21", "8");
INSERT INTO Evaluation (Researcher_ID,Project_ID,Evaluation_Date,Evaluation_Grade) VALUES ("3119985", "3119205", "2019-10-24", "3");
INSERT INTO Evaluation (Researcher_ID,Project_ID,Evaluation_Date,Evaluation_Grade) VALUES ("3119136", "3119206", "2019-01-16", "1");
INSERT INTO Evaluation (Researcher_ID,Project_ID,Evaluation_Date,Evaluation_Grade) VALUES ("3119049", "3119207", "2019-12-20", "3");
INSERT INTO Evaluation (Researcher_ID,Project_ID,Evaluation_Date,Evaluation_Grade) VALUES ("3119500", "3119208", "2018-05-17", "2");
INSERT INTO Evaluation (Researcher_ID,Project_ID,Evaluation_Date,Evaluation_Grade) VALUES ("3119896", "3119209", "2019-02-06", "4");
INSERT INTO Evaluation (Researcher_ID,Project_ID,Evaluation_Date,Evaluation_Grade) VALUES ("3119105", "3119210", "2019-01-20", "7");
INSERT INTO Evaluation (Researcher_ID,Project_ID,Evaluation_Date,Evaluation_Grade) VALUES ("3119970", "3119211", "2019-06-03", "1");
INSERT INTO Evaluation (Researcher_ID,Project_ID,Evaluation_Date,Evaluation_Grade) VALUES ("3119420", "3119212", "2018-08-19", "5");
INSERT INTO Evaluation (Researcher_ID,Project_ID,Evaluation_Date,Evaluation_Grade) VALUES ("3120023", "3119213", "2019-01-09", "2");
INSERT INTO Evaluation (Researcher_ID,Project_ID,Evaluation_Date,Evaluation_Grade) VALUES ("3119778", "3119214", "2019-01-12", "8");
INSERT INTO Evaluation (Researcher_ID,Project_ID,Evaluation_Date,Evaluation_Grade) VALUES ("3120009", "3119215", "2020-10-22", "8");
INSERT INTO Evaluation (Researcher_ID,Project_ID,Evaluation_Date,Evaluation_Grade) VALUES ("3120348", "3119216", "2019-06-02", "4");
INSERT INTO Evaluation (Researcher_ID,Project_ID,Evaluation_Date,Evaluation_Grade) VALUES ("3119015", "3119217", "2022-01-10", "9");
INSERT INTO Evaluation (Researcher_ID,Project_ID,Evaluation_Date,Evaluation_Grade) VALUES ("3120086", "3119218", "2018-01-29", "6");
INSERT INTO Evaluation (Researcher_ID,Project_ID,Evaluation_Date,Evaluation_Grade) VALUES ("3119815", "3119219", "2019-02-15", "5");
INSERT INTO Evaluation (Researcher_ID,Project_ID,Evaluation_Date,Evaluation_Grade) VALUES ("3119061", "3119220", "2018-10-21", "3");
INSERT INTO Evaluation (Researcher_ID,Project_ID,Evaluation_Date,Evaluation_Grade) VALUES ("3119104", "3119221", "2021-02-28", "5");
INSERT INTO Evaluation (Researcher_ID,Project_ID,Evaluation_Date,Evaluation_Grade) VALUES ("3119507", "3119222", "2019-10-11", "9");
INSERT INTO Evaluation (Researcher_ID,Project_ID,Evaluation_Date,Evaluation_Grade) VALUES ("3119857", "3119223", "2018-02-12", "7");
INSERT INTO Evaluation (Researcher_ID,Project_ID,Evaluation_Date,Evaluation_Grade) VALUES ("3119989", "3119224", "2019-01-18", "8");
INSERT INTO Evaluation (Researcher_ID,Project_ID,Evaluation_Date,Evaluation_Grade) VALUES ("3119871", "3119225", "2020-08-20", "10");
INSERT INTO Evaluation (Researcher_ID,Project_ID,Evaluation_Date,Evaluation_Grade) VALUES ("3119160", "3119226", "2020-06-16", "1");
INSERT INTO Evaluation (Researcher_ID,Project_ID,Evaluation_Date,Evaluation_Grade) VALUES ("3119742", "3119227", "2019-08-13", "6");
INSERT INTO Evaluation (Researcher_ID,Project_ID,Evaluation_Date,Evaluation_Grade) VALUES ("3119151", "3119228", "2019-10-09", "10");
INSERT INTO Evaluation (Researcher_ID,Project_ID,Evaluation_Date,Evaluation_Grade) VALUES ("3119752", "3119229", "2022-04-03", "6");
INSERT INTO Evaluation (Researcher_ID,Project_ID,Evaluation_Date,Evaluation_Grade) VALUES ("3119484", "3119230", "2020-04-23", "6");
INSERT INTO Evaluation (Researcher_ID,Project_ID,Evaluation_Date,Evaluation_Grade) VALUES ("3119236", "3119231", "2020-04-29", "1");
INSERT INTO Evaluation (Researcher_ID,Project_ID,Evaluation_Date,Evaluation_Grade) VALUES ("3119360", "3119232", "2019-04-25", "4");
INSERT INTO Evaluation (Researcher_ID,Project_ID,Evaluation_Date,Evaluation_Grade) VALUES ("3120392", "3119233", "2020-04-18", "9");
INSERT INTO Evaluation (Researcher_ID,Project_ID,Evaluation_Date,Evaluation_Grade) VALUES ("3119045", "3119234", "2017-11-25", "9");
INSERT INTO Evaluation (Researcher_ID,Project_ID,Evaluation_Date,Evaluation_Grade) VALUES ("3119625", "3119235", "2019-06-06", "9");
INSERT INTO Evaluation (Researcher_ID,Project_ID,Evaluation_Date,Evaluation_Grade) VALUES ("3120035", "3119236", "2018-10-10", "9");
INSERT INTO Evaluation (Researcher_ID,Project_ID,Evaluation_Date,Evaluation_Grade) VALUES ("3119295", "3119237", "2020-05-20", "8");
INSERT INTO Evaluation (Researcher_ID,Project_ID,Evaluation_Date,Evaluation_Grade) VALUES ("3119103", "3119238", "2019-06-14", "4");
INSERT INTO Evaluation (Researcher_ID,Project_ID,Evaluation_Date,Evaluation_Grade) VALUES ("3119689", "3119239", "2019-10-09", "10");
INSERT INTO Evaluation (Researcher_ID,Project_ID,Evaluation_Date,Evaluation_Grade) VALUES ("3119372", "3119240", "2017-11-05", "4");
INSERT INTO Evaluation (Researcher_ID,Project_ID,Evaluation_Date,Evaluation_Grade) VALUES ("3119204", "3119241", "2021-01-22", "2");
INSERT INTO Evaluation (Researcher_ID,Project_ID,Evaluation_Date,Evaluation_Grade) VALUES ("3119653", "3119242", "2021-02-06", "6");
INSERT INTO Evaluation (Researcher_ID,Project_ID,Evaluation_Date,Evaluation_Grade) VALUES ("3119196", "3119243", "2017-09-07", "10");
INSERT INTO Evaluation (Researcher_ID,Project_ID,Evaluation_Date,Evaluation_Grade) VALUES ("3120198", "3119244", "2019-12-25", "3");
INSERT INTO Evaluation (Researcher_ID,Project_ID,Evaluation_Date,Evaluation_Grade) VALUES ("3119126", "3119245", "2018-08-26", "6");
INSERT INTO Evaluation (Researcher_ID,Project_ID,Evaluation_Date,Evaluation_Grade) VALUES ("3120372", "3119246", "2020-08-26", "6");
INSERT INTO Evaluation (Researcher_ID,Project_ID,Evaluation_Date,Evaluation_Grade) VALUES ("3119333", "3119247", "2017-09-30", "4");
INSERT INTO Evaluation (Researcher_ID,Project_ID,Evaluation_Date,Evaluation_Grade) VALUES ("3119686", "3119248", "2019-09-15", "8");
INSERT INTO Evaluation (Researcher_ID,Project_ID,Evaluation_Date,Evaluation_Grade) VALUES ("3120223", "3119249", "2019-06-16", "9");
INSERT INTO Evaluation (Researcher_ID,Project_ID,Evaluation_Date,Evaluation_Grade) VALUES ("3120402", "3119250", "2019-10-31", "8");
INSERT INTO Evaluation (Researcher_ID,Project_ID,Evaluation_Date,Evaluation_Grade) VALUES ("3119619", "3119251", "2021-02-03", "6");
INSERT INTO Evaluation (Researcher_ID,Project_ID,Evaluation_Date,Evaluation_Grade) VALUES ("3120354", "3119252", "2021-04-09", "9");
INSERT INTO Evaluation (Researcher_ID,Project_ID,Evaluation_Date,Evaluation_Grade) VALUES ("3119009", "3119253", "2020-11-28", "5");
INSERT INTO Evaluation (Researcher_ID,Project_ID,Evaluation_Date,Evaluation_Grade) VALUES ("3120368", "3119254", "2017-12-21", "6");
INSERT INTO Evaluation (Researcher_ID,Project_ID,Evaluation_Date,Evaluation_Grade) VALUES ("3119470", "3119255", "2017-10-29", "8");
INSERT INTO Evaluation (Researcher_ID,Project_ID,Evaluation_Date,Evaluation_Grade) VALUES ("3119692", "3119256", "2018-12-01", "6");
INSERT INTO Evaluation (Researcher_ID,Project_ID,Evaluation_Date,Evaluation_Grade) VALUES ("3119916", "3119257", "2019-12-13", "8");
INSERT INTO Evaluation (Researcher_ID,Project_ID,Evaluation_Date,Evaluation_Grade) VALUES ("3120196", "3119258", "2019-02-12", "7");
INSERT INTO Evaluation (Researcher_ID,Project_ID,Evaluation_Date,Evaluation_Grade) VALUES ("3120385", "3119260", "2018-07-11", "8");
INSERT INTO Evaluation (Researcher_ID,Project_ID,Evaluation_Date,Evaluation_Grade) VALUES ("3119814", "3119261", "2017-04-19", "5");
INSERT INTO Evaluation (Researcher_ID,Project_ID,Evaluation_Date,Evaluation_Grade) VALUES ("3119785", "3119262", "2018-03-10", "8");
INSERT INTO Evaluation (Researcher_ID,Project_ID,Evaluation_Date,Evaluation_Grade) VALUES ("3119821", "3119263", "2019-10-16", "9");
INSERT INTO Evaluation (Researcher_ID,Project_ID,Evaluation_Date,Evaluation_Grade) VALUES ("3120411", "3119264", "2019-01-27", "4");
INSERT INTO Evaluation (Researcher_ID,Project_ID,Evaluation_Date,Evaluation_Grade) VALUES ("3119286", "3119265", "2019-06-04", "3");
INSERT INTO Evaluation (Researcher_ID,Project_ID,Evaluation_Date,Evaluation_Grade) VALUES ("3119756", "3119266", "2019-12-25", "5");
INSERT INTO Evaluation (Researcher_ID,Project_ID,Evaluation_Date,Evaluation_Grade) VALUES ("3119123", "3119267", "2020-11-16", "6");
INSERT INTO Evaluation (Researcher_ID,Project_ID,Evaluation_Date,Evaluation_Grade) VALUES ("3119109", "3119268", "2019-10-19", "2");
INSERT INTO Evaluation (Researcher_ID,Project_ID,Evaluation_Date,Evaluation_Grade) VALUES ("3120512", "3119269", "2021-09-17", "1");
INSERT INTO Evaluation (Researcher_ID,Project_ID,Evaluation_Date,Evaluation_Grade) VALUES ("3120326", "3119270", "2019-04-02", "3");
INSERT INTO Evaluation (Researcher_ID,Project_ID,Evaluation_Date,Evaluation_Grade) VALUES ("3119980", "3119271", "2020-03-07", "2");
INSERT INTO Evaluation (Researcher_ID,Project_ID,Evaluation_Date,Evaluation_Grade) VALUES ("3120532", "3119272", "2017-10-12", "2");
INSERT INTO Evaluation (Researcher_ID,Project_ID,Evaluation_Date,Evaluation_Grade) VALUES ("3119381", "3119273", "2021-06-15", "5");
INSERT INTO Evaluation (Researcher_ID,Project_ID,Evaluation_Date,Evaluation_Grade) VALUES ("3119796", "3119274", "2018-09-25", "4");
INSERT INTO Evaluation (Researcher_ID,Project_ID,Evaluation_Date,Evaluation_Grade) VALUES ("3120050", "3119275", "2020-03-26", "9");
INSERT INTO Evaluation (Researcher_ID,Project_ID,Evaluation_Date,Evaluation_Grade) VALUES ("3119647", "3119276", "2021-02-14", "4");
INSERT INTO Evaluation (Researcher_ID,Project_ID,Evaluation_Date,Evaluation_Grade) VALUES ("3119797", "3119277", "2020-07-28", "9");
INSERT INTO Evaluation (Researcher_ID,Project_ID,Evaluation_Date,Evaluation_Grade) VALUES ("3120413", "3119278", "2018-06-29", "2");
INSERT INTO Evaluation (Researcher_ID,Project_ID,Evaluation_Date,Evaluation_Grade) VALUES ("3120226", "3119279", "2020-11-02", "1");
INSERT INTO Evaluation (Researcher_ID,Project_ID,Evaluation_Date,Evaluation_Grade) VALUES ("3119972", "3119280", "2018-11-20", "10");
INSERT INTO Evaluation (Researcher_ID,Project_ID,Evaluation_Date,Evaluation_Grade) VALUES ("3119708", "3119281", "2019-11-04", "8");
INSERT INTO Evaluation (Researcher_ID,Project_ID,Evaluation_Date,Evaluation_Grade) VALUES ("3119008", "3119282", "2019-08-31", "8");
INSERT INTO Evaluation (Researcher_ID,Project_ID,Evaluation_Date,Evaluation_Grade) VALUES ("3119139", "3119283", "2021-03-08", "9");
INSERT INTO Evaluation (Researcher_ID,Project_ID,Evaluation_Date,Evaluation_Grade) VALUES ("3120204", "3119284", "2020-07-29", "10");
INSERT INTO Evaluation (Researcher_ID,Project_ID,Evaluation_Date,Evaluation_Grade) VALUES ("3120576", "3119285", "2019-07-06", "2");
INSERT INTO Evaluation (Researcher_ID,Project_ID,Evaluation_Date,Evaluation_Grade) VALUES ("3120207", "3119286", "2021-05-24", "3");
INSERT INTO Evaluation (Researcher_ID,Project_ID,Evaluation_Date,Evaluation_Grade) VALUES ("3119735", "3119287", "2021-12-15", "8");
INSERT INTO Evaluation (Researcher_ID,Project_ID,Evaluation_Date,Evaluation_Grade) VALUES ("3119611", "3119288", "2020-03-04", "9");
INSERT INTO Evaluation (Researcher_ID,Project_ID,Evaluation_Date,Evaluation_Grade) VALUES ("3119119", "3119289", "2018-08-24", "10");
INSERT INTO Evaluation (Researcher_ID,Project_ID,Evaluation_Date,Evaluation_Grade) VALUES ("3119747", "3119290", "2018-03-08", "3");
INSERT INTO Evaluation (Researcher_ID,Project_ID,Evaluation_Date,Evaluation_Grade) VALUES ("3119597", "3119291", "2019-06-04", "3");
INSERT INTO Evaluation (Researcher_ID,Project_ID,Evaluation_Date,Evaluation_Grade) VALUES ("3119429", "3119292", "2019-12-11", "5");
INSERT INTO Evaluation (Researcher_ID,Project_ID,Evaluation_Date,Evaluation_Grade) VALUES ("3120036", "3119293", "2020-02-13", "4");
INSERT INTO Evaluation (Researcher_ID,Project_ID,Evaluation_Date,Evaluation_Grade) VALUES ("3120509", "3119294", "2018-07-04", "8");
INSERT INTO Evaluation (Researcher_ID,Project_ID,Evaluation_Date,Evaluation_Grade) VALUES ("3119984", "3119296", "2019-12-07", "9");
INSERT INTO Evaluation (Researcher_ID,Project_ID,Evaluation_Date,Evaluation_Grade) VALUES ("3119608", "3119297", "2020-06-13", "7");
INSERT INTO Evaluation (Researcher_ID,Project_ID,Evaluation_Date,Evaluation_Grade) VALUES ("3119497", "3119298", "2020-03-23", "6");
INSERT INTO Evaluation (Researcher_ID,Project_ID,Evaluation_Date,Evaluation_Grade) VALUES ("3119442", "3119299", "2020-03-19", "3");
INSERT INTO Evaluation (Researcher_ID,Project_ID,Evaluation_Date,Evaluation_Grade) VALUES ("3119001", "3119300", "2019-06-29", "8");
INSERT INTO Evaluation (Researcher_ID,Project_ID,Evaluation_Date,Evaluation_Grade) VALUES ("3119091", "3119301", "2020-04-29", "8");
INSERT INTO Evaluation (Researcher_ID,Project_ID,Evaluation_Date,Evaluation_Grade) VALUES ("3120087", "3119302", "2017-11-02", "5");
INSERT INTO Evaluation (Researcher_ID,Project_ID,Evaluation_Date,Evaluation_Grade) VALUES ("3119704", "3119303", "2019-05-14", "8");
INSERT INTO Evaluation (Researcher_ID,Project_ID,Evaluation_Date,Evaluation_Grade) VALUES ("3120380", "3119304", "2020-09-20", "10");
INSERT INTO Evaluation (Researcher_ID,Project_ID,Evaluation_Date,Evaluation_Grade) VALUES ("3120317", "3119305", "2020-02-11", "1");
INSERT INTO Evaluation (Researcher_ID,Project_ID,Evaluation_Date,Evaluation_Grade) VALUES ("3119964", "3119306", "2019-10-14", "1");
INSERT INTO Evaluation (Researcher_ID,Project_ID,Evaluation_Date,Evaluation_Grade) VALUES ("3120229", "3119307", "2021-01-04", "6");
INSERT INTO Evaluation (Researcher_ID,Project_ID,Evaluation_Date,Evaluation_Grade) VALUES ("3119559", "3119308", "2017-11-26", "7");
INSERT INTO Evaluation (Researcher_ID,Project_ID,Evaluation_Date,Evaluation_Grade) VALUES ("3119233", "3119309", "2017-09-24", "8");
INSERT INTO Evaluation (Researcher_ID,Project_ID,Evaluation_Date,Evaluation_Grade) VALUES ("3120382", "3119310", "2019-06-14", "10");
INSERT INTO Evaluation (Researcher_ID,Project_ID,Evaluation_Date,Evaluation_Grade) VALUES ("3119802", "3119311", "2020-06-18", "8");
INSERT INTO Evaluation (Researcher_ID,Project_ID,Evaluation_Date,Evaluation_Grade) VALUES ("3119331", "3119312", "2019-08-15", "7");
INSERT INTO Evaluation (Researcher_ID,Project_ID,Evaluation_Date,Evaluation_Grade) VALUES ("3120115", "3119313", "2017-12-15", "6");
INSERT INTO Evaluation (Researcher_ID,Project_ID,Evaluation_Date,Evaluation_Grade) VALUES ("3119537", "3119314", "2017-10-30", "4");
INSERT INTO Evaluation (Researcher_ID,Project_ID,Evaluation_Date,Evaluation_Grade) VALUES ("3120285", "3119315", "2019-07-05", "7");
INSERT INTO Evaluation (Researcher_ID,Project_ID,Evaluation_Date,Evaluation_Grade) VALUES ("3120247", "3119316", "2019-10-12", "10");
INSERT INTO Evaluation (Researcher_ID,Project_ID,Evaluation_Date,Evaluation_Grade) VALUES ("3120084", "3119317", "2020-07-17", "10");
INSERT INTO Evaluation (Researcher_ID,Project_ID,Evaluation_Date,Evaluation_Grade) VALUES ("3119946", "3119318", "2019-09-21", "3");
INSERT INTO Evaluation (Researcher_ID,Project_ID,Evaluation_Date,Evaluation_Grade) VALUES ("3119722", "3119319", "2021-09-09", "7");
INSERT INTO Evaluation (Researcher_ID,Project_ID,Evaluation_Date,Evaluation_Grade) VALUES ("3120219", "3119320", "2018-06-16", "5");
INSERT INTO Evaluation (Researcher_ID,Project_ID,Evaluation_Date,Evaluation_Grade) VALUES ("3120141", "3119321", "2020-10-27", "1");
INSERT INTO Evaluation (Researcher_ID,Project_ID,Evaluation_Date,Evaluation_Grade) VALUES ("3120168", "3119322", "2018-12-29", "8");
INSERT INTO Evaluation (Researcher_ID,Project_ID,Evaluation_Date,Evaluation_Grade) VALUES ("3120516", "3119323", "2020-07-23", "2");
INSERT INTO Evaluation (Researcher_ID,Project_ID,Evaluation_Date,Evaluation_Grade) VALUES ("3119745", "3119324", "2019-09-11", "1");
INSERT INTO Evaluation (Researcher_ID,Project_ID,Evaluation_Date,Evaluation_Grade) VALUES ("3119145", "3119325", "2020-05-28", "5");
INSERT INTO Evaluation (Researcher_ID,Project_ID,Evaluation_Date,Evaluation_Grade) VALUES ("3119998", "3119326", "2018-09-09", "9");
INSERT INTO Evaluation (Researcher_ID,Project_ID,Evaluation_Date,Evaluation_Grade) VALUES ("3119877", "3119327", "2019-04-29", "7");
INSERT INTO Evaluation (Researcher_ID,Project_ID,Evaluation_Date,Evaluation_Grade) VALUES ("3120306", "3119328", "2019-04-28", "7");
INSERT INTO Evaluation (Researcher_ID,Project_ID,Evaluation_Date,Evaluation_Grade) VALUES ("3119480", "3119329", "2017-07-29", "10");
INSERT INTO Evaluation (Researcher_ID,Project_ID,Evaluation_Date,Evaluation_Grade) VALUES ("3120456", "3119330", "2020-10-23", "9");
INSERT INTO Evaluation (Researcher_ID,Project_ID,Evaluation_Date,Evaluation_Grade) VALUES ("3119413", "3119331", "2019-09-14", "4");
INSERT INTO Evaluation (Researcher_ID,Project_ID,Evaluation_Date,Evaluation_Grade) VALUES ("3120251", "3119332", "2020-11-03", "5");
INSERT INTO Evaluation (Researcher_ID,Project_ID,Evaluation_Date,Evaluation_Grade) VALUES ("3120419", "3119333", "2019-08-02", "6");
INSERT INTO Evaluation (Researcher_ID,Project_ID,Evaluation_Date,Evaluation_Grade) VALUES ("3120418", "3119334", "2019-07-15", "6");
INSERT INTO Evaluation (Researcher_ID,Project_ID,Evaluation_Date,Evaluation_Grade) VALUES ("3119991", "3119335", "2017-11-24", "9");
INSERT INTO Evaluation (Researcher_ID,Project_ID,Evaluation_Date,Evaluation_Grade) VALUES ("3119128", "3119336", "2020-10-28", "9");
INSERT INTO Evaluation (Researcher_ID,Project_ID,Evaluation_Date,Evaluation_Grade) VALUES ("3120073", "3119337", "2018-09-16", "6");
INSERT INTO Evaluation (Researcher_ID,Project_ID,Evaluation_Date,Evaluation_Grade) VALUES ("3119819", "3119338", "2019-08-15", "6");
INSERT INTO Evaluation (Researcher_ID,Project_ID,Evaluation_Date,Evaluation_Grade) VALUES ("3120331", "3119339", "2020-04-01", "1");
INSERT INTO Evaluation (Researcher_ID,Project_ID,Evaluation_Date,Evaluation_Grade) VALUES ("3119963", "3119340", "2018-07-12", "8");
INSERT INTO Evaluation (Researcher_ID,Project_ID,Evaluation_Date,Evaluation_Grade) VALUES ("3119920", "3119341", "2020-12-13", "2");
INSERT INTO Evaluation (Researcher_ID,Project_ID,Evaluation_Date,Evaluation_Grade) VALUES ("3119250", "3119342", "2019-12-09", "6");
INSERT INTO Evaluation (Researcher_ID,Project_ID,Evaluation_Date,Evaluation_Grade) VALUES ("3120504", "3119343", "2020-08-24", "2");
INSERT INTO Evaluation (Researcher_ID,Project_ID,Evaluation_Date,Evaluation_Grade) VALUES ("3119530", "3119344", "2018-03-22", "2");
INSERT INTO Evaluation (Researcher_ID,Project_ID,Evaluation_Date,Evaluation_Grade) VALUES ("3119632", "3119345", "2020-06-02", "9");
INSERT INTO Evaluation (Researcher_ID,Project_ID,Evaluation_Date,Evaluation_Grade) VALUES ("3119167", "3119346", "2020-04-13", "10");
INSERT INTO Evaluation (Researcher_ID,Project_ID,Evaluation_Date,Evaluation_Grade) VALUES ("3120427", "3119347", "2020-04-19", "8");
INSERT INTO Evaluation (Researcher_ID,Project_ID,Evaluation_Date,Evaluation_Grade) VALUES ("3120318", "3119348", "2020-04-04", "9");
INSERT INTO Evaluation (Researcher_ID,Project_ID,Evaluation_Date,Evaluation_Grade) VALUES ("3119812", "3119349", "2019-07-22", "2");
INSERT INTO Evaluation (Researcher_ID,Project_ID,Evaluation_Date,Evaluation_Grade) VALUES ("3119781", "3119350", "2018-04-27", "3");
INSERT INTO Evaluation (Researcher_ID,Project_ID,Evaluation_Date,Evaluation_Grade) VALUES ("3119327", "3119351", "2018-12-27", "8");
INSERT INTO Evaluation (Researcher_ID,Project_ID,Evaluation_Date,Evaluation_Grade) VALUES ("3119392", "3119352", "2018-01-24", "7");
INSERT INTO Evaluation (Researcher_ID,Project_ID,Evaluation_Date,Evaluation_Grade) VALUES ("3120154", "3119353", "2018-06-23", "9");
INSERT INTO Evaluation (Researcher_ID,Project_ID,Evaluation_Date,Evaluation_Grade) VALUES ("3119021", "3119354", "2020-03-09", "9");
INSERT INTO Evaluation (Researcher_ID,Project_ID,Evaluation_Date,Evaluation_Grade) VALUES ("3119788", "3119355", "2017-09-22", "8");
INSERT INTO Evaluation (Researcher_ID,Project_ID,Evaluation_Date,Evaluation_Grade) VALUES ("3119240", "3119356", "2021-09-28", "8");
INSERT INTO Evaluation (Researcher_ID,Project_ID,Evaluation_Date,Evaluation_Grade) VALUES ("3119231", "3119357", "2018-11-03", "8");
INSERT INTO Evaluation (Researcher_ID,Project_ID,Evaluation_Date,Evaluation_Grade) VALUES ("3119405", "3119358", "2017-03-15", "6");
INSERT INTO Evaluation (Researcher_ID,Project_ID,Evaluation_Date,Evaluation_Grade) VALUES ("3119805", "3119359", "2018-09-27", "4");
INSERT INTO Evaluation (Researcher_ID,Project_ID,Evaluation_Date,Evaluation_Grade) VALUES ("3120300", "3119360", "2018-10-12", "5");
INSERT INTO Evaluation (Researcher_ID,Project_ID,Evaluation_Date,Evaluation_Grade) VALUES ("3119508", "3119361", "2018-10-03", "6");
INSERT INTO Evaluation (Researcher_ID,Project_ID,Evaluation_Date,Evaluation_Grade) VALUES ("3120074", "3119362", "2018-05-12", "4");
INSERT INTO Evaluation (Researcher_ID,Project_ID,Evaluation_Date,Evaluation_Grade) VALUES ("3120171", "3119363", "2020-08-05", "5");
INSERT INTO Evaluation (Researcher_ID,Project_ID,Evaluation_Date,Evaluation_Grade) VALUES ("3120141", "3119364", "2018-08-31", "1");
INSERT INTO Evaluation (Researcher_ID,Project_ID,Evaluation_Date,Evaluation_Grade) VALUES ("3119868", "3119365", "2018-11-14", "2");
INSERT INTO Evaluation (Researcher_ID,Project_ID,Evaluation_Date,Evaluation_Grade) VALUES ("3120073", "3119366", "2020-06-13", "1");
INSERT INTO Evaluation (Researcher_ID,Project_ID,Evaluation_Date,Evaluation_Grade) VALUES ("3119164", "3119367", "2021-11-18", "5");
INSERT INTO Evaluation (Researcher_ID,Project_ID,Evaluation_Date,Evaluation_Grade) VALUES ("3119274", "3119368", "2020-04-13", "1");
INSERT INTO Evaluation (Researcher_ID,Project_ID,Evaluation_Date,Evaluation_Grade) VALUES ("3120231", "3119369", "2018-02-13", "6");
INSERT INTO Evaluation (Researcher_ID,Project_ID,Evaluation_Date,Evaluation_Grade) VALUES ("3120282", "3119370", "2021-02-09", "7");
INSERT INTO Evaluation (Researcher_ID,Project_ID,Evaluation_Date,Evaluation_Grade) VALUES ("3119280", "3119371", "2021-10-26", "6");
INSERT INTO Evaluation (Researcher_ID,Project_ID,Evaluation_Date,Evaluation_Grade) VALUES ("3119806", "3119372", "2021-03-09", "2");
INSERT INTO Evaluation (Researcher_ID,Project_ID,Evaluation_Date,Evaluation_Grade) VALUES ("3119101", "3119373", "2019-06-14", "1");
INSERT INTO Evaluation (Researcher_ID,Project_ID,Evaluation_Date,Evaluation_Grade) VALUES ("3119124", "3119374", "2019-06-26", "5");
INSERT INTO Evaluation (Researcher_ID,Project_ID,Evaluation_Date,Evaluation_Grade) VALUES ("3120358", "3119375", "2019-06-08", "5");
INSERT INTO Evaluation (Researcher_ID,Project_ID,Evaluation_Date,Evaluation_Grade) VALUES ("3119163", "3119376", "2021-01-19", "1");
INSERT INTO Evaluation (Researcher_ID,Project_ID,Evaluation_Date,Evaluation_Grade) VALUES ("3119131", "3119377", "2019-01-13", "8");
INSERT INTO Evaluation (Researcher_ID,Project_ID,Evaluation_Date,Evaluation_Grade) VALUES ("3120573", "3119378", "2017-05-06", "10");
INSERT INTO Evaluation (Researcher_ID,Project_ID,Evaluation_Date,Evaluation_Grade) VALUES ("3120269", "3119379", "2020-01-01", "6");
INSERT INTO Evaluation (Researcher_ID,Project_ID,Evaluation_Date,Evaluation_Grade) VALUES ("3119407", "3119380", "2017-12-03", "3");
INSERT INTO Evaluation (Researcher_ID,Project_ID,Evaluation_Date,Evaluation_Grade) VALUES ("3119510", "3119381", "2019-12-13", "1");
INSERT INTO Evaluation (Researcher_ID,Project_ID,Evaluation_Date,Evaluation_Grade) VALUES ("3120390", "3119382", "2021-07-15", "1");
INSERT INTO Evaluation (Researcher_ID,Project_ID,Evaluation_Date,Evaluation_Grade) VALUES ("3120050", "3119383", "2019-02-19", "7");
INSERT INTO Evaluation (Researcher_ID,Project_ID,Evaluation_Date,Evaluation_Grade) VALUES ("3119042", "3119384", "2019-07-13", "1");
INSERT INTO Evaluation (Researcher_ID,Project_ID,Evaluation_Date,Evaluation_Grade) VALUES ("3119041", "3119386", "2019-06-17", "8");
INSERT INTO Evaluation (Researcher_ID,Project_ID,Evaluation_Date,Evaluation_Grade) VALUES ("3119354", "3119387", "2018-11-05", "1");
INSERT INTO Evaluation (Researcher_ID,Project_ID,Evaluation_Date,Evaluation_Grade) VALUES ("3119306", "3119388", "2019-08-31", "3");
INSERT INTO Evaluation (Researcher_ID,Project_ID,Evaluation_Date,Evaluation_Grade) VALUES ("3120217", "3119389", "2018-04-06", "7");
INSERT INTO Evaluation (Researcher_ID,Project_ID,Evaluation_Date,Evaluation_Grade) VALUES ("3120191", "3119390", "2019-11-07", "9");
INSERT INTO Evaluation (Researcher_ID,Project_ID,Evaluation_Date,Evaluation_Grade) VALUES ("3120184", "3119391", "2020-05-05", "10");
INSERT INTO Evaluation (Researcher_ID,Project_ID,Evaluation_Date,Evaluation_Grade) VALUES ("3120580", "3119392", "2020-06-05", "4");
INSERT INTO Evaluation (Researcher_ID,Project_ID,Evaluation_Date,Evaluation_Grade) VALUES ("3119038", "3119393", "2019-10-28", "9");
INSERT INTO Evaluation (Researcher_ID,Project_ID,Evaluation_Date,Evaluation_Grade) VALUES ("3119107", "3119394", "2019-06-30", "8");
INSERT INTO Evaluation (Researcher_ID,Project_ID,Evaluation_Date,Evaluation_Grade) VALUES ("3119438", "3119395", "2019-02-15", "9");
INSERT INTO Evaluation (Researcher_ID,Project_ID,Evaluation_Date,Evaluation_Grade) VALUES ("3119049", "3119396", "2021-03-14", "4");
INSERT INTO Evaluation (Researcher_ID,Project_ID,Evaluation_Date,Evaluation_Grade) VALUES ("3120343", "3119397", "2018-04-18", "2");
INSERT INTO Evaluation (Researcher_ID,Project_ID,Evaluation_Date,Evaluation_Grade) VALUES ("3120508", "3119398", "2019-04-20", "10");
INSERT INTO Evaluation (Researcher_ID,Project_ID,Evaluation_Date,Evaluation_Grade) VALUES ("3120171", "3119399", "2022-03-10", "3");
INSERT INTO Evaluation (Researcher_ID,Project_ID,Evaluation_Date,Evaluation_Grade) VALUES ("3120132", "3119400", "2017-09-19", "10");
INSERT INTO Evaluation (Researcher_ID,Project_ID,Evaluation_Date,Evaluation_Grade) VALUES ("3119599", "3119401", "2020-02-17", "1");
INSERT INTO Evaluation (Researcher_ID,Project_ID,Evaluation_Date,Evaluation_Grade) VALUES ("3119930", "3119402", "2020-08-22", "1");
INSERT INTO Evaluation (Researcher_ID,Project_ID,Evaluation_Date,Evaluation_Grade) VALUES ("3120506", "3119403", "2021-04-17", "8");
INSERT INTO Evaluation (Researcher_ID,Project_ID,Evaluation_Date,Evaluation_Grade) VALUES ("3120160", "3119404", "2020-02-27", "2");
INSERT INTO Evaluation (Researcher_ID,Project_ID,Evaluation_Date,Evaluation_Grade) VALUES ("3119659", "3119405", "2018-03-17", "5");
INSERT INTO Evaluation (Researcher_ID,Project_ID,Evaluation_Date,Evaluation_Grade) VALUES ("3119603", "3119406", "2018-05-13", "10");
INSERT INTO Evaluation (Researcher_ID,Project_ID,Evaluation_Date,Evaluation_Grade) VALUES ("3120033", "3119407", "2020-11-05", "1");
INSERT INTO Evaluation (Researcher_ID,Project_ID,Evaluation_Date,Evaluation_Grade) VALUES ("3119921", "3119408", "2020-10-13", "7");
INSERT INTO Evaluation (Researcher_ID,Project_ID,Evaluation_Date,Evaluation_Grade) VALUES ("3119571", "3119409", "2018-07-20", "3");
INSERT INTO Evaluation (Researcher_ID,Project_ID,Evaluation_Date,Evaluation_Grade) VALUES ("3120021", "3119410", "2019-11-19", "8");
INSERT INTO Evaluation (Researcher_ID,Project_ID,Evaluation_Date,Evaluation_Grade) VALUES ("3119977", "3119411", "2018-07-06", "5");
INSERT INTO Evaluation (Researcher_ID,Project_ID,Evaluation_Date,Evaluation_Grade) VALUES ("3119648", "3119412", "2018-12-18", "10");
INSERT INTO Evaluation (Researcher_ID,Project_ID,Evaluation_Date,Evaluation_Grade) VALUES ("3119361", "3119413", "2018-05-06", "5");
INSERT INTO Evaluation (Researcher_ID,Project_ID,Evaluation_Date,Evaluation_Grade) VALUES ("3119815", "3119414", "2020-01-04", "10");
INSERT INTO Evaluation (Researcher_ID,Project_ID,Evaluation_Date,Evaluation_Grade) VALUES ("3120180", "3119415", "2021-09-19", "6");
INSERT INTO Evaluation (Researcher_ID,Project_ID,Evaluation_Date,Evaluation_Grade) VALUES ("3119147", "3119416", "2019-06-17", "6");
INSERT INTO Evaluation (Researcher_ID,Project_ID,Evaluation_Date,Evaluation_Grade) VALUES ("3119227", "3119417", "2019-11-22", "4");
INSERT INTO Evaluation (Researcher_ID,Project_ID,Evaluation_Date,Evaluation_Grade) VALUES ("3119528", "3119418", "2021-09-10", "9");
INSERT INTO Evaluation (Researcher_ID,Project_ID,Evaluation_Date,Evaluation_Grade) VALUES ("3119235", "3119419", "2019-11-24", "4");
INSERT INTO Evaluation (Researcher_ID,Project_ID,Evaluation_Date,Evaluation_Grade) VALUES ("3119315", "3119420", "2019-10-09", "1");
INSERT INTO Evaluation (Researcher_ID,Project_ID,Evaluation_Date,Evaluation_Grade) VALUES ("3119755", "3119421", "2020-02-04", "10");
INSERT INTO Evaluation (Researcher_ID,Project_ID,Evaluation_Date,Evaluation_Grade) VALUES ("3120253", "3119422", "2021-03-18", "7");
INSERT INTO Evaluation (Researcher_ID,Project_ID,Evaluation_Date,Evaluation_Grade) VALUES ("3119946", "3119423", "2019-04-21", "8");
INSERT INTO Evaluation (Researcher_ID,Project_ID,Evaluation_Date,Evaluation_Grade) VALUES ("3120351", "3119424", "2019-03-03", "4");
INSERT INTO Evaluation (Researcher_ID,Project_ID,Evaluation_Date,Evaluation_Grade) VALUES ("3119353", "3119425", "2018-07-30", "9");
INSERT INTO Evaluation (Researcher_ID,Project_ID,Evaluation_Date,Evaluation_Grade) VALUES ("3119618", "3119426", "2017-01-31", "5");
INSERT INTO Evaluation (Researcher_ID,Project_ID,Evaluation_Date,Evaluation_Grade) VALUES ("3119535", "3119427", "2020-03-27", "4");
INSERT INTO Evaluation (Researcher_ID,Project_ID,Evaluation_Date,Evaluation_Grade) VALUES ("3119552", "3119428", "2021-02-22", "9");
INSERT INTO Evaluation (Researcher_ID,Project_ID,Evaluation_Date,Evaluation_Grade) VALUES ("3119351", "3119429", "2021-05-04", "10");
INSERT INTO Evaluation (Researcher_ID,Project_ID,Evaluation_Date,Evaluation_Grade) VALUES ("3120429", "3119430", "2017-02-11", "3");
INSERT INTO Evaluation (Researcher_ID,Project_ID,Evaluation_Date,Evaluation_Grade) VALUES ("3119381", "3119431", "2019-01-11", "10");
INSERT INTO Evaluation (Researcher_ID,Project_ID,Evaluation_Date,Evaluation_Grade) VALUES ("3120556", "3119432", "2019-03-21", "8");
INSERT INTO Evaluation (Researcher_ID,Project_ID,Evaluation_Date,Evaluation_Grade) VALUES ("3120140", "3119433", "2019-02-25", "1");
INSERT INTO Evaluation (Researcher_ID,Project_ID,Evaluation_Date,Evaluation_Grade) VALUES ("3120095", "3119434", "2019-02-12", "2");
INSERT INTO Evaluation (Researcher_ID,Project_ID,Evaluation_Date,Evaluation_Grade) VALUES ("3119725", "3119435", "2019-07-24", "6");
INSERT INTO Evaluation (Researcher_ID,Project_ID,Evaluation_Date,Evaluation_Grade) VALUES ("3120174", "3119436", "2017-03-22", "5");
INSERT INTO Evaluation (Researcher_ID,Project_ID,Evaluation_Date,Evaluation_Grade) VALUES ("3120365", "3119437", "2018-06-09", "2");
INSERT INTO Evaluation (Researcher_ID,Project_ID,Evaluation_Date,Evaluation_Grade) VALUES ("3119133", "3119438", "2018-09-27", "1");
INSERT INTO Evaluation (Researcher_ID,Project_ID,Evaluation_Date,Evaluation_Grade) VALUES ("3119517", "3119439", "2019-10-20", "1");
INSERT INTO Evaluation (Researcher_ID,Project_ID,Evaluation_Date,Evaluation_Grade) VALUES ("3120291", "3119440", "2017-06-23", "9");
INSERT INTO Evaluation (Researcher_ID,Project_ID,Evaluation_Date,Evaluation_Grade) VALUES ("3120155", "3119441", "2018-05-12", "3");
INSERT INTO Evaluation (Researcher_ID,Project_ID,Evaluation_Date,Evaluation_Grade) VALUES ("3119464", "3119442", "2018-12-06", "10");
INSERT INTO Evaluation (Researcher_ID,Project_ID,Evaluation_Date,Evaluation_Grade) VALUES ("3119063", "3119443", "2018-12-01", "2");
INSERT INTO Evaluation (Researcher_ID,Project_ID,Evaluation_Date,Evaluation_Grade) VALUES ("3119847", "3119444", "2018-04-12", "2");
INSERT INTO Evaluation (Researcher_ID,Project_ID,Evaluation_Date,Evaluation_Grade) VALUES ("3119651", "3119445", "2021-06-07", "4");
INSERT INTO Evaluation (Researcher_ID,Project_ID,Evaluation_Date,Evaluation_Grade) VALUES ("3119690", "3119446", "2019-05-24", "6");
INSERT INTO Evaluation (Researcher_ID,Project_ID,Evaluation_Date,Evaluation_Grade) VALUES ("3119683", "3119447", "2021-11-10", "5");
INSERT INTO Evaluation (Researcher_ID,Project_ID,Evaluation_Date,Evaluation_Grade) VALUES ("3120156", "3119448", "2019-02-17", "3");
INSERT INTO Evaluation (Researcher_ID,Project_ID,Evaluation_Date,Evaluation_Grade) VALUES ("3120147", "3119449", "2021-09-16", "10");
INSERT INTO Evaluation (Researcher_ID,Project_ID,Evaluation_Date,Evaluation_Grade) VALUES ("3119634", "3119450", "2020-04-01", "2");
INSERT INTO Evaluation (Researcher_ID,Project_ID,Evaluation_Date,Evaluation_Grade) VALUES ("3120450", "3119451", "2020-01-05", "6");
INSERT INTO Evaluation (Researcher_ID,Project_ID,Evaluation_Date,Evaluation_Grade) VALUES ("3120278", "3119452", "2021-09-03", "1");
INSERT INTO Evaluation (Researcher_ID,Project_ID,Evaluation_Date,Evaluation_Grade) VALUES ("3119364", "3119453", "2019-07-10", "3");
INSERT INTO Evaluation (Researcher_ID,Project_ID,Evaluation_Date,Evaluation_Grade) VALUES ("3119751", "3119454", "2020-03-26", "4");
INSERT INTO Evaluation (Researcher_ID,Project_ID,Evaluation_Date,Evaluation_Grade) VALUES ("3119923", "3119455", "2019-10-22", "6");
INSERT INTO Evaluation (Researcher_ID,Project_ID,Evaluation_Date,Evaluation_Grade) VALUES ("3119948", "3119456", "2019-05-19", "2");
INSERT INTO Evaluation (Researcher_ID,Project_ID,Evaluation_Date,Evaluation_Grade) VALUES ("3120386", "3119457", "2017-12-12", "4");
INSERT INTO Evaluation (Researcher_ID,Project_ID,Evaluation_Date,Evaluation_Grade) VALUES ("3119462", "3119458", "2021-05-20", "10");
INSERT INTO Evaluation (Researcher_ID,Project_ID,Evaluation_Date,Evaluation_Grade) VALUES ("3120289", "3119459", "2020-11-23", "9");
INSERT INTO Evaluation (Researcher_ID,Project_ID,Evaluation_Date,Evaluation_Grade) VALUES ("3120502", "3119460", "2020-06-17", "6");
INSERT INTO Evaluation (Researcher_ID,Project_ID,Evaluation_Date,Evaluation_Grade) VALUES ("3119000", "3119462", "2019-09-06", "8");
INSERT INTO Evaluation (Researcher_ID,Project_ID,Evaluation_Date,Evaluation_Grade) VALUES ("3119098", "3119463", "2018-05-11", "2");
INSERT INTO Evaluation (Researcher_ID,Project_ID,Evaluation_Date,Evaluation_Grade) VALUES ("3119671", "3119464", "2020-08-14", "7");
INSERT INTO Evaluation (Researcher_ID,Project_ID,Evaluation_Date,Evaluation_Grade) VALUES ("3120344", "3119465", "2019-05-10", "3");
INSERT INTO Evaluation (Researcher_ID,Project_ID,Evaluation_Date,Evaluation_Grade) VALUES ("3119423", "3119466", "2018-09-05", "7");
INSERT INTO Evaluation (Researcher_ID,Project_ID,Evaluation_Date,Evaluation_Grade) VALUES ("3119968", "3119467", "2020-08-21", "9");
INSERT INTO Evaluation (Researcher_ID,Project_ID,Evaluation_Date,Evaluation_Grade) VALUES ("3119576", "3119468", "2018-11-19", "2");
INSERT INTO Evaluation (Researcher_ID,Project_ID,Evaluation_Date,Evaluation_Grade) VALUES ("3119587", "3119469", "2019-08-24", "8");
INSERT INTO Evaluation (Researcher_ID,Project_ID,Evaluation_Date,Evaluation_Grade) VALUES ("3120542", "3119470", "2019-03-31", "5");
INSERT INTO Evaluation (Researcher_ID,Project_ID,Evaluation_Date,Evaluation_Grade) VALUES ("3119145", "3119471", "2019-03-05", "1");
INSERT INTO Evaluation (Researcher_ID,Project_ID,Evaluation_Date,Evaluation_Grade) VALUES ("3120041", "3119472", "2017-04-22", "8");
INSERT INTO Evaluation (Researcher_ID,Project_ID,Evaluation_Date,Evaluation_Grade) VALUES ("3119581", "3119473", "2018-12-25", "9");
INSERT INTO Evaluation (Researcher_ID,Project_ID,Evaluation_Date,Evaluation_Grade) VALUES ("3119531", "3119474", "2018-10-23", "6");
INSERT INTO Evaluation (Researcher_ID,Project_ID,Evaluation_Date,Evaluation_Grade) VALUES ("3119394", "3119475", "2020-08-13", "8");
INSERT INTO Evaluation (Researcher_ID,Project_ID,Evaluation_Date,Evaluation_Grade) VALUES ("3119061", "3119476", "2018-11-28", "7");
INSERT INTO Evaluation (Researcher_ID,Project_ID,Evaluation_Date,Evaluation_Grade) VALUES ("3119284", "3119477", "2019-05-22", "10");
INSERT INTO Evaluation (Researcher_ID,Project_ID,Evaluation_Date,Evaluation_Grade) VALUES ("3119046", "3119478", "2017-11-28", "3");
INSERT INTO Evaluation (Researcher_ID,Project_ID,Evaluation_Date,Evaluation_Grade) VALUES ("3120440", "3119479", "2020-04-18", "7");
INSERT INTO Evaluation (Researcher_ID,Project_ID,Evaluation_Date,Evaluation_Grade) VALUES ("3119616", "3119480", "2017-06-10", "7");
INSERT INTO Evaluation (Researcher_ID,Project_ID,Evaluation_Date,Evaluation_Grade) VALUES ("3120143", "3119481", "2018-04-16", "6");
INSERT INTO Evaluation (Researcher_ID,Project_ID,Evaluation_Date,Evaluation_Grade) VALUES ("3119581", "3119482", "2020-01-22", "5");
INSERT INTO Evaluation (Researcher_ID,Project_ID,Evaluation_Date,Evaluation_Grade) VALUES ("3120182", "3119483", "2018-12-24", "1");
INSERT INTO Evaluation (Researcher_ID,Project_ID,Evaluation_Date,Evaluation_Grade) VALUES ("3119253", "3119484", "2018-10-23", "6");
INSERT INTO Evaluation (Researcher_ID,Project_ID,Evaluation_Date,Evaluation_Grade) VALUES ("3119986", "3119485", "2020-11-24", "10");
INSERT INTO Evaluation (Researcher_ID,Project_ID,Evaluation_Date,Evaluation_Grade) VALUES ("3119462", "3119486", "2017-02-21", "7");
INSERT INTO Evaluation (Researcher_ID,Project_ID,Evaluation_Date,Evaluation_Grade) VALUES ("3119923", "3119487", "2018-10-19", "1");
INSERT INTO Evaluation (Researcher_ID,Project_ID,Evaluation_Date,Evaluation_Grade) VALUES ("3120213", "3119488", "2020-10-07", "3");
INSERT INTO Evaluation (Researcher_ID,Project_ID,Evaluation_Date,Evaluation_Grade) VALUES ("3119404", "3119489", "2019-09-17", "7");
INSERT INTO Evaluation (Researcher_ID,Project_ID,Evaluation_Date,Evaluation_Grade) VALUES ("3119709", "3119490", "2019-09-22", "1");
INSERT INTO Evaluation (Researcher_ID,Project_ID,Evaluation_Date,Evaluation_Grade) VALUES ("3120126", "3119491", "2017-05-20", "10");
INSERT INTO Evaluation (Researcher_ID,Project_ID,Evaluation_Date,Evaluation_Grade) VALUES ("3120317", "3119492", "2018-06-01", "1");
INSERT INTO Evaluation (Researcher_ID,Project_ID,Evaluation_Date,Evaluation_Grade) VALUES ("3120387", "3119493", "2018-11-23", "4");
INSERT INTO Evaluation (Researcher_ID,Project_ID,Evaluation_Date,Evaluation_Grade) VALUES ("3119163", "3119494", "2021-06-28", "2");
INSERT INTO Evaluation (Researcher_ID,Project_ID,Evaluation_Date,Evaluation_Grade) VALUES ("3120518", "3119495", "2019-10-08", "3");
INSERT INTO Evaluation (Researcher_ID,Project_ID,Evaluation_Date,Evaluation_Grade) VALUES ("3120012", "3119496", "2019-07-09", "6");
INSERT INTO Evaluation (Researcher_ID,Project_ID,Evaluation_Date,Evaluation_Grade) VALUES ("3120592", "3119498", "2020-08-15", "3");
INSERT INTO Evaluation (Researcher_ID,Project_ID,Evaluation_Date,Evaluation_Grade) VALUES ("3119024", "3119499", "2020-02-09", "10");
INSERT INTO Evaluation (Researcher_ID,Project_ID,Evaluation_Date,Evaluation_Grade) VALUES ("3120148", "3119500", "2018-03-03", "7");
INSERT INTO Evaluation (Researcher_ID,Project_ID,Evaluation_Date,Evaluation_Grade) VALUES ("3119026", "3119501", "2017-12-10", "2");
INSERT INTO Evaluation (Researcher_ID,Project_ID,Evaluation_Date,Evaluation_Grade) VALUES ("3119040", "3119502", "2020-08-23", "2");
INSERT INTO Evaluation (Researcher_ID,Project_ID,Evaluation_Date,Evaluation_Grade) VALUES ("3119253", "3119503", "2020-06-12", "6");
INSERT INTO Evaluation (Researcher_ID,Project_ID,Evaluation_Date,Evaluation_Grade) VALUES ("3120070", "3119504", "2019-11-04", "8");
INSERT INTO Evaluation (Researcher_ID,Project_ID,Evaluation_Date,Evaluation_Grade) VALUES ("3120281", "3119505", "2018-08-22", "6");
INSERT INTO Evaluation (Researcher_ID,Project_ID,Evaluation_Date,Evaluation_Grade) VALUES ("3119090", "3119506", "2020-07-28", "6");
INSERT INTO Evaluation (Researcher_ID,Project_ID,Evaluation_Date,Evaluation_Grade) VALUES ("3119067", "3119507", "2020-04-18", "5");
INSERT INTO Evaluation (Researcher_ID,Project_ID,Evaluation_Date,Evaluation_Grade) VALUES ("3119183", "3119508", "2019-06-20", "5");
INSERT INTO Evaluation (Researcher_ID,Project_ID,Evaluation_Date,Evaluation_Grade) VALUES ("3120366", "3119509", "2018-03-01", "9");
INSERT INTO Evaluation (Researcher_ID,Project_ID,Evaluation_Date,Evaluation_Grade) VALUES ("3119873", "3119510", "2021-02-09", "9");
INSERT INTO Evaluation (Researcher_ID,Project_ID,Evaluation_Date,Evaluation_Grade) VALUES ("3120264", "3119511", "2019-05-04", "5");
INSERT INTO Evaluation (Researcher_ID,Project_ID,Evaluation_Date,Evaluation_Grade) VALUES ("3119093", "3119512", "2019-06-21", "10");
INSERT INTO Evaluation (Researcher_ID,Project_ID,Evaluation_Date,Evaluation_Grade) VALUES ("3119533", "3119513", "2019-12-25", "9");
INSERT INTO Evaluation (Researcher_ID,Project_ID,Evaluation_Date,Evaluation_Grade) VALUES ("3119185", "3119514", "2019-01-02", "8");
INSERT INTO Evaluation (Researcher_ID,Project_ID,Evaluation_Date,Evaluation_Grade) VALUES ("3120586", "3119515", "2019-09-21", "9");
INSERT INTO Evaluation (Researcher_ID,Project_ID,Evaluation_Date,Evaluation_Grade) VALUES ("3119546", "3119516", "2019-05-23", "5");
INSERT INTO Evaluation (Researcher_ID,Project_ID,Evaluation_Date,Evaluation_Grade) VALUES ("3120327", "3119517", "2018-12-19", "2");
INSERT INTO Evaluation (Researcher_ID,Project_ID,Evaluation_Date,Evaluation_Grade) VALUES ("3119892", "3119518", "2018-05-30", "1");
INSERT INTO Evaluation (Researcher_ID,Project_ID,Evaluation_Date,Evaluation_Grade) VALUES ("3120212", "3119519", "2019-03-29", "4");
INSERT INTO Evaluation (Researcher_ID,Project_ID,Evaluation_Date,Evaluation_Grade) VALUES ("3119682", "3119520", "2019-11-11", "4");
INSERT INTO Evaluation (Researcher_ID,Project_ID,Evaluation_Date,Evaluation_Grade) VALUES ("3119063", "3119521", "2017-08-31", "7");
INSERT INTO Evaluation (Researcher_ID,Project_ID,Evaluation_Date,Evaluation_Grade) VALUES ("3119639", "3119522", "2020-04-29", "5");
INSERT INTO Evaluation (Researcher_ID,Project_ID,Evaluation_Date,Evaluation_Grade) VALUES ("3120196", "3119523", "2017-03-25", "8");
INSERT INTO Evaluation (Researcher_ID,Project_ID,Evaluation_Date,Evaluation_Grade) VALUES ("3120034", "3119524", "2020-06-29", "8");
INSERT INTO Evaluation (Researcher_ID,Project_ID,Evaluation_Date,Evaluation_Grade) VALUES ("3120432", "3119525", "2019-11-15", "6");
INSERT INTO Evaluation (Researcher_ID,Project_ID,Evaluation_Date,Evaluation_Grade) VALUES ("3120107", "3119526", "2019-02-26", "7");
INSERT INTO Evaluation (Researcher_ID,Project_ID,Evaluation_Date,Evaluation_Grade) VALUES ("3119119", "3119527", "2019-12-24", "5");
INSERT INTO Evaluation (Researcher_ID,Project_ID,Evaluation_Date,Evaluation_Grade) VALUES ("3119504", "3119528", "2020-01-11", "4");
INSERT INTO Evaluation (Researcher_ID,Project_ID,Evaluation_Date,Evaluation_Grade) VALUES ("3119257", "3119529", "2018-11-22", "9");
INSERT INTO Evaluation (Researcher_ID,Project_ID,Evaluation_Date,Evaluation_Grade) VALUES ("3119248", "3119530", "2018-07-27", "3");
INSERT INTO Evaluation (Researcher_ID,Project_ID,Evaluation_Date,Evaluation_Grade) VALUES ("3119407", "3119531", "2019-05-18", "5");
INSERT INTO Evaluation (Researcher_ID,Project_ID,Evaluation_Date,Evaluation_Grade) VALUES ("3119797", "3119532", "2018-11-13", "4");
INSERT INTO Evaluation (Researcher_ID,Project_ID,Evaluation_Date,Evaluation_Grade) VALUES ("3120241", "3119533", "2019-01-21", "8");
INSERT INTO Evaluation (Researcher_ID,Project_ID,Evaluation_Date,Evaluation_Grade) VALUES ("3119295", "3119534", "2020-02-22", "4");
INSERT INTO Evaluation (Researcher_ID,Project_ID,Evaluation_Date,Evaluation_Grade) VALUES ("3119053", "3119535", "2018-01-13", "9");
INSERT INTO Evaluation (Researcher_ID,Project_ID,Evaluation_Date,Evaluation_Grade) VALUES ("3120145", "3119536", "2017-12-26", "4");
INSERT INTO Evaluation (Researcher_ID,Project_ID,Evaluation_Date,Evaluation_Grade) VALUES ("3119477", "3119537", "2021-07-05", "8");
INSERT INTO Evaluation (Researcher_ID,Project_ID,Evaluation_Date,Evaluation_Grade) VALUES ("3119315", "3119538", "2018-12-19", "1");
INSERT INTO Evaluation (Researcher_ID,Project_ID,Evaluation_Date,Evaluation_Grade) VALUES ("3119043", "3119539", "2019-07-22", "9");
INSERT INTO Evaluation (Researcher_ID,Project_ID,Evaluation_Date,Evaluation_Grade) VALUES ("3119248", "3119540", "2019-03-26", "9");
INSERT INTO Evaluation (Researcher_ID,Project_ID,Evaluation_Date,Evaluation_Grade) VALUES ("3120550", "3119541", "2018-04-16", "5");
INSERT INTO Evaluation (Researcher_ID,Project_ID,Evaluation_Date,Evaluation_Grade) VALUES ("3119473", "3119543", "2019-04-20", "7");
INSERT INTO Evaluation (Researcher_ID,Project_ID,Evaluation_Date,Evaluation_Grade) VALUES ("3119104", "3119544", "2019-04-29", "6");
INSERT INTO Evaluation (Researcher_ID,Project_ID,Evaluation_Date,Evaluation_Grade) VALUES ("3119178", "3119545", "2020-05-12", "9");
INSERT INTO Evaluation (Researcher_ID,Project_ID,Evaluation_Date,Evaluation_Grade) VALUES ("3119976", "3119546", "2017-10-15", "2");
INSERT INTO Evaluation (Researcher_ID,Project_ID,Evaluation_Date,Evaluation_Grade) VALUES ("3119717", "3119547", "2018-08-06", "7");
INSERT INTO Evaluation (Researcher_ID,Project_ID,Evaluation_Date,Evaluation_Grade) VALUES ("3119617", "3119548", "2020-11-12", "10");
INSERT INTO Evaluation (Researcher_ID,Project_ID,Evaluation_Date,Evaluation_Grade) VALUES ("3119586", "3119549", "2021-01-01", "10");
INSERT INTO Evaluation (Researcher_ID,Project_ID,Evaluation_Date,Evaluation_Grade) VALUES ("3120211", "3119550", "2019-12-31", "7");
INSERT INTO Evaluation (Researcher_ID,Project_ID,Evaluation_Date,Evaluation_Grade) VALUES ("3120015", "3119551", "2021-06-12", "1");
INSERT INTO Evaluation (Researcher_ID,Project_ID,Evaluation_Date,Evaluation_Grade) VALUES ("3119926", "3119552", "2019-08-05", "1");
INSERT INTO Evaluation (Researcher_ID,Project_ID,Evaluation_Date,Evaluation_Grade) VALUES ("3120036", "3119553", "2020-12-01", "1");
INSERT INTO Evaluation (Researcher_ID,Project_ID,Evaluation_Date,Evaluation_Grade) VALUES ("3120059", "3119554", "2018-06-11", "9");
INSERT INTO Evaluation (Researcher_ID,Project_ID,Evaluation_Date,Evaluation_Grade) VALUES ("3119190", "3119555", "2019-05-11", "1");
INSERT INTO Evaluation (Researcher_ID,Project_ID,Evaluation_Date,Evaluation_Grade) VALUES ("3119226", "3119556", "2017-10-04", "4");
INSERT INTO Evaluation (Researcher_ID,Project_ID,Evaluation_Date,Evaluation_Grade) VALUES ("3120252", "3119557", "2021-04-08", "10");
INSERT INTO Evaluation (Researcher_ID,Project_ID,Evaluation_Date,Evaluation_Grade) VALUES ("3120052", "3119558", "2019-10-01", "6");
INSERT INTO Evaluation (Researcher_ID,Project_ID,Evaluation_Date,Evaluation_Grade) VALUES ("3119015", "3119559", "2020-02-26", "10");
INSERT INTO Evaluation (Researcher_ID,Project_ID,Evaluation_Date,Evaluation_Grade) VALUES ("3119771", "3119560", "2019-08-15", "5");
INSERT INTO Evaluation (Researcher_ID,Project_ID,Evaluation_Date,Evaluation_Grade) VALUES ("3119412", "3119561", "2018-03-16", "2");
INSERT INTO Evaluation (Researcher_ID,Project_ID,Evaluation_Date,Evaluation_Grade) VALUES ("3119612", "3119562", "2020-12-13", "6");
INSERT INTO Evaluation (Researcher_ID,Project_ID,Evaluation_Date,Evaluation_Grade) VALUES ("3119979", "3119563", "2021-07-03", "9");
INSERT INTO Evaluation (Researcher_ID,Project_ID,Evaluation_Date,Evaluation_Grade) VALUES ("3119630", "3119565", "2019-01-01", "1");
INSERT INTO Evaluation (Researcher_ID,Project_ID,Evaluation_Date,Evaluation_Grade) VALUES ("3119812", "3119566", "2021-11-29", "8");
INSERT INTO Evaluation (Researcher_ID,Project_ID,Evaluation_Date,Evaluation_Grade) VALUES ("3119593", "3119567", "2019-01-24", "4");
INSERT INTO Evaluation (Researcher_ID,Project_ID,Evaluation_Date,Evaluation_Grade) VALUES ("3120298", "3119568", "2019-04-02", "2");
INSERT INTO Evaluation (Researcher_ID,Project_ID,Evaluation_Date,Evaluation_Grade) VALUES ("3119780", "3119569", "2020-08-14", "5");
INSERT INTO Evaluation (Researcher_ID,Project_ID,Evaluation_Date,Evaluation_Grade) VALUES ("3119765", "3119570", "2018-06-22", "1");
INSERT INTO Evaluation (Researcher_ID,Project_ID,Evaluation_Date,Evaluation_Grade) VALUES ("3120337", "3119571", "2020-09-26", "4");
INSERT INTO Evaluation (Researcher_ID,Project_ID,Evaluation_Date,Evaluation_Grade) VALUES ("3119341", "3119572", "2021-07-24", "10");
INSERT INTO Evaluation (Researcher_ID,Project_ID,Evaluation_Date,Evaluation_Grade) VALUES ("3119003", "3119573", "2019-03-20", "7");
INSERT INTO Evaluation (Researcher_ID,Project_ID,Evaluation_Date,Evaluation_Grade) VALUES ("3119698", "3119574", "2017-06-03", "7");
INSERT INTO Evaluation (Researcher_ID,Project_ID,Evaluation_Date,Evaluation_Grade) VALUES ("3119739", "3119575", "2020-10-01", "6");
INSERT INTO Evaluation (Researcher_ID,Project_ID,Evaluation_Date,Evaluation_Grade) VALUES ("3120286", "3119576", "2019-03-29", "4");
INSERT INTO Evaluation (Researcher_ID,Project_ID,Evaluation_Date,Evaluation_Grade) VALUES ("3120488", "3119577", "2018-11-07", "5");
INSERT INTO Evaluation (Researcher_ID,Project_ID,Evaluation_Date,Evaluation_Grade) VALUES ("3119468", "3119578", "2018-05-25", "5");
INSERT INTO Evaluation (Researcher_ID,Project_ID,Evaluation_Date,Evaluation_Grade) VALUES ("3120397", "3119579", "2020-02-09", "7");
INSERT INTO Evaluation (Researcher_ID,Project_ID,Evaluation_Date,Evaluation_Grade) VALUES ("3119297", "3119580", "2020-02-20", "7");
INSERT INTO Evaluation (Researcher_ID,Project_ID,Evaluation_Date,Evaluation_Grade) VALUES ("3120383", "3119581", "2018-12-03", "1");
INSERT INTO Evaluation (Researcher_ID,Project_ID,Evaluation_Date,Evaluation_Grade) VALUES ("3120290", "3119582", "2020-05-17", "5");
INSERT INTO Evaluation (Researcher_ID,Project_ID,Evaluation_Date,Evaluation_Grade) VALUES ("3119402", "3119583", "2018-03-14", "5");
INSERT INTO Evaluation (Researcher_ID,Project_ID,Evaluation_Date,Evaluation_Grade) VALUES ("3119590", "3119584", "2021-06-15", "7");
INSERT INTO Evaluation (Researcher_ID,Project_ID,Evaluation_Date,Evaluation_Grade) VALUES ("3120364", "3119585", "2020-08-18", "10");
INSERT INTO Evaluation (Researcher_ID,Project_ID,Evaluation_Date,Evaluation_Grade) VALUES ("3119101", "3119586", "2020-05-01", "2");
INSERT INTO Evaluation (Researcher_ID,Project_ID,Evaluation_Date,Evaluation_Grade) VALUES ("3119934", "3119587", "2018-10-21", "5");
INSERT INTO Evaluation (Researcher_ID,Project_ID,Evaluation_Date,Evaluation_Grade) VALUES ("3120378", "3119588", "2019-08-13", "9");
INSERT INTO Evaluation (Researcher_ID,Project_ID,Evaluation_Date,Evaluation_Grade) VALUES ("3119743", "3119589", "2016-11-16", "6");
INSERT INTO Evaluation (Researcher_ID,Project_ID,Evaluation_Date,Evaluation_Grade) VALUES ("3120126", "3119590", "2021-10-13", "8");
INSERT INTO Evaluation (Researcher_ID,Project_ID,Evaluation_Date,Evaluation_Grade) VALUES ("3119476", "3119591", "2019-02-16", "8");
INSERT INTO Evaluation (Researcher_ID,Project_ID,Evaluation_Date,Evaluation_Grade) VALUES ("3119968", "3119592", "2020-04-17", "9");
INSERT INTO Evaluation (Researcher_ID,Project_ID,Evaluation_Date,Evaluation_Grade) VALUES ("3120212", "3119593", "2018-07-15", "2");
INSERT INTO Evaluation (Researcher_ID,Project_ID,Evaluation_Date,Evaluation_Grade) VALUES ("3120355", "3119594", "2017-08-12", "8");
INSERT INTO Evaluation (Researcher_ID,Project_ID,Evaluation_Date,Evaluation_Grade) VALUES ("3119008", "3119595", "2017-09-03", "4");
INSERT INTO Evaluation (Researcher_ID,Project_ID,Evaluation_Date,Evaluation_Grade) VALUES ("3119093", "3119596", "2018-04-07", "4");
INSERT INTO Evaluation (Researcher_ID,Project_ID,Evaluation_Date,Evaluation_Grade) VALUES ("3120400", "3119597", "2019-08-19", "4");
INSERT INTO Evaluation (Researcher_ID,Project_ID,Evaluation_Date,Evaluation_Grade) VALUES ("3120253", "3119598", "2018-04-13", "4");
INSERT INTO Evaluation (Researcher_ID,Project_ID,Evaluation_Date,Evaluation_Grade) VALUES ("3120247", "3119599", "2020-06-15", "2");
INSERT INTO Evaluation (Researcher_ID,Project_ID,Evaluation_Date,Evaluation_Grade) VALUES ("3119541", "3119600", "2017-08-14", "1");
INSERT INTO Evaluation (Researcher_ID,Project_ID,Evaluation_Date,Evaluation_Grade) VALUES ("3119468", "3119601", "2019-01-24", "6");
INSERT INTO Evaluation (Researcher_ID,Project_ID,Evaluation_Date,Evaluation_Grade) VALUES ("3119328", "3119602", "2020-06-22", "5");
INSERT INTO Evaluation (Researcher_ID,Project_ID,Evaluation_Date,Evaluation_Grade) VALUES ("3120442", "3119603", "2020-09-19", "7");
INSERT INTO Evaluation (Researcher_ID,Project_ID,Evaluation_Date,Evaluation_Grade) VALUES ("3119519", "3119604", "2020-02-05", "8");
INSERT INTO Evaluation (Researcher_ID,Project_ID,Evaluation_Date,Evaluation_Grade) VALUES ("3120410", "3119605", "2020-03-24", "3");
INSERT INTO Evaluation (Researcher_ID,Project_ID,Evaluation_Date,Evaluation_Grade) VALUES ("3119865", "3119606", "2017-10-19", "8");
INSERT INTO Evaluation (Researcher_ID,Project_ID,Evaluation_Date,Evaluation_Grade) VALUES ("3120496", "3119607", "2020-05-23", "7");
INSERT INTO Evaluation (Researcher_ID,Project_ID,Evaluation_Date,Evaluation_Grade) VALUES ("3119758", "3119608", "2019-06-16", "10");
INSERT INTO Evaluation (Researcher_ID,Project_ID,Evaluation_Date,Evaluation_Grade) VALUES ("3119002", "3119609", "2019-02-13", "5");
INSERT INTO Evaluation (Researcher_ID,Project_ID,Evaluation_Date,Evaluation_Grade) VALUES ("3119986", "3119610", "2021-03-30", "5");
INSERT INTO Evaluation (Researcher_ID,Project_ID,Evaluation_Date,Evaluation_Grade) VALUES ("3119578", "3119611", "2019-07-13", "6");
INSERT INTO Evaluation (Researcher_ID,Project_ID,Evaluation_Date,Evaluation_Grade) VALUES ("3119533", "3119612", "2019-08-01", "4");
INSERT INTO Evaluation (Researcher_ID,Project_ID,Evaluation_Date,Evaluation_Grade) VALUES ("3120348", "3119613", "2020-06-30", "2");
INSERT INTO Evaluation (Researcher_ID,Project_ID,Evaluation_Date,Evaluation_Grade) VALUES ("3119290", "3119614", "2019-11-08", "9");
INSERT INTO Evaluation (Researcher_ID,Project_ID,Evaluation_Date,Evaluation_Grade) VALUES ("3119360", "3119615", "2020-02-11", "6");
INSERT INTO Evaluation (Researcher_ID,Project_ID,Evaluation_Date,Evaluation_Grade) VALUES ("3120309", "3119616", "2020-11-05", "3");
INSERT INTO Evaluation (Researcher_ID,Project_ID,Evaluation_Date,Evaluation_Grade) VALUES ("3119617", "3119617", "2020-11-28", "7");
INSERT INTO Evaluation (Researcher_ID,Project_ID,Evaluation_Date,Evaluation_Grade) VALUES ("3119879", "3119618", "2019-07-25", "8");
INSERT INTO Evaluation (Researcher_ID,Project_ID,Evaluation_Date,Evaluation_Grade) VALUES ("3119932", "3119619", "2018-10-08", "6");
INSERT INTO Evaluation (Researcher_ID,Project_ID,Evaluation_Date,Evaluation_Grade) VALUES ("3119319", "3119620", "2019-04-01", "7");
INSERT INTO Evaluation (Researcher_ID,Project_ID,Evaluation_Date,Evaluation_Grade) VALUES ("3120570", "3119621", "2021-01-20", "10");
INSERT INTO Evaluation (Researcher_ID,Project_ID,Evaluation_Date,Evaluation_Grade) VALUES ("3119002", "3119622", "2021-07-30", "2");
INSERT INTO Evaluation (Researcher_ID,Project_ID,Evaluation_Date,Evaluation_Grade) VALUES ("3119013", "3119623", "2019-11-12", "10");
INSERT INTO Evaluation (Researcher_ID,Project_ID,Evaluation_Date,Evaluation_Grade) VALUES ("3119366", "3119624", "2018-07-17", "7");
INSERT INTO Evaluation (Researcher_ID,Project_ID,Evaluation_Date,Evaluation_Grade) VALUES ("3119653", "3119625", "2018-07-10", "1");
INSERT INTO Evaluation (Researcher_ID,Project_ID,Evaluation_Date,Evaluation_Grade) VALUES ("3120132", "3119626", "2019-09-24", "3");
INSERT INTO Evaluation (Researcher_ID,Project_ID,Evaluation_Date,Evaluation_Grade) VALUES ("3120303", "3119627", "2019-11-25", "4");
INSERT INTO Evaluation (Researcher_ID,Project_ID,Evaluation_Date,Evaluation_Grade) VALUES ("3119635", "3119628", "2019-07-16", "10");
INSERT INTO Evaluation (Researcher_ID,Project_ID,Evaluation_Date,Evaluation_Grade) VALUES ("3119885", "3119629", "2019-03-02", "2");
INSERT INTO Evaluation (Researcher_ID,Project_ID,Evaluation_Date,Evaluation_Grade) VALUES ("3119000", "3119630", "2019-07-18", "5");
INSERT INTO Evaluation (Researcher_ID,Project_ID,Evaluation_Date,Evaluation_Grade) VALUES ("3119850", "3119631", "2020-12-22", "9");
INSERT INTO Evaluation (Researcher_ID,Project_ID,Evaluation_Date,Evaluation_Grade) VALUES ("3119709", "3119632", "2019-03-07", "2");
INSERT INTO Evaluation (Researcher_ID,Project_ID,Evaluation_Date,Evaluation_Grade) VALUES ("3119607", "3119633", "2021-03-06", "5");
INSERT INTO Evaluation (Researcher_ID,Project_ID,Evaluation_Date,Evaluation_Grade) VALUES ("3120279", "3119634", "2018-01-22", "5");
INSERT INTO Evaluation (Researcher_ID,Project_ID,Evaluation_Date,Evaluation_Grade) VALUES ("3119681", "3119635", "2020-05-18", "10");
INSERT INTO Evaluation (Researcher_ID,Project_ID,Evaluation_Date,Evaluation_Grade) VALUES ("3120348", "3119636", "2021-04-20", "9");
INSERT INTO Evaluation (Researcher_ID,Project_ID,Evaluation_Date,Evaluation_Grade) VALUES ("3120436", "3119637", "2020-03-11", "10");
INSERT INTO Evaluation (Researcher_ID,Project_ID,Evaluation_Date,Evaluation_Grade) VALUES ("3119654", "3119638", "2017-05-25", "7");
INSERT INTO Evaluation (Researcher_ID,Project_ID,Evaluation_Date,Evaluation_Grade) VALUES ("3119701", "3119639", "2019-08-06", "1");
INSERT INTO Evaluation (Researcher_ID,Project_ID,Evaluation_Date,Evaluation_Grade) VALUES ("3119515", "3119640", "2019-08-16", "10");
INSERT INTO Evaluation (Researcher_ID,Project_ID,Evaluation_Date,Evaluation_Grade) VALUES ("3120427", "3119641", "2020-12-25", "10");
INSERT INTO Evaluation (Researcher_ID,Project_ID,Evaluation_Date,Evaluation_Grade) VALUES ("3120449", "3119642", "2018-07-06", "9");
INSERT INTO Evaluation (Researcher_ID,Project_ID,Evaluation_Date,Evaluation_Grade) VALUES ("3120135", "3119643", "2020-11-09", "9");
INSERT INTO Evaluation (Researcher_ID,Project_ID,Evaluation_Date,Evaluation_Grade) VALUES ("3119498", "3119644", "2019-06-29", "2");
INSERT INTO Evaluation (Researcher_ID,Project_ID,Evaluation_Date,Evaluation_Grade) VALUES ("3119294", "3119645", "2020-01-23", "4");
INSERT INTO Evaluation (Researcher_ID,Project_ID,Evaluation_Date,Evaluation_Grade) VALUES ("3119487", "3119646", "2017-08-20", "1");
INSERT INTO Evaluation (Researcher_ID,Project_ID,Evaluation_Date,Evaluation_Grade) VALUES ("3119712", "3119647", "2017-12-02", "10");
INSERT INTO Evaluation (Researcher_ID,Project_ID,Evaluation_Date,Evaluation_Grade) VALUES ("3120569", "3119648", "2018-07-19", "9");
INSERT INTO Evaluation (Researcher_ID,Project_ID,Evaluation_Date,Evaluation_Grade) VALUES ("3120561", "3119649", "2019-09-23", "10");
INSERT INTO Evaluation (Researcher_ID,Project_ID,Evaluation_Date,Evaluation_Grade) VALUES ("3119034", "3119650", "2019-04-21", "2");
INSERT INTO Evaluation (Researcher_ID,Project_ID,Evaluation_Date,Evaluation_Grade) VALUES ("3119180", "3119651", "2018-08-16", "4");
INSERT INTO Evaluation (Researcher_ID,Project_ID,Evaluation_Date,Evaluation_Grade) VALUES ("3120307", "3119652", "2019-05-25", "3");
INSERT INTO Evaluation (Researcher_ID,Project_ID,Evaluation_Date,Evaluation_Grade) VALUES ("3119392", "3119653", "2020-11-17", "8");
INSERT INTO Evaluation (Researcher_ID,Project_ID,Evaluation_Date,Evaluation_Grade) VALUES ("3119787", "3119654", "2018-03-26", "9");
INSERT INTO Evaluation (Researcher_ID,Project_ID,Evaluation_Date,Evaluation_Grade) VALUES ("3120288", "3119655", "2019-11-11", "6");
INSERT INTO Evaluation (Researcher_ID,Project_ID,Evaluation_Date,Evaluation_Grade) VALUES ("3119125", "3119656", "2018-11-06", "8");
INSERT INTO Evaluation (Researcher_ID,Project_ID,Evaluation_Date,Evaluation_Grade) VALUES ("3119885", "3119657", "2019-01-04", "4");
INSERT INTO Evaluation (Researcher_ID,Project_ID,Evaluation_Date,Evaluation_Grade) VALUES ("3119221", "3119658", "2019-06-20", "4");
INSERT INTO Evaluation (Researcher_ID,Project_ID,Evaluation_Date,Evaluation_Grade) VALUES ("3119688", "3119659", "2019-03-29", "6");
INSERT INTO Evaluation (Researcher_ID,Project_ID,Evaluation_Date,Evaluation_Grade) VALUES ("3120466", "3119660", "2017-10-09", "7");
INSERT INTO Evaluation (Researcher_ID,Project_ID,Evaluation_Date,Evaluation_Grade) VALUES ("3119834", "3119661", "2021-07-01", "4");
INSERT INTO Evaluation (Researcher_ID,Project_ID,Evaluation_Date,Evaluation_Grade) VALUES ("3119177", "3119662", "2017-11-07", "5");
INSERT INTO Evaluation (Researcher_ID,Project_ID,Evaluation_Date,Evaluation_Grade) VALUES ("3119078", "3119663", "2021-02-18", "3");
INSERT INTO Evaluation (Researcher_ID,Project_ID,Evaluation_Date,Evaluation_Grade) VALUES ("3119847", "3119664", "2018-12-08", "8");
INSERT INTO Evaluation (Researcher_ID,Project_ID,Evaluation_Date,Evaluation_Grade) VALUES ("3120472", "3119665", "2018-03-24", "2");
INSERT INTO Evaluation (Researcher_ID,Project_ID,Evaluation_Date,Evaluation_Grade) VALUES ("3119998", "3119666", "2019-02-12", "3");
INSERT INTO Evaluation (Researcher_ID,Project_ID,Evaluation_Date,Evaluation_Grade) VALUES ("3119938", "3119667", "2021-04-08", "3");
INSERT INTO Evaluation (Researcher_ID,Project_ID,Evaluation_Date,Evaluation_Grade) VALUES ("3119787", "3119668", "2018-07-07", "3");
INSERT INTO Evaluation (Researcher_ID,Project_ID,Evaluation_Date,Evaluation_Grade) VALUES ("3120036", "3119669", "2021-06-16", "9");
INSERT INTO Evaluation (Researcher_ID,Project_ID,Evaluation_Date,Evaluation_Grade) VALUES ("3120369", "3119670", "2020-08-08", "8");
INSERT INTO Evaluation (Researcher_ID,Project_ID,Evaluation_Date,Evaluation_Grade) VALUES ("3119878", "3119671", "2018-08-05", "6");
INSERT INTO Evaluation (Researcher_ID,Project_ID,Evaluation_Date,Evaluation_Grade) VALUES ("3119301", "3119673", "2020-03-29", "5");
INSERT INTO Evaluation (Researcher_ID,Project_ID,Evaluation_Date,Evaluation_Grade) VALUES ("3119080", "3119674", "2020-08-18", "1");
INSERT INTO Evaluation (Researcher_ID,Project_ID,Evaluation_Date,Evaluation_Grade) VALUES ("3119484", "3119675", "2018-01-27", "3");
INSERT INTO Evaluation (Researcher_ID,Project_ID,Evaluation_Date,Evaluation_Grade) VALUES ("3120083", "3119676", "2019-05-03", "6");
INSERT INTO Evaluation (Researcher_ID,Project_ID,Evaluation_Date,Evaluation_Grade) VALUES ("3119632", "3119677", "2019-05-24", "10");
INSERT INTO Evaluation (Researcher_ID,Project_ID,Evaluation_Date,Evaluation_Grade) VALUES ("3119766", "3119678", "2019-10-31", "3");
INSERT INTO Evaluation (Researcher_ID,Project_ID,Evaluation_Date,Evaluation_Grade) VALUES ("3120382", "3119679", "2019-07-19", "10");
INSERT INTO Evaluation (Researcher_ID,Project_ID,Evaluation_Date,Evaluation_Grade) VALUES ("3119181", "3119680", "2019-04-08", "4");
INSERT INTO Evaluation (Researcher_ID,Project_ID,Evaluation_Date,Evaluation_Grade) VALUES ("3119403", "3119681", "2020-01-10", "3");
INSERT INTO Evaluation (Researcher_ID,Project_ID,Evaluation_Date,Evaluation_Grade) VALUES ("3119786", "3119682", "2021-09-26", "10");
INSERT INTO Evaluation (Researcher_ID,Project_ID,Evaluation_Date,Evaluation_Grade) VALUES ("3119820", "3119683", "2020-04-25", "6");
INSERT INTO Evaluation (Researcher_ID,Project_ID,Evaluation_Date,Evaluation_Grade) VALUES ("3120503", "3119684", "2018-05-24", "1");
INSERT INTO Evaluation (Researcher_ID,Project_ID,Evaluation_Date,Evaluation_Grade) VALUES ("3119834", "3119685", "2020-05-31", "5");
INSERT INTO Evaluation (Researcher_ID,Project_ID,Evaluation_Date,Evaluation_Grade) VALUES ("3120257", "3119686", "2021-03-30", "1");
INSERT INTO Evaluation (Researcher_ID,Project_ID,Evaluation_Date,Evaluation_Grade) VALUES ("3120413", "3119687", "2018-10-29", "4");
INSERT INTO Evaluation (Researcher_ID,Project_ID,Evaluation_Date,Evaluation_Grade) VALUES ("3119463", "3119688", "2019-06-02", "4");
INSERT INTO Evaluation (Researcher_ID,Project_ID,Evaluation_Date,Evaluation_Grade) VALUES ("3119006", "3119689", "2020-08-06", "5");
INSERT INTO Evaluation (Researcher_ID,Project_ID,Evaluation_Date,Evaluation_Grade) VALUES ("3120380", "3119690", "2020-05-01", "2");
INSERT INTO Evaluation (Researcher_ID,Project_ID,Evaluation_Date,Evaluation_Grade) VALUES ("3120593", "3119691", "2019-04-15", "1");
INSERT INTO Evaluation (Researcher_ID,Project_ID,Evaluation_Date,Evaluation_Grade) VALUES ("3119256", "3119692", "2020-05-16", "6");
INSERT INTO Evaluation (Researcher_ID,Project_ID,Evaluation_Date,Evaluation_Grade) VALUES ("3120234", "3119693", "2019-10-06", "7");
INSERT INTO Evaluation (Researcher_ID,Project_ID,Evaluation_Date,Evaluation_Grade) VALUES ("3120526", "3119694", "2019-06-23", "10");
INSERT INTO Evaluation (Researcher_ID,Project_ID,Evaluation_Date,Evaluation_Grade) VALUES ("3120317", "3119695", "2020-09-20", "9");
INSERT INTO Evaluation (Researcher_ID,Project_ID,Evaluation_Date,Evaluation_Grade) VALUES ("3119065", "3119696", "2019-09-11", "10");
INSERT INTO Evaluation (Researcher_ID,Project_ID,Evaluation_Date,Evaluation_Grade) VALUES ("3119774", "3119698", "2019-06-01", "10");
INSERT INTO Evaluation (Researcher_ID,Project_ID,Evaluation_Date,Evaluation_Grade) VALUES ("3119055", "3119699", "2019-03-28", "8");
INSERT INTO Evaluation (Researcher_ID,Project_ID,Evaluation_Date,Evaluation_Grade) VALUES ("3119963", "3119700", "2019-03-16", "4");
INSERT INTO Evaluation (Researcher_ID,Project_ID,Evaluation_Date,Evaluation_Grade) VALUES ("3119711", "3119701", "2019-02-28", "10");
INSERT INTO Evaluation (Researcher_ID,Project_ID,Evaluation_Date,Evaluation_Grade) VALUES ("3119017", "3119702", "2021-03-25", "9");
INSERT INTO Evaluation (Researcher_ID,Project_ID,Evaluation_Date,Evaluation_Grade) VALUES ("3119279", "3119703", "2019-09-07", "2");
INSERT INTO Evaluation (Researcher_ID,Project_ID,Evaluation_Date,Evaluation_Grade) VALUES ("3119342", "3119704", "2019-03-16", "9");
INSERT INTO Evaluation (Researcher_ID,Project_ID,Evaluation_Date,Evaluation_Grade) VALUES ("3119457", "3119705", "2017-11-25", "9");
INSERT INTO Evaluation (Researcher_ID,Project_ID,Evaluation_Date,Evaluation_Grade) VALUES ("3119005", "3119706", "2020-04-26", "10");
INSERT INTO Evaluation (Researcher_ID,Project_ID,Evaluation_Date,Evaluation_Grade) VALUES ("3119486", "3119707", "2021-01-15", "5");
INSERT INTO Evaluation (Researcher_ID,Project_ID,Evaluation_Date,Evaluation_Grade) VALUES ("3119073", "3119708", "2019-06-13", "7");
INSERT INTO Evaluation (Researcher_ID,Project_ID,Evaluation_Date,Evaluation_Grade) VALUES ("3120562", "3119709", "2020-09-20", "6");
INSERT INTO Evaluation (Researcher_ID,Project_ID,Evaluation_Date,Evaluation_Grade) VALUES ("3119758", "3119710", "2021-09-03", "4");
INSERT INTO Evaluation (Researcher_ID,Project_ID,Evaluation_Date,Evaluation_Grade) VALUES ("3120449", "3119711", "2019-03-06", "4");
INSERT INTO Evaluation (Researcher_ID,Project_ID,Evaluation_Date,Evaluation_Grade) VALUES ("3119278", "3119712", "2018-07-13", "7");
INSERT INTO Evaluation (Researcher_ID,Project_ID,Evaluation_Date,Evaluation_Grade) VALUES ("3119933", "3119713", "2020-04-17", "6");
INSERT INTO Evaluation (Researcher_ID,Project_ID,Evaluation_Date,Evaluation_Grade) VALUES ("3120126", "3119714", "2022-01-06", "8");
INSERT INTO Evaluation (Researcher_ID,Project_ID,Evaluation_Date,Evaluation_Grade) VALUES ("3119483", "3119715", "2018-11-16", "9");
INSERT INTO Evaluation (Researcher_ID,Project_ID,Evaluation_Date,Evaluation_Grade) VALUES ("3119744", "3119716", "2017-08-25", "5");
INSERT INTO Evaluation (Researcher_ID,Project_ID,Evaluation_Date,Evaluation_Grade) VALUES ("3119090", "3119717", "2019-07-18", "10");
INSERT INTO Evaluation (Researcher_ID,Project_ID,Evaluation_Date,Evaluation_Grade) VALUES ("3119868", "3119719", "2020-07-02", "8");
INSERT INTO Evaluation (Researcher_ID,Project_ID,Evaluation_Date,Evaluation_Grade) VALUES ("3119557", "3119720", "2020-03-05", "10");
INSERT INTO Evaluation (Researcher_ID,Project_ID,Evaluation_Date,Evaluation_Grade) VALUES ("3119859", "3119721", "2020-12-07", "6");
INSERT INTO Evaluation (Researcher_ID,Project_ID,Evaluation_Date,Evaluation_Grade) VALUES ("3119554", "3119722", "2020-05-14", "1");
INSERT INTO Evaluation (Researcher_ID,Project_ID,Evaluation_Date,Evaluation_Grade) VALUES ("3120000", "3119723", "2018-04-13", "4");
INSERT INTO Evaluation (Researcher_ID,Project_ID,Evaluation_Date,Evaluation_Grade) VALUES ("3120130", "3119724", "2017-12-22", "8");
INSERT INTO Evaluation (Researcher_ID,Project_ID,Evaluation_Date,Evaluation_Grade) VALUES ("3119543", "3119725", "2017-10-18", "4");
INSERT INTO Evaluation (Researcher_ID,Project_ID,Evaluation_Date,Evaluation_Grade) VALUES ("3119331", "3119726", "2021-05-04", "2");
INSERT INTO Evaluation (Researcher_ID,Project_ID,Evaluation_Date,Evaluation_Grade) VALUES ("3119295", "3119727", "2021-03-09", "1");
INSERT INTO Evaluation (Researcher_ID,Project_ID,Evaluation_Date,Evaluation_Grade) VALUES ("3119465", "3119728", "2021-01-19", "8");
INSERT INTO Evaluation (Researcher_ID,Project_ID,Evaluation_Date,Evaluation_Grade) VALUES ("3120265", "3119729", "2018-08-23", "9");
INSERT INTO Evaluation (Researcher_ID,Project_ID,Evaluation_Date,Evaluation_Grade) VALUES ("3119631", "3119730", "2018-07-31", "5");
INSERT INTO Evaluation (Researcher_ID,Project_ID,Evaluation_Date,Evaluation_Grade) VALUES ("3120013", "3119731", "2019-05-28", "6");
INSERT INTO Evaluation (Researcher_ID,Project_ID,Evaluation_Date,Evaluation_Grade) VALUES ("3120378", "3119732", "2020-08-06", "4");
INSERT INTO Evaluation (Researcher_ID,Project_ID,Evaluation_Date,Evaluation_Grade) VALUES ("3119607", "3119733", "2019-10-22", "1");
INSERT INTO Evaluation (Researcher_ID,Project_ID,Evaluation_Date,Evaluation_Grade) VALUES ("3119949", "3119734", "2018-05-01", "1");
INSERT INTO Evaluation (Researcher_ID,Project_ID,Evaluation_Date,Evaluation_Grade) VALUES ("3120153", "3119735", "2019-02-14", "9");
INSERT INTO Evaluation (Researcher_ID,Project_ID,Evaluation_Date,Evaluation_Grade) VALUES ("3119440", "3119736", "2021-01-12", "7");
INSERT INTO Evaluation (Researcher_ID,Project_ID,Evaluation_Date,Evaluation_Grade) VALUES ("3119852", "3119737", "2021-05-08", "6");
INSERT INTO Evaluation (Researcher_ID,Project_ID,Evaluation_Date,Evaluation_Grade) VALUES ("3119623", "3119738", "2019-12-27", "7");
INSERT INTO Evaluation (Researcher_ID,Project_ID,Evaluation_Date,Evaluation_Grade) VALUES ("3119488", "3119739", "2020-12-01", "10");
INSERT INTO Evaluation (Researcher_ID,Project_ID,Evaluation_Date,Evaluation_Grade) VALUES ("3120079", "3119740", "2019-12-30", "2");
INSERT INTO Evaluation (Researcher_ID,Project_ID,Evaluation_Date,Evaluation_Grade) VALUES ("3120188", "3119741", "2021-03-24", "4");
INSERT INTO Evaluation (Researcher_ID,Project_ID,Evaluation_Date,Evaluation_Grade) VALUES ("3119229", "3119742", "2021-07-09", "1");
INSERT INTO Evaluation (Researcher_ID,Project_ID,Evaluation_Date,Evaluation_Grade) VALUES ("3119922", "3119743", "2020-01-15", "9");
INSERT INTO Evaluation (Researcher_ID,Project_ID,Evaluation_Date,Evaluation_Grade) VALUES ("3119810", "3119744", "2019-07-31", "3");
INSERT INTO Evaluation (Researcher_ID,Project_ID,Evaluation_Date,Evaluation_Grade) VALUES ("3120522", "3119745", "2019-09-23", "2");
INSERT INTO Evaluation (Researcher_ID,Project_ID,Evaluation_Date,Evaluation_Grade) VALUES ("3120352", "3119746", "2019-07-27", "7");
INSERT INTO Evaluation (Researcher_ID,Project_ID,Evaluation_Date,Evaluation_Grade) VALUES ("3120502", "3119747", "2018-04-03", "3");
INSERT INTO Evaluation (Researcher_ID,Project_ID,Evaluation_Date,Evaluation_Grade) VALUES ("3119071", "3119748", "2020-08-05", "8");
INSERT INTO Evaluation (Researcher_ID,Project_ID,Evaluation_Date,Evaluation_Grade) VALUES ("3119714", "3119749", "2020-07-06", "8");
INSERT INTO Evaluation (Researcher_ID,Project_ID,Evaluation_Date,Evaluation_Grade) VALUES ("3119267", "3119750", "2018-11-29", "3");
INSERT INTO Evaluation (Researcher_ID,Project_ID,Evaluation_Date,Evaluation_Grade) VALUES ("3119931", "3119751", "2017-02-10", "6");
INSERT INTO Evaluation (Researcher_ID,Project_ID,Evaluation_Date,Evaluation_Grade) VALUES ("3120584", "3119752", "2020-03-26", "10");
INSERT INTO Evaluation (Researcher_ID,Project_ID,Evaluation_Date,Evaluation_Grade) VALUES ("3120010", "3119753", "2020-01-07", "3");
INSERT INTO Evaluation (Researcher_ID,Project_ID,Evaluation_Date,Evaluation_Grade) VALUES ("3119489", "3119754", "2020-01-01", "1");
INSERT INTO Evaluation (Researcher_ID,Project_ID,Evaluation_Date,Evaluation_Grade) VALUES ("3119512", "3119755", "2021-10-12", "8");
INSERT INTO Evaluation (Researcher_ID,Project_ID,Evaluation_Date,Evaluation_Grade) VALUES ("3119739", "3119756", "2020-12-11", "3");
INSERT INTO Evaluation (Researcher_ID,Project_ID,Evaluation_Date,Evaluation_Grade) VALUES ("3119412", "3119757", "2021-08-01", "3");
INSERT INTO Evaluation (Researcher_ID,Project_ID,Evaluation_Date,Evaluation_Grade) VALUES ("3119199", "3119758", "2020-10-15", "8");
INSERT INTO Evaluation (Researcher_ID,Project_ID,Evaluation_Date,Evaluation_Grade) VALUES ("3120066", "3119759", "2018-08-31", "7");
INSERT INTO Evaluation (Researcher_ID,Project_ID,Evaluation_Date,Evaluation_Grade) VALUES ("3119589", "3119760", "2019-07-21", "7");
INSERT INTO Evaluation (Researcher_ID,Project_ID,Evaluation_Date,Evaluation_Grade) VALUES ("3119062", "3119761", "2021-05-14", "6");
INSERT INTO Evaluation (Researcher_ID,Project_ID,Evaluation_Date,Evaluation_Grade) VALUES ("3119419", "3119762", "2019-03-19", "3");
INSERT INTO Evaluation (Researcher_ID,Project_ID,Evaluation_Date,Evaluation_Grade) VALUES ("3120092", "3119763", "2019-11-12", "10");
INSERT INTO Evaluation (Researcher_ID,Project_ID,Evaluation_Date,Evaluation_Grade) VALUES ("3120433", "3119764", "2017-09-17", "8");
INSERT INTO Evaluation (Researcher_ID,Project_ID,Evaluation_Date,Evaluation_Grade) VALUES ("3120355", "3119765", "2020-05-17", "10");
INSERT INTO Evaluation (Researcher_ID,Project_ID,Evaluation_Date,Evaluation_Grade) VALUES ("3120552", "3119766", "2018-05-25", "7");
INSERT INTO Evaluation (Researcher_ID,Project_ID,Evaluation_Date,Evaluation_Grade) VALUES ("3119602", "3119767", "2019-08-29", "5");
INSERT INTO Evaluation (Researcher_ID,Project_ID,Evaluation_Date,Evaluation_Grade) VALUES ("3119802", "3119768", "2017-02-23", "10");
INSERT INTO Evaluation (Researcher_ID,Project_ID,Evaluation_Date,Evaluation_Grade) VALUES ("3119882", "3119769", "2018-07-11", "6");
INSERT INTO Evaluation (Researcher_ID,Project_ID,Evaluation_Date,Evaluation_Grade) VALUES ("3119973", "3119770", "2019-07-30", "9");
INSERT INTO Evaluation (Researcher_ID,Project_ID,Evaluation_Date,Evaluation_Grade) VALUES ("3119876", "3119771", "2018-01-13", "8");
INSERT INTO Evaluation (Researcher_ID,Project_ID,Evaluation_Date,Evaluation_Grade) VALUES ("3119788", "3119772", "2019-06-08", "8");
INSERT INTO Evaluation (Researcher_ID,Project_ID,Evaluation_Date,Evaluation_Grade) VALUES ("3119615", "3119773", "2018-12-10", "7");
INSERT INTO Evaluation (Researcher_ID,Project_ID,Evaluation_Date,Evaluation_Grade) VALUES ("3119301", "3119774", "2021-05-17", "9");
INSERT INTO Evaluation (Researcher_ID,Project_ID,Evaluation_Date,Evaluation_Grade) VALUES ("3120020", "3119775", "2020-03-22", "4");
INSERT INTO Evaluation (Researcher_ID,Project_ID,Evaluation_Date,Evaluation_Grade) VALUES ("3119674", "3119777", "2017-06-23", "2");
INSERT INTO Evaluation (Researcher_ID,Project_ID,Evaluation_Date,Evaluation_Grade) VALUES ("3120552", "3119778", "2019-02-10", "6");
INSERT INTO Evaluation (Researcher_ID,Project_ID,Evaluation_Date,Evaluation_Grade) VALUES ("3119155", "3119779", "2020-05-19", "6");
INSERT INTO Evaluation (Researcher_ID,Project_ID,Evaluation_Date,Evaluation_Grade) VALUES ("3120004", "3119780", "2021-01-14", "10");
INSERT INTO Evaluation (Researcher_ID,Project_ID,Evaluation_Date,Evaluation_Grade) VALUES ("3119102", "3119781", "2019-10-30", "8");
INSERT INTO Evaluation (Researcher_ID,Project_ID,Evaluation_Date,Evaluation_Grade) VALUES ("3119960", "3119782", "2020-07-13", "10");
INSERT INTO Evaluation (Researcher_ID,Project_ID,Evaluation_Date,Evaluation_Grade) VALUES ("3120023", "3119783", "2020-06-30", "7");
INSERT INTO Evaluation (Researcher_ID,Project_ID,Evaluation_Date,Evaluation_Grade) VALUES ("3120294", "3119784", "2017-11-15", "5");
INSERT INTO Evaluation (Researcher_ID,Project_ID,Evaluation_Date,Evaluation_Grade) VALUES ("3119813", "3119785", "2021-08-03", "5");
INSERT INTO Evaluation (Researcher_ID,Project_ID,Evaluation_Date,Evaluation_Grade) VALUES ("3120169", "3119786", "2020-01-20", "8");
INSERT INTO Evaluation (Researcher_ID,Project_ID,Evaluation_Date,Evaluation_Grade) VALUES ("3120035", "3119787", "2019-11-02", "4");
INSERT INTO Evaluation (Researcher_ID,Project_ID,Evaluation_Date,Evaluation_Grade) VALUES ("3119973", "3119788", "2017-12-19", "5");
INSERT INTO Evaluation (Researcher_ID,Project_ID,Evaluation_Date,Evaluation_Grade) VALUES ("3120374", "3119789", "2019-11-14", "8");
INSERT INTO Evaluation (Researcher_ID,Project_ID,Evaluation_Date,Evaluation_Grade) VALUES ("3120041", "3119790", "2018-11-18", "7");
INSERT INTO Evaluation (Researcher_ID,Project_ID,Evaluation_Date,Evaluation_Grade) VALUES ("3119196", "3119791", "2019-06-18", "2");
INSERT INTO Evaluation (Researcher_ID,Project_ID,Evaluation_Date,Evaluation_Grade) VALUES ("3119297", "3119792", "2021-03-19", "9");
INSERT INTO Evaluation (Researcher_ID,Project_ID,Evaluation_Date,Evaluation_Grade) VALUES ("3119938", "3119793", "2018-06-10", "2");
INSERT INTO Evaluation (Researcher_ID,Project_ID,Evaluation_Date,Evaluation_Grade) VALUES ("3119226", "3119794", "2019-12-26", "10");
INSERT INTO Evaluation (Researcher_ID,Project_ID,Evaluation_Date,Evaluation_Grade) VALUES ("3119662", "3119795", "2020-08-03", "8");
INSERT INTO Evaluation (Researcher_ID,Project_ID,Evaluation_Date,Evaluation_Grade) VALUES ("3120529", "3119797", "2020-06-26", "10");
INSERT INTO Evaluation (Researcher_ID,Project_ID,Evaluation_Date,Evaluation_Grade) VALUES ("3120468", "3119798", "2018-01-01", "2");
INSERT INTO Evaluation (Researcher_ID,Project_ID,Evaluation_Date,Evaluation_Grade) VALUES ("3119006", "3119799", "2018-06-14", "2");
INSERT INTO Evaluation (Researcher_ID,Project_ID,Evaluation_Date,Evaluation_Grade) VALUES ("3120563", "3119800", "2020-08-16", "8");
INSERT INTO Evaluation (Researcher_ID,Project_ID,Evaluation_Date,Evaluation_Grade) VALUES ("3120109", "3119801", "2020-02-15", "5");
INSERT INTO Evaluation (Researcher_ID,Project_ID,Evaluation_Date,Evaluation_Grade) VALUES ("3119471", "3119802", "2020-04-26", "6");
INSERT INTO Evaluation (Researcher_ID,Project_ID,Evaluation_Date,Evaluation_Grade) VALUES ("3120074", "3119803", "2021-09-14", "5");
INSERT INTO Evaluation (Researcher_ID,Project_ID,Evaluation_Date,Evaluation_Grade) VALUES ("3119926", "3119804", "2021-08-04", "4");
INSERT INTO Evaluation (Researcher_ID,Project_ID,Evaluation_Date,Evaluation_Grade) VALUES ("3120409", "3119805", "2021-03-04", "2");
INSERT INTO Evaluation (Researcher_ID,Project_ID,Evaluation_Date,Evaluation_Grade) VALUES ("3119988", "3119806", "2018-11-01", "6");
INSERT INTO Evaluation (Researcher_ID,Project_ID,Evaluation_Date,Evaluation_Grade) VALUES ("3119165", "3119807", "2018-08-21", "2");
INSERT INTO Evaluation (Researcher_ID,Project_ID,Evaluation_Date,Evaluation_Grade) VALUES ("3120189", "3119808", "2020-11-04", "8");
INSERT INTO Evaluation (Researcher_ID,Project_ID,Evaluation_Date,Evaluation_Grade) VALUES ("3120245", "3119809", "2018-02-15", "9");
INSERT INTO Evaluation (Researcher_ID,Project_ID,Evaluation_Date,Evaluation_Grade) VALUES ("3119056", "3119810", "2019-12-12", "9");
INSERT INTO Evaluation (Researcher_ID,Project_ID,Evaluation_Date,Evaluation_Grade) VALUES ("3119100", "3119811", "2018-09-20", "2");
INSERT INTO Evaluation (Researcher_ID,Project_ID,Evaluation_Date,Evaluation_Grade) VALUES ("3120089", "3119812", "2018-01-23", "10");
INSERT INTO Evaluation (Researcher_ID,Project_ID,Evaluation_Date,Evaluation_Grade) VALUES ("3120378", "3119814", "2019-09-19", "10");
INSERT INTO Evaluation (Researcher_ID,Project_ID,Evaluation_Date,Evaluation_Grade) VALUES ("3119399", "3119815", "2018-08-02", "5");
INSERT INTO Evaluation (Researcher_ID,Project_ID,Evaluation_Date,Evaluation_Grade) VALUES ("3120213", "3119816", "2020-02-18", "4");
INSERT INTO Evaluation (Researcher_ID,Project_ID,Evaluation_Date,Evaluation_Grade) VALUES ("3119262", "3119817", "2021-02-14", "10");
INSERT INTO Evaluation (Researcher_ID,Project_ID,Evaluation_Date,Evaluation_Grade) VALUES ("3120544", "3119818", "2019-11-18", "2");
INSERT INTO Evaluation (Researcher_ID,Project_ID,Evaluation_Date,Evaluation_Grade) VALUES ("3119964", "3119819", "2020-01-04", "8");
INSERT INTO Evaluation (Researcher_ID,Project_ID,Evaluation_Date,Evaluation_Grade) VALUES ("3119365", "3119820", "2019-10-31", "2");
INSERT INTO Evaluation (Researcher_ID,Project_ID,Evaluation_Date,Evaluation_Grade) VALUES ("3119960", "3119821", "2020-04-15", "2");
INSERT INTO Evaluation (Researcher_ID,Project_ID,Evaluation_Date,Evaluation_Grade) VALUES ("3119736", "3119822", "2021-01-07", "1");
INSERT INTO Evaluation (Researcher_ID,Project_ID,Evaluation_Date,Evaluation_Grade) VALUES ("3119282", "3119823", "2020-05-29", "3");
INSERT INTO Evaluation (Researcher_ID,Project_ID,Evaluation_Date,Evaluation_Grade) VALUES ("3120392", "3119824", "2018-11-05", "2");
INSERT INTO Evaluation (Researcher_ID,Project_ID,Evaluation_Date,Evaluation_Grade) VALUES ("3119938", "3119825", "2018-07-17", "1");
INSERT INTO Evaluation (Researcher_ID,Project_ID,Evaluation_Date,Evaluation_Grade) VALUES ("3120395", "3119826", "2017-11-11", "10");
INSERT INTO Evaluation (Researcher_ID,Project_ID,Evaluation_Date,Evaluation_Grade) VALUES ("3119465", "3119827", "2020-08-09", "3");
INSERT INTO Evaluation (Researcher_ID,Project_ID,Evaluation_Date,Evaluation_Grade) VALUES ("3119186", "3119828", "2020-11-05", "10");
INSERT INTO Evaluation (Researcher_ID,Project_ID,Evaluation_Date,Evaluation_Grade) VALUES ("3120277", "3119829", "2020-11-13", "5");
INSERT INTO Evaluation (Researcher_ID,Project_ID,Evaluation_Date,Evaluation_Grade) VALUES ("3119089", "3119830", "2021-02-19", "3");
INSERT INTO Evaluation (Researcher_ID,Project_ID,Evaluation_Date,Evaluation_Grade) VALUES ("3119629", "3119831", "2021-09-09", "2");
INSERT INTO Evaluation (Researcher_ID,Project_ID,Evaluation_Date,Evaluation_Grade) VALUES ("3119324", "3119832", "2019-03-12", "8");
INSERT INTO Evaluation (Researcher_ID,Project_ID,Evaluation_Date,Evaluation_Grade) VALUES ("3120487", "3119833", "2017-10-15", "4");
INSERT INTO Evaluation (Researcher_ID,Project_ID,Evaluation_Date,Evaluation_Grade) VALUES ("3120222", "3119834", "2019-07-14", "3");
INSERT INTO Evaluation (Researcher_ID,Project_ID,Evaluation_Date,Evaluation_Grade) VALUES ("3120088", "3119835", "2021-02-11", "10");
INSERT INTO Evaluation (Researcher_ID,Project_ID,Evaluation_Date,Evaluation_Grade) VALUES ("3120451", "3119836", "2019-12-10", "5");
INSERT INTO Evaluation (Researcher_ID,Project_ID,Evaluation_Date,Evaluation_Grade) VALUES ("3119688", "3119838", "2018-03-15", "3");
INSERT INTO Evaluation (Researcher_ID,Project_ID,Evaluation_Date,Evaluation_Grade) VALUES ("3119359", "3119839", "2020-01-18", "7");
INSERT INTO Evaluation (Researcher_ID,Project_ID,Evaluation_Date,Evaluation_Grade) VALUES ("3119200", "3119840", "2019-01-10", "7");
INSERT INTO Evaluation (Researcher_ID,Project_ID,Evaluation_Date,Evaluation_Grade) VALUES ("3120369", "3119841", "2020-08-26", "8");
INSERT INTO Evaluation (Researcher_ID,Project_ID,Evaluation_Date,Evaluation_Grade) VALUES ("3120061", "3119842", "2019-05-02", "8");
INSERT INTO Evaluation (Researcher_ID,Project_ID,Evaluation_Date,Evaluation_Grade) VALUES ("3120454", "3119843", "2020-05-22", "3");
INSERT INTO Evaluation (Researcher_ID,Project_ID,Evaluation_Date,Evaluation_Grade) VALUES ("3120547", "3119844", "2019-03-27", "5");
INSERT INTO Evaluation (Researcher_ID,Project_ID,Evaluation_Date,Evaluation_Grade) VALUES ("3120259", "3119845", "2021-05-19", "8");
INSERT INTO Evaluation (Researcher_ID,Project_ID,Evaluation_Date,Evaluation_Grade) VALUES ("3119566", "3119846", "2019-06-24", "6");
INSERT INTO Evaluation (Researcher_ID,Project_ID,Evaluation_Date,Evaluation_Grade) VALUES ("3119303", "3119847", "2017-04-30", "8");
INSERT INTO Evaluation (Researcher_ID,Project_ID,Evaluation_Date,Evaluation_Grade) VALUES ("3120198", "3119848", "2019-11-03", "2");
INSERT INTO Evaluation (Researcher_ID,Project_ID,Evaluation_Date,Evaluation_Grade) VALUES ("3119089", "3119849", "2019-08-17", "2");
INSERT INTO Evaluation (Researcher_ID,Project_ID,Evaluation_Date,Evaluation_Grade) VALUES ("3120401", "3119850", "2018-10-16", "4");
INSERT INTO Evaluation (Researcher_ID,Project_ID,Evaluation_Date,Evaluation_Grade) VALUES ("3119424", "3119851", "2018-02-20", "7");
INSERT INTO Evaluation (Researcher_ID,Project_ID,Evaluation_Date,Evaluation_Grade) VALUES ("3119845", "3119852", "2019-05-07", "10");
INSERT INTO Evaluation (Researcher_ID,Project_ID,Evaluation_Date,Evaluation_Grade) VALUES ("3120023", "3119853", "2018-07-12", "3");
INSERT INTO Evaluation (Researcher_ID,Project_ID,Evaluation_Date,Evaluation_Grade) VALUES ("3119239", "3119854", "2020-06-26", "9");
INSERT INTO Evaluation (Researcher_ID,Project_ID,Evaluation_Date,Evaluation_Grade) VALUES ("3119287", "3119855", "2019-09-21", "3");
INSERT INTO Evaluation (Researcher_ID,Project_ID,Evaluation_Date,Evaluation_Grade) VALUES ("3119279", "3119856", "2019-04-14", "6");
INSERT INTO Evaluation (Researcher_ID,Project_ID,Evaluation_Date,Evaluation_Grade) VALUES ("3119791", "3119857", "2019-12-17", "5");
INSERT INTO Evaluation (Researcher_ID,Project_ID,Evaluation_Date,Evaluation_Grade) VALUES ("3120293", "3119858", "2021-01-08", "9");
INSERT INTO Evaluation (Researcher_ID,Project_ID,Evaluation_Date,Evaluation_Grade) VALUES ("3119664", "3119859", "2018-01-01", "2");
INSERT INTO Evaluation (Researcher_ID,Project_ID,Evaluation_Date,Evaluation_Grade) VALUES ("3119226", "3119860", "2019-05-18", "3");
INSERT INTO Evaluation (Researcher_ID,Project_ID,Evaluation_Date,Evaluation_Grade) VALUES ("3119194", "3119861", "2021-01-17", "3");
INSERT INTO Evaluation (Researcher_ID,Project_ID,Evaluation_Date,Evaluation_Grade) VALUES ("3119245", "3119862", "2018-12-31", "2");
INSERT INTO Evaluation (Researcher_ID,Project_ID,Evaluation_Date,Evaluation_Grade) VALUES ("3119343", "3119863", "2018-09-23", "4");
INSERT INTO Evaluation (Researcher_ID,Project_ID,Evaluation_Date,Evaluation_Grade) VALUES ("3120367", "3119865", "2020-04-30", "7");
INSERT INTO Evaluation (Researcher_ID,Project_ID,Evaluation_Date,Evaluation_Grade) VALUES ("3119513", "3119866", "2021-04-25", "5");
INSERT INTO Evaluation (Researcher_ID,Project_ID,Evaluation_Date,Evaluation_Grade) VALUES ("3120509", "3119867", "2020-01-19", "8");
INSERT INTO Evaluation (Researcher_ID,Project_ID,Evaluation_Date,Evaluation_Grade) VALUES ("3119583", "3119868", "2019-02-17", "4");
INSERT INTO Evaluation (Researcher_ID,Project_ID,Evaluation_Date,Evaluation_Grade) VALUES ("3119265", "3119869", "2020-04-24", "9");
INSERT INTO Evaluation (Researcher_ID,Project_ID,Evaluation_Date,Evaluation_Grade) VALUES ("3120097", "3119870", "2020-07-29", "1");
INSERT INTO Evaluation (Researcher_ID,Project_ID,Evaluation_Date,Evaluation_Grade) VALUES ("3119652", "3119871", "2019-02-01", "10");
INSERT INTO Evaluation (Researcher_ID,Project_ID,Evaluation_Date,Evaluation_Grade) VALUES ("3119819", "3119872", "2020-07-10", "9");
INSERT INTO Evaluation (Researcher_ID,Project_ID,Evaluation_Date,Evaluation_Grade) VALUES ("3120406", "3119873", "2020-09-14", "7");
INSERT INTO Evaluation (Researcher_ID,Project_ID,Evaluation_Date,Evaluation_Grade) VALUES ("3119639", "3119874", "2019-12-18", "10");
INSERT INTO Evaluation (Researcher_ID,Project_ID,Evaluation_Date,Evaluation_Grade) VALUES ("3119071", "3119875", "2019-01-23", "7");
INSERT INTO Evaluation (Researcher_ID,Project_ID,Evaluation_Date,Evaluation_Grade) VALUES ("3120394", "3119876", "2018-08-24", "8");
INSERT INTO Evaluation (Researcher_ID,Project_ID,Evaluation_Date,Evaluation_Grade) VALUES ("3120151", "3119877", "2018-10-15", "6");
INSERT INTO Evaluation (Researcher_ID,Project_ID,Evaluation_Date,Evaluation_Grade) VALUES ("3120246", "3119878", "2018-12-22", "7");
INSERT INTO Evaluation (Researcher_ID,Project_ID,Evaluation_Date,Evaluation_Grade) VALUES ("3120310", "3119879", "2019-07-23", "10");
INSERT INTO Evaluation (Researcher_ID,Project_ID,Evaluation_Date,Evaluation_Grade) VALUES ("3120260", "3119880", "2020-05-21", "4");
INSERT INTO Evaluation (Researcher_ID,Project_ID,Evaluation_Date,Evaluation_Grade) VALUES ("3120127", "3119881", "2018-09-28", "10");
INSERT INTO Evaluation (Researcher_ID,Project_ID,Evaluation_Date,Evaluation_Grade) VALUES ("3120279", "3119882", "2019-02-12", "8");
INSERT INTO Evaluation (Researcher_ID,Project_ID,Evaluation_Date,Evaluation_Grade) VALUES ("3119925", "3119883", "2019-11-08", "3");
INSERT INTO Evaluation (Researcher_ID,Project_ID,Evaluation_Date,Evaluation_Grade) VALUES ("3119504", "3119884", "2019-11-13", "5");
INSERT INTO Evaluation (Researcher_ID,Project_ID,Evaluation_Date,Evaluation_Grade) VALUES ("3120178", "3119885", "2021-09-09", "5");
INSERT INTO Evaluation (Researcher_ID,Project_ID,Evaluation_Date,Evaluation_Grade) VALUES ("3120552", "3119886", "2020-11-01", "1");
INSERT INTO Evaluation (Researcher_ID,Project_ID,Evaluation_Date,Evaluation_Grade) VALUES ("3119283", "3119887", "2020-03-16", "3");
INSERT INTO Evaluation (Researcher_ID,Project_ID,Evaluation_Date,Evaluation_Grade) VALUES ("3120308", "3119888", "2019-04-30", "7");
INSERT INTO Evaluation (Researcher_ID,Project_ID,Evaluation_Date,Evaluation_Grade) VALUES ("3120579", "3119889", "2019-08-27", "9");
INSERT INTO Evaluation (Researcher_ID,Project_ID,Evaluation_Date,Evaluation_Grade) VALUES ("3119892", "3119890", "2021-01-03", "7");
INSERT INTO Evaluation (Researcher_ID,Project_ID,Evaluation_Date,Evaluation_Grade) VALUES ("3119662", "3119891", "2017-08-03", "4");
INSERT INTO Evaluation (Researcher_ID,Project_ID,Evaluation_Date,Evaluation_Grade) VALUES ("3120406", "3119892", "2018-01-03", "10");
INSERT INTO Evaluation (Researcher_ID,Project_ID,Evaluation_Date,Evaluation_Grade) VALUES ("3120235", "3119893", "2021-05-15", "7");
INSERT INTO Evaluation (Researcher_ID,Project_ID,Evaluation_Date,Evaluation_Grade) VALUES ("3119130", "3119894", "2020-04-24", "2");
INSERT INTO Evaluation (Researcher_ID,Project_ID,Evaluation_Date,Evaluation_Grade) VALUES ("3119137", "3119895", "2019-01-22", "3");
INSERT INTO Evaluation (Researcher_ID,Project_ID,Evaluation_Date,Evaluation_Grade) VALUES ("3120483", "3119896", "2020-02-27", "1");
INSERT INTO Evaluation (Researcher_ID,Project_ID,Evaluation_Date,Evaluation_Grade) VALUES ("3119558", "3119897", "2021-05-29", "2");
INSERT INTO Evaluation (Researcher_ID,Project_ID,Evaluation_Date,Evaluation_Grade) VALUES ("3120033", "3119899", "2018-09-14", "7");
INSERT INTO Evaluation (Researcher_ID,Project_ID,Evaluation_Date,Evaluation_Grade) VALUES ("3119408", "3119900", "2019-06-30", "5");
INSERT INTO Evaluation (Researcher_ID,Project_ID,Evaluation_Date,Evaluation_Grade) VALUES ("3120082", "3119901", "2019-12-29", "4");
INSERT INTO Evaluation (Researcher_ID,Project_ID,Evaluation_Date,Evaluation_Grade) VALUES ("3120569", "3119902", "2018-07-01", "7");
INSERT INTO Evaluation (Researcher_ID,Project_ID,Evaluation_Date,Evaluation_Grade) VALUES ("3120044", "3119903", "2021-10-05", "1");
INSERT INTO Evaluation (Researcher_ID,Project_ID,Evaluation_Date,Evaluation_Grade) VALUES ("3119083", "3119904", "2018-08-24", "4");
INSERT INTO Evaluation (Researcher_ID,Project_ID,Evaluation_Date,Evaluation_Grade) VALUES ("3119486", "3119905", "2019-08-08", "2");
INSERT INTO Evaluation (Researcher_ID,Project_ID,Evaluation_Date,Evaluation_Grade) VALUES ("3119423", "3119906", "2018-05-20", "10");
INSERT INTO Evaluation (Researcher_ID,Project_ID,Evaluation_Date,Evaluation_Grade) VALUES ("3120151", "3119907", "2018-11-15", "4");
INSERT INTO Evaluation (Researcher_ID,Project_ID,Evaluation_Date,Evaluation_Grade) VALUES ("3119536", "3119908", "2018-11-27", "4");
INSERT INTO Evaluation (Researcher_ID,Project_ID,Evaluation_Date,Evaluation_Grade) VALUES ("3119447", "3119909", "2018-12-14", "5");
INSERT INTO Evaluation (Researcher_ID,Project_ID,Evaluation_Date,Evaluation_Grade) VALUES ("3120561", "3119910", "2020-02-17", "7");
INSERT INTO Evaluation (Researcher_ID,Project_ID,Evaluation_Date,Evaluation_Grade) VALUES ("3119678", "3119912", "2020-10-20", "9");
INSERT INTO Evaluation (Researcher_ID,Project_ID,Evaluation_Date,Evaluation_Grade) VALUES ("3119152", "3119913", "2018-04-30", "2");
INSERT INTO Evaluation (Researcher_ID,Project_ID,Evaluation_Date,Evaluation_Grade) VALUES ("3119060", "3119914", "2019-01-20", "6");
INSERT INTO Evaluation (Researcher_ID,Project_ID,Evaluation_Date,Evaluation_Grade) VALUES ("3119869", "3119915", "2018-09-25", "9");
INSERT INTO Evaluation (Researcher_ID,Project_ID,Evaluation_Date,Evaluation_Grade) VALUES ("3120006", "3119916", "2018-11-02", "8");
INSERT INTO Evaluation (Researcher_ID,Project_ID,Evaluation_Date,Evaluation_Grade) VALUES ("3120577", "3119917", "2019-02-04", "2");
INSERT INTO Evaluation (Researcher_ID,Project_ID,Evaluation_Date,Evaluation_Grade) VALUES ("3119318", "3119918", "2019-03-28", "6");
INSERT INTO Evaluation (Researcher_ID,Project_ID,Evaluation_Date,Evaluation_Grade) VALUES ("3119915", "3119919", "2018-02-27", "6");
INSERT INTO Evaluation (Researcher_ID,Project_ID,Evaluation_Date,Evaluation_Grade) VALUES ("3120254", "3119920", "2018-08-24", "8");
INSERT INTO Evaluation (Researcher_ID,Project_ID,Evaluation_Date,Evaluation_Grade) VALUES ("3119111", "3119921", "2020-01-14", "8");
INSERT INTO Evaluation (Researcher_ID,Project_ID,Evaluation_Date,Evaluation_Grade) VALUES ("3119707", "3119922", "2019-07-15", "8");
INSERT INTO Evaluation (Researcher_ID,Project_ID,Evaluation_Date,Evaluation_Grade) VALUES ("3119121", "3119923", "2021-10-21", "9");
INSERT INTO Evaluation (Researcher_ID,Project_ID,Evaluation_Date,Evaluation_Grade) VALUES ("3119243", "3119924", "2020-11-26", "5");
INSERT INTO Evaluation (Researcher_ID,Project_ID,Evaluation_Date,Evaluation_Grade) VALUES ("3119395", "3119925", "2018-10-17", "5");
INSERT INTO Evaluation (Researcher_ID,Project_ID,Evaluation_Date,Evaluation_Grade) VALUES ("3120415", "3119926", "2019-07-21", "5");
INSERT INTO Evaluation (Researcher_ID,Project_ID,Evaluation_Date,Evaluation_Grade) VALUES ("3120053", "3119927", "2022-01-26", "8");
INSERT INTO Evaluation (Researcher_ID,Project_ID,Evaluation_Date,Evaluation_Grade) VALUES ("3119516", "3119928", "2021-05-29", "3");
INSERT INTO Evaluation (Researcher_ID,Project_ID,Evaluation_Date,Evaluation_Grade) VALUES ("3119792", "3119929", "2019-08-02", "9");
INSERT INTO Evaluation (Researcher_ID,Project_ID,Evaluation_Date,Evaluation_Grade) VALUES ("3119167", "3119930", "2021-08-30", "9");
INSERT INTO Evaluation (Researcher_ID,Project_ID,Evaluation_Date,Evaluation_Grade) VALUES ("3119076", "3119931", "2017-01-27", "4");
INSERT INTO Evaluation (Researcher_ID,Project_ID,Evaluation_Date,Evaluation_Grade) VALUES ("3119093", "3119933", "2019-10-11", "3");
INSERT INTO Evaluation (Researcher_ID,Project_ID,Evaluation_Date,Evaluation_Grade) VALUES ("3119751", "3119934", "2020-06-23", "5");
INSERT INTO Evaluation (Researcher_ID,Project_ID,Evaluation_Date,Evaluation_Grade) VALUES ("3120123", "3119935", "2021-03-03", "4");
INSERT INTO Evaluation (Researcher_ID,Project_ID,Evaluation_Date,Evaluation_Grade) VALUES ("3120452", "3119937", "2019-02-13", "8");
INSERT INTO Evaluation (Researcher_ID,Project_ID,Evaluation_Date,Evaluation_Grade) VALUES ("3120280", "3119938", "2019-11-14", "2");
INSERT INTO Evaluation (Researcher_ID,Project_ID,Evaluation_Date,Evaluation_Grade) VALUES ("3119760", "3119939", "2021-06-04", "2");
INSERT INTO Evaluation (Researcher_ID,Project_ID,Evaluation_Date,Evaluation_Grade) VALUES ("3119782", "3119941", "2019-10-24", "5");
INSERT INTO Evaluation (Researcher_ID,Project_ID,Evaluation_Date,Evaluation_Grade) VALUES ("3119058", "3119942", "2021-05-17", "4");
INSERT INTO Evaluation (Researcher_ID,Project_ID,Evaluation_Date,Evaluation_Grade) VALUES ("3119877", "3119943", "2020-08-01", "3");
INSERT INTO Evaluation (Researcher_ID,Project_ID,Evaluation_Date,Evaluation_Grade) VALUES ("3119138", "3119944", "2018-12-24", "8");
INSERT INTO Evaluation (Researcher_ID,Project_ID,Evaluation_Date,Evaluation_Grade) VALUES ("3119639", "3119945", "2017-06-28", "4");
INSERT INTO Evaluation (Researcher_ID,Project_ID,Evaluation_Date,Evaluation_Grade) VALUES ("3119608", "3119946", "2018-09-12", "4");
INSERT INTO Evaluation (Researcher_ID,Project_ID,Evaluation_Date,Evaluation_Grade) VALUES ("3119048", "3119947", "2018-02-04", "5");
INSERT INTO Evaluation (Researcher_ID,Project_ID,Evaluation_Date,Evaluation_Grade) VALUES ("3120316", "3119948", "2021-04-12", "10");
INSERT INTO Evaluation (Researcher_ID,Project_ID,Evaluation_Date,Evaluation_Grade) VALUES ("3120456", "3119949", "2020-12-21", "8");
INSERT INTO Evaluation (Researcher_ID,Project_ID,Evaluation_Date,Evaluation_Grade) VALUES ("3119368", "3119950", "2021-09-20", "5");
INSERT INTO Evaluation (Researcher_ID,Project_ID,Evaluation_Date,Evaluation_Grade) VALUES ("3119116", "3119951", "2021-05-13", "7");
INSERT INTO Evaluation (Researcher_ID,Project_ID,Evaluation_Date,Evaluation_Grade) VALUES ("3119859", "3119952", "2019-11-23", "8");
INSERT INTO Evaluation (Researcher_ID,Project_ID,Evaluation_Date,Evaluation_Grade) VALUES ("3120433", "3119953", "2018-05-31", "7");
INSERT INTO Evaluation (Researcher_ID,Project_ID,Evaluation_Date,Evaluation_Grade) VALUES ("3120162", "3119954", "2020-01-15", "3");
INSERT INTO Evaluation (Researcher_ID,Project_ID,Evaluation_Date,Evaluation_Grade) VALUES ("3119317", "3119955", "2018-05-05", "9");
INSERT INTO Evaluation (Researcher_ID,Project_ID,Evaluation_Date,Evaluation_Grade) VALUES ("3119126", "3119956", "2018-12-25", "4");
INSERT INTO Evaluation (Researcher_ID,Project_ID,Evaluation_Date,Evaluation_Grade) VALUES ("3119967", "3119957", "2021-09-11", "5");
INSERT INTO Evaluation (Researcher_ID,Project_ID,Evaluation_Date,Evaluation_Grade) VALUES ("3120140", "3119958", "2019-06-21", "3");
INSERT INTO Evaluation (Researcher_ID,Project_ID,Evaluation_Date,Evaluation_Grade) VALUES ("3120471", "3119959", "2017-03-14", "10");
INSERT INTO Evaluation (Researcher_ID,Project_ID,Evaluation_Date,Evaluation_Grade) VALUES ("3119489", "3119960", "2020-09-29", "5");
INSERT INTO Evaluation (Researcher_ID,Project_ID,Evaluation_Date,Evaluation_Grade) VALUES ("3119307", "3119961", "2017-08-02", "5");
INSERT INTO Evaluation (Researcher_ID,Project_ID,Evaluation_Date,Evaluation_Grade) VALUES ("3120087", "3119962", "2017-11-10", "10");
INSERT INTO Evaluation (Researcher_ID,Project_ID,Evaluation_Date,Evaluation_Grade) VALUES ("3119923", "3119963", "2020-05-24", "8");
INSERT INTO Evaluation (Researcher_ID,Project_ID,Evaluation_Date,Evaluation_Grade) VALUES ("3120201", "3119964", "2017-06-30", "6");
INSERT INTO Evaluation (Researcher_ID,Project_ID,Evaluation_Date,Evaluation_Grade) VALUES ("3119975", "3119965", "2021-03-31", "3");
INSERT INTO Evaluation (Researcher_ID,Project_ID,Evaluation_Date,Evaluation_Grade) VALUES ("3120542", "3119966", "2017-02-13", "8");
INSERT INTO Evaluation (Researcher_ID,Project_ID,Evaluation_Date,Evaluation_Grade) VALUES ("3120364", "3119967", "2019-10-20", "9");
INSERT INTO Evaluation (Researcher_ID,Project_ID,Evaluation_Date,Evaluation_Grade) VALUES ("3119293", "3119968", "2018-09-13", "6");
INSERT INTO Evaluation (Researcher_ID,Project_ID,Evaluation_Date,Evaluation_Grade) VALUES ("3119233", "3119969", "2018-07-27", "1");
INSERT INTO Evaluation (Researcher_ID,Project_ID,Evaluation_Date,Evaluation_Grade) VALUES ("3119874", "3119970", "2021-07-17", "10");
INSERT INTO Evaluation (Researcher_ID,Project_ID,Evaluation_Date,Evaluation_Grade) VALUES ("3120276", "3119971", "2018-03-20", "7");
INSERT INTO Evaluation (Researcher_ID,Project_ID,Evaluation_Date,Evaluation_Grade) VALUES ("3120401", "3119972", "2018-04-09", "9");
INSERT INTO Evaluation (Researcher_ID,Project_ID,Evaluation_Date,Evaluation_Grade) VALUES ("3119485", "3119973", "2021-09-07", "10");
INSERT INTO Evaluation (Researcher_ID,Project_ID,Evaluation_Date,Evaluation_Grade) VALUES ("3120360", "3119974", "2022-02-07", "8");
INSERT INTO Evaluation (Researcher_ID,Project_ID,Evaluation_Date,Evaluation_Grade) VALUES ("3120491", "3119975", "2018-08-25", "7");
INSERT INTO Evaluation (Researcher_ID,Project_ID,Evaluation_Date,Evaluation_Grade) VALUES ("3120231", "3119976", "2019-07-02", "4");
INSERT INTO Evaluation (Researcher_ID,Project_ID,Evaluation_Date,Evaluation_Grade) VALUES ("3119019", "3119977", "2019-02-12", "5");
INSERT INTO Evaluation (Researcher_ID,Project_ID,Evaluation_Date,Evaluation_Grade) VALUES ("3119235", "3119978", "2019-10-03", "6");
INSERT INTO Evaluation (Researcher_ID,Project_ID,Evaluation_Date,Evaluation_Grade) VALUES ("3120432", "3119979", "2020-05-24", "1");
INSERT INTO Evaluation (Researcher_ID,Project_ID,Evaluation_Date,Evaluation_Grade) VALUES ("3120114", "3119980", "2020-10-06", "1");
INSERT INTO Evaluation (Researcher_ID,Project_ID,Evaluation_Date,Evaluation_Grade) VALUES ("3120449", "3119981", "2017-10-01", "4");
INSERT INTO Evaluation (Researcher_ID,Project_ID,Evaluation_Date,Evaluation_Grade) VALUES ("3119459", "3119982", "2021-05-10", "5");
INSERT INTO Evaluation (Researcher_ID,Project_ID,Evaluation_Date,Evaluation_Grade) VALUES ("3120558", "3119983", "2018-07-11", "2");
INSERT INTO Evaluation (Researcher_ID,Project_ID,Evaluation_Date,Evaluation_Grade) VALUES ("3119704", "3119984", "2018-08-23", "2");
INSERT INTO Evaluation (Researcher_ID,Project_ID,Evaluation_Date,Evaluation_Grade) VALUES ("3119326", "3119985", "2020-01-23", "3");
INSERT INTO Evaluation (Researcher_ID,Project_ID,Evaluation_Date,Evaluation_Grade) VALUES ("3119137", "3119986", "2020-01-03", "6");
INSERT INTO Evaluation (Researcher_ID,Project_ID,Evaluation_Date,Evaluation_Grade) VALUES ("3119711", "3119987", "2020-08-29", "7");
INSERT INTO Evaluation (Researcher_ID,Project_ID,Evaluation_Date,Evaluation_Grade) VALUES ("3120146", "3119988", "2020-09-17", "8");
INSERT INTO Evaluation (Researcher_ID,Project_ID,Evaluation_Date,Evaluation_Grade) VALUES ("3119361", "3119989", "2020-03-19", "10");
INSERT INTO Evaluation (Researcher_ID,Project_ID,Evaluation_Date,Evaluation_Grade) VALUES ("3119090", "3119990", "2019-12-13", "5");
INSERT INTO Evaluation (Researcher_ID,Project_ID,Evaluation_Date,Evaluation_Grade) VALUES ("3120096", "3119991", "2018-05-06", "4");
INSERT INTO Evaluation (Researcher_ID,Project_ID,Evaluation_Date,Evaluation_Grade) VALUES ("3120173", "3119992", "2019-05-14", "9");
INSERT INTO Evaluation (Researcher_ID,Project_ID,Evaluation_Date,Evaluation_Grade) VALUES ("3120158", "3119993", "2019-05-10", "5");
INSERT INTO Evaluation (Researcher_ID,Project_ID,Evaluation_Date,Evaluation_Grade) VALUES ("3120330", "3119994", "2020-04-14", "4");
INSERT INTO Evaluation (Researcher_ID,Project_ID,Evaluation_Date,Evaluation_Grade) VALUES ("3119467", "3119995", "2019-02-06", "10");
INSERT INTO Evaluation (Researcher_ID,Project_ID,Evaluation_Date,Evaluation_Grade) VALUES ("3120358", "3119996", "2018-10-03", "10");
INSERT INTO Evaluation (Researcher_ID,Project_ID,Evaluation_Date,Evaluation_Grade) VALUES ("3119713", "3119997", "2019-06-16", "6");
INSERT INTO Evaluation (Researcher_ID,Project_ID,Evaluation_Date,Evaluation_Grade) VALUES ("3119147", "3119998", "2020-03-23", "9");
INSERT INTO Evaluation (Researcher_ID,Project_ID,Evaluation_Date,Evaluation_Grade) VALUES ("3119679", "3119999", "2018-06-28", "6");
INSERT INTO Evaluation (Researcher_ID,Project_ID,Evaluation_Date,Evaluation_Grade) VALUES ("3119187", "3120000", "2019-05-19", "1");
INSERT INTO Evaluation (Researcher_ID,Project_ID,Evaluation_Date,Evaluation_Grade) VALUES ("3119634", "3120001", "2018-08-10", "5");
INSERT INTO Evaluation (Researcher_ID,Project_ID,Evaluation_Date,Evaluation_Grade) VALUES ("3120143", "3120002", "2019-05-01", "1");
INSERT INTO Evaluation (Researcher_ID,Project_ID,Evaluation_Date,Evaluation_Grade) VALUES ("3119902", "3120003", "2019-03-12", "4");
INSERT INTO Evaluation (Researcher_ID,Project_ID,Evaluation_Date,Evaluation_Grade) VALUES ("3120325", "3120004", "2021-04-26", "4");
INSERT INTO Evaluation (Researcher_ID,Project_ID,Evaluation_Date,Evaluation_Grade) VALUES ("3120507", "3120005", "2020-11-02", "6");
INSERT INTO Evaluation (Researcher_ID,Project_ID,Evaluation_Date,Evaluation_Grade) VALUES ("3120273", "3120006", "2020-06-15", "1");
INSERT INTO Evaluation (Researcher_ID,Project_ID,Evaluation_Date,Evaluation_Grade) VALUES ("3119905", "3120007", "2019-12-08", "4");
INSERT INTO Evaluation (Researcher_ID,Project_ID,Evaluation_Date,Evaluation_Grade) VALUES ("3120235", "3120008", "2019-02-23", "7");
INSERT INTO Evaluation (Researcher_ID,Project_ID,Evaluation_Date,Evaluation_Grade) VALUES ("3119819", "3120009", "2019-03-26", "1");
INSERT INTO Evaluation (Researcher_ID,Project_ID,Evaluation_Date,Evaluation_Grade) VALUES ("3119818", "3120010", "2021-10-15", "10");
INSERT INTO Evaluation (Researcher_ID,Project_ID,Evaluation_Date,Evaluation_Grade) VALUES ("3120016", "3120011", "2020-05-02", "4");
INSERT INTO Evaluation (Researcher_ID,Project_ID,Evaluation_Date,Evaluation_Grade) VALUES ("3119152", "3120012", "2018-02-12", "2");
INSERT INTO Evaluation (Researcher_ID,Project_ID,Evaluation_Date,Evaluation_Grade) VALUES ("3120222", "3120013", "2020-02-20", "1");
INSERT INTO Evaluation (Researcher_ID,Project_ID,Evaluation_Date,Evaluation_Grade) VALUES ("3120470", "3120014", "2018-08-19", "6");
INSERT INTO Evaluation (Researcher_ID,Project_ID,Evaluation_Date,Evaluation_Grade) VALUES ("3119280", "3120015", "2019-12-01", "9");
INSERT INTO Evaluation (Researcher_ID,Project_ID,Evaluation_Date,Evaluation_Grade) VALUES ("3119658", "3120016", "2017-06-26", "6");
INSERT INTO Evaluation (Researcher_ID,Project_ID,Evaluation_Date,Evaluation_Grade) VALUES ("3120501", "3120017", "2020-03-31", "4");
INSERT INTO Evaluation (Researcher_ID,Project_ID,Evaluation_Date,Evaluation_Grade) VALUES ("3120525", "3120018", "2018-09-05", "4");
INSERT INTO Evaluation (Researcher_ID,Project_ID,Evaluation_Date,Evaluation_Grade) VALUES ("3119057", "3120019", "2020-05-06", "1");
INSERT INTO Evaluation (Researcher_ID,Project_ID,Evaluation_Date,Evaluation_Grade) VALUES ("3119998", "3120020", "2021-09-26", "10");
INSERT INTO Evaluation (Researcher_ID,Project_ID,Evaluation_Date,Evaluation_Grade) VALUES ("3119922", "3120021", "2021-01-18", "5");
INSERT INTO Evaluation (Researcher_ID,Project_ID,Evaluation_Date,Evaluation_Grade) VALUES ("3120238", "3120022", "2017-06-02", "3");
INSERT INTO Evaluation (Researcher_ID,Project_ID,Evaluation_Date,Evaluation_Grade) VALUES ("3120573", "3120023", "2019-10-18", "6");
INSERT INTO Evaluation (Researcher_ID,Project_ID,Evaluation_Date,Evaluation_Grade) VALUES ("3119057", "3120024", "2019-05-03", "8");
INSERT INTO Evaluation (Researcher_ID,Project_ID,Evaluation_Date,Evaluation_Grade) VALUES ("3119743", "3120025", "2018-10-12", "6");
INSERT INTO Evaluation (Researcher_ID,Project_ID,Evaluation_Date,Evaluation_Grade) VALUES ("3119000", "3120026", "2019-09-09", "5");
INSERT INTO Evaluation (Researcher_ID,Project_ID,Evaluation_Date,Evaluation_Grade) VALUES ("3119076", "3120027", "2017-06-06", "7");
INSERT INTO Evaluation (Researcher_ID,Project_ID,Evaluation_Date,Evaluation_Grade) VALUES ("3119096", "3120028", "2022-01-17", "3");
INSERT INTO Evaluation (Researcher_ID,Project_ID,Evaluation_Date,Evaluation_Grade) VALUES ("3120306", "3120029", "2019-03-23", "4");
INSERT INTO Evaluation (Researcher_ID,Project_ID,Evaluation_Date,Evaluation_Grade) VALUES ("3119154", "3120030", "2020-02-04", "6");
INSERT INTO Evaluation (Researcher_ID,Project_ID,Evaluation_Date,Evaluation_Grade) VALUES ("3120577", "3120031", "2020-10-18", "8");
INSERT INTO Evaluation (Researcher_ID,Project_ID,Evaluation_Date,Evaluation_Grade) VALUES ("3120596", "3120032", "2020-01-05", "5");
INSERT INTO Evaluation (Researcher_ID,Project_ID,Evaluation_Date,Evaluation_Grade) VALUES ("3119046", "3120033", "2020-11-29", "10");
INSERT INTO Evaluation (Researcher_ID,Project_ID,Evaluation_Date,Evaluation_Grade) VALUES ("3119317", "3120034", "2021-07-02", "7");
INSERT INTO Evaluation (Researcher_ID,Project_ID,Evaluation_Date,Evaluation_Grade) VALUES ("3120542", "3120035", "2021-12-14", "10");
INSERT INTO Evaluation (Researcher_ID,Project_ID,Evaluation_Date,Evaluation_Grade) VALUES ("3120390", "3120036", "2019-07-26", "2");
INSERT INTO Evaluation (Researcher_ID,Project_ID,Evaluation_Date,Evaluation_Grade) VALUES ("3120514", "3120037", "2018-03-21", "4");
INSERT INTO Evaluation (Researcher_ID,Project_ID,Evaluation_Date,Evaluation_Grade) VALUES ("3119124", "3120038", "2020-02-26", "6");
INSERT INTO Evaluation (Researcher_ID,Project_ID,Evaluation_Date,Evaluation_Grade) VALUES ("3119027", "3120039", "2021-04-21", "3");
INSERT INTO Evaluation (Researcher_ID,Project_ID,Evaluation_Date,Evaluation_Grade) VALUES ("3119239", "3120040", "2018-05-10", "7");
INSERT INTO Evaluation (Researcher_ID,Project_ID,Evaluation_Date,Evaluation_Grade) VALUES ("3119223", "3120041", "2021-09-16", "2");
INSERT INTO Evaluation (Researcher_ID,Project_ID,Evaluation_Date,Evaluation_Grade) VALUES ("3120162", "3120042", "2019-09-06", "10");
INSERT INTO Evaluation (Researcher_ID,Project_ID,Evaluation_Date,Evaluation_Grade) VALUES ("3120108", "3120043", "2020-07-17", "1");
INSERT INTO Evaluation (Researcher_ID,Project_ID,Evaluation_Date,Evaluation_Grade) VALUES ("3120081", "3120044", "2022-01-11", "5");
INSERT INTO Evaluation (Researcher_ID,Project_ID,Evaluation_Date,Evaluation_Grade) VALUES ("3119973", "3120045", "2019-07-31", "9");
INSERT INTO Evaluation (Researcher_ID,Project_ID,Evaluation_Date,Evaluation_Grade) VALUES ("3120106", "3120046", "2018-07-16", "1");
INSERT INTO Evaluation (Researcher_ID,Project_ID,Evaluation_Date,Evaluation_Grade) VALUES ("3119523", "3120047", "2021-06-26", "4");
INSERT INTO Evaluation (Researcher_ID,Project_ID,Evaluation_Date,Evaluation_Grade) VALUES ("3119426", "3120049", "2019-06-30", "9");
INSERT INTO Evaluation (Researcher_ID,Project_ID,Evaluation_Date,Evaluation_Grade) VALUES ("3119864", "3120050", "2020-01-17", "2");
INSERT INTO Evaluation (Researcher_ID,Project_ID,Evaluation_Date,Evaluation_Grade) VALUES ("3120456", "3120051", "2020-03-19", "7");
INSERT INTO Evaluation (Researcher_ID,Project_ID,Evaluation_Date,Evaluation_Grade) VALUES ("3119003", "3120052", "2018-02-28", "1");
INSERT INTO Evaluation (Researcher_ID,Project_ID,Evaluation_Date,Evaluation_Grade) VALUES ("3119588", "3120053", "2020-01-02", "5");
INSERT INTO Evaluation (Researcher_ID,Project_ID,Evaluation_Date,Evaluation_Grade) VALUES ("3120529", "3120054", "2021-01-11", "4");
INSERT INTO Evaluation (Researcher_ID,Project_ID,Evaluation_Date,Evaluation_Grade) VALUES ("3120141", "3120055", "2020-07-02", "8");
INSERT INTO Evaluation (Researcher_ID,Project_ID,Evaluation_Date,Evaluation_Grade) VALUES ("3120048", "3120056", "2020-09-27", "10");
INSERT INTO Evaluation (Researcher_ID,Project_ID,Evaluation_Date,Evaluation_Grade) VALUES ("3120571", "3120057", "2018-12-07", "1");
INSERT INTO Evaluation (Researcher_ID,Project_ID,Evaluation_Date,Evaluation_Grade) VALUES ("3120371", "3120058", "2019-05-16", "4");
INSERT INTO Evaluation (Researcher_ID,Project_ID,Evaluation_Date,Evaluation_Grade) VALUES ("3119557", "3120059", "2018-07-10", "10");
INSERT INTO Evaluation (Researcher_ID,Project_ID,Evaluation_Date,Evaluation_Grade) VALUES ("3119511", "3120060", "2017-04-10", "10");
INSERT INTO Evaluation (Researcher_ID,Project_ID,Evaluation_Date,Evaluation_Grade) VALUES ("3120099", "3120061", "2018-04-17", "2");
INSERT INTO Evaluation (Researcher_ID,Project_ID,Evaluation_Date,Evaluation_Grade) VALUES ("3120125", "3120062", "2018-09-21", "5");
INSERT INTO Evaluation (Researcher_ID,Project_ID,Evaluation_Date,Evaluation_Grade) VALUES ("3120547", "3120063", "2019-04-01", "9");
INSERT INTO Evaluation (Researcher_ID,Project_ID,Evaluation_Date,Evaluation_Grade) VALUES ("3119256", "3120064", "2020-05-01", "4");
INSERT INTO Evaluation (Researcher_ID,Project_ID,Evaluation_Date,Evaluation_Grade) VALUES ("3119061", "3120065", "2019-09-14", "4");
INSERT INTO Evaluation (Researcher_ID,Project_ID,Evaluation_Date,Evaluation_Grade) VALUES ("3119532", "3120066", "2017-06-02", "2");
INSERT INTO Evaluation (Researcher_ID,Project_ID,Evaluation_Date,Evaluation_Grade) VALUES ("3119539", "3120067", "2020-12-13", "7");
INSERT INTO Evaluation (Researcher_ID,Project_ID,Evaluation_Date,Evaluation_Grade) VALUES ("3120499", "3120068", "2018-10-28", "10");
INSERT INTO Evaluation (Researcher_ID,Project_ID,Evaluation_Date,Evaluation_Grade) VALUES ("3120101", "3120069", "2020-05-06", "6");
INSERT INTO Evaluation (Researcher_ID,Project_ID,Evaluation_Date,Evaluation_Grade) VALUES ("3119864", "3120070", "2017-05-29", "2");
INSERT INTO Evaluation (Researcher_ID,Project_ID,Evaluation_Date,Evaluation_Grade) VALUES ("3119248", "3120071", "2018-04-27", "2");
INSERT INTO Evaluation (Researcher_ID,Project_ID,Evaluation_Date,Evaluation_Grade) VALUES ("3120384", "3120072", "2018-10-07", "5");
INSERT INTO Evaluation (Researcher_ID,Project_ID,Evaluation_Date,Evaluation_Grade) VALUES ("3120562", "3120073", "2019-03-16", "1");
INSERT INTO Evaluation (Researcher_ID,Project_ID,Evaluation_Date,Evaluation_Grade) VALUES ("3119147", "3120074", "2019-10-19", "7");
INSERT INTO Evaluation (Researcher_ID,Project_ID,Evaluation_Date,Evaluation_Grade) VALUES ("3120106", "3120075", "2019-09-23", "2");
INSERT INTO Evaluation (Researcher_ID,Project_ID,Evaluation_Date,Evaluation_Grade) VALUES ("3120216", "3120076", "2019-03-22", "4");
INSERT INTO Evaluation (Researcher_ID,Project_ID,Evaluation_Date,Evaluation_Grade) VALUES ("3120008", "3120077", "2021-10-29", "5");
INSERT INTO Evaluation (Researcher_ID,Project_ID,Evaluation_Date,Evaluation_Grade) VALUES ("3119184", "3120078", "2019-12-11", "7");
INSERT INTO Evaluation (Researcher_ID,Project_ID,Evaluation_Date,Evaluation_Grade) VALUES ("3120081", "3120079", "2019-04-14", "8");
INSERT INTO Evaluation (Researcher_ID,Project_ID,Evaluation_Date,Evaluation_Grade) VALUES ("3119685", "3120080", "2018-03-08", "8");
INSERT INTO Evaluation (Researcher_ID,Project_ID,Evaluation_Date,Evaluation_Grade) VALUES ("3119841", "3120081", "2020-02-27", "6");
INSERT INTO Evaluation (Researcher_ID,Project_ID,Evaluation_Date,Evaluation_Grade) VALUES ("3119887", "3120082", "2018-04-26", "5");
INSERT INTO Evaluation (Researcher_ID,Project_ID,Evaluation_Date,Evaluation_Grade) VALUES ("3119306", "3120083", "2019-04-04", "3");
INSERT INTO Evaluation (Researcher_ID,Project_ID,Evaluation_Date,Evaluation_Grade) VALUES ("3119478", "3120084", "2018-06-02", "9");
INSERT INTO Evaluation (Researcher_ID,Project_ID,Evaluation_Date,Evaluation_Grade) VALUES ("3119494", "3120085", "2020-09-21", "2");
INSERT INTO Evaluation (Researcher_ID,Project_ID,Evaluation_Date,Evaluation_Grade) VALUES ("3120362", "3120086", "2018-08-19", "5");
INSERT INTO Evaluation (Researcher_ID,Project_ID,Evaluation_Date,Evaluation_Grade) VALUES ("3119789", "3120087", "2020-07-13", "2");
INSERT INTO Evaluation (Researcher_ID,Project_ID,Evaluation_Date,Evaluation_Grade) VALUES ("3119356", "3120088", "2019-08-16", "4");
INSERT INTO Evaluation (Researcher_ID,Project_ID,Evaluation_Date,Evaluation_Grade) VALUES ("3119324", "3120089", "2020-05-11", "6");
INSERT INTO Evaluation (Researcher_ID,Project_ID,Evaluation_Date,Evaluation_Grade) VALUES ("3119755", "3120090", "2017-03-10", "10");
INSERT INTO Evaluation (Researcher_ID,Project_ID,Evaluation_Date,Evaluation_Grade) VALUES ("3120106", "3120091", "2020-10-25", "4");
INSERT INTO Evaluation (Researcher_ID,Project_ID,Evaluation_Date,Evaluation_Grade) VALUES ("3119083", "3120092", "2019-05-23", "5");
INSERT INTO Evaluation (Researcher_ID,Project_ID,Evaluation_Date,Evaluation_Grade) VALUES ("3119575", "3120094", "2018-07-17", "4");
INSERT INTO Evaluation (Researcher_ID,Project_ID,Evaluation_Date,Evaluation_Grade) VALUES ("3120432", "3120095", "2021-04-03", "9");
INSERT INTO Evaluation (Researcher_ID,Project_ID,Evaluation_Date,Evaluation_Grade) VALUES ("3119150", "3120096", "2019-01-19", "6");
INSERT INTO Evaluation (Researcher_ID,Project_ID,Evaluation_Date,Evaluation_Grade) VALUES ("3120512", "3120097", "2020-09-07", "1");
INSERT INTO Evaluation (Researcher_ID,Project_ID,Evaluation_Date,Evaluation_Grade) VALUES ("3119242", "3120098", "2021-11-23", "4");
INSERT INTO Evaluation (Researcher_ID,Project_ID,Evaluation_Date,Evaluation_Grade) VALUES ("3119615", "3120099", "2020-10-10", "9");
INSERT INTO Evaluation (Researcher_ID,Project_ID,Evaluation_Date,Evaluation_Grade) VALUES ("3119050", "3120100", "2018-11-14", "1");
INSERT INTO Evaluation (Researcher_ID,Project_ID,Evaluation_Date,Evaluation_Grade) VALUES ("3119082", "3120101", "2020-05-15", "7");
INSERT INTO Evaluation (Researcher_ID,Project_ID,Evaluation_Date,Evaluation_Grade) VALUES ("3120065", "3120102", "2020-10-19", "9");
INSERT INTO Evaluation (Researcher_ID,Project_ID,Evaluation_Date,Evaluation_Grade) VALUES ("3120324", "3120103", "2019-05-14", "6");
INSERT INTO Evaluation (Researcher_ID,Project_ID,Evaluation_Date,Evaluation_Grade) VALUES ("3119908", "3120104", "2017-10-31", "8");
INSERT INTO Evaluation (Researcher_ID,Project_ID,Evaluation_Date,Evaluation_Grade) VALUES ("3119523", "3120105", "2019-05-25", "8");
INSERT INTO Evaluation (Researcher_ID,Project_ID,Evaluation_Date,Evaluation_Grade) VALUES ("3119720", "3120106", "2018-08-30", "7");
INSERT INTO Evaluation (Researcher_ID,Project_ID,Evaluation_Date,Evaluation_Grade) VALUES ("3119973", "3120107", "2020-05-15", "2");
INSERT INTO Evaluation (Researcher_ID,Project_ID,Evaluation_Date,Evaluation_Grade) VALUES ("3119283", "3120108", "2019-08-21", "8");
INSERT INTO Evaluation (Researcher_ID,Project_ID,Evaluation_Date,Evaluation_Grade) VALUES ("3119496", "3120109", "2019-06-07", "9");
INSERT INTO Evaluation (Researcher_ID,Project_ID,Evaluation_Date,Evaluation_Grade) VALUES ("3119938", "3120110", "2020-02-12", "10");
INSERT INTO Evaluation (Researcher_ID,Project_ID,Evaluation_Date,Evaluation_Grade) VALUES ("3120449", "3120111", "2018-04-27", "5");
INSERT INTO Evaluation (Researcher_ID,Project_ID,Evaluation_Date,Evaluation_Grade) VALUES ("3120378", "3120112", "2019-03-11", "5");
INSERT INTO Evaluation (Researcher_ID,Project_ID,Evaluation_Date,Evaluation_Grade) VALUES ("3120542", "3120113", "2021-02-17", "1");
INSERT INTO Evaluation (Researcher_ID,Project_ID,Evaluation_Date,Evaluation_Grade) VALUES ("3119017", "3120114", "2019-01-12", "10");
INSERT INTO Evaluation (Researcher_ID,Project_ID,Evaluation_Date,Evaluation_Grade) VALUES ("3119988", "3120115", "2020-03-21", "8");
INSERT INTO Evaluation (Researcher_ID,Project_ID,Evaluation_Date,Evaluation_Grade) VALUES ("3119210", "3120116", "2018-06-22", "6");
INSERT INTO Evaluation (Researcher_ID,Project_ID,Evaluation_Date,Evaluation_Grade) VALUES ("3120247", "3120117", "2019-08-28", "10");
INSERT INTO Evaluation (Researcher_ID,Project_ID,Evaluation_Date,Evaluation_Grade) VALUES ("3120567", "3120118", "2020-11-19", "1");
INSERT INTO Evaluation (Researcher_ID,Project_ID,Evaluation_Date,Evaluation_Grade) VALUES ("3119590", "3120119", "2020-04-03", "9");
INSERT INTO Evaluation (Researcher_ID,Project_ID,Evaluation_Date,Evaluation_Grade) VALUES ("3120527", "3120120", "2017-10-31", "5");
INSERT INTO Evaluation (Researcher_ID,Project_ID,Evaluation_Date,Evaluation_Grade) VALUES ("3120423", "3120121", "2019-12-31", "8");
INSERT INTO Evaluation (Researcher_ID,Project_ID,Evaluation_Date,Evaluation_Grade) VALUES ("3120099", "3120122", "2021-07-12", "6");
INSERT INTO Evaluation (Researcher_ID,Project_ID,Evaluation_Date,Evaluation_Grade) VALUES ("3120565", "3120123", "2020-07-21", "7");
INSERT INTO Evaluation (Researcher_ID,Project_ID,Evaluation_Date,Evaluation_Grade) VALUES ("3119774", "3120124", "2018-09-14", "10");
INSERT INTO Evaluation (Researcher_ID,Project_ID,Evaluation_Date,Evaluation_Grade) VALUES ("3120185", "3120125", "2020-08-06", "5");
INSERT INTO Evaluation (Researcher_ID,Project_ID,Evaluation_Date,Evaluation_Grade) VALUES ("3119949", "3120126", "2021-09-16", "9");
INSERT INTO Evaluation (Researcher_ID,Project_ID,Evaluation_Date,Evaluation_Grade) VALUES ("3119806", "3120127", "2018-07-20", "2");
INSERT INTO Evaluation (Researcher_ID,Project_ID,Evaluation_Date,Evaluation_Grade) VALUES ("3119211", "3120128", "2019-07-01", "3");
INSERT INTO Evaluation (Researcher_ID,Project_ID,Evaluation_Date,Evaluation_Grade) VALUES ("3120346", "3120129", "2018-12-04", "5");
INSERT INTO Evaluation (Researcher_ID,Project_ID,Evaluation_Date,Evaluation_Grade) VALUES ("3120389", "3120130", "2020-02-05", "6");
INSERT INTO Evaluation (Researcher_ID,Project_ID,Evaluation_Date,Evaluation_Grade) VALUES ("3119251", "3120131", "2019-02-05", "1");
INSERT INTO Evaluation (Researcher_ID,Project_ID,Evaluation_Date,Evaluation_Grade) VALUES ("3119521", "3120132", "2017-04-16", "9");
INSERT INTO Evaluation (Researcher_ID,Project_ID,Evaluation_Date,Evaluation_Grade) VALUES ("3119077", "3120133", "2018-09-18", "4");
INSERT INTO Evaluation (Researcher_ID,Project_ID,Evaluation_Date,Evaluation_Grade) VALUES ("3120165", "3120134", "2019-06-05", "10");
INSERT INTO Evaluation (Researcher_ID,Project_ID,Evaluation_Date,Evaluation_Grade) VALUES ("3119032", "3120135", "2021-07-13", "8");
INSERT INTO Evaluation (Researcher_ID,Project_ID,Evaluation_Date,Evaluation_Grade) VALUES ("3119247", "3120136", "2019-01-01", "4");
INSERT INTO Evaluation (Researcher_ID,Project_ID,Evaluation_Date,Evaluation_Grade) VALUES ("3119857", "3120137", "2020-10-01", "4");
INSERT INTO Evaluation (Researcher_ID,Project_ID,Evaluation_Date,Evaluation_Grade) VALUES ("3119094", "3120138", "2020-05-05", "9");
INSERT INTO Evaluation (Researcher_ID,Project_ID,Evaluation_Date,Evaluation_Grade) VALUES ("3119275", "3120139", "2019-05-11", "1");
INSERT INTO Evaluation (Researcher_ID,Project_ID,Evaluation_Date,Evaluation_Grade) VALUES ("3120460", "3120140", "2021-08-26", "3");
INSERT INTO Evaluation (Researcher_ID,Project_ID,Evaluation_Date,Evaluation_Grade) VALUES ("3119001", "3120141", "2020-03-17", "9");
INSERT INTO Evaluation (Researcher_ID,Project_ID,Evaluation_Date,Evaluation_Grade) VALUES ("3119784", "3120142", "2021-12-15", "9");
INSERT INTO Evaluation (Researcher_ID,Project_ID,Evaluation_Date,Evaluation_Grade) VALUES ("3119431", "3120143", "2017-01-06", "5");
INSERT INTO Evaluation (Researcher_ID,Project_ID,Evaluation_Date,Evaluation_Grade) VALUES ("3120076", "3120144", "2018-12-24", "7");
INSERT INTO Evaluation (Researcher_ID,Project_ID,Evaluation_Date,Evaluation_Grade) VALUES ("3120092", "3120145", "2020-09-03", "6");
INSERT INTO Evaluation (Researcher_ID,Project_ID,Evaluation_Date,Evaluation_Grade) VALUES ("3119903", "3120146", "2021-01-13", "5");
INSERT INTO Evaluation (Researcher_ID,Project_ID,Evaluation_Date,Evaluation_Grade) VALUES ("3119070", "3120147", "2020-04-24", "10");
INSERT INTO Evaluation (Researcher_ID,Project_ID,Evaluation_Date,Evaluation_Grade) VALUES ("3120008", "3120148", "2019-04-26", "1");
INSERT INTO Evaluation (Researcher_ID,Project_ID,Evaluation_Date,Evaluation_Grade) VALUES ("3119096", "3120149", "2018-05-09", "3");
INSERT INTO Evaluation (Researcher_ID,Project_ID,Evaluation_Date,Evaluation_Grade) VALUES ("3120588", "3120150", "2020-05-02", "4");
INSERT INTO Evaluation (Researcher_ID,Project_ID,Evaluation_Date,Evaluation_Grade) VALUES ("3119111", "3120151", "2020-02-16", "10");
INSERT INTO Evaluation (Researcher_ID,Project_ID,Evaluation_Date,Evaluation_Grade) VALUES ("3119277", "3120152", "2020-01-24", "2");
INSERT INTO Evaluation (Researcher_ID,Project_ID,Evaluation_Date,Evaluation_Grade) VALUES ("3120482", "3120153", "2020-03-05", "3");
INSERT INTO Evaluation (Researcher_ID,Project_ID,Evaluation_Date,Evaluation_Grade) VALUES ("3119137", "3120154", "2019-11-21", "9");
INSERT INTO Evaluation (Researcher_ID,Project_ID,Evaluation_Date,Evaluation_Grade) VALUES ("3120064", "3120155", "2020-01-04", "8");
INSERT INTO Evaluation (Researcher_ID,Project_ID,Evaluation_Date,Evaluation_Grade) VALUES ("3119356", "3120156", "2018-07-02", "7");
INSERT INTO Evaluation (Researcher_ID,Project_ID,Evaluation_Date,Evaluation_Grade) VALUES ("3119598", "3120157", "2020-04-23", "6");
INSERT INTO Evaluation (Researcher_ID,Project_ID,Evaluation_Date,Evaluation_Grade) VALUES ("3120153", "3120158", "2020-01-21", "2");
INSERT INTO Evaluation (Researcher_ID,Project_ID,Evaluation_Date,Evaluation_Grade) VALUES ("3119540", "3120159", "2020-09-27", "10");
INSERT INTO Evaluation (Researcher_ID,Project_ID,Evaluation_Date,Evaluation_Grade) VALUES ("3120533", "3120160", "2017-11-27", "8");
INSERT INTO Evaluation (Researcher_ID,Project_ID,Evaluation_Date,Evaluation_Grade) VALUES ("3120007", "3120161", "2020-05-22", "4");
INSERT INTO Evaluation (Researcher_ID,Project_ID,Evaluation_Date,Evaluation_Grade) VALUES ("3119763", "3120163", "2020-05-17", "1");
INSERT INTO Evaluation (Researcher_ID,Project_ID,Evaluation_Date,Evaluation_Grade) VALUES ("3119131", "3120164", "2020-01-14", "4");
INSERT INTO Evaluation (Researcher_ID,Project_ID,Evaluation_Date,Evaluation_Grade) VALUES ("3120054", "3120165", "2020-05-16", "1");
INSERT INTO Evaluation (Researcher_ID,Project_ID,Evaluation_Date,Evaluation_Grade) VALUES ("3119983", "3120166", "2019-09-11", "5");
INSERT INTO Evaluation (Researcher_ID,Project_ID,Evaluation_Date,Evaluation_Grade) VALUES ("3120418", "3120167", "2018-02-19", "8");
INSERT INTO Evaluation (Researcher_ID,Project_ID,Evaluation_Date,Evaluation_Grade) VALUES ("3119257", "3120168", "2020-08-10", "8");
INSERT INTO Evaluation (Researcher_ID,Project_ID,Evaluation_Date,Evaluation_Grade) VALUES ("3119731", "3120169", "2019-05-23", "4");
INSERT INTO Evaluation (Researcher_ID,Project_ID,Evaluation_Date,Evaluation_Grade) VALUES ("3120034", "3120170", "2019-05-05", "4");
INSERT INTO Evaluation (Researcher_ID,Project_ID,Evaluation_Date,Evaluation_Grade) VALUES ("3119546", "3120171", "2019-11-22", "8");
INSERT INTO Evaluation (Researcher_ID,Project_ID,Evaluation_Date,Evaluation_Grade) VALUES ("3120071", "3120172", "2020-09-08", "3");
INSERT INTO Evaluation (Researcher_ID,Project_ID,Evaluation_Date,Evaluation_Grade) VALUES ("3120313", "3120173", "2021-07-08", "7");
INSERT INTO Evaluation (Researcher_ID,Project_ID,Evaluation_Date,Evaluation_Grade) VALUES ("3120083", "3120174", "2019-07-15", "6");
INSERT INTO Evaluation (Researcher_ID,Project_ID,Evaluation_Date,Evaluation_Grade) VALUES ("3119593", "3120175", "2018-12-13", "9");
INSERT INTO Evaluation (Researcher_ID,Project_ID,Evaluation_Date,Evaluation_Grade) VALUES ("3120016", "3120176", "2019-08-15", "3");
INSERT INTO Evaluation (Researcher_ID,Project_ID,Evaluation_Date,Evaluation_Grade) VALUES ("3120458", "3120177", "2017-09-22", "9");
INSERT INTO Evaluation (Researcher_ID,Project_ID,Evaluation_Date,Evaluation_Grade) VALUES ("3119953", "3120178", "2017-05-06", "9");
INSERT INTO Evaluation (Researcher_ID,Project_ID,Evaluation_Date,Evaluation_Grade) VALUES ("3120419", "3120179", "2019-04-12", "2");
INSERT INTO Evaluation (Researcher_ID,Project_ID,Evaluation_Date,Evaluation_Grade) VALUES ("3119191", "3120180", "2018-06-29", "4");
INSERT INTO Evaluation (Researcher_ID,Project_ID,Evaluation_Date,Evaluation_Grade) VALUES ("3120260", "3120181", "2019-10-21", "5");
INSERT INTO Evaluation (Researcher_ID,Project_ID,Evaluation_Date,Evaluation_Grade) VALUES ("3119879", "3120182", "2018-06-07", "2");
INSERT INTO Evaluation (Researcher_ID,Project_ID,Evaluation_Date,Evaluation_Grade) VALUES ("3119122", "3120183", "2020-06-24", "5");
INSERT INTO Evaluation (Researcher_ID,Project_ID,Evaluation_Date,Evaluation_Grade) VALUES ("3120194", "3120184", "2017-11-29", "10");
INSERT INTO Evaluation (Researcher_ID,Project_ID,Evaluation_Date,Evaluation_Grade) VALUES ("3120348", "3120185", "2020-01-18", "10");
INSERT INTO Evaluation (Researcher_ID,Project_ID,Evaluation_Date,Evaluation_Grade) VALUES ("3119959", "3120186", "2019-10-17", "10");
INSERT INTO Evaluation (Researcher_ID,Project_ID,Evaluation_Date,Evaluation_Grade) VALUES ("3120403", "3120187", "2020-10-30", "10");
INSERT INTO Evaluation (Researcher_ID,Project_ID,Evaluation_Date,Evaluation_Grade) VALUES ("3120042", "3120188", "2020-02-23", "5");
INSERT INTO Evaluation (Researcher_ID,Project_ID,Evaluation_Date,Evaluation_Grade) VALUES ("3119641", "3120189", "2021-02-17", "1");
INSERT INTO Evaluation (Researcher_ID,Project_ID,Evaluation_Date,Evaluation_Grade) VALUES ("3119572", "3120190", "2018-09-16", "6");
INSERT INTO Evaluation (Researcher_ID,Project_ID,Evaluation_Date,Evaluation_Grade) VALUES ("3120402", "3120191", "2019-12-04", "9");
INSERT INTO Evaluation (Researcher_ID,Project_ID,Evaluation_Date,Evaluation_Grade) VALUES ("3119352", "3120192", "2021-05-02", "5");
INSERT INTO Evaluation (Researcher_ID,Project_ID,Evaluation_Date,Evaluation_Grade) VALUES ("3119422", "3120193", "2019-12-29", "3");
INSERT INTO Evaluation (Researcher_ID,Project_ID,Evaluation_Date,Evaluation_Grade) VALUES ("3119482", "3120194", "2020-09-05", "8");
INSERT INTO Evaluation (Researcher_ID,Project_ID,Evaluation_Date,Evaluation_Grade) VALUES ("3119079", "3120195", "2018-10-26", "10");
INSERT INTO Evaluation (Researcher_ID,Project_ID,Evaluation_Date,Evaluation_Grade) VALUES ("3119834", "3120196", "2017-12-30", "7");
INSERT INTO Evaluation (Researcher_ID,Project_ID,Evaluation_Date,Evaluation_Grade) VALUES ("3120224", "3120197", "2017-07-18", "6");
INSERT INTO Evaluation (Researcher_ID,Project_ID,Evaluation_Date,Evaluation_Grade) VALUES ("3120344", "3120198", "2019-02-28", "10");
INSERT INTO Evaluation (Researcher_ID,Project_ID,Evaluation_Date,Evaluation_Grade) VALUES ("3120463", "3120199", "2019-06-07", "4");
INSERT INTO Org_Phone (Organization_ID,Phone_Number) VALUES ("3119000", "2261829371");
INSERT INTO Org_Phone (Organization_ID,Phone_Number) VALUES ("3119001", "2553202674");
INSERT INTO Org_Phone (Organization_ID,Phone_Number) VALUES ("3119002", "2366137957");
INSERT INTO Org_Phone (Organization_ID,Phone_Number) VALUES ("3119003", "2158159914");
INSERT INTO Org_Phone (Organization_ID,Phone_Number) VALUES ("3119004", "2661242906");
INSERT INTO Org_Phone (Organization_ID,Phone_Number) VALUES ("3119005", "2690742414");
INSERT INTO Org_Phone (Organization_ID,Phone_Number) VALUES ("3119006", "2259798090");
INSERT INTO Org_Phone (Organization_ID,Phone_Number) VALUES ("3119007", "2522466181");
INSERT INTO Org_Phone (Organization_ID,Phone_Number) VALUES ("3119008", "2771271453");
INSERT INTO Org_Phone (Organization_ID,Phone_Number) VALUES ("3119009", "2364781971");
INSERT INTO Org_Phone (Organization_ID,Phone_Number) VALUES ("3119010", "2250501492");
INSERT INTO Org_Phone (Organization_ID,Phone_Number) VALUES ("3119011", "2622224990");
INSERT INTO Org_Phone (Organization_ID,Phone_Number) VALUES ("3119012", "2433469533");
INSERT INTO Org_Phone (Organization_ID,Phone_Number) VALUES ("3119013", "2228114404");
INSERT INTO Org_Phone (Organization_ID,Phone_Number) VALUES ("3119014", "2759297261");
INSERT INTO Org_Phone (Organization_ID,Phone_Number) VALUES ("3119015", "2424627556");
INSERT INTO Org_Phone (Organization_ID,Phone_Number) VALUES ("3119016", "2392399514");
INSERT INTO Org_Phone (Organization_ID,Phone_Number) VALUES ("3119017", "2265220588");
INSERT INTO Org_Phone (Organization_ID,Phone_Number) VALUES ("3119018", "2651729180");
INSERT INTO Org_Phone (Organization_ID,Phone_Number) VALUES ("3119019", "2347700472");
INSERT INTO Org_Phone (Organization_ID,Phone_Number) VALUES ("3119020", "2522666842");
INSERT INTO Org_Phone (Organization_ID,Phone_Number) VALUES ("3119021", "2245565036");
INSERT INTO Org_Phone (Organization_ID,Phone_Number) VALUES ("3119022", "2526464025");
INSERT INTO Org_Phone (Organization_ID,Phone_Number) VALUES ("3119023", "2441614631");
INSERT INTO Org_Phone (Organization_ID,Phone_Number) VALUES ("3119024", "2392618321");
INSERT INTO Org_Phone (Organization_ID,Phone_Number) VALUES ("3119025", "2293749878");
INSERT INTO Org_Phone (Organization_ID,Phone_Number) VALUES ("3119026", "2150858572");
INSERT INTO Org_Phone (Organization_ID,Phone_Number) VALUES ("3119027", "2416860274");
INSERT INTO Org_Phone (Organization_ID,Phone_Number) VALUES ("3119028", "2113362478");
INSERT INTO Org_Phone (Organization_ID,Phone_Number) VALUES ("3119029", "2691449171");
INSERT INTO Org_Phone (Organization_ID,Phone_Number) VALUES ("3119030", "2313303533");
INSERT INTO Org_Phone (Organization_ID,Phone_Number) VALUES ("3119031", "2242156906");
INSERT INTO Org_Phone (Organization_ID,Phone_Number) VALUES ("3119032", "2164380772");
INSERT INTO Org_Phone (Organization_ID,Phone_Number) VALUES ("3119033", "2293328965");
INSERT INTO Org_Phone (Organization_ID,Phone_Number) VALUES ("3119034", "2530217064");
INSERT INTO Org_Phone (Organization_ID,Phone_Number) VALUES ("3119035", "2767473158");
INSERT INTO Org_Phone (Organization_ID,Phone_Number) VALUES ("3119036", "2375077271");
INSERT INTO Org_Phone (Organization_ID,Phone_Number) VALUES ("3119037", "2769796150");
INSERT INTO Org_Phone (Organization_ID,Phone_Number) VALUES ("3119038", "2520044671");
INSERT INTO Org_Phone (Organization_ID,Phone_Number) VALUES ("3119039", "2591364950");
INSERT INTO Org_Phone (Organization_ID,Phone_Number) VALUES ("3119040", "2182672623");
INSERT INTO Org_Phone (Organization_ID,Phone_Number) VALUES ("3119041", "2214990559");
INSERT INTO Org_Phone (Organization_ID,Phone_Number) VALUES ("3119042", "2260532378");
INSERT INTO Org_Phone (Organization_ID,Phone_Number) VALUES ("3119043", "2182881644");
INSERT INTO Org_Phone (Organization_ID,Phone_Number) VALUES ("3119044", "2328201811");
INSERT INTO Org_Phone (Organization_ID,Phone_Number) VALUES ("3119045", "2381182248");
INSERT INTO Org_Phone (Organization_ID,Phone_Number) VALUES ("3119046", "2629116089");
INSERT INTO Org_Phone (Organization_ID,Phone_Number) VALUES ("3119047", "2132998731");
INSERT INTO Org_Phone (Organization_ID,Phone_Number) VALUES ("3119048", "2760405628");
INSERT INTO Org_Phone (Organization_ID,Phone_Number) VALUES ("3119049", "2377493194");
INSERT INTO Org_Phone (Organization_ID,Phone_Number) VALUES ("3119007", "2271940042");
INSERT INTO Org_Phone (Organization_ID,Phone_Number) VALUES ("3119018", "2617597520");
INSERT INTO Org_Phone (Organization_ID,Phone_Number) VALUES ("3119003", "2474660121");
INSERT INTO Org_Phone (Organization_ID,Phone_Number) VALUES ("3119014", "2708204560");
INSERT INTO Org_Phone (Organization_ID,Phone_Number) VALUES ("3119047", "2206555574");
INSERT INTO Org_Phone (Organization_ID,Phone_Number) VALUES ("3119037", "2450512887");
INSERT INTO Org_Phone (Organization_ID,Phone_Number) VALUES ("3119016", "2404931666");
INSERT INTO Org_Phone (Organization_ID,Phone_Number) VALUES ("3119023", "2533987528");
INSERT INTO Org_Phone (Organization_ID,Phone_Number) VALUES ("3119047", "2416491376");
INSERT INTO Org_Phone (Organization_ID,Phone_Number) VALUES ("3119009", "2454009680");
INSERT INTO Org_Phone (Organization_ID,Phone_Number) VALUES ("3119000", "2231716075");
INSERT INTO Org_Phone (Organization_ID,Phone_Number) VALUES ("3119049", "2540911942");
INSERT INTO Org_Phone (Organization_ID,Phone_Number) VALUES ("3119029", "2581890767");
INSERT INTO Org_Phone (Organization_ID,Phone_Number) VALUES ("3119021", "2273955820");
INSERT INTO Org_Phone (Organization_ID,Phone_Number) VALUES ("3119000", "2697802602");
INSERT INTO Org_Phone (Organization_ID,Phone_Number) VALUES ("3119046", "2333915280");
INSERT INTO Org_Phone (Organization_ID,Phone_Number) VALUES ("3119024", "2789065739");
INSERT INTO Org_Phone (Organization_ID,Phone_Number) VALUES ("3119034", "2463727824");
INSERT INTO Org_Phone (Organization_ID,Phone_Number) VALUES ("3119028", "2272626051");
INSERT INTO Org_Phone (Organization_ID,Phone_Number) VALUES ("3119016", "2166454667");
INSERT INTO Org_Phone (Organization_ID,Phone_Number) VALUES ("3119023", "2793319276");
INSERT INTO Org_Phone (Organization_ID,Phone_Number) VALUES ("3119017", "2579014995");
INSERT INTO Org_Phone (Organization_ID,Phone_Number) VALUES ("3119032", "2193714842");
INSERT INTO Org_Phone (Organization_ID,Phone_Number) VALUES ("3119048", "2540922851");
INSERT INTO Org_Phone (Organization_ID,Phone_Number) VALUES ("3119042", "2276366433");
INSERT INTO Org_Phone (Organization_ID,Phone_Number) VALUES ("3119039", "2756788623");
INSERT INTO Org_Phone (Organization_ID,Phone_Number) VALUES ("3119015", "2572945007");
INSERT INTO Org_Phone (Organization_ID,Phone_Number) VALUES ("3119042", "2790880729");
INSERT INTO Org_Phone (Organization_ID,Phone_Number) VALUES ("3119011", "2238797382");
INSERT INTO Org_Phone (Organization_ID,Phone_Number) VALUES ("3119020", "2717882620");
INSERT INTO Org_Phone (Organization_ID,Phone_Number) VALUES ("3119020", "2442845777");
INSERT INTO Org_Phone (Organization_ID,Phone_Number) VALUES ("3119048", "2770780390");
INSERT INTO Org_Phone (Organization_ID,Phone_Number) VALUES ("3119037", "2328181066");
INSERT INTO Org_Phone (Organization_ID,Phone_Number) VALUES ("3119038", "2395908172");
INSERT INTO Org_Phone (Organization_ID,Phone_Number) VALUES ("3119014", "2557225891");
INSERT INTO Org_Phone (Organization_ID,Phone_Number) VALUES ("3119013", "2214370352");
INSERT INTO Org_Phone (Organization_ID,Phone_Number) VALUES ("3119020", "2129942016");
INSERT INTO Org_Phone (Organization_ID,Phone_Number) VALUES ("3119034", "2227494369");
INSERT INTO Org_Phone (Organization_ID,Phone_Number) VALUES ("3119016", "2736152195");
INSERT INTO Org_Phone (Organization_ID,Phone_Number) VALUES ("3119018", "2332384942");
INSERT INTO Org_Phone (Organization_ID,Phone_Number) VALUES ("3119014", "2226757823");
INSERT INTO Org_Phone (Organization_ID,Phone_Number) VALUES ("3119006", "2239666722");
INSERT INTO Org_Phone (Organization_ID,Phone_Number) VALUES ("3119000", "2502125951");
INSERT INTO Org_Phone (Organization_ID,Phone_Number) VALUES ("3119013", "2347817734");
INSERT INTO Org_Phone (Organization_ID,Phone_Number) VALUES ("3119008", "2126881567");
INSERT INTO Org_Phone (Organization_ID,Phone_Number) VALUES ("3119020", "2784597105");
INSERT INTO Org_Phone (Organization_ID,Phone_Number) VALUES ("3119047", "2348432489");
INSERT INTO Org_Phone (Organization_ID,Phone_Number) VALUES ("3119031", "2514393071");
INSERT INTO Org_Phone (Organization_ID,Phone_Number) VALUES ("3119017", "2556343037");
INSERT INTO Org_Phone (Organization_ID,Phone_Number) VALUES ("3119039", "2640562861");
INSERT INTO Org_Phone (Organization_ID,Phone_Number) VALUES ("3119026", "2755675888");
INSERT INTO Org_Phone (Organization_ID,Phone_Number) VALUES ("3119035", "2718124112");
INSERT INTO Org_Phone (Organization_ID,Phone_Number) VALUES ("3119002", "2565613201");
INSERT INTO Org_Phone (Organization_ID,Phone_Number) VALUES ("3119040", "2284611478");
INSERT INTO Org_Phone (Organization_ID,Phone_Number) VALUES ("3119033", "2626029824");
INSERT INTO Org_Phone (Organization_ID,Phone_Number) VALUES ("3119027", "2278336801");
INSERT INTO Org_Phone (Organization_ID,Phone_Number) VALUES ("3119011", "2737402932");
INSERT INTO Org_Phone (Organization_ID,Phone_Number) VALUES ("3119027", "2289315046");
INSERT INTO Org_Phone (Organization_ID,Phone_Number) VALUES ("3119018", "2692696863");
INSERT INTO Org_Phone (Organization_ID,Phone_Number) VALUES ("3119039", "2532524524");
INSERT INTO Org_Phone (Organization_ID,Phone_Number) VALUES ("3119033", "2244027151");
INSERT INTO Org_Phone (Organization_ID,Phone_Number) VALUES ("3119018", "2740915240");
INSERT INTO Org_Phone (Organization_ID,Phone_Number) VALUES ("3119009", "2618945449");
INSERT INTO Org_Phone (Organization_ID,Phone_Number) VALUES ("3119013", "2148800910");
INSERT INTO Org_Phone (Organization_ID,Phone_Number) VALUES ("3119039", "2160094815");
INSERT INTO Org_Phone (Organization_ID,Phone_Number) VALUES ("3119048", "2416235822");
INSERT INTO Org_Phone (Organization_ID,Phone_Number) VALUES ("3119000", "2534137473");
INSERT INTO Org_Phone (Organization_ID,Phone_Number) VALUES ("3119024", "2118217396");
INSERT INTO Org_Phone (Organization_ID,Phone_Number) VALUES ("3119027", "2159419260");
INSERT INTO Org_Phone (Organization_ID,Phone_Number) VALUES ("3119017", "2116726024");
INSERT INTO Org_Phone (Organization_ID,Phone_Number) VALUES ("3119016", "2458291459");
INSERT INTO Org_Phone (Organization_ID,Phone_Number) VALUES ("3119038", "2409968135");
INSERT INTO Org_Phone (Organization_ID,Phone_Number) VALUES ("3119028", "2404828806");
INSERT INTO Org_Phone (Organization_ID,Phone_Number) VALUES ("3119018", "2548068460");
INSERT INTO Org_Phone (Organization_ID,Phone_Number) VALUES ("3119040", "2288726607");
INSERT INTO Org_Phone (Organization_ID,Phone_Number) VALUES ("3119018", "2400827956");
INSERT INTO Org_Phone (Organization_ID,Phone_Number) VALUES ("3119030", "2148262383");
INSERT INTO Org_Phone (Organization_ID,Phone_Number) VALUES ("3119035", "2303137182");
INSERT INTO Org_Phone (Organization_ID,Phone_Number) VALUES ("3119017", "2283962507");
INSERT INTO Org_Phone (Organization_ID,Phone_Number) VALUES ("3119014", "2581342986");
INSERT INTO Org_Phone (Organization_ID,Phone_Number) VALUES ("3119021", "2771434028");
INSERT INTO Org_Phone (Organization_ID,Phone_Number) VALUES ("3119047", "2434246504");
INSERT INTO Org_Phone (Organization_ID,Phone_Number) VALUES ("3119020", "2498011612");
INSERT INTO Org_Phone (Organization_ID,Phone_Number) VALUES ("3119008", "2713947309");
INSERT INTO Org_Phone (Organization_ID,Phone_Number) VALUES ("3119048", "2753521525");
INSERT INTO Org_Phone (Organization_ID,Phone_Number) VALUES ("3119003", "2311236639");
INSERT INTO Org_Phone (Organization_ID,Phone_Number) VALUES ("3119025", "2428267891");
INSERT INTO Org_Phone (Organization_ID,Phone_Number) VALUES ("3119045", "2512000975");
INSERT INTO Org_Phone (Organization_ID,Phone_Number) VALUES ("3119033", "2389214771");
INSERT INTO Org_Phone (Organization_ID,Phone_Number) VALUES ("3119042", "2632394642");
INSERT INTO Org_Phone (Organization_ID,Phone_Number) VALUES ("3119012", "2381801986");
INSERT INTO Org_Phone (Organization_ID,Phone_Number) VALUES ("3119030", "2502975720");
INSERT INTO Org_Phone (Organization_ID,Phone_Number) VALUES ("3119003", "2400596264");
INSERT INTO Org_Phone (Organization_ID,Phone_Number) VALUES ("3119028", "2231661177");
INSERT INTO Org_Phone (Organization_ID,Phone_Number) VALUES ("3119003", "2429495095");
INSERT INTO Org_Phone (Organization_ID,Phone_Number) VALUES ("3119044", "2490594707");
INSERT INTO Org_Phone (Organization_ID,Phone_Number) VALUES ("3119006", "2266845953");
INSERT INTO Org_Phone (Organization_ID,Phone_Number) VALUES ("3119015", "2633317413");
INSERT INTO Org_Phone (Organization_ID,Phone_Number) VALUES ("3119028", "2635251202");
INSERT INTO Org_Phone (Organization_ID,Phone_Number) VALUES ("3119013", "2365234903");
INSERT INTO Org_Phone (Organization_ID,Phone_Number) VALUES ("3119006", "2762942122");
INSERT INTO Org_Phone (Organization_ID,Phone_Number) VALUES ("3119005", "2280671628");
INSERT INTO Org_Phone (Organization_ID,Phone_Number) VALUES ("3119014", "2483443015");
INSERT INTO Org_Phone (Organization_ID,Phone_Number) VALUES ("3119014", "2313793131");
INSERT INTO Org_Phone (Organization_ID,Phone_Number) VALUES ("3119004", "2288391644");
INSERT INTO Org_Phone (Organization_ID,Phone_Number) VALUES ("3119047", "2366930332");
INSERT INTO Org_Phone (Organization_ID,Phone_Number) VALUES ("3119046", "2298430559");
INSERT INTO Org_Phone (Organization_ID,Phone_Number) VALUES ("3119031", "2324233699");
INSERT INTO Org_Phone (Organization_ID,Phone_Number) VALUES ("3119042", "2703833638");
INSERT INTO Org_Phone (Organization_ID,Phone_Number) VALUES ("3119009", "2653410491");
INSERT INTO Org_Phone (Organization_ID,Phone_Number) VALUES ("3119014", "2680723828");
INSERT INTO Org_Phone (Organization_ID,Phone_Number) VALUES ("3119029", "2773489066");
INSERT INTO Org_Phone (Organization_ID,Phone_Number) VALUES ("3119015", "2758211771");
INSERT INTO Org_Phone (Organization_ID,Phone_Number) VALUES ("3119046", "2464234296");
INSERT INTO Org_Phone (Organization_ID,Phone_Number) VALUES ("3119027", "2141975655");
INSERT INTO Org_Phone (Organization_ID,Phone_Number) VALUES ("3119004", "2142221913");
INSERT INTO Org_Phone (Organization_ID,Phone_Number) VALUES ("3119045", "2471299032");
INSERT INTO Org_Phone (Organization_ID,Phone_Number) VALUES ("3119032", "2133549999");
INSERT INTO Org_Phone (Organization_ID,Phone_Number) VALUES ("3119039", "2521193045");
INSERT INTO Org_Phone (Organization_ID,Phone_Number) VALUES ("3119034", "2238075290");
INSERT INTO Org_Phone (Organization_ID,Phone_Number) VALUES ("3119005", "2212776344");
INSERT INTO Org_Phone (Organization_ID,Phone_Number) VALUES ("3119027", "2244648397");
INSERT INTO Org_Phone (Organization_ID,Phone_Number) VALUES ("3119039", "2390252445");
INSERT INTO Org_Phone (Organization_ID,Phone_Number) VALUES ("3119002", "2224458450");
INSERT INTO Org_Phone (Organization_ID,Phone_Number) VALUES ("3119028", "2519429355");
INSERT INTO Org_Phone (Organization_ID,Phone_Number) VALUES ("3119017", "2167757772");
INSERT INTO Org_Phone (Organization_ID,Phone_Number) VALUES ("3119035", "2793891667");
INSERT INTO Org_Phone (Organization_ID,Phone_Number) VALUES ("3119007", "2374209562");
INSERT INTO Org_Phone (Organization_ID,Phone_Number) VALUES ("3119015", "2383987964");
INSERT INTO Org_Phone (Organization_ID,Phone_Number) VALUES ("3119034", "2312595377");
INSERT INTO Org_Phone (Organization_ID,Phone_Number) VALUES ("3119046", "2363791297");
INSERT INTO Org_Phone (Organization_ID,Phone_Number) VALUES ("3119043", "2650950312");
INSERT INTO Org_Phone (Organization_ID,Phone_Number) VALUES ("3119042", "2548182782");
INSERT INTO Org_Phone (Organization_ID,Phone_Number) VALUES ("3119006", "2656755780");
INSERT INTO Org_Phone (Organization_ID,Phone_Number) VALUES ("3119048", "2799605914");
INSERT INTO Org_Phone (Organization_ID,Phone_Number) VALUES ("3119019", "2456535189");
INSERT INTO Org_Phone (Organization_ID,Phone_Number) VALUES ("3119012", "2444683354");
INSERT INTO Org_Phone (Organization_ID,Phone_Number) VALUES ("3119020", "2172354776");
INSERT INTO Org_Phone (Organization_ID,Phone_Number) VALUES ("3119009", "2303390475");
INSERT INTO Org_Phone (Organization_ID,Phone_Number) VALUES ("3119040", "2152106043");
INSERT INTO Org_Phone (Organization_ID,Phone_Number) VALUES ("3119015", "2491721909");
INSERT INTO Org_Phone (Organization_ID,Phone_Number) VALUES ("3119002", "2138852745");
INSERT INTO Org_Phone (Organization_ID,Phone_Number) VALUES ("3119043", "2292076427");
INSERT INTO Org_Phone (Organization_ID,Phone_Number) VALUES ("3119038", "2306957970");
INSERT INTO Org_Phone (Organization_ID,Phone_Number) VALUES ("3119002", "2602123661");
INSERT INTO Org_Phone (Organization_ID,Phone_Number) VALUES ("3119004", "2395171440");
INSERT INTO Org_Phone (Organization_ID,Phone_Number) VALUES ("3119040", "2386196144");
INSERT INTO Org_Phone (Organization_ID,Phone_Number) VALUES ("3119047", "2519256314");
INSERT INTO Org_Phone (Organization_ID,Phone_Number) VALUES ("3119024", "2243692272");
INSERT INTO Org_Phone (Organization_ID,Phone_Number) VALUES ("3119008", "2728207992");
INSERT INTO Org_Phone (Organization_ID,Phone_Number) VALUES ("3119037", "2314238208");
INSERT INTO Org_Phone (Organization_ID,Phone_Number) VALUES ("3119021", "2528578396");
INSERT INTO Org_Phone (Organization_ID,Phone_Number) VALUES ("3119041", "2505986072");
INSERT INTO Org_Phone (Organization_ID,Phone_Number) VALUES ("3119032", "2138785868");
INSERT INTO Org_Phone (Organization_ID,Phone_Number) VALUES ("3119031", "2641765399");
INSERT INTO Org_Phone (Organization_ID,Phone_Number) VALUES ("3119019", "2376272883");
INSERT INTO Org_Phone (Organization_ID,Phone_Number) VALUES ("3119004", "2566325013");
INSERT INTO Org_Phone (Organization_ID,Phone_Number) VALUES ("3119023", "2676165218");
INSERT INTO Org_Phone (Organization_ID,Phone_Number) VALUES ("3119038", "2306167813");
INSERT INTO Org_Phone (Organization_ID,Phone_Number) VALUES ("3119040", "2798036587");
INSERT INTO Org_Phone (Organization_ID,Phone_Number) VALUES ("3119040", "2672768352");
INSERT INTO Org_Phone (Organization_ID,Phone_Number) VALUES ("3119037", "2572330132");
INSERT INTO Org_Phone (Organization_ID,Phone_Number) VALUES ("3119022", "2382590837");
INSERT INTO Org_Phone (Organization_ID,Phone_Number) VALUES ("3119048", "2341432595");
INSERT INTO Org_Phone (Organization_ID,Phone_Number) VALUES ("3119016", "2750800744");
INSERT INTO Org_Phone (Organization_ID,Phone_Number) VALUES ("3119046", "2641236541");
INSERT INTO Org_Phone (Organization_ID,Phone_Number) VALUES ("3119027", "2789141857");
INSERT INTO Org_Phone (Organization_ID,Phone_Number) VALUES ("3119032", "2728846005");
INSERT INTO Org_Phone (Organization_ID,Phone_Number) VALUES ("3119018", "2318749578");
INSERT INTO Org_Phone (Organization_ID,Phone_Number) VALUES ("3119045", "2442675485");
INSERT INTO Org_Phone (Organization_ID,Phone_Number) VALUES ("3119042", "2420515187");
INSERT INTO Org_Phone (Organization_ID,Phone_Number) VALUES ("3119022", "2614908488");
INSERT INTO Org_Phone (Organization_ID,Phone_Number) VALUES ("3119019", "2736582128");
INSERT INTO Org_Phone (Organization_ID,Phone_Number) VALUES ("3119047", "2611604835");
INSERT INTO Org_Phone (Organization_ID,Phone_Number) VALUES ("3119013", "2674356676");
INSERT INTO Org_Phone (Organization_ID,Phone_Number) VALUES ("3119045", "2630805784");
INSERT INTO Org_Phone (Organization_ID,Phone_Number) VALUES ("3119033", "2328037058");
INSERT INTO Org_Phone (Organization_ID,Phone_Number) VALUES ("3119004", "2718019976");
INSERT INTO Org_Phone (Organization_ID,Phone_Number) VALUES ("3119022", "2699829583");
INSERT INTO Org_Phone (Organization_ID,Phone_Number) VALUES ("3119015", "2753355518");
INSERT INTO Org_Phone (Organization_ID,Phone_Number) VALUES ("3119041", "2742448304");
INSERT INTO Org_Phone (Organization_ID,Phone_Number) VALUES ("3119045", "2407011524");
INSERT INTO Org_Phone (Organization_ID,Phone_Number) VALUES ("3119029", "2430208245");
INSERT INTO Org_Phone (Organization_ID,Phone_Number) VALUES ("3119010", "2761843144");
INSERT INTO Org_Phone (Organization_ID,Phone_Number) VALUES ("3119000", "2356183441");
INSERT INTO Org_Phone (Organization_ID,Phone_Number) VALUES ("3119031", "2559748443");
INSERT INTO Org_Phone (Organization_ID,Phone_Number) VALUES ("3119000", "2309685771");
INSERT INTO Org_Phone (Organization_ID,Phone_Number) VALUES ("3119031", "2303484297");
INSERT INTO Org_Phone (Organization_ID,Phone_Number) VALUES ("3119019", "2227570054");
INSERT INTO Org_Phone (Organization_ID,Phone_Number) VALUES ("3119020", "2161945151");
INSERT INTO Org_Phone (Organization_ID,Phone_Number) VALUES ("3119018", "2349037303");
INSERT INTO Org_Phone (Organization_ID,Phone_Number) VALUES ("3119033", "2560677728");
INSERT INTO Org_Phone (Organization_ID,Phone_Number) VALUES ("3119026", "2123394511");
INSERT INTO Org_Phone (Organization_ID,Phone_Number) VALUES ("3119025", "2494211727");
INSERT INTO Org_Phone (Organization_ID,Phone_Number) VALUES ("3119046", "2115730107");
INSERT INTO Org_Phone (Organization_ID,Phone_Number) VALUES ("3119038", "2319827637");
INSERT INTO Org_Phone (Organization_ID,Phone_Number) VALUES ("3119028", "2754505468");
INSERT INTO Org_Phone (Organization_ID,Phone_Number) VALUES ("3119035", "2186286499");
INSERT INTO Org_Phone (Organization_ID,Phone_Number) VALUES ("3119029", "2387699588");
INSERT INTO Org_Phone (Organization_ID,Phone_Number) VALUES ("3119011", "2163917140");
INSERT INTO Org_Phone (Organization_ID,Phone_Number) VALUES ("3119007", "2442140673");
INSERT INTO Org_Phone (Organization_ID,Phone_Number) VALUES ("3119010", "2130551102");
INSERT INTO Org_Phone (Organization_ID,Phone_Number) VALUES ("3119021", "2663667136");
INSERT INTO Org_Phone (Organization_ID,Phone_Number) VALUES ("3119022", "2551382013");
INSERT INTO Org_Phone (Organization_ID,Phone_Number) VALUES ("3119037", "2509140057");
INSERT INTO Org_Phone (Organization_ID,Phone_Number) VALUES ("3119044", "2628944827");
INSERT INTO Org_Phone (Organization_ID,Phone_Number) VALUES ("3119020", "2443324925");
INSERT INTO Org_Phone (Organization_ID,Phone_Number) VALUES ("3119016", "2299532054");
INSERT INTO Org_Phone (Organization_ID,Phone_Number) VALUES ("3119017", "2584355799");
INSERT INTO Org_Phone (Organization_ID,Phone_Number) VALUES ("3119015", "2497545065");
INSERT INTO Org_Phone (Organization_ID,Phone_Number) VALUES ("3119042", "2301079237");
INSERT INTO Org_Phone (Organization_ID,Phone_Number) VALUES ("3119005", "2374053203");
INSERT INTO Org_Phone (Organization_ID,Phone_Number) VALUES ("3119013", "2642396769");
INSERT INTO Org_Phone (Organization_ID,Phone_Number) VALUES ("3119011", "2493410366");
INSERT INTO Org_Phone (Organization_ID,Phone_Number) VALUES ("3119034", "2151530857");
INSERT INTO Org_Phone (Organization_ID,Phone_Number) VALUES ("3119018", "2769042132");
INSERT INTO Org_Phone (Organization_ID,Phone_Number) VALUES ("3119015", "2302879021");
INSERT INTO Org_Phone (Organization_ID,Phone_Number) VALUES ("3119013", "2463740600");
INSERT INTO Org_Phone (Organization_ID,Phone_Number) VALUES ("3119040", "2116702177");
INSERT INTO Org_Phone (Organization_ID,Phone_Number) VALUES ("3119040", "2262879427");
INSERT INTO Org_Phone (Organization_ID,Phone_Number) VALUES ("3119020", "2391634080");
INSERT INTO Org_Phone (Organization_ID,Phone_Number) VALUES ("3119029", "2398184413");
INSERT INTO Org_Phone (Organization_ID,Phone_Number) VALUES ("3119003", "2272618024");
INSERT INTO Org_Phone (Organization_ID,Phone_Number) VALUES ("3119006", "2426354380");
INSERT INTO Org_Phone (Organization_ID,Phone_Number) VALUES ("3119044", "2340083061");
INSERT INTO Org_Phone (Organization_ID,Phone_Number) VALUES ("3119021", "2724988467");
INSERT INTO Org_Phone (Organization_ID,Phone_Number) VALUES ("3119017", "2490827684");
INSERT INTO Org_Phone (Organization_ID,Phone_Number) VALUES ("3119009", "2467610254");
INSERT INTO Org_Phone (Organization_ID,Phone_Number) VALUES ("3119027", "2358990460");
INSERT INTO Org_Phone (Organization_ID,Phone_Number) VALUES ("3119009", "2578341004");
INSERT INTO Org_Phone (Organization_ID,Phone_Number) VALUES ("3119008", "2654401696");
INSERT INTO Org_Phone (Organization_ID,Phone_Number) VALUES ("3119045", "2497210935");
INSERT INTO Org_Phone (Organization_ID,Phone_Number) VALUES ("3119038", "2798254768");
INSERT INTO Org_Phone (Organization_ID,Phone_Number) VALUES ("3119013", "2124022665");
INSERT INTO Org_Phone (Organization_ID,Phone_Number) VALUES ("3119038", "2717893521");
INSERT INTO Org_Phone (Organization_ID,Phone_Number) VALUES ("3119036", "2784121669");
INSERT INTO Org_Phone (Organization_ID,Phone_Number) VALUES ("3119030", "2736971057");
INSERT INTO Org_Phone (Organization_ID,Phone_Number) VALUES ("3119018", "2455903392");
INSERT INTO Org_Phone (Organization_ID,Phone_Number) VALUES ("3119024", "2177262523");
INSERT INTO Org_Phone (Organization_ID,Phone_Number) VALUES ("3119045", "2672257649");
INSERT INTO Org_Phone (Organization_ID,Phone_Number) VALUES ("3119043", "2694682148");
INSERT INTO Org_Phone (Organization_ID,Phone_Number) VALUES ("3119019", "2649399109");
INSERT INTO Org_Phone (Organization_ID,Phone_Number) VALUES ("3119007", "2494848493");
INSERT INTO Org_Phone (Organization_ID,Phone_Number) VALUES ("3119021", "2754793413");
INSERT INTO Org_Phone (Organization_ID,Phone_Number) VALUES ("3119007", "2772908046");
INSERT INTO Org_Phone (Organization_ID,Phone_Number) VALUES ("3119046", "2523205936");
INSERT INTO Org_Phone (Organization_ID,Phone_Number) VALUES ("3119030", "2199066529");
INSERT INTO Org_Phone (Organization_ID,Phone_Number) VALUES ("3119000", "2293733994");
INSERT INTO Org_Phone (Organization_ID,Phone_Number) VALUES ("3119021", "2288060347");
INSERT INTO Org_Phone (Organization_ID,Phone_Number) VALUES ("3119016", "2772813850");
INSERT INTO Org_Phone (Organization_ID,Phone_Number) VALUES ("3119030", "2432795682");
INSERT INTO Org_Phone (Organization_ID,Phone_Number) VALUES ("3119013", "2669517066");
INSERT INTO Org_Phone (Organization_ID,Phone_Number) VALUES ("3119032", "2784025138");
INSERT INTO Org_Phone (Organization_ID,Phone_Number) VALUES ("3119023", "2408536038");
INSERT INTO Org_Phone (Organization_ID,Phone_Number) VALUES ("3119039", "2497824147");
INSERT INTO Org_Phone (Organization_ID,Phone_Number) VALUES ("3119005", "2477179445");
INSERT INTO Org_Phone (Organization_ID,Phone_Number) VALUES ("3119019", "2155683404");
INSERT INTO Org_Phone (Organization_ID,Phone_Number) VALUES ("3119005", "2547550572");
INSERT INTO Org_Phone (Organization_ID,Phone_Number) VALUES ("3119041", "2286980508");
INSERT INTO Org_Phone (Organization_ID,Phone_Number) VALUES ("3119041", "2137274727");
INSERT INTO Org_Phone (Organization_ID,Phone_Number) VALUES ("3119041", "2449057238");
INSERT INTO Org_Phone (Organization_ID,Phone_Number) VALUES ("3119044", "2127334855");
INSERT INTO Org_Phone (Organization_ID,Phone_Number) VALUES ("3119018", "2279136816");
INSERT INTO Org_Phone (Organization_ID,Phone_Number) VALUES ("3119010", "2193423681");
INSERT INTO Org_Phone (Organization_ID,Phone_Number) VALUES ("3119031", "2416275261");
INSERT INTO Org_Phone (Organization_ID,Phone_Number) VALUES ("3119043", "2383150858");
INSERT INTO Org_Phone (Organization_ID,Phone_Number) VALUES ("3119023", "2130681114");
INSERT INTO Org_Phone (Organization_ID,Phone_Number) VALUES ("3119018", "2557958927");
INSERT INTO Org_Phone (Organization_ID,Phone_Number) VALUES ("3119015", "2795984085");
INSERT INTO Org_Phone (Organization_ID,Phone_Number) VALUES ("3119003", "2723453004");
INSERT INTO Org_Phone (Organization_ID,Phone_Number) VALUES ("3119004", "2296850206");
INSERT INTO Org_Phone (Organization_ID,Phone_Number) VALUES ("3119045", "2635987456");
INSERT INTO Org_Phone (Organization_ID,Phone_Number) VALUES ("3119011", "2247444322");
INSERT INTO Org_Phone (Organization_ID,Phone_Number) VALUES ("3119018", "2193826675");
INSERT INTO Org_Phone (Organization_ID,Phone_Number) VALUES ("3119032", "2471252290");
INSERT INTO Org_Phone (Organization_ID,Phone_Number) VALUES ("3119041", "2421760193");
INSERT INTO Org_Phone (Organization_ID,Phone_Number) VALUES ("3119025", "2633116977");
INSERT INTO Org_Phone (Organization_ID,Phone_Number) VALUES ("3119049", "2525522191");
INSERT INTO Org_Phone (Organization_ID,Phone_Number) VALUES ("3119037", "2346607584");
INSERT INTO Org_Phone (Organization_ID,Phone_Number) VALUES ("3119028", "2498960076");
INSERT INTO Org_Phone (Organization_ID,Phone_Number) VALUES ("3119007", "2199796936");
INSERT INTO Org_Phone (Organization_ID,Phone_Number) VALUES ("3119012", "2769157007");
INSERT INTO Org_Phone (Organization_ID,Phone_Number) VALUES ("3119037", "2293216704");
INSERT INTO Org_Phone (Organization_ID,Phone_Number) VALUES ("3119049", "2156627113");
INSERT INTO Org_Phone (Organization_ID,Phone_Number) VALUES ("3119030", "2650812241");
INSERT INTO Org_Phone (Organization_ID,Phone_Number) VALUES ("3119004", "2460447774");
INSERT INTO Org_Phone (Organization_ID,Phone_Number) VALUES ("3119042", "2794906455");
INSERT INTO Org_Phone (Organization_ID,Phone_Number) VALUES ("3119002", "2708277213");
INSERT INTO Org_Phone (Organization_ID,Phone_Number) VALUES ("3119047", "2383882835");
INSERT INTO Org_Phone (Organization_ID,Phone_Number) VALUES ("3119039", "2740960948");
INSERT INTO Org_Phone (Organization_ID,Phone_Number) VALUES ("3119030", "2516679045");
INSERT INTO Org_Phone (Organization_ID,Phone_Number) VALUES ("3119019", "2154841944");
INSERT INTO Org_Phone (Organization_ID,Phone_Number) VALUES ("3119019", "2163818958");
INSERT INTO Org_Phone (Organization_ID,Phone_Number) VALUES ("3119020", "2213223032");
INSERT INTO Org_Phone (Organization_ID,Phone_Number) VALUES ("3119005", "2448502471");
INSERT INTO Org_Phone (Organization_ID,Phone_Number) VALUES ("3119007", "2555806361");
INSERT INTO Org_Phone (Organization_ID,Phone_Number) VALUES ("3119014", "2775648558");
INSERT INTO Org_Phone (Organization_ID,Phone_Number) VALUES ("3119012", "2762754308");
INSERT INTO Org_Phone (Organization_ID,Phone_Number) VALUES ("3119030", "2545632424");
INSERT INTO Org_Phone (Organization_ID,Phone_Number) VALUES ("3119000", "2763106621");
INSERT INTO Org_Phone (Organization_ID,Phone_Number) VALUES ("3119037", "2767586299");
INSERT INTO Org_Phone (Organization_ID,Phone_Number) VALUES ("3119008", "2497350200");
INSERT INTO Org_Phone (Organization_ID,Phone_Number) VALUES ("3119040", "2555493768");
INSERT INTO Org_Phone (Organization_ID,Phone_Number) VALUES ("3119037", "2579942282");
INSERT INTO Org_Phone (Organization_ID,Phone_Number) VALUES ("3119034", "2257813530");
INSERT INTO Org_Phone (Organization_ID,Phone_Number) VALUES ("3119015", "2123389201");
INSERT INTO Org_Phone (Organization_ID,Phone_Number) VALUES ("3119018", "2204579293");
INSERT INTO Org_Phone (Organization_ID,Phone_Number) VALUES ("3119038", "2383293540");
INSERT INTO Org_Phone (Organization_ID,Phone_Number) VALUES ("3119021", "2273618173");
INSERT INTO Org_Phone (Organization_ID,Phone_Number) VALUES ("3119003", "2386873667");
INSERT INTO Org_Phone (Organization_ID,Phone_Number) VALUES ("3119023", "2726168731");
INSERT INTO Org_Phone (Organization_ID,Phone_Number) VALUES ("3119004", "2456411453");
INSERT INTO Org_Phone (Organization_ID,Phone_Number) VALUES ("3119043", "2226906954");
INSERT INTO Org_Phone (Organization_ID,Phone_Number) VALUES ("3119045", "2619173964");
INSERT INTO Org_Phone (Organization_ID,Phone_Number) VALUES ("3119037", "2171973207");
INSERT INTO Org_Phone (Organization_ID,Phone_Number) VALUES ("3119018", "2687956567");
INSERT INTO Org_Phone (Organization_ID,Phone_Number) VALUES ("3119042", "2556635221");
INSERT INTO Org_Phone (Organization_ID,Phone_Number) VALUES ("3119034", "2314777935");
INSERT INTO Org_Phone (Organization_ID,Phone_Number) VALUES ("3119034", "2617905837");
INSERT INTO Org_Phone (Organization_ID,Phone_Number) VALUES ("3119012", "2459069887");
INSERT INTO Org_Phone (Organization_ID,Phone_Number) VALUES ("3119001", "2323941522");
INSERT INTO Org_Phone (Organization_ID,Phone_Number) VALUES ("3119042", "2730678637");
INSERT INTO Org_Phone (Organization_ID,Phone_Number) VALUES ("3119021", "2298039293");
INSERT INTO Org_Phone (Organization_ID,Phone_Number) VALUES ("3119035", "2185586034");
INSERT INTO Org_Phone (Organization_ID,Phone_Number) VALUES ("3119047", "2462586696");
INSERT INTO Org_Phone (Organization_ID,Phone_Number) VALUES ("3119008", "2368051296");
INSERT INTO Org_Phone (Organization_ID,Phone_Number) VALUES ("3119049", "2304549439");
INSERT INTO Org_Phone (Organization_ID,Phone_Number) VALUES ("3119017", "2118506765");
INSERT INTO Org_Phone (Organization_ID,Phone_Number) VALUES ("3119036", "2487196825");
INSERT INTO Org_Phone (Organization_ID,Phone_Number) VALUES ("3119027", "2399322380");
INSERT INTO Org_Phone (Organization_ID,Phone_Number) VALUES ("3119022", "2527523904");
INSERT INTO Org_Phone (Organization_ID,Phone_Number) VALUES ("3119020", "2653360592");
INSERT INTO Org_Phone (Organization_ID,Phone_Number) VALUES ("3119047", "2325922864");
INSERT INTO Org_Phone (Organization_ID,Phone_Number) VALUES ("3119004", "2549628218");
INSERT INTO Org_Phone (Organization_ID,Phone_Number) VALUES ("3119001", "2634429065");
INSERT INTO Org_Phone (Organization_ID,Phone_Number) VALUES ("3119019", "2124487127");
INSERT INTO Org_Phone (Organization_ID,Phone_Number) VALUES ("3119037", "2172570737");
INSERT INTO Org_Phone (Organization_ID,Phone_Number) VALUES ("3119033", "2410915331");
INSERT INTO Org_Phone (Organization_ID,Phone_Number) VALUES ("3119049", "2203046647");
INSERT INTO Org_Phone (Organization_ID,Phone_Number) VALUES ("3119006", "2536102768");
INSERT INTO Org_Phone (Organization_ID,Phone_Number) VALUES ("3119020", "2248139038");
INSERT INTO Org_Phone (Organization_ID,Phone_Number) VALUES ("3119034", "2446952028");
INSERT INTO Org_Phone (Organization_ID,Phone_Number) VALUES ("3119000", "2359677700");
INSERT INTO Org_Phone (Organization_ID,Phone_Number) VALUES ("3119035", "2169222157");
INSERT INTO Org_Phone (Organization_ID,Phone_Number) VALUES ("3119010", "2154953638");
INSERT INTO Org_Phone (Organization_ID,Phone_Number) VALUES ("3119025", "2696062667");
INSERT INTO Org_Phone (Organization_ID,Phone_Number) VALUES ("3119006", "2135919822");
INSERT INTO Org_Phone (Organization_ID,Phone_Number) VALUES ("3119044", "2683668479");
INSERT INTO Org_Phone (Organization_ID,Phone_Number) VALUES ("3119040", "2126537138");
INSERT INTO Org_Phone (Organization_ID,Phone_Number) VALUES ("3119041", "2651981435");
INSERT INTO Refers_To (Field_ID,Project_ID) VALUES ("9", "3119000");
INSERT INTO Refers_To (Field_ID,Project_ID) VALUES ("3", "3119001");
INSERT INTO Refers_To (Field_ID,Project_ID) VALUES ("7", "3119002");
INSERT INTO Refers_To (Field_ID,Project_ID) VALUES ("1", "3119003");
INSERT INTO Refers_To (Field_ID,Project_ID) VALUES ("6", "3119004");
INSERT INTO Refers_To (Field_ID,Project_ID) VALUES ("2", "3119005");
INSERT INTO Refers_To (Field_ID,Project_ID) VALUES ("8", "3119006");
INSERT INTO Refers_To (Field_ID,Project_ID) VALUES ("8", "3119007");
INSERT INTO Refers_To (Field_ID,Project_ID) VALUES ("12", "3119008");
INSERT INTO Refers_To (Field_ID,Project_ID) VALUES ("8", "3119009");
INSERT INTO Refers_To (Field_ID,Project_ID) VALUES ("8", "3119010");
INSERT INTO Refers_To (Field_ID,Project_ID) VALUES ("11", "3119011");
INSERT INTO Refers_To (Field_ID,Project_ID) VALUES ("7", "3119012");
INSERT INTO Refers_To (Field_ID,Project_ID) VALUES ("3", "3119013");
INSERT INTO Refers_To (Field_ID,Project_ID) VALUES ("4", "3119014");
INSERT INTO Refers_To (Field_ID,Project_ID) VALUES ("3", "3119015");
INSERT INTO Refers_To (Field_ID,Project_ID) VALUES ("9", "3119016");
INSERT INTO Refers_To (Field_ID,Project_ID) VALUES ("6", "3119017");
INSERT INTO Refers_To (Field_ID,Project_ID) VALUES ("11", "3119018");
INSERT INTO Refers_To (Field_ID,Project_ID) VALUES ("1", "3119019");
INSERT INTO Refers_To (Field_ID,Project_ID) VALUES ("5", "3119020");
INSERT INTO Refers_To (Field_ID,Project_ID) VALUES ("3", "3119021");
INSERT INTO Refers_To (Field_ID,Project_ID) VALUES ("7", "3119022");
INSERT INTO Refers_To (Field_ID,Project_ID) VALUES ("7", "3119023");
INSERT INTO Refers_To (Field_ID,Project_ID) VALUES ("3", "3119024");
INSERT INTO Refers_To (Field_ID,Project_ID) VALUES ("6", "3119025");
INSERT INTO Refers_To (Field_ID,Project_ID) VALUES ("2", "3119026");
INSERT INTO Refers_To (Field_ID,Project_ID) VALUES ("2", "3119027");
INSERT INTO Refers_To (Field_ID,Project_ID) VALUES ("5", "3119028");
INSERT INTO Refers_To (Field_ID,Project_ID) VALUES ("3", "3119029");
INSERT INTO Refers_To (Field_ID,Project_ID) VALUES ("10", "3119030");
INSERT INTO Refers_To (Field_ID,Project_ID) VALUES ("3", "3119031");
INSERT INTO Refers_To (Field_ID,Project_ID) VALUES ("3", "3119032");
INSERT INTO Refers_To (Field_ID,Project_ID) VALUES ("1", "3119033");
INSERT INTO Refers_To (Field_ID,Project_ID) VALUES ("2", "3119034");
INSERT INTO Refers_To (Field_ID,Project_ID) VALUES ("11", "3119035");
INSERT INTO Refers_To (Field_ID,Project_ID) VALUES ("4", "3119036");
INSERT INTO Refers_To (Field_ID,Project_ID) VALUES ("8", "3119037");
INSERT INTO Refers_To (Field_ID,Project_ID) VALUES ("6", "3119038");
INSERT INTO Refers_To (Field_ID,Project_ID) VALUES ("3", "3119039");
INSERT INTO Refers_To (Field_ID,Project_ID) VALUES ("3", "3119040");
INSERT INTO Refers_To (Field_ID,Project_ID) VALUES ("10", "3119041");
INSERT INTO Refers_To (Field_ID,Project_ID) VALUES ("9", "3119042");
INSERT INTO Refers_To (Field_ID,Project_ID) VALUES ("8", "3119043");
INSERT INTO Refers_To (Field_ID,Project_ID) VALUES ("10", "3119044");
INSERT INTO Refers_To (Field_ID,Project_ID) VALUES ("7", "3119045");
INSERT INTO Refers_To (Field_ID,Project_ID) VALUES ("9", "3119046");
INSERT INTO Refers_To (Field_ID,Project_ID) VALUES ("4", "3119047");
INSERT INTO Refers_To (Field_ID,Project_ID) VALUES ("9", "3119048");
INSERT INTO Refers_To (Field_ID,Project_ID) VALUES ("12", "3119049");
INSERT INTO Refers_To (Field_ID,Project_ID) VALUES ("7", "3119050");
INSERT INTO Refers_To (Field_ID,Project_ID) VALUES ("9", "3119051");
INSERT INTO Refers_To (Field_ID,Project_ID) VALUES ("12", "3119052");
INSERT INTO Refers_To (Field_ID,Project_ID) VALUES ("9", "3119053");
INSERT INTO Refers_To (Field_ID,Project_ID) VALUES ("4", "3119054");
INSERT INTO Refers_To (Field_ID,Project_ID) VALUES ("12", "3119055");
INSERT INTO Refers_To (Field_ID,Project_ID) VALUES ("4", "3119056");
INSERT INTO Refers_To (Field_ID,Project_ID) VALUES ("4", "3119057");
INSERT INTO Refers_To (Field_ID,Project_ID) VALUES ("12", "3119058");
INSERT INTO Refers_To (Field_ID,Project_ID) VALUES ("3", "3119059");
INSERT INTO Refers_To (Field_ID,Project_ID) VALUES ("12", "3119060");
INSERT INTO Refers_To (Field_ID,Project_ID) VALUES ("4", "3119061");
INSERT INTO Refers_To (Field_ID,Project_ID) VALUES ("3", "3119062");
INSERT INTO Refers_To (Field_ID,Project_ID) VALUES ("11", "3119063");
INSERT INTO Refers_To (Field_ID,Project_ID) VALUES ("5", "3119064");
INSERT INTO Refers_To (Field_ID,Project_ID) VALUES ("9", "3119065");
INSERT INTO Refers_To (Field_ID,Project_ID) VALUES ("12", "3119066");
INSERT INTO Refers_To (Field_ID,Project_ID) VALUES ("12", "3119067");
INSERT INTO Refers_To (Field_ID,Project_ID) VALUES ("5", "3119068");
INSERT INTO Refers_To (Field_ID,Project_ID) VALUES ("7", "3119069");
INSERT INTO Refers_To (Field_ID,Project_ID) VALUES ("10", "3119070");
INSERT INTO Refers_To (Field_ID,Project_ID) VALUES ("6", "3119071");
INSERT INTO Refers_To (Field_ID,Project_ID) VALUES ("11", "3119072");
INSERT INTO Refers_To (Field_ID,Project_ID) VALUES ("7", "3119073");
INSERT INTO Refers_To (Field_ID,Project_ID) VALUES ("1", "3119074");
INSERT INTO Refers_To (Field_ID,Project_ID) VALUES ("7", "3119075");
INSERT INTO Refers_To (Field_ID,Project_ID) VALUES ("4", "3119076");
INSERT INTO Refers_To (Field_ID,Project_ID) VALUES ("8", "3119077");
INSERT INTO Refers_To (Field_ID,Project_ID) VALUES ("4", "3119078");
INSERT INTO Refers_To (Field_ID,Project_ID) VALUES ("6", "3119079");
INSERT INTO Refers_To (Field_ID,Project_ID) VALUES ("11", "3119080");
INSERT INTO Refers_To (Field_ID,Project_ID) VALUES ("2", "3119081");
INSERT INTO Refers_To (Field_ID,Project_ID) VALUES ("6", "3119082");
INSERT INTO Refers_To (Field_ID,Project_ID) VALUES ("4", "3119083");
INSERT INTO Refers_To (Field_ID,Project_ID) VALUES ("9", "3119084");
INSERT INTO Refers_To (Field_ID,Project_ID) VALUES ("9", "3119085");
INSERT INTO Refers_To (Field_ID,Project_ID) VALUES ("11", "3119086");
INSERT INTO Refers_To (Field_ID,Project_ID) VALUES ("8", "3119087");
INSERT INTO Refers_To (Field_ID,Project_ID) VALUES ("12", "3119088");
INSERT INTO Refers_To (Field_ID,Project_ID) VALUES ("8", "3119089");
INSERT INTO Refers_To (Field_ID,Project_ID) VALUES ("9", "3119090");
INSERT INTO Refers_To (Field_ID,Project_ID) VALUES ("9", "3119091");
INSERT INTO Refers_To (Field_ID,Project_ID) VALUES ("5", "3119092");
INSERT INTO Refers_To (Field_ID,Project_ID) VALUES ("2", "3119093");
INSERT INTO Refers_To (Field_ID,Project_ID) VALUES ("9", "3119094");
INSERT INTO Refers_To (Field_ID,Project_ID) VALUES ("8", "3119095");
INSERT INTO Refers_To (Field_ID,Project_ID) VALUES ("10", "3119096");
INSERT INTO Refers_To (Field_ID,Project_ID) VALUES ("2", "3119097");
INSERT INTO Refers_To (Field_ID,Project_ID) VALUES ("7", "3119098");
INSERT INTO Refers_To (Field_ID,Project_ID) VALUES ("9", "3119099");
INSERT INTO Refers_To (Field_ID,Project_ID) VALUES ("11", "3119100");
INSERT INTO Refers_To (Field_ID,Project_ID) VALUES ("2", "3119101");
INSERT INTO Refers_To (Field_ID,Project_ID) VALUES ("11", "3119102");
INSERT INTO Refers_To (Field_ID,Project_ID) VALUES ("11", "3119103");
INSERT INTO Refers_To (Field_ID,Project_ID) VALUES ("6", "3119104");
INSERT INTO Refers_To (Field_ID,Project_ID) VALUES ("6", "3119105");
INSERT INTO Refers_To (Field_ID,Project_ID) VALUES ("2", "3119106");
INSERT INTO Refers_To (Field_ID,Project_ID) VALUES ("9", "3119107");
INSERT INTO Refers_To (Field_ID,Project_ID) VALUES ("4", "3119108");
INSERT INTO Refers_To (Field_ID,Project_ID) VALUES ("7", "3119109");
INSERT INTO Refers_To (Field_ID,Project_ID) VALUES ("11", "3119110");
INSERT INTO Refers_To (Field_ID,Project_ID) VALUES ("9", "3119111");
INSERT INTO Refers_To (Field_ID,Project_ID) VALUES ("3", "3119112");
INSERT INTO Refers_To (Field_ID,Project_ID) VALUES ("12", "3119113");
INSERT INTO Refers_To (Field_ID,Project_ID) VALUES ("11", "3119114");
INSERT INTO Refers_To (Field_ID,Project_ID) VALUES ("3", "3119115");
INSERT INTO Refers_To (Field_ID,Project_ID) VALUES ("3", "3119116");
INSERT INTO Refers_To (Field_ID,Project_ID) VALUES ("2", "3119117");
INSERT INTO Refers_To (Field_ID,Project_ID) VALUES ("12", "3119118");
INSERT INTO Refers_To (Field_ID,Project_ID) VALUES ("3", "3119119");
INSERT INTO Refers_To (Field_ID,Project_ID) VALUES ("10", "3119120");
INSERT INTO Refers_To (Field_ID,Project_ID) VALUES ("1", "3119121");
INSERT INTO Refers_To (Field_ID,Project_ID) VALUES ("2", "3119122");
INSERT INTO Refers_To (Field_ID,Project_ID) VALUES ("1", "3119123");
INSERT INTO Refers_To (Field_ID,Project_ID) VALUES ("10", "3119124");
INSERT INTO Refers_To (Field_ID,Project_ID) VALUES ("11", "3119125");
INSERT INTO Refers_To (Field_ID,Project_ID) VALUES ("4", "3119126");
INSERT INTO Refers_To (Field_ID,Project_ID) VALUES ("12", "3119127");
INSERT INTO Refers_To (Field_ID,Project_ID) VALUES ("11", "3119128");
INSERT INTO Refers_To (Field_ID,Project_ID) VALUES ("6", "3119129");
INSERT INTO Refers_To (Field_ID,Project_ID) VALUES ("1", "3119130");
INSERT INTO Refers_To (Field_ID,Project_ID) VALUES ("8", "3119131");
INSERT INTO Refers_To (Field_ID,Project_ID) VALUES ("4", "3119132");
INSERT INTO Refers_To (Field_ID,Project_ID) VALUES ("11", "3119133");
INSERT INTO Refers_To (Field_ID,Project_ID) VALUES ("5", "3119134");
INSERT INTO Refers_To (Field_ID,Project_ID) VALUES ("5", "3119135");
INSERT INTO Refers_To (Field_ID,Project_ID) VALUES ("9", "3119136");
INSERT INTO Refers_To (Field_ID,Project_ID) VALUES ("8", "3119137");
INSERT INTO Refers_To (Field_ID,Project_ID) VALUES ("6", "3119138");
INSERT INTO Refers_To (Field_ID,Project_ID) VALUES ("4", "3119139");
INSERT INTO Refers_To (Field_ID,Project_ID) VALUES ("6", "3119140");
INSERT INTO Refers_To (Field_ID,Project_ID) VALUES ("3", "3119141");
INSERT INTO Refers_To (Field_ID,Project_ID) VALUES ("10", "3119142");
INSERT INTO Refers_To (Field_ID,Project_ID) VALUES ("12", "3119143");
INSERT INTO Refers_To (Field_ID,Project_ID) VALUES ("10", "3119144");
INSERT INTO Refers_To (Field_ID,Project_ID) VALUES ("4", "3119145");
INSERT INTO Refers_To (Field_ID,Project_ID) VALUES ("11", "3119146");
INSERT INTO Refers_To (Field_ID,Project_ID) VALUES ("7", "3119147");
INSERT INTO Refers_To (Field_ID,Project_ID) VALUES ("11", "3119148");
INSERT INTO Refers_To (Field_ID,Project_ID) VALUES ("8", "3119149");
INSERT INTO Refers_To (Field_ID,Project_ID) VALUES ("7", "3119150");
INSERT INTO Refers_To (Field_ID,Project_ID) VALUES ("7", "3119151");
INSERT INTO Refers_To (Field_ID,Project_ID) VALUES ("7", "3119152");
INSERT INTO Refers_To (Field_ID,Project_ID) VALUES ("4", "3119153");
INSERT INTO Refers_To (Field_ID,Project_ID) VALUES ("3", "3119154");
INSERT INTO Refers_To (Field_ID,Project_ID) VALUES ("8", "3119155");
INSERT INTO Refers_To (Field_ID,Project_ID) VALUES ("1", "3119156");
INSERT INTO Refers_To (Field_ID,Project_ID) VALUES ("7", "3119157");
INSERT INTO Refers_To (Field_ID,Project_ID) VALUES ("5", "3119158");
INSERT INTO Refers_To (Field_ID,Project_ID) VALUES ("12", "3119159");
INSERT INTO Refers_To (Field_ID,Project_ID) VALUES ("8", "3119160");
INSERT INTO Refers_To (Field_ID,Project_ID) VALUES ("6", "3119161");
INSERT INTO Refers_To (Field_ID,Project_ID) VALUES ("7", "3119162");
INSERT INTO Refers_To (Field_ID,Project_ID) VALUES ("6", "3119163");
INSERT INTO Refers_To (Field_ID,Project_ID) VALUES ("7", "3119164");
INSERT INTO Refers_To (Field_ID,Project_ID) VALUES ("4", "3119165");
INSERT INTO Refers_To (Field_ID,Project_ID) VALUES ("12", "3119166");
INSERT INTO Refers_To (Field_ID,Project_ID) VALUES ("3", "3119167");
INSERT INTO Refers_To (Field_ID,Project_ID) VALUES ("1", "3119168");
INSERT INTO Refers_To (Field_ID,Project_ID) VALUES ("10", "3119169");
INSERT INTO Refers_To (Field_ID,Project_ID) VALUES ("7", "3119170");
INSERT INTO Refers_To (Field_ID,Project_ID) VALUES ("1", "3119171");
INSERT INTO Refers_To (Field_ID,Project_ID) VALUES ("3", "3119172");
INSERT INTO Refers_To (Field_ID,Project_ID) VALUES ("3", "3119173");
INSERT INTO Refers_To (Field_ID,Project_ID) VALUES ("8", "3119174");
INSERT INTO Refers_To (Field_ID,Project_ID) VALUES ("7", "3119175");
INSERT INTO Refers_To (Field_ID,Project_ID) VALUES ("1", "3119176");
INSERT INTO Refers_To (Field_ID,Project_ID) VALUES ("7", "3119177");
INSERT INTO Refers_To (Field_ID,Project_ID) VALUES ("1", "3119178");
INSERT INTO Refers_To (Field_ID,Project_ID) VALUES ("2", "3119179");
INSERT INTO Refers_To (Field_ID,Project_ID) VALUES ("1", "3119180");
INSERT INTO Refers_To (Field_ID,Project_ID) VALUES ("8", "3119181");
INSERT INTO Refers_To (Field_ID,Project_ID) VALUES ("3", "3119182");
INSERT INTO Refers_To (Field_ID,Project_ID) VALUES ("7", "3119183");
INSERT INTO Refers_To (Field_ID,Project_ID) VALUES ("2", "3119184");
INSERT INTO Refers_To (Field_ID,Project_ID) VALUES ("11", "3119185");
INSERT INTO Refers_To (Field_ID,Project_ID) VALUES ("3", "3119186");
INSERT INTO Refers_To (Field_ID,Project_ID) VALUES ("8", "3119187");
INSERT INTO Refers_To (Field_ID,Project_ID) VALUES ("5", "3119188");
INSERT INTO Refers_To (Field_ID,Project_ID) VALUES ("4", "3119189");
INSERT INTO Refers_To (Field_ID,Project_ID) VALUES ("7", "3119190");
INSERT INTO Refers_To (Field_ID,Project_ID) VALUES ("3", "3119191");
INSERT INTO Refers_To (Field_ID,Project_ID) VALUES ("4", "3119192");
INSERT INTO Refers_To (Field_ID,Project_ID) VALUES ("11", "3119193");
INSERT INTO Refers_To (Field_ID,Project_ID) VALUES ("4", "3119194");
INSERT INTO Refers_To (Field_ID,Project_ID) VALUES ("9", "3119195");
INSERT INTO Refers_To (Field_ID,Project_ID) VALUES ("8", "3119196");
INSERT INTO Refers_To (Field_ID,Project_ID) VALUES ("1", "3119197");
INSERT INTO Refers_To (Field_ID,Project_ID) VALUES ("4", "3119198");
INSERT INTO Refers_To (Field_ID,Project_ID) VALUES ("4", "3119199");
INSERT INTO Refers_To (Field_ID,Project_ID) VALUES ("11", "3119000");
INSERT INTO Refers_To (Field_ID,Project_ID) VALUES ("1", "3119001");
INSERT INTO Refers_To (Field_ID,Project_ID) VALUES ("2", "3119002");
INSERT INTO Refers_To (Field_ID,Project_ID) VALUES ("6", "3119003");
INSERT INTO Refers_To (Field_ID,Project_ID) VALUES ("9", "3119004");
INSERT INTO Refers_To (Field_ID,Project_ID) VALUES ("3", "3119005");
INSERT INTO Refers_To (Field_ID,Project_ID) VALUES ("1", "3119006");
INSERT INTO Refers_To (Field_ID,Project_ID) VALUES ("2", "3119007");
INSERT INTO Refers_To (Field_ID,Project_ID) VALUES ("3", "3119008");
INSERT INTO Refers_To (Field_ID,Project_ID) VALUES ("6", "3119009");
INSERT INTO Refers_To (Field_ID,Project_ID) VALUES ("1", "3119010");
INSERT INTO Refers_To (Field_ID,Project_ID) VALUES ("9", "3119011");
INSERT INTO Refers_To (Field_ID,Project_ID) VALUES ("4", "3119012");
INSERT INTO Refers_To (Field_ID,Project_ID) VALUES ("4", "3119013");
INSERT INTO Refers_To (Field_ID,Project_ID) VALUES ("6", "3119014");
INSERT INTO Refers_To (Field_ID,Project_ID) VALUES ("1", "3119015");
INSERT INTO Refers_To (Field_ID,Project_ID) VALUES ("10", "3119016");
INSERT INTO Refers_To (Field_ID,Project_ID) VALUES ("8", "3119017");
INSERT INTO Refers_To (Field_ID,Project_ID) VALUES ("2", "3119018");
INSERT INTO Refers_To (Field_ID,Project_ID) VALUES ("6", "3119019");
INSERT INTO Refers_To (Field_ID,Project_ID) VALUES ("7", "3119020");
INSERT INTO Refers_To (Field_ID,Project_ID) VALUES ("5", "3119021");
INSERT INTO Refers_To (Field_ID,Project_ID) VALUES ("8", "3119022");
INSERT INTO Refers_To (Field_ID,Project_ID) VALUES ("12", "3119023");
INSERT INTO Refers_To (Field_ID,Project_ID) VALUES ("4", "3119024");
INSERT INTO Refers_To (Field_ID,Project_ID) VALUES ("3", "3119025");
INSERT INTO Refers_To (Field_ID,Project_ID) VALUES ("11", "3119026");
INSERT INTO Refers_To (Field_ID,Project_ID) VALUES ("6", "3119027");
INSERT INTO Refers_To (Field_ID,Project_ID) VALUES ("7", "3119029");
INSERT INTO Refers_To (Field_ID,Project_ID) VALUES ("7", "3119030");
INSERT INTO Refers_To (Field_ID,Project_ID) VALUES ("12", "3119031");
INSERT INTO Refers_To (Field_ID,Project_ID) VALUES ("1", "3119032");
INSERT INTO Refers_To (Field_ID,Project_ID) VALUES ("11", "3119033");
INSERT INTO Refers_To (Field_ID,Project_ID) VALUES ("5", "3119034");
INSERT INTO Refers_To (Field_ID,Project_ID) VALUES ("9", "3119035");
INSERT INTO Refers_To (Field_ID,Project_ID) VALUES ("5", "3119036");
INSERT INTO Refers_To (Field_ID,Project_ID) VALUES ("9", "3119037");
INSERT INTO Refers_To (Field_ID,Project_ID) VALUES ("11", "3119038");
INSERT INTO Refers_To (Field_ID,Project_ID) VALUES ("1", "3119039");
INSERT INTO Refers_To (Field_ID,Project_ID) VALUES ("6", "3119040");
INSERT INTO Refers_To (Field_ID,Project_ID) VALUES ("1", "3119041");
INSERT INTO Refers_To (Field_ID,Project_ID) VALUES ("1", "3119042");
INSERT INTO Refers_To (Field_ID,Project_ID) VALUES ("9", "3119043");
INSERT INTO Refers_To (Field_ID,Project_ID) VALUES ("4", "3119044");
INSERT INTO Refers_To (Field_ID,Project_ID) VALUES ("5", "3119045");
INSERT INTO Refers_To (Field_ID,Project_ID) VALUES ("5", "3119046");
INSERT INTO Refers_To (Field_ID,Project_ID) VALUES ("9", "3119047");
INSERT INTO Refers_To (Field_ID,Project_ID) VALUES ("3", "3119048");
INSERT INTO Refers_To (Field_ID,Project_ID) VALUES ("1", "3119049");
INSERT INTO Refers_To (Field_ID,Project_ID) VALUES ("8", "3119050");
INSERT INTO Refers_To (Field_ID,Project_ID) VALUES ("6", "3119051");
INSERT INTO Refers_To (Field_ID,Project_ID) VALUES ("11", "3119052");
INSERT INTO Refers_To (Field_ID,Project_ID) VALUES ("4", "3119053");
INSERT INTO Refers_To (Field_ID,Project_ID) VALUES ("11", "3119054");
INSERT INTO Refers_To (Field_ID,Project_ID) VALUES ("7", "3119055");
INSERT INTO Refers_To (Field_ID,Project_ID) VALUES ("1", "3119056");
INSERT INTO Refers_To (Field_ID,Project_ID) VALUES ("6", "3119057");
INSERT INTO Refers_To (Field_ID,Project_ID) VALUES ("4", "3119059");
INSERT INTO Refers_To (Field_ID,Project_ID) VALUES ("7", "3119060");
INSERT INTO Refers_To (Field_ID,Project_ID) VALUES ("3", "3119061");
INSERT INTO Refers_To (Field_ID,Project_ID) VALUES ("1", "3119062");
INSERT INTO Refers_To (Field_ID,Project_ID) VALUES ("4", "3119063");
INSERT INTO Refers_To (Field_ID,Project_ID) VALUES ("6", "3119064");
INSERT INTO Refers_To (Field_ID,Project_ID) VALUES ("12", "3119065");
INSERT INTO Refers_To (Field_ID,Project_ID) VALUES ("5", "3119066");
INSERT INTO Refers_To (Field_ID,Project_ID) VALUES ("3", "3119067");
INSERT INTO Refers_To (Field_ID,Project_ID) VALUES ("9", "3119068");
INSERT INTO Refers_To (Field_ID,Project_ID) VALUES ("3", "3119069");
INSERT INTO Refers_To (Field_ID,Project_ID) VALUES ("11", "3119070");
INSERT INTO Refers_To (Field_ID,Project_ID) VALUES ("1", "3119071");
INSERT INTO Refers_To (Field_ID,Project_ID) VALUES ("5", "3119072");
INSERT INTO Refers_To (Field_ID,Project_ID) VALUES ("5", "3119073");
INSERT INTO Refers_To (Field_ID,Project_ID) VALUES ("4", "3119074");
INSERT INTO Refers_To (Field_ID,Project_ID) VALUES ("5", "3119075");
INSERT INTO Refers_To (Field_ID,Project_ID) VALUES ("7", "3119076");
INSERT INTO Refers_To (Field_ID,Project_ID) VALUES ("6", "3119077");
INSERT INTO Refers_To (Field_ID,Project_ID) VALUES ("10", "3119078");
INSERT INTO Refers_To (Field_ID,Project_ID) VALUES ("9", "3119080");
INSERT INTO Refers_To (Field_ID,Project_ID) VALUES ("4", "3119081");
INSERT INTO Refers_To (Field_ID,Project_ID) VALUES ("3", "3119082");
INSERT INTO Refers_To (Field_ID,Project_ID) VALUES ("8", "3119083");
INSERT INTO Refers_To (Field_ID,Project_ID) VALUES ("3", "3119084");
INSERT INTO Refers_To (Field_ID,Project_ID) VALUES ("5", "3119085");
INSERT INTO Refers_To (Field_ID,Project_ID) VALUES ("2", "3119086");
INSERT INTO Refers_To (Field_ID,Project_ID) VALUES ("4", "3119087");
INSERT INTO Refers_To (Field_ID,Project_ID) VALUES ("8", "3119088");
INSERT INTO Refers_To (Field_ID,Project_ID) VALUES ("2", "3119089");
INSERT INTO Refers_To (Field_ID,Project_ID) VALUES ("3", "3119090");
INSERT INTO Refers_To (Field_ID,Project_ID) VALUES ("10", "3119091");
INSERT INTO Refers_To (Field_ID,Project_ID) VALUES ("2", "3119092");
INSERT INTO Refers_To (Field_ID,Project_ID) VALUES ("8", "3119093");
INSERT INTO Refers_To (Field_ID,Project_ID) VALUES ("1", "3119094");
INSERT INTO Refers_To (Field_ID,Project_ID) VALUES ("9", "3119095");
INSERT INTO Refers_To (Field_ID,Project_ID) VALUES ("8", "3119096");
INSERT INTO Refers_To (Field_ID,Project_ID) VALUES ("1", "3119097");
INSERT INTO Refers_To (Field_ID,Project_ID) VALUES ("4", "3119098");
INSERT INTO Refers_To (Field_ID,Project_ID) VALUES ("2", "3119099");
INSERT INTO Refers_To (Field_ID,Project_ID) VALUES ("3", "3119100");
INSERT INTO Refers_To (Field_ID,Project_ID) VALUES ("12", "3119101");
INSERT INTO Refers_To (Field_ID,Project_ID) VALUES ("1", "3119104");
INSERT INTO Refers_To (Field_ID,Project_ID) VALUES ("11", "3119105");
INSERT INTO Refers_To (Field_ID,Project_ID) VALUES ("4", "3119106");
INSERT INTO Refers_To (Field_ID,Project_ID) VALUES ("4", "3119107");
INSERT INTO Refers_To (Field_ID,Project_ID) VALUES ("3", "3119108");
INSERT INTO Refers_To (Field_ID,Project_ID) VALUES ("2", "3119109");
INSERT INTO Refers_To (Field_ID,Project_ID) VALUES ("1", "3119110");
INSERT INTO Refers_To (Field_ID,Project_ID) VALUES ("12", "3119112");
INSERT INTO Refers_To (Field_ID,Project_ID) VALUES ("9", "3119113");
INSERT INTO Refers_To (Field_ID,Project_ID) VALUES ("10", "3119114");
INSERT INTO Refers_To (Field_ID,Project_ID) VALUES ("12", "3119115");
INSERT INTO Refers_To (Field_ID,Project_ID) VALUES ("10", "3119117");
INSERT INTO Refers_To (Field_ID,Project_ID) VALUES ("1", "3119118");
INSERT INTO Refers_To (Field_ID,Project_ID) VALUES ("10", "3119119");
INSERT INTO Refers_To (Field_ID,Project_ID) VALUES ("2", "3119120");
INSERT INTO Refers_To (Field_ID,Project_ID) VALUES ("11", "3119121");
INSERT INTO Refers_To (Field_ID,Project_ID) VALUES ("6", "3119122");
INSERT INTO Refers_To (Field_ID,Project_ID) VALUES ("11", "3119123");
INSERT INTO Refers_To (Field_ID,Project_ID) VALUES ("5", "3119124");
INSERT INTO Refers_To (Field_ID,Project_ID) VALUES ("1", "3119125");
INSERT INTO Refers_To (Field_ID,Project_ID) VALUES ("2", "3119126");
INSERT INTO Refers_To (Field_ID,Project_ID) VALUES ("7", "3119127");
INSERT INTO Refers_To (Field_ID,Project_ID) VALUES ("1", "3119128");
INSERT INTO Refers_To (Field_ID,Project_ID) VALUES ("7", "3119129");
INSERT INTO Refers_To (Field_ID,Project_ID) VALUES ("11", "3119131");
INSERT INTO Refers_To (Field_ID,Project_ID) VALUES ("8", "3119132");
INSERT INTO Refers_To (Field_ID,Project_ID) VALUES ("10", "3119133");
INSERT INTO Refers_To (Field_ID,Project_ID) VALUES ("1", "3119134");
INSERT INTO Refers_To (Field_ID,Project_ID) VALUES ("1", "3119135");
INSERT INTO Refers_To (Field_ID,Project_ID) VALUES ("5", "3119136");
INSERT INTO Refers_To (Field_ID,Project_ID) VALUES ("10", "3119137");
INSERT INTO Refers_To (Field_ID,Project_ID) VALUES ("7", "3119138");
INSERT INTO Refers_To (Field_ID,Project_ID) VALUES ("2", "3119139");
INSERT INTO Refers_To (Field_ID,Project_ID) VALUES ("5", "3119140");
INSERT INTO Refers_To (Field_ID,Project_ID) VALUES ("8", "3119141");
INSERT INTO Refers_To (Field_ID,Project_ID) VALUES ("7", "3119142");
INSERT INTO Refers_To (Field_ID,Project_ID) VALUES ("11", "3119144");
INSERT INTO Refers_To (Field_ID,Project_ID) VALUES ("7", "3119145");
INSERT INTO Refers_To (Field_ID,Project_ID) VALUES ("9", "3119146");
INSERT INTO Refers_To (Field_ID,Project_ID) VALUES ("11", "3119147");
INSERT INTO Refers_To (Field_ID,Project_ID) VALUES ("9", "3119148");
INSERT INTO Refers_To (Field_ID,Project_ID) VALUES ("1", "3119150");
INSERT INTO Refers_To (Field_ID,Project_ID) VALUES ("12", "3119151");
INSERT INTO Refers_To (Field_ID,Project_ID) VALUES ("8", "3119152");
INSERT INTO Refers_To (Field_ID,Project_ID) VALUES ("5", "3119153");
INSERT INTO Refers_To (Field_ID,Project_ID) VALUES ("4", "3119154");
INSERT INTO Refers_To (Field_ID,Project_ID) VALUES ("3", "3119155");
INSERT INTO Refers_To (Field_ID,Project_ID) VALUES ("12", "3119156");
INSERT INTO Refers_To (Field_ID,Project_ID) VALUES ("2", "3119157");
INSERT INTO Refers_To (Field_ID,Project_ID) VALUES ("3", "3119158");
INSERT INTO Refers_To (Field_ID,Project_ID) VALUES ("1", "3119160");
INSERT INTO Refers_To (Field_ID,Project_ID) VALUES ("11", "3119161");
INSERT INTO Refers_To (Field_ID,Project_ID) VALUES ("4", "3119162");
INSERT INTO Refers_To (Field_ID,Project_ID) VALUES ("3", "3119163");
INSERT INTO Refers_To (Field_ID,Project_ID) VALUES ("10", "3119164");
INSERT INTO Refers_To (Field_ID,Project_ID) VALUES ("9", "3119165");
INSERT INTO Refers_To (Field_ID,Project_ID) VALUES ("8", "3119166");
INSERT INTO Refers_To (Field_ID,Project_ID) VALUES ("5", "3119167");
INSERT INTO Refers_To (Field_ID,Project_ID) VALUES ("3", "3119168");
INSERT INTO Refers_To (Field_ID,Project_ID) VALUES ("12", "3119169");
INSERT INTO Refers_To (Field_ID,Project_ID) VALUES ("8", "3119170");
INSERT INTO Refers_To (Field_ID,Project_ID) VALUES ("3", "3119171");
INSERT INTO Refers_To (Field_ID,Project_ID) VALUES ("8", "3119172");
INSERT INTO Refers_To (Field_ID,Project_ID) VALUES ("2", "3119173");
INSERT INTO Refers_To (Field_ID,Project_ID) VALUES ("11", "3119174");
INSERT INTO Refers_To (Field_ID,Project_ID) VALUES ("3", "3119175");
INSERT INTO Refers_To (Field_ID,Project_ID) VALUES ("9", "3119176");
INSERT INTO Refers_To (Field_ID,Project_ID) VALUES ("9", "3119177");
INSERT INTO Refers_To (Field_ID,Project_ID) VALUES ("10", "3119178");
INSERT INTO Refers_To (Field_ID,Project_ID) VALUES ("7", "3119179");
INSERT INTO Refers_To (Field_ID,Project_ID) VALUES ("6", "3119180");
INSERT INTO Refers_To (Field_ID,Project_ID) VALUES ("11", "3119181");
INSERT INTO Refers_To (Field_ID,Project_ID) VALUES ("10", "3119182");
INSERT INTO Refers_To (Field_ID,Project_ID) VALUES ("5", "3119183");
INSERT INTO Refers_To (Field_ID,Project_ID) VALUES ("1", "3119184");
INSERT INTO Refers_To (Field_ID,Project_ID) VALUES ("12", "3119185");
INSERT INTO Refers_To (Field_ID,Project_ID) VALUES ("5", "3119186");
INSERT INTO Refers_To (Field_ID,Project_ID) VALUES ("4", "3119187");
INSERT INTO Refers_To (Field_ID,Project_ID) VALUES ("10", "3119188");
INSERT INTO Refers_To (Field_ID,Project_ID) VALUES ("7", "3119189");
INSERT INTO Refers_To (Field_ID,Project_ID) VALUES ("4", "3119190");
INSERT INTO Refers_To (Field_ID,Project_ID) VALUES ("6", "3119191");
INSERT INTO Refers_To (Field_ID,Project_ID) VALUES ("8", "3119192");
INSERT INTO Refers_To (Field_ID,Project_ID) VALUES ("5", "3119193");
INSERT INTO Refers_To (Field_ID,Project_ID) VALUES ("8", "3119194");
INSERT INTO Refers_To (Field_ID,Project_ID) VALUES ("7", "3119195");
INSERT INTO Refers_To (Field_ID,Project_ID) VALUES ("5", "3119196");
INSERT INTO Refers_To (Field_ID,Project_ID) VALUES ("10", "3119197");
INSERT INTO Refers_To (Field_ID,Project_ID) VALUES ("6", "3119198");
INSERT INTO Refers_To (Field_ID,Project_ID) VALUES ("9", "3119199");
INSERT INTO Refers_To (Field_ID,Project_ID) VALUES ("4", "3119000");
INSERT INTO Refers_To (Field_ID,Project_ID) VALUES ("5", "3119001");
INSERT INTO Refers_To (Field_ID,Project_ID) VALUES ("1", "3119002");
INSERT INTO Refers_To (Field_ID,Project_ID) VALUES ("3", "3119003");
INSERT INTO Refers_To (Field_ID,Project_ID) VALUES ("7", "3119005");
INSERT INTO Refers_To (Field_ID,Project_ID) VALUES ("2", "3119006");
INSERT INTO Refers_To (Field_ID,Project_ID) VALUES ("2", "3119009");
INSERT INTO Refers_To (Field_ID,Project_ID) VALUES ("9", "3119010");
INSERT INTO Refers_To (Field_ID,Project_ID) VALUES ("10", "3119011");
INSERT INTO Refers_To (Field_ID,Project_ID) VALUES ("6", "3119012");
INSERT INTO Refers_To (Field_ID,Project_ID) VALUES ("4", "3119015");
INSERT INTO Refers_To (Field_ID,Project_ID) VALUES ("1", "3119018");
INSERT INTO Refers_To (Field_ID,Project_ID) VALUES ("2", "3119019");
INSERT INTO Refers_To (Field_ID,Project_ID) VALUES ("6", "3119020");
INSERT INTO Refers_To (Field_ID,Project_ID) VALUES ("3", "3119022");
INSERT INTO Refers_To (Field_ID,Project_ID) VALUES ("5", "3119023");
INSERT INTO Refers_To (Field_ID,Project_ID) VALUES ("10", "3119024");
INSERT INTO Refers_To (Field_ID,Project_ID) VALUES ("6", "3119026");
INSERT INTO Refers_To (Field_ID,Project_ID) VALUES ("4", "3119027");
INSERT INTO Refers_To (Field_ID,Project_ID) VALUES ("4", "3119028");
INSERT INTO Refers_To (Field_ID,Project_ID) VALUES ("2", "3119030");
INSERT INTO Refers_To (Field_ID,Project_ID) VALUES ("6", "3119031");
INSERT INTO Refers_To (Field_ID,Project_ID) VALUES ("10", "3119032");
INSERT INTO Refers_To (Field_ID,Project_ID) VALUES ("7", "3119033");
INSERT INTO Refers_To (Field_ID,Project_ID) VALUES ("9", "3119034");
INSERT INTO Refers_To (Field_ID,Project_ID) VALUES ("8", "3119035");
INSERT INTO Refers_To (Field_ID,Project_ID) VALUES ("10", "3119036");
INSERT INTO Refers_To (Field_ID,Project_ID) VALUES ("1", "3119038");
INSERT INTO Refers_To (Field_ID,Project_ID) VALUES ("11", "3119039");
INSERT INTO Refers_To (Field_ID,Project_ID) VALUES ("8", "3119040");
INSERT INTO Refers_To (Field_ID,Project_ID) VALUES ("8", "3119041");
INSERT INTO Refers_To (Field_ID,Project_ID) VALUES ("12", "3119042");
INSERT INTO Refers_To (Field_ID,Project_ID) VALUES ("3", "3119043");
INSERT INTO Refers_To (Field_ID,Project_ID) VALUES ("6", "3119044");
INSERT INTO Refers_To (Field_ID,Project_ID) VALUES ("4", "3119046");
INSERT INTO Refers_To (Field_ID,Project_ID) VALUES ("5", "3119049");
INSERT INTO Refers_To (Field_ID,Project_ID) VALUES ("6", "3119050");
INSERT INTO Refers_To (Field_ID,Project_ID) VALUES ("12", "3119053");
INSERT INTO Refers_To (Field_ID,Project_ID) VALUES ("5", "3119054");
INSERT INTO Refers_To (Field_ID,Project_ID) VALUES ("5", "3119055");
INSERT INTO Refers_To (Field_ID,Project_ID) VALUES ("8", "3119056");
INSERT INTO Refers_To (Field_ID,Project_ID) VALUES ("10", "3119057");
INSERT INTO Refers_To (Field_ID,Project_ID) VALUES ("7", "3119058");
INSERT INTO Refers_To (Field_ID,Project_ID) VALUES ("9", "3119060");
INSERT INTO Refers_To (Field_ID,Project_ID) VALUES ("12", "3119061");
INSERT INTO Refers_To (Field_ID,Project_ID) VALUES ("7", "3119062");
INSERT INTO Refers_To (Field_ID,Project_ID) VALUES ("10", "3119063");
INSERT INTO Refers_To (Field_ID,Project_ID) VALUES ("7", "3119064");
INSERT INTO Refers_To (Field_ID,Project_ID) VALUES ("7", "3119066");
INSERT INTO Refers_To (Field_ID,Project_ID) VALUES ("11", "3119067");
INSERT INTO Refers_To (Field_ID,Project_ID) VALUES ("1", "3119068");
INSERT INTO Refers_To (Field_ID,Project_ID) VALUES ("8", "3119069");
INSERT INTO Refers_To (Field_ID,Project_ID) VALUES ("12", "3119070");
INSERT INTO Refers_To (Field_ID,Project_ID) VALUES ("11", "3119071");
INSERT INTO Refers_To (Field_ID,Project_ID) VALUES ("10", "3119074");
INSERT INTO Refers_To (Field_ID,Project_ID) VALUES ("2", "3119075");
INSERT INTO Refers_To (Field_ID,Project_ID) VALUES ("12", "3119076");
INSERT INTO Refers_To (Field_ID,Project_ID) VALUES ("5", "3119077");
INSERT INTO Refers_To (Field_ID,Project_ID) VALUES ("8", "3119079");
INSERT INTO Refers_To (Field_ID,Project_ID) VALUES ("1", "3119080");
INSERT INTO Refers_To (Field_ID,Project_ID) VALUES ("3", "3119081");
INSERT INTO Refers_To (Field_ID,Project_ID) VALUES ("9", "3119083");
INSERT INTO Refers_To (Field_ID,Project_ID) VALUES ("5", "3119084");
INSERT INTO Refers_To (Field_ID,Project_ID) VALUES ("7", "3119085");
INSERT INTO Refers_To (Field_ID,Project_ID) VALUES ("9", "3119086");
INSERT INTO Refers_To (Field_ID,Project_ID) VALUES ("2", "3119087");
INSERT INTO Refers_To (Field_ID,Project_ID) VALUES ("2", "3119088");
INSERT INTO Refers_To (Field_ID,Project_ID) VALUES ("5", "3119089");
INSERT INTO Refers_To (Field_ID,Project_ID) VALUES ("11", "3119090");
INSERT INTO Refers_To (Field_ID,Project_ID) VALUES ("8", "3119091");
INSERT INTO Refers_To (Field_ID,Project_ID) VALUES ("11", "3119092");
INSERT INTO Refers_To (Field_ID,Project_ID) VALUES ("3", "3119093");
INSERT INTO Refers_To (Field_ID,Project_ID) VALUES ("6", "3119095");
INSERT INTO Refers_To (Field_ID,Project_ID) VALUES ("4", "3119096");
INSERT INTO Refers_To (Field_ID,Project_ID) VALUES ("9", "3119097");
INSERT INTO Refers_To (Field_ID,Project_ID) VALUES ("9", "3119098");
INSERT INTO Refers_To (Field_ID,Project_ID) VALUES ("5", "3119099");
INSERT INTO Refers_To (Field_ID,Project_ID) VALUES ("4", "3119100");
INSERT INTO Refers_To (Field_ID,Project_ID) VALUES ("9", "3119101");
INSERT INTO Refers_To (Field_ID,Project_ID) VALUES ("1", "3119103");
INSERT INTO Refers_To (Field_ID,Project_ID) VALUES ("9", "3119104");
INSERT INTO Refers_To (Field_ID,Project_ID) VALUES ("10", "3119105");
INSERT INTO Refers_To (Field_ID,Project_ID) VALUES ("11", "3119106");
INSERT INTO Refers_To (Field_ID,Project_ID) VALUES ("6", "3119107");
INSERT INTO Refers_To (Field_ID,Project_ID) VALUES ("2", "3119108");
INSERT INTO Refers_To (Field_ID,Project_ID) VALUES ("3", "3119109");
INSERT INTO Refers_To (Field_ID,Project_ID) VALUES ("4", "3119111");
INSERT INTO Refers_To (Field_ID,Project_ID) VALUES ("9", "3119112");
INSERT INTO Refers_To (Field_ID,Project_ID) VALUES ("1", "3119113");
INSERT INTO Refers_To (Field_ID,Project_ID) VALUES ("6", "3119114");
INSERT INTO Refers_To (Field_ID,Project_ID) VALUES ("11", "3119115");
INSERT INTO Refers_To (Field_ID,Project_ID) VALUES ("11", "3119116");
INSERT INTO Refers_To (Field_ID,Project_ID) VALUES ("6", "3119117");
INSERT INTO Refers_To (Field_ID,Project_ID) VALUES ("7", "3119118");
INSERT INTO Refers_To (Field_ID,Project_ID) VALUES ("7", "3119119");
INSERT INTO Refers_To (Field_ID,Project_ID) VALUES ("6", "3119120");
INSERT INTO Refers_To (Field_ID,Project_ID) VALUES ("8", "3119121");
INSERT INTO Refers_To (Field_ID,Project_ID) VALUES ("11", "3119122");
INSERT INTO Refers_To (Field_ID,Project_ID) VALUES ("6", "3119123");
INSERT INTO Refers_To (Field_ID,Project_ID) VALUES ("2", "3119124");
INSERT INTO Refers_To (Field_ID,Project_ID) VALUES ("6", "3119125");
INSERT INTO Refers_To (Field_ID,Project_ID) VALUES ("11", "3119126");
INSERT INTO Refers_To (Field_ID,Project_ID) VALUES ("9", "3119127");
INSERT INTO Refers_To (Field_ID,Project_ID) VALUES ("8", "3119128");
INSERT INTO Refers_To (Field_ID,Project_ID) VALUES ("11", "3119129");
INSERT INTO Refers_To (Field_ID,Project_ID) VALUES ("11", "3119130");
INSERT INTO Refers_To (Field_ID,Project_ID) VALUES ("10", "3119131");
INSERT INTO Refers_To (Field_ID,Project_ID) VALUES ("3", "3119134");
INSERT INTO Refers_To (Field_ID,Project_ID) VALUES ("2", "3119135");
INSERT INTO Refers_To (Field_ID,Project_ID) VALUES ("2", "3119136");
INSERT INTO Refers_To (Field_ID,Project_ID) VALUES ("12", "3119137");
INSERT INTO Refers_To (Field_ID,Project_ID) VALUES ("4", "3119138");
INSERT INTO Refers_To (Field_ID,Project_ID) VALUES ("6", "3119139");
INSERT INTO Refers_To (Field_ID,Project_ID) VALUES ("11", "3119141");
INSERT INTO Refers_To (Field_ID,Project_ID) VALUES ("10", "3119143");
INSERT INTO Refers_To (Field_ID,Project_ID) VALUES ("2", "3119144");
INSERT INTO Refers_To (Field_ID,Project_ID) VALUES ("12", "3119145");
INSERT INTO Refers_To (Field_ID,Project_ID) VALUES ("10", "3119146");
INSERT INTO Refers_To (Field_ID,Project_ID) VALUES ("3", "3119147");
INSERT INTO Refers_To (Field_ID,Project_ID) VALUES ("7", "3119148");
INSERT INTO Refers_To (Field_ID,Project_ID) VALUES ("6", "3119149");
INSERT INTO Refers_To (Field_ID,Project_ID) VALUES ("12", "3119150");
INSERT INTO Refers_To (Field_ID,Project_ID) VALUES ("6", "3119151");
INSERT INTO Refers_To (Field_ID,Project_ID) VALUES ("3", "3119152");
INSERT INTO Refers_To (Field_ID,Project_ID) VALUES ("8", "3119153");
INSERT INTO Refers_To (Field_ID,Project_ID) VALUES ("7", "3119155");
INSERT INTO Refers_To (Field_ID,Project_ID) VALUES ("10", "3119156");
INSERT INTO Refers_To (Field_ID,Project_ID) VALUES ("4", "3119157");
INSERT INTO Refers_To (Field_ID,Project_ID) VALUES ("1", "3119158");
INSERT INTO Refers_To (Field_ID,Project_ID) VALUES ("10", "3119159");
INSERT INTO Refers_To (Field_ID,Project_ID) VALUES ("4", "3119160");
INSERT INTO Refers_To (Field_ID,Project_ID) VALUES ("3", "3119161");
INSERT INTO Refers_To (Field_ID,Project_ID) VALUES ("3", "3119162");
INSERT INTO Refers_To (Field_ID,Project_ID) VALUES ("2", "3119163");
INSERT INTO Refers_To (Field_ID,Project_ID) VALUES ("2", "3119164");
INSERT INTO Refers_To (Field_ID,Project_ID) VALUES ("3", "3119165");
INSERT INTO Refers_To (Field_ID,Project_ID) VALUES ("4", "3119166");
INSERT INTO Refers_To (Field_ID,Project_ID) VALUES ("4", "3119167");
INSERT INTO Refers_To (Field_ID,Project_ID) VALUES ("8", "3119168");
INSERT INTO Refers_To (Field_ID,Project_ID) VALUES ("9", "3119169");
INSERT INTO Refers_To (Field_ID,Project_ID) VALUES ("6", "3119170");
INSERT INTO Refers_To (Field_ID,Project_ID) VALUES ("5", "3119171");
INSERT INTO Refers_To (Field_ID,Project_ID) VALUES ("7", "3119172");
INSERT INTO Refers_To (Field_ID,Project_ID) VALUES ("9", "3119174");
INSERT INTO Refers_To (Field_ID,Project_ID) VALUES ("2", "3119175");
INSERT INTO Refers_To (Field_ID,Project_ID) VALUES ("5", "3119176");
INSERT INTO Refers_To (Field_ID,Project_ID) VALUES ("3", "3119177");
INSERT INTO Refers_To (Field_ID,Project_ID) VALUES ("6", "3119178");
INSERT INTO Refers_To (Field_ID,Project_ID) VALUES ("1", "3119179");
INSERT INTO Refers_To (Field_ID,Project_ID) VALUES ("2", "3119180");
INSERT INTO Refers_To (Field_ID,Project_ID) VALUES ("9", "3119181");
INSERT INTO Refers_To (Field_ID,Project_ID) VALUES ("1", "3119182");
INSERT INTO Refers_To (Field_ID,Project_ID) VALUES ("4", "3119183");
INSERT INTO Refers_To (Field_ID,Project_ID) VALUES ("4", "3119184");
INSERT INTO Refers_To (Field_ID,Project_ID) VALUES ("5", "3119185");
INSERT INTO Refers_To (Field_ID,Project_ID) VALUES ("9", "3119186");
INSERT INTO Refers_To (Field_ID,Project_ID) VALUES ("1", "3119187");
INSERT INTO Refers_To (Field_ID,Project_ID) VALUES ("11", "3119191");
INSERT INTO Refers_To (Field_ID,Project_ID) VALUES ("1", "3119192");
INSERT INTO Refers_To (Field_ID,Project_ID) VALUES ("2", "3119193");
INSERT INTO Refers_To (Field_ID,Project_ID) VALUES ("7", "3119194");
INSERT INTO Refers_To (Field_ID,Project_ID) VALUES ("1", "3119195");
INSERT INTO Refers_To (Field_ID,Project_ID) VALUES ("10", "3119196");
INSERT INTO Refers_To (Field_ID,Project_ID) VALUES ("6", "3119197");
INSERT INTO Refers_To (Field_ID,Project_ID) VALUES ("11", "3119198");
INSERT INTO Refers_To (Field_ID,Project_ID) VALUES ("6", "3119199");
INSERT INTO Refers_To (Field_ID,Project_ID) VALUES ("9", "3119001");
INSERT INTO Refers_To (Field_ID,Project_ID) VALUES ("5", "3119002");
INSERT INTO Refers_To (Field_ID,Project_ID) VALUES ("5", "3119006");
INSERT INTO Refers_To (Field_ID,Project_ID) VALUES ("4", "3119007");
INSERT INTO Refers_To (Field_ID,Project_ID) VALUES ("11", "3119008");
INSERT INTO Refers_To (Field_ID,Project_ID) VALUES ("10", "3119010");
INSERT INTO Refers_To (Field_ID,Project_ID) VALUES ("5", "3119011");
INSERT INTO Refers_To (Field_ID,Project_ID) VALUES ("11", "3119013");
INSERT INTO Refers_To (Field_ID,Project_ID) VALUES ("10", "3119014");
INSERT INTO Refers_To (Field_ID,Project_ID) VALUES ("9", "3119015");
INSERT INTO Refers_To (Field_ID,Project_ID) VALUES ("2", "3119016");
INSERT INTO Refers_To (Field_ID,Project_ID) VALUES ("5", "3119017");
INSERT INTO Refers_To (Field_ID,Project_ID) VALUES ("5", "3119019");
INSERT INTO Refers_To (Field_ID,Project_ID) VALUES ("7", "3119021");
INSERT INTO Refers_To (Field_ID,Project_ID) VALUES ("6", "3119023");
INSERT INTO Refers_To (Field_ID,Project_ID) VALUES ("1", "3119024");
INSERT INTO Refers_To (Field_ID,Project_ID) VALUES ("9", "3119025");
INSERT INTO Refers_To (Field_ID,Project_ID) VALUES ("8", "3119027");
INSERT INTO Refers_To (Field_ID,Project_ID) VALUES ("3", "3119028");
INSERT INTO Refers_To (Field_ID,Project_ID) VALUES ("4", "3119029");
INSERT INTO Refers_To (Field_ID,Project_ID) VALUES ("11", "3119030");
INSERT INTO Refers_To (Field_ID,Project_ID) VALUES ("2", "3119031");
INSERT INTO Refers_To (Field_ID,Project_ID) VALUES ("6", "3119032");
INSERT INTO Refers_To (Field_ID,Project_ID) VALUES ("12", "3119033");
INSERT INTO Refers_To (Field_ID,Project_ID) VALUES ("7", "3119034");
INSERT INTO Refers_To (Field_ID,Project_ID) VALUES ("12", "3119035");
INSERT INTO Refers_To (Field_ID,Project_ID) VALUES ("11", "3119037");
INSERT INTO Refers_To (Field_ID,Project_ID) VALUES ("5", "3119038");
INSERT INTO Refers_To (Field_ID,Project_ID) VALUES ("3", "3119041");
INSERT INTO Refers_To (Field_ID,Project_ID) VALUES ("1", "3119043");
INSERT INTO Refers_To (Field_ID,Project_ID) VALUES ("7", "3119046");
INSERT INTO Refers_To (Field_ID,Project_ID) VALUES ("1", "3119047");
INSERT INTO Refers_To (Field_ID,Project_ID) VALUES ("12", "3119048");
INSERT INTO Refers_To (Field_ID,Project_ID) VALUES ("4", "3119050");
INSERT INTO Refers_To (Field_ID,Project_ID) VALUES ("12", "3119051");
INSERT INTO Refers_To (Field_ID,Project_ID) VALUES ("10", "3119052");
INSERT INTO Refers_To (Field_ID,Project_ID) VALUES ("6", "3119053");
INSERT INTO Refers_To (Field_ID,Project_ID) VALUES ("9", "3119054");
INSERT INTO Refers_To (Field_ID,Project_ID) VALUES ("1", "3119055");
INSERT INTO Refers_To (Field_ID,Project_ID) VALUES ("5", "3119056");
INSERT INTO Refers_To (Field_ID,Project_ID) VALUES ("1", "3119058");
INSERT INTO Refers_To (Field_ID,Project_ID) VALUES ("12", "3119059");
INSERT INTO Refers_To (Field_ID,Project_ID) VALUES ("9", "3119061");
INSERT INTO Refers_To (Field_ID,Project_ID) VALUES ("12", "3119062");
INSERT INTO Refers_To (Field_ID,Project_ID) VALUES ("6", "3119063");
INSERT INTO Refers_To (Field_ID,Project_ID) VALUES ("12", "3119064");
INSERT INTO Refers_To (Field_ID,Project_ID) VALUES ("5", "3119065");
INSERT INTO Refers_To (Field_ID,Project_ID) VALUES ("3", "3119066");
INSERT INTO Refers_To (Field_ID,Project_ID) VALUES ("10", "3119067");
INSERT INTO Refers_To (Field_ID,Project_ID) VALUES ("8", "3119068");
INSERT INTO Refers_To (Field_ID,Project_ID) VALUES ("10", "3119069");
INSERT INTO Refers_To (Field_ID,Project_ID) VALUES ("4", "3119070");
INSERT INTO Refers_To (Field_ID,Project_ID) VALUES ("10", "3119072");
INSERT INTO Refers_To (Field_ID,Project_ID) VALUES ("1", "3119073");
INSERT INTO Refers_To (Field_ID,Project_ID) VALUES ("9", "3119075");
INSERT INTO Refers_To (Field_ID,Project_ID) VALUES ("5", "3119076");
INSERT INTO Refers_To (Field_ID,Project_ID) VALUES ("10", "3119079");
INSERT INTO Refers_To (Field_ID,Project_ID) VALUES ("6", "3119080");
INSERT INTO Refers_To (Field_ID,Project_ID) VALUES ("8", "3119081");
INSERT INTO Refers_To (Field_ID,Project_ID) VALUES ("5", "3119082");
INSERT INTO Refers_To (Field_ID,Project_ID) VALUES ("6", "3119084");
INSERT INTO Refers_To (Field_ID,Project_ID) VALUES ("2", "3119085");
INSERT INTO Refers_To (Field_ID,Project_ID) VALUES ("3", "3119088");
INSERT INTO Refers_To (Field_ID,Project_ID) VALUES ("9", "3119089");
INSERT INTO Refers_To (Field_ID,Project_ID) VALUES ("10", "3119090");
INSERT INTO Refers_To (Field_ID,Project_ID) VALUES ("3", "3119091");
INSERT INTO Refers_To (Field_ID,Project_ID) VALUES ("3", "3119092");
INSERT INTO Refers_To (Field_ID,Project_ID) VALUES ("7", "3119093");
INSERT INTO Refers_To (Field_ID,Project_ID) VALUES ("10", "3119095");
INSERT INTO Refers_To (Field_ID,Project_ID) VALUES ("2", "3119096");
INSERT INTO Refers_To (Field_ID,Project_ID) VALUES ("8", "3119097");
INSERT INTO Refers_To (Field_ID,Project_ID) VALUES ("2", "3119098");
INSERT INTO Refers_To (Field_ID,Project_ID) VALUES ("8", "3119099");
INSERT INTO Refers_To (Field_ID,Project_ID) VALUES ("8", "3119101");
INSERT INTO Refers_To (Field_ID,Project_ID) VALUES ("5", "3119102");
INSERT INTO Refers_To (Field_ID,Project_ID) VALUES ("3", "3119103");
INSERT INTO Refers_To (Field_ID,Project_ID) VALUES ("7", "3119104");
INSERT INTO Refers_To (Field_ID,Project_ID) VALUES ("8", "3119105");
INSERT INTO Refers_To (Field_ID,Project_ID) VALUES ("5", "3119106");
INSERT INTO Refers_To (Field_ID,Project_ID) VALUES ("9", "3119108");
INSERT INTO Refers_To (Field_ID,Project_ID) VALUES ("4", "3119109");
INSERT INTO Refers_To (Field_ID,Project_ID) VALUES ("7", "3119110");
INSERT INTO Refers_To (Field_ID,Project_ID) VALUES ("3", "3119111");
INSERT INTO Refers_To (Field_ID,Project_ID) VALUES ("7", "3119112");
INSERT INTO Refers_To (Field_ID,Project_ID) VALUES ("2", "3119113");
INSERT INTO Refers_To (Field_ID,Project_ID) VALUES ("5", "3119114");
INSERT INTO Refers_To (Field_ID,Project_ID) VALUES ("4", "3119115");
INSERT INTO Refers_To (Field_ID,Project_ID) VALUES ("8", "3119116");
INSERT INTO Refers_To (Field_ID,Project_ID) VALUES ("2", "3119118");
INSERT INTO Refers_To (Field_ID,Project_ID) VALUES ("2", "3119119");
INSERT INTO Refers_To (Field_ID,Project_ID) VALUES ("5", "3119120");
INSERT INTO Refers_To (Field_ID,Project_ID) VALUES ("12", "3119121");
INSERT INTO Refers_To (Field_ID,Project_ID) VALUES ("5", "3119122");
INSERT INTO Refers_To (Field_ID,Project_ID) VALUES ("8", "3119123");
INSERT INTO Refers_To (Field_ID,Project_ID) VALUES ("9", "3119124");
INSERT INTO Refers_To (Field_ID,Project_ID) VALUES ("9", "3119125");
INSERT INTO Refers_To (Field_ID,Project_ID) VALUES ("11", "3119127");
INSERT INTO Refers_To (Field_ID,Project_ID) VALUES ("5", "3119128");
INSERT INTO Refers_To (Field_ID,Project_ID) VALUES ("2", "3119129");
INSERT INTO Refers_To (Field_ID,Project_ID) VALUES ("12", "3119130");
INSERT INTO Refers_To (Field_ID,Project_ID) VALUES ("2", "3119131");
INSERT INTO Refers_To (Field_ID,Project_ID) VALUES ("12", "3119132");
INSERT INTO Refers_To (Field_ID,Project_ID) VALUES ("4", "3119133");
INSERT INTO Refers_To (Field_ID,Project_ID) VALUES ("11", "3119134");
INSERT INTO Refers_To (Field_ID,Project_ID) VALUES ("12", "3119135");
INSERT INTO Refers_To (Field_ID,Project_ID) VALUES ("7", "3119136");
INSERT INTO Refers_To (Field_ID,Project_ID) VALUES ("1", "3119138");
INSERT INTO Refers_To (Field_ID,Project_ID) VALUES ("11", "3119139");
INSERT INTO Refers_To (Field_ID,Project_ID) VALUES ("12", "3119140");
INSERT INTO Refers_To (Field_ID,Project_ID) VALUES ("10", "3119141");
INSERT INTO Refers_To (Field_ID,Project_ID) VALUES ("2", "3119143");
INSERT INTO Refers_To (Field_ID,Project_ID) VALUES ("1", "3119144");
INSERT INTO Refers_To (Field_ID,Project_ID) VALUES ("7", "3119146");
INSERT INTO Refers_To (Field_ID,Project_ID) VALUES ("5", "3119147");
INSERT INTO Refers_To (Field_ID,Project_ID) VALUES ("2", "3119148");
INSERT INTO Refers_To (Field_ID,Project_ID) VALUES ("10", "3119149");
INSERT INTO Refers_To (Field_ID,Project_ID) VALUES ("10", "3119151");
INSERT INTO Refers_To (Field_ID,Project_ID) VALUES ("6", "3119152");
INSERT INTO Refers_To (Field_ID,Project_ID) VALUES ("9", "3119154");
INSERT INTO Refers_To (Field_ID,Project_ID) VALUES ("12", "3119155");
INSERT INTO Refers_To (Field_ID,Project_ID) VALUES ("9", "3119156");
INSERT INTO Refers_To (Field_ID,Project_ID) VALUES ("5", "3119157");
INSERT INTO Refers_To (Field_ID,Project_ID) VALUES ("10", "3119158");
INSERT INTO Refers_To (Field_ID,Project_ID) VALUES ("5", "3119159");
INSERT INTO Refers_To (Field_ID,Project_ID) VALUES ("10", "3119160");
INSERT INTO Refers_To (Field_ID,Project_ID) VALUES ("5", "3119162");
INSERT INTO Refers_To (Field_ID,Project_ID) VALUES ("1", "3119163");
INSERT INTO Refers_To (Field_ID,Project_ID) VALUES ("9", "3119164");
INSERT INTO Refers_To (Field_ID,Project_ID) VALUES ("11", "3119165");
INSERT INTO Refers_To (Field_ID,Project_ID) VALUES ("6", "3119168");
INSERT INTO Refers_To (Field_ID,Project_ID) VALUES ("1", "3119169");
INSERT INTO Refers_To (Field_ID,Project_ID) VALUES ("4", "3119170");
INSERT INTO Refers_To (Field_ID,Project_ID) VALUES ("10", "3119171");
INSERT INTO Refers_To (Field_ID,Project_ID) VALUES ("7", "3119173");
INSERT INTO Refers_To (Field_ID,Project_ID) VALUES ("11", "3119175");
INSERT INTO Refers_To (Field_ID,Project_ID) VALUES ("6", "3119176");
INSERT INTO Refers_To (Field_ID,Project_ID) VALUES ("2", "3119177");
INSERT INTO Refers_To (Field_ID,Project_ID) VALUES ("4", "3119180");
INSERT INTO Refers_To (Field_ID,Project_ID) VALUES ("4", "3119181");
INSERT INTO Refers_To (Field_ID,Project_ID) VALUES ("9", "3119182");
INSERT INTO Refers_To (Field_ID,Project_ID) VALUES ("9", "3119183");
INSERT INTO Refers_To (Field_ID,Project_ID) VALUES ("3", "3119184");
INSERT INTO Refers_To (Field_ID,Project_ID) VALUES ("3", "3119185");
INSERT INTO Refers_To (Field_ID,Project_ID) VALUES ("12", "3119186");
INSERT INTO Refers_To (Field_ID,Project_ID) VALUES ("6", "3119187");
INSERT INTO Refers_To (Field_ID,Project_ID) VALUES ("3", "3119188");
INSERT INTO Refers_To (Field_ID,Project_ID) VALUES ("5", "3119189");
INSERT INTO Refers_To (Field_ID,Project_ID) VALUES ("8", "3119190");
INSERT INTO Refers_To (Field_ID,Project_ID) VALUES ("5", "3119191");
INSERT INTO Refers_To (Field_ID,Project_ID) VALUES ("10", "3119193");
INSERT INTO Refers_To (Field_ID,Project_ID) VALUES ("12", "3119196");
INSERT INTO Refers_To (Field_ID,Project_ID) VALUES ("12", "3119198");
