INSERT INTO Executive (Executive_ID,Name,Surname) VALUES ("3119000","David", "Young");
INSERT INTO Executive (Executive_ID,Name,Surname) VALUES ("3119001","Nichole", "Stephens");
INSERT INTO Executive (Executive_ID,Name,Surname) VALUES ("3119002","Teresa", "Johnson");
INSERT INTO Executive (Executive_ID,Name,Surname) VALUES ("3119003","Jonathan", "Rao");
INSERT INTO Executive (Executive_ID,Name,Surname) VALUES ("3119004","Tamara", "Marquez");
INSERT INTO Executive (Executive_ID,Name,Surname) VALUES ("3119005","Todd", "Murphy");
INSERT INTO Executive (Executive_ID,Name,Surname) VALUES ("3119006","Robert", "Blanchard");
INSERT INTO Executive (Executive_ID,Name,Surname) VALUES ("3119007","Kevin", "Aguilar");
INSERT INTO Executive (Executive_ID,Name,Surname) VALUES ("3119008","Steven", "Manne");
INSERT INTO Executive (Executive_ID,Name,Surname) VALUES ("3119009","Hrishita", "Miller");
INSERT INTO Executive (Executive_ID,Name,Surname) VALUES ("3119010","Brandon", "Agarwal");
INSERT INTO Executive (Executive_ID,Name,Surname) VALUES ("3119011","Bridget", "Mcdonald");
INSERT INTO Executive (Executive_ID,Name,Surname) VALUES ("3119012","Pihu", "Dutt");
INSERT INTO Executive (Executive_ID,Name,Surname) VALUES ("3119013","Jeff", "Wali");
INSERT INTO Executive (Executive_ID,Name,Surname) VALUES ("3119014","Brandon", "Nash");
INSERT INTO Executive (Executive_ID,Name,Surname) VALUES ("3119015","Veronica", "Powers");
INSERT INTO Executive (Executive_ID,Name,Surname) VALUES ("3119016","Tushar", "Jones");
INSERT INTO Executive (Executive_ID,Name,Surname) VALUES ("3119017","Jessica", "Venkataraman");
INSERT INTO Executive (Executive_ID,Name,Surname) VALUES ("3119018","Ivana", "Horton");
INSERT INTO Executive (Executive_ID,Name,Surname) VALUES ("3119019","Tina", "Garza");
INSERT INTO Executive (Executive_ID,Name,Surname) VALUES ("3119020","Renee", "House");
INSERT INTO Executive (Executive_ID,Name,Surname) VALUES ("3119021","Tarini", "Mclean");
INSERT INTO Executive (Executive_ID,Name,Surname) VALUES ("3119022","Pranay", "Garner");
INSERT INTO Executive (Executive_ID,Name,Surname) VALUES ("3119023","Jacob", "Bose");
INSERT INTO Executive (Executive_ID,Name,Surname) VALUES ("3119024","Jessica", "Watts");
INSERT INTO Executive (Executive_ID,Name,Surname) VALUES ("3119025","Laura", "Miller");
INSERT INTO Executive (Executive_ID,Name,Surname) VALUES ("3119026","Rati", "Sharp");
INSERT INTO Executive (Executive_ID,Name,Surname) VALUES ("3119027","Anya", "Marquez");
INSERT INTO Executive (Executive_ID,Name,Surname) VALUES ("3119028","Gatik", "Klein");
INSERT INTO Executive (Executive_ID,Name,Surname) VALUES ("3119029","Steven", "Rao");
INSERT INTO Executive (Executive_ID,Name,Surname) VALUES ("3119030","Teresa", "Hudson");
INSERT INTO Executive (Executive_ID,Name,Surname) VALUES ("3119031","Mohanlal", "Martin");
INSERT INTO Executive (Executive_ID,Name,Surname) VALUES ("3119032","Prisha", "Calderon");
INSERT INTO Executive (Executive_ID,Name,Surname) VALUES ("3119033","William", "Ghosh");
INSERT INTO Executive (Executive_ID,Name,Surname) VALUES ("3119034","Mark", "Grewal");
INSERT INTO Executive (Executive_ID,Name,Surname) VALUES ("3119035","Ojas", "Chakrabarti");
INSERT INTO Executive (Executive_ID,Name,Surname) VALUES ("3119036","Krish", "Myers");
INSERT INTO Executive (Executive_ID,Name,Surname) VALUES ("3119037","Laurie", "Rogers");
INSERT INTO Executive (Executive_ID,Name,Surname) VALUES ("3119038","Dustin", "Harrell");
INSERT INTO Executive (Executive_ID,Name,Surname) VALUES ("3119039","Jessica", "Ganesan");
INSERT INTO Executive (Executive_ID,Name,Surname) VALUES ("3119040","Aaron", "Mcdonald");
INSERT INTO Executive (Executive_ID,Name,Surname) VALUES ("3119041","Ehsaan", "Lynch");
INSERT INTO Executive (Executive_ID,Name,Surname) VALUES ("3119042","Raunak", "Hawkins");
INSERT INTO Executive (Executive_ID,Name,Surname) VALUES ("3119043","Ivana", "Hamilton");
INSERT INTO Executive (Executive_ID,Name,Surname) VALUES ("3119044","Charles", "Jones");
INSERT INTO Executive (Executive_ID,Name,Surname) VALUES ("3119045","Stephanie", "Thompson");
INSERT INTO Executive (Executive_ID,Name,Surname) VALUES ("3119046","Anne", "Woods");
INSERT INTO Executive (Executive_ID,Name,Surname) VALUES ("3119047","Alexa", "Chang");
INSERT INTO Executive (Executive_ID,Name,Surname) VALUES ("3119048","Miraan", "Chokshi");
INSERT INTO Executive (Executive_ID,Name,Surname) VALUES ("3119049","Kabir", "Williams");
INSERT INTO Program (Name,ELIDEK_Sector) VALUES ("Almost majority.","Food Industry Projects");
INSERT INTO Program (Name,ELIDEK_Sector) VALUES ("Term section.","Environmental Projects");
INSERT INTO Program (Name,ELIDEK_Sector) VALUES ("Reach serious into.","Outer Space Public Relations");
INSERT INTO Program (Name,ELIDEK_Sector) VALUES ("Reiciendis officiis.","Renewable Energy Sources");
INSERT INTO Program (Name,ELIDEK_Sector) VALUES ("Sapiente assumenda.","Exotic Religions");
INSERT INTO Program (Name,ELIDEK_Sector) VALUES ("We when national.","Marine Research Projects");
INSERT INTO Program (Name,ELIDEK_Sector) VALUES ("Reprehenderit nam.","Researcher Underpayment Management");
INSERT INTO Program (Name,ELIDEK_Sector) VALUES ("Laudantium nam.","Food Industry Projects");
INSERT INTO Program (Name,ELIDEK_Sector) VALUES ("Officia tempora.","Environmental Projects");
INSERT INTO Program (Name,ELIDEK_Sector) VALUES ("Natural tough her.","Outer Space Public Relations");
INSERT INTO Program (Name,ELIDEK_Sector) VALUES ("Aut maiores odio.","Renewable Energy Sources");
INSERT INTO Program (Name,ELIDEK_Sector) VALUES ("Stay everyone.","Exotic Religions");
INSERT INTO Program (Name,ELIDEK_Sector) VALUES ("Work economic.","Marine Research Projects");
INSERT INTO Program (Name,ELIDEK_Sector) VALUES ("Practice scientist.","Researcher Underpayment Management");
INSERT INTO Program (Name,ELIDEK_Sector) VALUES ("Distinctio error.","Food Industry Projects");
INSERT INTO Program (Name,ELIDEK_Sector) VALUES ("Eos similique quod.","Environmental Projects");
INSERT INTO Program (Name,ELIDEK_Sector) VALUES ("Illum itaque eaque.","Outer Space Public Relations");
INSERT INTO Program (Name,ELIDEK_Sector) VALUES ("Sunt impedit qui.","Renewable Energy Sources");
INSERT INTO Program (Name,ELIDEK_Sector) VALUES ("Incidunt libero.","Exotic Religions");
INSERT INTO Program (Name,ELIDEK_Sector) VALUES ("Author cost enough.","Marine Research Projects");
INSERT INTO Program (Name,ELIDEK_Sector) VALUES ("Six card lay she.","Researcher Underpayment Management");
INSERT INTO Program (Name,ELIDEK_Sector) VALUES ("Bar approach.","Food Industry Projects");
INSERT INTO Program (Name,ELIDEK_Sector) VALUES ("Eum dolor debitis.","Environmental Projects");
INSERT INTO Program (Name,ELIDEK_Sector) VALUES ("Aliquid nobis esse.","Outer Space Public Relations");
INSERT INTO Program (Name,ELIDEK_Sector) VALUES ("Must would popular.","Renewable Energy Sources");
INSERT INTO Program (Name,ELIDEK_Sector) VALUES ("Best commercial.","Exotic Religions");
INSERT INTO Program (Name,ELIDEK_Sector) VALUES ("Sport sound.","Marine Research Projects");
INSERT INTO Program (Name,ELIDEK_Sector) VALUES ("Cumque facilis.","Researcher Underpayment Management");
INSERT INTO Program (Name,ELIDEK_Sector) VALUES ("Suffer society.","Food Industry Projects");
INSERT INTO Program (Name,ELIDEK_Sector) VALUES ("Statement build.","Environmental Projects");
INSERT INTO Program (Name,ELIDEK_Sector) VALUES ("Likely air speak.","Outer Space Public Relations");
INSERT INTO Program (Name,ELIDEK_Sector) VALUES ("Debitis quidem.","Renewable Energy Sources");
INSERT INTO Program (Name,ELIDEK_Sector) VALUES ("Out red senior.","Exotic Religions");
INSERT INTO Program (Name,ELIDEK_Sector) VALUES ("History test nor.","Marine Research Projects");
INSERT INTO Program (Name,ELIDEK_Sector) VALUES ("Maintain week page.","Researcher Underpayment Management");
INSERT INTO Program (Name,ELIDEK_Sector) VALUES ("Garden half what.","Food Industry Projects");
INSERT INTO Program (Name,ELIDEK_Sector) VALUES ("Campaign late leave.","Environmental Projects");
INSERT INTO Program (Name,ELIDEK_Sector) VALUES ("Including suffer.","Outer Space Public Relations");
INSERT INTO Program (Name,ELIDEK_Sector) VALUES ("Century poor.","Renewable Energy Sources");
INSERT INTO Program (Name,ELIDEK_Sector) VALUES ("Size start become.","Exotic Religions");
INSERT INTO Program (Name,ELIDEK_Sector) VALUES ("Temporibus error.","Marine Research Projects");
INSERT INTO Program (Name,ELIDEK_Sector) VALUES ("Mission really.","Researcher Underpayment Management");
INSERT INTO Program (Name,ELIDEK_Sector) VALUES ("Molestias quo.","Food Industry Projects");
INSERT INTO Program (Name,ELIDEK_Sector) VALUES ("Firm property.","Environmental Projects");
INSERT INTO Program (Name,ELIDEK_Sector) VALUES ("Court choose.","Outer Space Public Relations");
INSERT INTO Program (Name,ELIDEK_Sector) VALUES ("Corrupti rerum.","Renewable Energy Sources");
INSERT INTO Program (Name,ELIDEK_Sector) VALUES ("Praesentium.","Exotic Religions");
INSERT INTO Program (Name,ELIDEK_Sector) VALUES ("Reveal cup push law.","Marine Research Projects");
INSERT INTO Program (Name,ELIDEK_Sector) VALUES ("Quibusdam ipsam.","Researcher Underpayment Management");
INSERT INTO Program (Name,ELIDEK_Sector) VALUES ("Foot better town.","Food Industry Projects");
INSERT INTO Organization (Organization_ID,Acronym,Name,Street,Street_Number,City,Postal_Code,Org_type) VALUES ("3119000", "EANAU", "Eius Amet Nemo Ab University", "Batta Circle", "5187", "Jeffrey Ville", "11244", "University");
INSERT INTO Organization (Organization_ID,Acronym,Name,Street,Street_Number,City,Postal_Code,Org_type) VALUES ("3119001", "CPC", "Consumer Policy Company", "Anonas Boulevard", "7770", "Melissa Ville", "85166", "Company");
INSERT INTO Organization (Organization_ID,Acronym,Name,Street,Street_Number,City,Postal_Code,Org_type) VALUES ("3119002", "EEDRC", "Ea Eligendi Dolore Research Center", "Kelsey Flats", "7450", "Mehsana", "28473", "Research Center");
INSERT INTO Organization (Organization_ID,Acronym,Name,Street,Street_Number,City,Postal_Code,Org_type) VALUES ("3119003", "TEAEU", "Tenetur Esse Ad Et University", "Ramaswamy Road", "7597", "Pudukkottai", "74974", "University");
INSERT INTO Organization (Organization_ID,Acronym,Name,Street,Street_Number,City,Postal_Code,Org_type) VALUES ("3119004", "DIC", "Ducimus Id Company", "Ray Path", "3968", "South Alyssastad", "69529", "Company");
INSERT INTO Organization (Organization_ID,Acronym,Name,Street,Street_Number,City,Postal_Code,Org_type) VALUES ("3119005", "ADRC", "Autem Ducimus Research Center", "Kapur Chowk", "8305", "Kelseyville", "92981", "Research Center");
INSERT INTO Organization (Organization_ID,Acronym,Name,Street,Street_Number,City,Postal_Code,Org_type) VALUES ("3119006", "PTU", "Property Today University", "George Shore", "2318", "Jensenport", "18748", "University");
INSERT INTO Organization (Organization_ID,Acronym,Name,Street,Street_Number,City,Postal_Code,Org_type) VALUES ("3119007", "RRC", "Reprehenderit Rem Company", "Caraballo Drive", "3753", "Randy Ville", "13592", "Company");
INSERT INTO Organization (Organization_ID,Acronym,Name,Street,Street_Number,City,Postal_Code,Org_type) VALUES ("3119008", "WYMRC", "Within Yet Main Research Center", "Cattleya Road", "1442", "North Eric", "21126", "Research Center");
INSERT INTO Organization (Organization_ID,Acronym,Name,Street,Street_Number,City,Postal_Code,Org_type) VALUES ("3119009", "FWPU", "Fill Where Partner University", "Ross Village", "9931", "Matthewmouth", "95072", "University");
INSERT INTO Organization (Organization_ID,Acronym,Name,Street,Street_Number,City,Postal_Code,Org_type) VALUES ("3119010", "FLLC", "Finish Laugh Leave Company", "Sharp Mall", "1367", "Chambersshire", "26591", "Company");
INSERT INTO Organization (Organization_ID,Acronym,Name,Street,Street_Number,City,Postal_Code,Org_type) VALUES ("3119011", "RTNRC", "Really Tough Now Research Center", "Madan Road", "5286", "David Ville", "50587", "Research Center");
INSERT INTO Organization (Organization_ID,Acronym,Name,Street,Street_Number,City,Postal_Code,Org_type) VALUES ("3119012", "DPFU", "Dinner Per Finally University", "Debra Parkways", "841", "Dewas", "86822", "University");
INSERT INTO Organization (Organization_ID,Acronym,Name,Street,Street_Number,City,Postal_Code,Org_type) VALUES ("3119013", "AVC", "Accusamus Vero Company", "Bora Zila", "8092", "Fordchester", "32647", "Company");
INSERT INTO Organization (Organization_ID,Acronym,Name,Street,Street_Number,City,Postal_Code,Org_type) VALUES ("3119014", "LBRC", "Level Business Research Center", "Kim Avenue", "6691", "Chapra", "72545", "Research Center");
INSERT INTO Organization (Organization_ID,Acronym,Name,Street,Street_Number,City,Postal_Code,Org_type) VALUES ("3119015", "CEUU", "Cumque Et Ut University", "Halcon Avenue Extension", "9699", "North Alex", "94301", "University");
INSERT INTO Organization (Organization_ID,Acronym,Name,Street,Street_Number,City,Postal_Code,Org_type) VALUES ("3119016", "SNAC", "Sunt Nemo Accusamus Company", "Balay Marg", "6892", "Haldia", "91670", "Company");
INSERT INTO Organization (Organization_ID,Acronym,Name,Street,Street_Number,City,Postal_Code,Org_type) VALUES ("3119017", "EMRC", "Ex Molestiae Research Center", "Cobb Island", "996", "Erinshire", "96805", "Research Center");
INSERT INTO Organization (Organization_ID,Acronym,Name,Street,Street_Number,City,Postal_Code,Org_type) VALUES ("3119018", "ENQAU", "Ea Non Qui Animi University", "Seshadri Ganj", "7515", "Jessicabury", "28005", "University");
INSERT INTO Organization (Organization_ID,Acronym,Name,Street,Street_Number,City,Postal_Code,Org_type) VALUES ("3119019", "PAC", "Present Available Company", "Flores Burgs", "5790", "Guntakal", "57651", "Company");
INSERT INTO Organization (Organization_ID,Acronym,Name,Street,Street_Number,City,Postal_Code,Org_type) VALUES ("3119020", "VRC", "Voluptatibus Research Center", "Amy Lodge", "8794", "South Brandon", "49554", "Research Center");
INSERT INTO Organization (Organization_ID,Acronym,Name,Street,Street_Number,City,Postal_Code,Org_type) VALUES ("3119021", "EAU", "Eveniet Alias University", "Zacharia Zila", "1836", "New Pamela", "19719", "University");
INSERT INTO Organization (Organization_ID,Acronym,Name,Street,Street_Number,City,Postal_Code,Org_type) VALUES ("3119022", "BSEC", "Baby Social Expect Company", "Alan Brook", "8268", "Maria Ville", "73543", "Company");
INSERT INTO Organization (Organization_ID,Acronym,Name,Street,Street_Number,City,Postal_Code,Org_type) VALUES ("3119023", "AIRC", "Aliquam Ipsum Research Center", "Owen Circles", "5282", "George Ville", "78956", "Research Center");
INSERT INTO Organization (Organization_ID,Acronym,Name,Street,Street_Number,City,Postal_Code,Org_type) VALUES ("3119024", "RFSU", "Read Film Skin University", "Kristy Walk", "3940", "Srinagar", "20412", "University");
INSERT INTO Organization (Organization_ID,Acronym,Name,Street,Street_Number,City,Postal_Code,Org_type) VALUES ("3119025", "MSBC", "My Specific Blood Company", "Madan Nagar", "8582", "Waltonmouth", "53516", "Company");
INSERT INTO Organization (Organization_ID,Acronym,Name,Street,Street_Number,City,Postal_Code,Org_type) VALUES ("3119026", "ATRC", "A Tempora Research Center", "Kota Path", "5042", "East Garyport", "63084", "Research Center");
INSERT INTO Organization (Organization_ID,Acronym,Name,Street,Street_Number,City,Postal_Code,Org_type) VALUES ("3119027", "HIOU", "Hic Iure Odit University", "Mayon Street", "8408", "Kottayam", "35775", "University");
INSERT INTO Organization (Organization_ID,Acronym,Name,Street,Street_Number,City,Postal_Code,Org_type) VALUES ("3119028", "OSEC", "Omnis Sed Earum Company", "Sardonyx Highway", "5794", "New Heatherland", "76068", "Company");
INSERT INTO Organization (Organization_ID,Acronym,Name,Street,Street_Number,City,Postal_Code,Org_type) VALUES ("3119029", "OARC", "Occaecati Aperiam Research Center", "Amethyst Street", "547", "Alec Ville", "47091", "Research Center");
INSERT INTO Organization (Organization_ID,Acronym,Name,Street,Street_Number,City,Postal_Code,Org_type) VALUES ("3119030", "CAU", "Corporis Aliquid University", "Upadhyay Street", "4037", "Timothyton", "72741", "University");
INSERT INTO Organization (Organization_ID,Acronym,Name,Street,Street_Number,City,Postal_Code,Org_type) VALUES ("3119031", "MAC", "Molestias Aliquid Company", "Virgo Avenue", "7613", "Sikar", "49402", "Company");
INSERT INTO Organization (Organization_ID,Acronym,Name,Street,Street_Number,City,Postal_Code,Org_type) VALUES ("3119032", "FCRC", "Field Citizen Research Center", "Sani Nagar", "7317", "Morrisshire", "60226", "Research Center");
INSERT INTO Organization (Organization_ID,Acronym,Name,Street,Street_Number,City,Postal_Code,Org_type) VALUES ("3119033", "RU", "Repellendus University", "Latoya Lights", "920", "Craig Ville", "48402", "University");
INSERT INTO Organization (Organization_ID,Acronym,Name,Street,Street_Number,City,Postal_Code,Org_type) VALUES ("3119034", "TCTC", "Toward City Third Company", "82nd Boulevard", "4065", "East Katherinemouth", "41533", "Company");
INSERT INTO Organization (Organization_ID,Acronym,Name,Street,Street_Number,City,Postal_Code,Org_type) VALUES ("3119035", "RDARC", "Rerum Dolore Ad Research Center", "Cameron Stravenue", "7204", "Moradabad", "59175", "Research Center");
INSERT INTO Organization (Organization_ID,Acronym,Name,Street,Street_Number,City,Postal_Code,Org_type) VALUES ("3119036", "MCU", "Mollitia Commodi University", "Neptune Highway", "838", "Barrytown", "51824", "University");
INSERT INTO Organization (Organization_ID,Acronym,Name,Street,Street_Number,City,Postal_Code,Org_type) VALUES ("3119037", "PQC", "Perspiciatis Quae Company", "Kirk Drive", "8672", "North Amandaside", "72041", "Company");
INSERT INTO Organization (Organization_ID,Acronym,Name,Street,Street_Number,City,Postal_Code,Org_type) VALUES ("3119038", "FPORC", "Force Play Occur Research Center", "Clark Greens", "2344", "New Shaun", "40552", "Research Center");
INSERT INTO Organization (Organization_ID,Acronym,Name,Street,Street_Number,City,Postal_Code,Org_type) VALUES ("3119039", "EOU", "Eius Occaecati University", "Gill Path", "9255", "South Lauren", "28259", "University");
INSERT INTO Organization (Organization_ID,Acronym,Name,Street,Street_Number,City,Postal_Code,Org_type) VALUES ("3119040", "AWAC", "Audience Week Area Company", "Harris Fords", "5500", "North Natashaside", "48744", "Company");
INSERT INTO Organization (Organization_ID,Acronym,Name,Street,Street_Number,City,Postal_Code,Org_type) VALUES ("3119041", "MPRC", "Mission Prepare Research Center", "Kadakia Marg", "6407", "Miryalaguda", "93729", "Research Center");
INSERT INTO Organization (Organization_ID,Acronym,Name,Street,Street_Number,City,Postal_Code,Org_type) VALUES ("3119042", "ANU", "Aspernatur Nihil University", "Jacobs Wall", "3367", "Kirari Suleman Nagar", "74654", "University");
INSERT INTO Organization (Organization_ID,Acronym,Name,Street,Street_Number,City,Postal_Code,Org_type) VALUES ("3119043", "IOC", "Iure Officiis Company", "Dunn Roads", "6962", "Agra", "99858", "Company");
INSERT INTO Organization (Organization_ID,Acronym,Name,Street,Street_Number,City,Postal_Code,Org_type) VALUES ("3119044", "IDLRC", "In Dolorem Labore Research Center", "Williams Fort", "982", "Khandwa", "48428", "Research Center");
INSERT INTO Organization (Organization_ID,Acronym,Name,Street,Street_Number,City,Postal_Code,Org_type) VALUES ("3119045", "AUU", "Aliquid Unde University", "Hodges Mission", "5418", "Jonathon Ville", "63954", "University");
INSERT INTO Organization (Organization_ID,Acronym,Name,Street,Street_Number,City,Postal_Code,Org_type) VALUES ("3119046", "WAC", "Weight According Company", "King Mission", "5496", "Hollyside", "39840", "Company");
INSERT INTO Organization (Organization_ID,Acronym,Name,Street,Street_Number,City,Postal_Code,Org_type) VALUES ("3119047", "VELRC", "Vero Ea Laudantium Research Center", "Pinatubo Drive", "9189", "Townsendton", "61921", "Research Center");
INSERT INTO Organization (Organization_ID,Acronym,Name,Street,Street_Number,City,Postal_Code,Org_type) VALUES ("3119048", "TSMU", "Thank Simply Music University", "Hudson Point", "7521", "Sarahstad", "28011", "University");
INSERT INTO Organization (Organization_ID,Acronym,Name,Street,Street_Number,City,Postal_Code,Org_type) VALUES ("3119049", "RC", "Recusandae Company", "Baker Wall", "2199", "North Daniel", "35649", "Company");
INSERT INTO Project (Project_ID,Name,Summary,Project_Funds,Start_Date,End_Date,Executive_ID,Program_Name,Organization_ID) VALUES ("3119000", "Hour Drop", "Modi iste molestiae error minima asperiores.", "310227", "2020-10-02", "2023-10-26", "3119023", "Aut maiores odio.", "3119049");
INSERT INTO Project (Project_ID,Name,Summary,Project_Funds,Start_Date,End_Date,Executive_ID,Program_Name,Organization_ID) VALUES ("3119001", "Iure Facilis", "Clear save time. Add he nature. Weight church his gas stay small factor.", "463422", "2020-10-24", "2022-05-02", "3119000", "Officia tempora.", "3119028");
INSERT INTO Project (Project_ID,Name,Summary,Project_Funds,Start_Date,End_Date,Executive_ID,Program_Name,Organization_ID) VALUES ("3119002", "Power Hit Same", "However rate break value into use.", "272865", "2021-03-07", "2024-03-02", "3119007", "Eos similique quod.", "3119006");
INSERT INTO Project (Project_ID,Name,Summary,Project_Funds,Start_Date,End_Date,Executive_ID,Program_Name,Organization_ID) VALUES ("3119003", "Difficult Unit", "Cum deserunt eum reiciendis nam.", "256161", "2021-11-21", "2023-11-07", "3119020", "Debitis quidem.", "3119034");
INSERT INTO Project (Project_ID,Name,Summary,Project_Funds,Start_Date,End_Date,Executive_ID,Program_Name,Organization_ID) VALUES ("3119004", "Excepturi Quos", "Sign into force national wrong radio.", "673889", "2019-11-12", "2022-02-21", "3119002", "Garden half what.", "3119012");
INSERT INTO Project (Project_ID,Name,Summary,Project_Funds,Start_Date,End_Date,Executive_ID,Program_Name,Organization_ID) VALUES ("3119005", "Mollitia Soluta", "Incidunt nulla iusto dolores facere officiis magni aperiam.", "549688", "2020-12-01", "2024-04-30", "3119009", "Bar approach.", "3119043");
INSERT INTO Project (Project_ID,Name,Summary,Project_Funds,Start_Date,End_Date,Executive_ID,Program_Name,Organization_ID) VALUES ("3119006", "North Phone Present", "List activity strategy ago. Matter though fly our money.", "563123", "2022-01-12", "2025-10-23", "3119043", "Best commercial.", "3119036");
INSERT INTO Project (Project_ID,Name,Summary,Project_Funds,Start_Date,End_Date,Executive_ID,Program_Name,Organization_ID) VALUES ("3119007", "Incidunt", "Nihil mollitia aspernatur debitis.", "949515", "2022-04-18", "2024-10-26", "3119006", "Court choose.", "3119021");
INSERT INTO Project (Project_ID,Name,Summary,Project_Funds,Start_Date,End_Date,Executive_ID,Program_Name,Organization_ID) VALUES ("3119008", "Task Style My", "Policy she rule write billion top wear itself.", "128502", "2020-11-15", "2024-09-25", "3119021", "Stay everyone.", "3119028");
INSERT INTO Project (Project_ID,Name,Summary,Project_Funds,Start_Date,End_Date,Executive_ID,Program_Name,Organization_ID) VALUES ("3119009", "Teacher Director", "In nihil tempore voluptatibus.", "452347", "2022-02-05", "2023-06-24", "3119021", "Reach serious into.", "3119025");
INSERT INTO Project (Project_ID,Name,Summary,Project_Funds,Start_Date,End_Date,Executive_ID,Program_Name,Organization_ID) VALUES ("3119010", "Sunt Accusamus", "Necessitatibus hic adipisci optio modi suscipit. Aliquid perferendis odio.", "201841", "2020-05-29", "2021-12-09", "3119029", "Century poor.", "3119006");
INSERT INTO Project (Project_ID,Name,Summary,Project_Funds,Start_Date,End_Date,Executive_ID,Program_Name,Organization_ID) VALUES ("3119011", "Free Plant", "Participant attorney film design tough than address sometimes.", "366733", "2020-03-27", "2023-06-13", "3119000", "Mission really.", "3119006");
INSERT INTO Project (Project_ID,Name,Summary,Project_Funds,Start_Date,End_Date,Executive_ID,Program_Name,Organization_ID) VALUES ("3119012", "Omnis Reiciendis", "Rate provide page attention development travel.", "311146", "2022-01-29", "2025-09-15", "3119033", "Sunt impedit qui.", "3119042");
INSERT INTO Project (Project_ID,Name,Summary,Project_Funds,Start_Date,End_Date,Executive_ID,Program_Name,Organization_ID) VALUES ("3119013", "Choose Upon Such", "Well organization tonight. Hospital likely hear miss.", "658159", "2021-06-28", "2022-10-20", "3119019", "Maintain week page.", "3119010");
INSERT INTO Project (Project_ID,Name,Summary,Project_Funds,Start_Date,End_Date,Executive_ID,Program_Name,Organization_ID) VALUES ("3119014", "Iure Eaque Aliquam", "Quam deserunt odio consectetur. Sed iste eius illum non labore iste.", "789778", "2020-06-28", "2022-02-27", "3119042", "Reveal cup push law.", "3119039");
INSERT INTO Project (Project_ID,Name,Summary,Project_Funds,Start_Date,End_Date,Executive_ID,Program_Name,Organization_ID) VALUES ("3119015", "Impedit Pariatur", "At suscipit adipisci. Quae perferendis dignissimos enim hic maiores.", "170011", "2022-04-03", "2023-04-19", "3119022", "Must would popular.", "3119037");
INSERT INTO Project (Project_ID,Name,Summary,Project_Funds,Start_Date,End_Date,Executive_ID,Program_Name,Organization_ID) VALUES ("3119016", "Whom Friend Detail", "Budget dog admit candidate girl answer mention old.", "887541", "2021-01-24", "2023-06-09", "3119041", "Corrupti rerum.", "3119010");
INSERT INTO Project (Project_ID,Name,Summary,Project_Funds,Start_Date,End_Date,Executive_ID,Program_Name,Organization_ID) VALUES ("3119017", "Capital Standard", "Doloribus fugit facilis magni optio ea.", "332235", "2019-12-28", "2021-05-11", "3119001", "Illum itaque eaque.", "3119042");
INSERT INTO Project (Project_ID,Name,Summary,Project_Funds,Start_Date,End_Date,Executive_ID,Program_Name,Organization_ID) VALUES ("3119018", "Meeting Once Close", "Dog American her else street. Number son hot quality.", "186571", "2021-07-19", "2023-03-29", "3119018", "Incidunt libero.", "3119036");
INSERT INTO Project (Project_ID,Name,Summary,Project_Funds,Start_Date,End_Date,Executive_ID,Program_Name,Organization_ID) VALUES ("3119019", "Sell Travel Talk", "Full part beat safe. Likely lose page give four medical throw guy.", "354492", "2020-07-14", "2023-08-13", "3119003", "Statement build.", "3119019");
INSERT INTO Project (Project_ID,Name,Summary,Project_Funds,Start_Date,End_Date,Executive_ID,Program_Name,Organization_ID) VALUES ("3119020", "Score Kind Whole", "In dolores possimus repellendus et ex repellat recusandae.", "756545", "2020-06-20", "2023-08-01", "3119024", "We when national.", "3119039");
INSERT INTO Project (Project_ID,Name,Summary,Project_Funds,Start_Date,End_Date,Executive_ID,Program_Name,Organization_ID) VALUES ("3119021", "Magnam Deleniti", "Authority human kid give fact common chance per.", "235893", "2019-11-20", "2021-01-10", "3119022", "Author cost enough.", "3119023");
INSERT INTO Project (Project_ID,Name,Summary,Project_Funds,Start_Date,End_Date,Executive_ID,Program_Name,Organization_ID) VALUES ("3119022", "Illum Quidem", "Quo dolorem sunt doloribus esse. Unde unde facere neque.", "971510", "2020-10-08", "2022-04-03", "3119036", "Molestias quo.", "3119000");
INSERT INTO Project (Project_ID,Name,Summary,Project_Funds,Start_Date,End_Date,Executive_ID,Program_Name,Organization_ID) VALUES ("3119023", "Book Word Family", "Reprehenderit quasi ad exercitationem dolore.", "596442", "2020-03-24", "2023-08-19", "3119034", "Foot better town.", "3119027");
INSERT INTO Project (Project_ID,Name,Summary,Project_Funds,Start_Date,End_Date,Executive_ID,Program_Name,Organization_ID) VALUES ("3119024", "Aliquam Cumque", "Ut ducimus possimus aliquam. Maxime eaque accusantium qui officia.", "206258", "2020-01-21", "2023-05-14", "3119002", "Aliquid nobis esse.", "3119001");
INSERT INTO Project (Project_ID,Name,Summary,Project_Funds,Start_Date,End_Date,Executive_ID,Program_Name,Organization_ID) VALUES ("3119025", "Purpose When Give", "Think term law. Great happen try.", "849967", "2020-05-18", "2023-05-07", "3119019", "Temporibus error.", "3119037");
INSERT INTO Project (Project_ID,Name,Summary,Project_Funds,Start_Date,End_Date,Executive_ID,Program_Name,Organization_ID) VALUES ("3119026", "Libero", "Audience able tend yet sit interview. Magazine member budget star fact.", "423921", "2020-11-06", "2023-12-17", "3119004", "Suffer society.", "3119046");
INSERT INTO Project (Project_ID,Name,Summary,Project_Funds,Start_Date,End_Date,Executive_ID,Program_Name,Organization_ID) VALUES ("3119027", "Far Really Enjoy", "Factor those point. Consumer itself American common do performance check.", "768502", "2020-11-03", "2022-09-26", "3119011", "Sapiente assumenda.", "3119003");
INSERT INTO Project (Project_ID,Name,Summary,Project_Funds,Start_Date,End_Date,Executive_ID,Program_Name,Organization_ID) VALUES ("3119028", "Quibusdam Ipsum", "Ability shake policy. Stop color tend society real task.", "337800", "2020-08-16", "2023-02-10", "3119042", "Natural tough her.", "3119007");
INSERT INTO Project (Project_ID,Name,Summary,Project_Funds,Start_Date,End_Date,Executive_ID,Program_Name,Organization_ID) VALUES ("3119029", "Order Us Learn", "Few training low service fear hope human.", "648002", "2020-02-21", "2022-09-17", "3119044", "Cumque facilis.", "3119019");
INSERT INTO Project (Project_ID,Name,Summary,Project_Funds,Start_Date,End_Date,Executive_ID,Program_Name,Organization_ID) VALUES ("3119030", "Itaque Ullam Quo", "Hot wrong able change town.", "326573", "2021-05-06", "2024-07-02", "3119027", "Campaign late leave.", "3119019");
INSERT INTO Project (Project_ID,Name,Summary,Project_Funds,Start_Date,End_Date,Executive_ID,Program_Name,Organization_ID) VALUES ("3119031", "Job Month Arm Him", "Other affect campaign investment every work. Hear dinner sure.", "795930", "2021-02-20", "2023-10-14", "3119002", "Sport sound.", "3119027");
INSERT INTO Project (Project_ID,Name,Summary,Project_Funds,Start_Date,End_Date,Executive_ID,Program_Name,Organization_ID) VALUES ("3119032", "Pull Without Office", "Picture race push realize focus. In when dog. Care kitchen age nearly.", "160129", "2020-11-24", "2022-07-08", "3119005", "Including suffer.", "3119038");
INSERT INTO Project (Project_ID,Name,Summary,Project_Funds,Start_Date,End_Date,Executive_ID,Program_Name,Organization_ID) VALUES ("3119033", "Parent Consumer", "Modi quae atque officia iusto praesentium. Libero accusantium eos.", "299901", "2020-12-01", "2022-12-17", "3119005", "Praesentium.", "3119033");
INSERT INTO Project (Project_ID,Name,Summary,Project_Funds,Start_Date,End_Date,Executive_ID,Program_Name,Organization_ID) VALUES ("3119034", "Deserunt Minima", "Produce main present everything often method.", "240816", "2020-06-25", "2024-04-12", "3119031", "History test nor.", "3119049");
INSERT INTO Project (Project_ID,Name,Summary,Project_Funds,Start_Date,End_Date,Executive_ID,Program_Name,Organization_ID) VALUES ("3119035", "National Box Buy Me", "Omnis placeat aperiam laudantium veniam ex.", "387065", "2020-06-29", "2024-06-14", "3119012", "Practice scientist.", "3119039");
INSERT INTO Project (Project_ID,Name,Summary,Project_Funds,Start_Date,End_Date,Executive_ID,Program_Name,Organization_ID) VALUES ("3119036", "Someone Action This", "Total simply middle collection.", "143394", "2020-06-11", "2023-06-04", "3119046", "Almost majority.", "3119028");
INSERT INTO Project (Project_ID,Name,Summary,Project_Funds,Start_Date,End_Date,Executive_ID,Program_Name,Organization_ID) VALUES ("3119037", "Labore Nostrum", "Esse architecto dignissimos praesentium deleniti dignissimos ducimus.", "734855", "2020-04-23", "2024-01-22", "3119011", "Reiciendis officiis.", "3119012");
INSERT INTO Project (Project_ID,Name,Summary,Project_Funds,Start_Date,End_Date,Executive_ID,Program_Name,Organization_ID) VALUES ("3119038", "Factor Visit Impact", "Financial evidence you forward.", "751491", "2022-02-12", "2025-11-17", "3119036", "Firm property.", "3119036");
INSERT INTO Project (Project_ID,Name,Summary,Project_Funds,Start_Date,End_Date,Executive_ID,Program_Name,Organization_ID) VALUES ("3119039", "Sequi Fugiat", "Fast race audience power form marriage weight. Student up throw enter.", "478354", "2021-03-13", "2023-05-01", "3119039", "Distinctio error.", "3119034");
INSERT INTO Project (Project_ID,Name,Summary,Project_Funds,Start_Date,End_Date,Executive_ID,Program_Name,Organization_ID) VALUES ("3119040", "Corrupti Quasi Hic", "Those ball operation everyone area accept in.", "644796", "2019-11-15", "2022-08-22", "3119047", "Term section.", "3119035");
INSERT INTO Project (Project_ID,Name,Summary,Project_Funds,Start_Date,End_Date,Executive_ID,Program_Name,Organization_ID) VALUES ("3119041", "Note Political True", "Wonder education run win become surface. Put education dark.", "363082", "2022-03-26", "2026-02-18", "3119046", "Out red senior.", "3119047");
INSERT INTO Project (Project_ID,Name,Summary,Project_Funds,Start_Date,End_Date,Executive_ID,Program_Name,Organization_ID) VALUES ("3119042", "Totam Voluptatem", "Environment wide hand wonder my. Probably kid place.", "491209", "2022-03-07", "2025-09-16", "3119034", "Six card lay she.", "3119047");
INSERT INTO Project (Project_ID,Name,Summary,Project_Funds,Start_Date,End_Date,Executive_ID,Program_Name,Organization_ID) VALUES ("3119043", "Various", "Wrong hotel shoulder be scientist image.", "441572", "2020-03-21", "2023-05-11", "3119008", "Laudantium nam.", "3119032");
INSERT INTO Project (Project_ID,Name,Summary,Project_Funds,Start_Date,End_Date,Executive_ID,Program_Name,Organization_ID) VALUES ("3119044", "Scene Thank Some", "Sed ducimus suscipit quaerat. Sed quam maiores error.", "368307", "2021-12-19", "2025-07-15", "3119035", "Reprehenderit nam.", "3119042");
INSERT INTO Project (Project_ID,Name,Summary,Project_Funds,Start_Date,End_Date,Executive_ID,Program_Name,Organization_ID) VALUES ("3119045", "Quae Assumenda Quam", "Now whether will cut chance bag. Inside kind head husband face for right.", "244777", "2021-01-21", "2023-09-14", "3119037", "Size start become.", "3119035");
INSERT INTO Project (Project_ID,Name,Summary,Project_Funds,Start_Date,End_Date,Executive_ID,Program_Name,Organization_ID) VALUES ("3119046", "Begin Back Off", "Ut impedit illum nobis deserunt.", "422403", "2021-12-08", "2023-02-15", "3119009", "Quibusdam ipsam.", "3119003");
INSERT INTO Project (Project_ID,Name,Summary,Project_Funds,Start_Date,End_Date,Executive_ID,Program_Name,Organization_ID) VALUES ("3119047", "Eligendi Iste", "Ability possible guess strategy. Family behind trial can.", "927571", "2020-05-12", "2023-10-03", "3119023", "Likely air speak.", "3119031");
INSERT INTO Project (Project_ID,Name,Summary,Project_Funds,Start_Date,End_Date,Executive_ID,Program_Name,Organization_ID) VALUES ("3119048", "Porro Sint Suscipit", "Similique eos tempore labore neque laboriosam.", "537735", "2020-05-22", "2022-10-21", "3119044", "Work economic.", "3119049");
INSERT INTO Project (Project_ID,Name,Summary,Project_Funds,Start_Date,End_Date,Executive_ID,Program_Name,Organization_ID) VALUES ("3119049", "Odio Illum", "Light light decide check box wide. Real final third newspaper.", "237324", "2019-12-18", "2021-12-12", "3119035", "Eum dolor debitis.", "3119023");
INSERT INTO Researcher (Researcher_ID,Name,Surname,Gender,Birth_Date,Recruitment_Date,Organization_ID) VALUES ("3119000", "Samarth", "Harrison", "Male", "1961-10-30", "2022-01-10", "3119039");
INSERT INTO Researcher (Researcher_ID,Name,Surname,Gender,Birth_Date,Recruitment_Date,Organization_ID) VALUES ("3119001", "Erika", "Hill", "Female", "1994-01-29", "2020-11-18", "3119011");
INSERT INTO Researcher (Researcher_ID,Name,Surname,Gender,Birth_Date,Recruitment_Date,Organization_ID) VALUES ("3119002", "Mary", "Majumdar", "Other", "1980-03-28", "2020-09-06", "3119019");
INSERT INTO Researcher (Researcher_ID,Name,Surname,Gender,Birth_Date,Recruitment_Date,Organization_ID) VALUES ("3119003", "Joseph", "Mason", "Male", "1964-02-07", "2021-05-01", "3119017");
INSERT INTO Researcher (Researcher_ID,Name,Surname,Gender,Birth_Date,Recruitment_Date,Organization_ID) VALUES ("3119004", "Aayush", "Becker", "Female", "1983-04-18", "2020-04-15", "3119005");
INSERT INTO Researcher (Researcher_ID,Name,Surname,Gender,Birth_Date,Recruitment_Date,Organization_ID) VALUES ("3119005", "Karen", "Curtis", "Other", "1994-11-21", "2021-06-29", "3119029");
INSERT INTO Researcher (Researcher_ID,Name,Surname,Gender,Birth_Date,Recruitment_Date,Organization_ID) VALUES ("3119006", "James", "Rasmussen", "Male", "1966-01-15", "2021-01-19", "3119031");
INSERT INTO Researcher (Researcher_ID,Name,Surname,Gender,Birth_Date,Recruitment_Date,Organization_ID) VALUES ("3119007", "Bobby", "Stevenson", "Female", "1981-06-29", "2020-10-25", "3119015");
INSERT INTO Researcher (Researcher_ID,Name,Surname,Gender,Birth_Date,Recruitment_Date,Organization_ID) VALUES ("3119008", "Amy", "Rios", "Other", "1971-02-10", "2020-12-09", "3119009");
INSERT INTO Researcher (Researcher_ID,Name,Surname,Gender,Birth_Date,Recruitment_Date,Organization_ID) VALUES ("3119009", "Angela", "Glass", "Male", "1975-08-16", "2021-07-19", "3119036");
INSERT INTO Researcher (Researcher_ID,Name,Surname,Gender,Birth_Date,Recruitment_Date,Organization_ID) VALUES ("3119010", "Chad", "Boase", "Female", "1975-02-28", "2021-06-15", "3119002");
INSERT INTO Researcher (Researcher_ID,Name,Surname,Gender,Birth_Date,Recruitment_Date,Organization_ID) VALUES ("3119011", "Prerak", "Hughes", "Other", "1975-10-10", "2020-11-03", "3119018");
INSERT INTO Researcher (Researcher_ID,Name,Surname,Gender,Birth_Date,Recruitment_Date,Organization_ID) VALUES ("3119012", "Divyansh", "Agrawal", "Male", "1983-08-09", "2020-08-17", "3119024");
INSERT INTO Researcher (Researcher_ID,Name,Surname,Gender,Birth_Date,Recruitment_Date,Organization_ID) VALUES ("3119013", "Indrans", "Terry", "Female", "1972-01-03", "2021-11-03", "3119047");
INSERT INTO Researcher (Researcher_ID,Name,Surname,Gender,Birth_Date,Recruitment_Date,Organization_ID) VALUES ("3119014", "Alex", "Gill", "Other", "1998-03-27", "2022-04-29", "3119015");
INSERT INTO Researcher (Researcher_ID,Name,Surname,Gender,Birth_Date,Recruitment_Date,Organization_ID) VALUES ("3119015", "Yasmin", "Bassi", "Male", "1981-03-16", "2020-06-10", "3119029");
INSERT INTO Researcher (Researcher_ID,Name,Surname,Gender,Birth_Date,Recruitment_Date,Organization_ID) VALUES ("3119016", "Jhanvi", "Bhakta", "Female", "1974-03-09", "2021-12-09", "3119045");
INSERT INTO Researcher (Researcher_ID,Name,Surname,Gender,Birth_Date,Recruitment_Date,Organization_ID) VALUES ("3119017", "Barbara", "Garcia", "Other", "1985-02-11", "2020-11-04", "3119030");
INSERT INTO Researcher (Researcher_ID,Name,Surname,Gender,Birth_Date,Recruitment_Date,Organization_ID) VALUES ("3119018", "Lakshit", "Sangha", "Male", "1989-01-08", "2020-03-22", "3119014");
INSERT INTO Researcher (Researcher_ID,Name,Surname,Gender,Birth_Date,Recruitment_Date,Organization_ID) VALUES ("3119019", "Julie", "Campos", "Female", "1967-11-14", "2020-09-13", "3119028");
INSERT INTO Researcher (Researcher_ID,Name,Surname,Gender,Birth_Date,Recruitment_Date,Organization_ID) VALUES ("3119020", "Jasmine", "Balasubramanian", "Other", "1991-03-16", "2022-04-30", "3119009");
INSERT INTO Researcher (Researcher_ID,Name,Surname,Gender,Birth_Date,Recruitment_Date,Organization_ID) VALUES ("3119021", "Paul", "Thompson", "Male", "1964-07-18", "2021-11-30", "3119004");
INSERT INTO Researcher (Researcher_ID,Name,Surname,Gender,Birth_Date,Recruitment_Date,Organization_ID) VALUES ("3119022", "Tiya", "Ahluwalia", "Female", "1997-05-15", "2020-09-24", "3119045");
INSERT INTO Researcher (Researcher_ID,Name,Surname,Gender,Birth_Date,Recruitment_Date,Organization_ID) VALUES ("3119023", "Larry", "Howell", "Other", "1981-02-28", "2020-03-17", "3119021");
INSERT INTO Researcher (Researcher_ID,Name,Surname,Gender,Birth_Date,Recruitment_Date,Organization_ID) VALUES ("3119024", "Ryan", "Lanka", "Male", "1998-04-03", "2022-03-16", "3119013");
INSERT INTO Researcher (Researcher_ID,Name,Surname,Gender,Birth_Date,Recruitment_Date,Organization_ID) VALUES ("3119025", "Suhana", "Norman", "Female", "1968-04-16", "2020-10-01", "3119011");
INSERT INTO Researcher (Researcher_ID,Name,Surname,Gender,Birth_Date,Recruitment_Date,Organization_ID) VALUES ("3119026", "Kyle", "Mcdaniel", "Other", "1974-08-02", "2020-07-04", "3119001");
INSERT INTO Researcher (Researcher_ID,Name,Surname,Gender,Birth_Date,Recruitment_Date,Organization_ID) VALUES ("3119027", "Edwin", "Mani", "Male", "1961-05-28", "2022-04-29", "3119016");
INSERT INTO Researcher (Researcher_ID,Name,Surname,Gender,Birth_Date,Recruitment_Date,Organization_ID) VALUES ("3119028", "Erin", "Bhat", "Female", "2000-08-03", "2020-08-02", "3119042");
INSERT INTO Researcher (Researcher_ID,Name,Surname,Gender,Birth_Date,Recruitment_Date,Organization_ID) VALUES ("3119029", "Gina", "West", "Other", "1963-03-01", "2021-07-24", "3119012");
INSERT INTO Researcher (Researcher_ID,Name,Surname,Gender,Birth_Date,Recruitment_Date,Organization_ID) VALUES ("3119030", "Ashley", "Gentry", "Male", "1981-05-16", "2020-10-22", "3119037");
INSERT INTO Researcher (Researcher_ID,Name,Surname,Gender,Birth_Date,Recruitment_Date,Organization_ID) VALUES ("3119031", "Amber", "Grover", "Female", "1989-05-04", "2021-01-04", "3119001");
INSERT INTO Researcher (Researcher_ID,Name,Surname,Gender,Birth_Date,Recruitment_Date,Organization_ID) VALUES ("3119032", "Gary", "Duke", "Other", "1961-05-28", "2022-03-14", "3119000");
INSERT INTO Researcher (Researcher_ID,Name,Surname,Gender,Birth_Date,Recruitment_Date,Organization_ID) VALUES ("3119033", "Steven", "Blair", "Male", "1985-10-10", "2020-04-03", "3119037");
INSERT INTO Researcher (Researcher_ID,Name,Surname,Gender,Birth_Date,Recruitment_Date,Organization_ID) VALUES ("3119034", "Julie", "Allen", "Female", "1963-02-19", "2020-07-30", "3119032");
INSERT INTO Researcher (Researcher_ID,Name,Surname,Gender,Birth_Date,Recruitment_Date,Organization_ID) VALUES ("3119035", "Stephanie", "Bell", "Other", "1989-04-19", "2020-01-10", "3119017");
INSERT INTO Researcher (Researcher_ID,Name,Surname,Gender,Birth_Date,Recruitment_Date,Organization_ID) VALUES ("3119036", "Joseph", "Spence", "Male", "1985-09-28", "2021-12-13", "3119005");
INSERT INTO Researcher (Researcher_ID,Name,Surname,Gender,Birth_Date,Recruitment_Date,Organization_ID) VALUES ("3119037", "Dhanush", "Toor", "Female", "2001-08-22", "2021-03-25", "3119045");
INSERT INTO Researcher (Researcher_ID,Name,Surname,Gender,Birth_Date,Recruitment_Date,Organization_ID) VALUES ("3119038", "Jonathan", "Torres", "Other", "1966-05-15", "2020-12-04", "3119031");
INSERT INTO Researcher (Researcher_ID,Name,Surname,Gender,Birth_Date,Recruitment_Date,Organization_ID) VALUES ("3119039", "Charles", "Simpson", "Male", "1979-03-03", "2020-01-01", "3119049");
INSERT INTO Researcher (Researcher_ID,Name,Surname,Gender,Birth_Date,Recruitment_Date,Organization_ID) VALUES ("3119040", "Mary", "Bava", "Female", "1981-02-03", "2021-04-10", "3119031");
INSERT INTO Researcher (Researcher_ID,Name,Surname,Gender,Birth_Date,Recruitment_Date,Organization_ID) VALUES ("3119041", "Oscar", "Cantrell", "Other", "1977-11-15", "2021-12-26", "3119032");
INSERT INTO Researcher (Researcher_ID,Name,Surname,Gender,Birth_Date,Recruitment_Date,Organization_ID) VALUES ("3119042", "Madhav", "Jackson", "Male", "1999-07-05", "2020-05-07", "3119013");
INSERT INTO Researcher (Researcher_ID,Name,Surname,Gender,Birth_Date,Recruitment_Date,Organization_ID) VALUES ("3119043", "Heather", "Taylor", "Female", "1971-03-23", "2020-05-28", "3119015");
INSERT INTO Researcher (Researcher_ID,Name,Surname,Gender,Birth_Date,Recruitment_Date,Organization_ID) VALUES ("3119044", "Lakshit", "Viswanathan", "Other", "1996-04-14", "2022-02-10", "3119047");
INSERT INTO Researcher (Researcher_ID,Name,Surname,Gender,Birth_Date,Recruitment_Date,Organization_ID) VALUES ("3119045", "Divij", "Williams", "Male", "2000-09-21", "2021-01-11", "3119032");
INSERT INTO Researcher (Researcher_ID,Name,Surname,Gender,Birth_Date,Recruitment_Date,Organization_ID) VALUES ("3119046", "April", "Duncan", "Female", "1977-07-13", "2021-02-07", "3119044");
INSERT INTO Researcher (Researcher_ID,Name,Surname,Gender,Birth_Date,Recruitment_Date,Organization_ID) VALUES ("3119047", "Katherine", "Richardson", "Other", "1969-04-12", "2021-02-05", "3119042");
INSERT INTO Researcher (Researcher_ID,Name,Surname,Gender,Birth_Date,Recruitment_Date,Organization_ID) VALUES ("3119048", "Joshua", "Sha", "Male", "1962-09-01", "2020-05-22", "3119043");
INSERT INTO Researcher (Researcher_ID,Name,Surname,Gender,Birth_Date,Recruitment_Date,Organization_ID) VALUES ("3119049", "Gregory", "Villarreal", "Female", "1980-11-02", "2021-05-04", "3119030");
INSERT INTO Researcher (Researcher_ID,Name,Surname,Gender,Birth_Date,Recruitment_Date,Organization_ID) VALUES ("3119050", "Robert", "Pham", "Other", "1966-03-15", "2021-08-19", "3119040");
INSERT INTO Researcher (Researcher_ID,Name,Surname,Gender,Birth_Date,Recruitment_Date,Organization_ID) VALUES ("3119051", "Jeremy", "Webb", "Male", "2001-10-25", "2021-02-10", "3119032");
INSERT INTO Researcher (Researcher_ID,Name,Surname,Gender,Birth_Date,Recruitment_Date,Organization_ID) VALUES ("3119052", "Ira", "Dayal", "Female", "1966-11-18", "2020-06-29", "3119015");
INSERT INTO Researcher (Researcher_ID,Name,Surname,Gender,Birth_Date,Recruitment_Date,Organization_ID) VALUES ("3119053", "Christopher", "Cook", "Other", "2001-07-30", "2021-01-18", "3119005");
INSERT INTO Researcher (Researcher_ID,Name,Surname,Gender,Birth_Date,Recruitment_Date,Organization_ID) VALUES ("3119054", "James", "Cox", "Male", "1970-10-10", "2021-07-27", "3119036");
INSERT INTO Researcher (Researcher_ID,Name,Surname,Gender,Birth_Date,Recruitment_Date,Organization_ID) VALUES ("3119055", "Benjamin", "Massey", "Female", "1989-03-10", "2021-12-04", "3119003");
INSERT INTO Researcher (Researcher_ID,Name,Surname,Gender,Birth_Date,Recruitment_Date,Organization_ID) VALUES ("3119056", "Brian", "Spence", "Other", "1995-01-26", "2021-01-26", "3119029");
INSERT INTO Researcher (Researcher_ID,Name,Surname,Gender,Birth_Date,Recruitment_Date,Organization_ID) VALUES ("3119057", "James", "Ingram", "Male", "2000-11-23", "2020-05-09", "3119040");
INSERT INTO Researcher (Researcher_ID,Name,Surname,Gender,Birth_Date,Recruitment_Date,Organization_ID) VALUES ("3119058", "Kimberly", "Decker", "Female", "1975-02-27", "2020-08-21", "3119029");
INSERT INTO Researcher (Researcher_ID,Name,Surname,Gender,Birth_Date,Recruitment_Date,Organization_ID) VALUES ("3119059", "Alfred", "Jain", "Other", "1965-09-13", "2021-02-13", "3119044");
INSERT INTO Researcher (Researcher_ID,Name,Surname,Gender,Birth_Date,Recruitment_Date,Organization_ID) VALUES ("3119060", "Darshit", "Shroff", "Male", "1993-09-18", "2020-03-11", "3119014");
INSERT INTO Researcher (Researcher_ID,Name,Surname,Gender,Birth_Date,Recruitment_Date,Organization_ID) VALUES ("3119061", "Tracy", "Hinton", "Female", "1977-02-07", "2021-11-18", "3119016");
INSERT INTO Researcher (Researcher_ID,Name,Surname,Gender,Birth_Date,Recruitment_Date,Organization_ID) VALUES ("3119062", "Destiny", "Kennedy", "Other", "1988-11-09", "2021-12-12", "3119031");
INSERT INTO Researcher (Researcher_ID,Name,Surname,Gender,Birth_Date,Recruitment_Date,Organization_ID) VALUES ("3119063", "Gatik", "Downs", "Male", "1965-10-25", "2020-11-03", "3119010");
INSERT INTO Researcher (Researcher_ID,Name,Surname,Gender,Birth_Date,Recruitment_Date,Organization_ID) VALUES ("3119064", "Samuel", "Smith", "Female", "1985-10-01", "2021-09-17", "3119049");
INSERT INTO Researcher (Researcher_ID,Name,Surname,Gender,Birth_Date,Recruitment_Date,Organization_ID) VALUES ("3119065", "Christopher", "Walia", "Other", "1994-05-04", "2020-09-26", "3119030");
INSERT INTO Researcher (Researcher_ID,Name,Surname,Gender,Birth_Date,Recruitment_Date,Organization_ID) VALUES ("3119066", "Shray", "Anne", "Male", "1999-12-04", "2020-10-29", "3119029");
INSERT INTO Researcher (Researcher_ID,Name,Surname,Gender,Birth_Date,Recruitment_Date,Organization_ID) VALUES ("3119067", "Joshua", "Griffith", "Female", "1976-11-12", "2020-01-25", "3119049");
INSERT INTO Researcher (Researcher_ID,Name,Surname,Gender,Birth_Date,Recruitment_Date,Organization_ID) VALUES ("3119068", "Michael", "Simon", "Other", "1989-04-02", "2021-12-26", "3119012");
INSERT INTO Researcher (Researcher_ID,Name,Surname,Gender,Birth_Date,Recruitment_Date,Organization_ID) VALUES ("3119069", "Indranil", "Sane", "Male", "1984-12-24", "2022-01-14", "3119016");
INSERT INTO Researcher (Researcher_ID,Name,Surname,Gender,Birth_Date,Recruitment_Date,Organization_ID) VALUES ("3119070", "Gregory", "Wilson", "Female", "1991-10-03", "2021-01-06", "3119007");
INSERT INTO Researcher (Researcher_ID,Name,Surname,Gender,Birth_Date,Recruitment_Date,Organization_ID) VALUES ("3119071", "Yuvaan", "Becker", "Other", "2001-04-18", "2020-04-26", "3119017");
INSERT INTO Researcher (Researcher_ID,Name,Surname,Gender,Birth_Date,Recruitment_Date,Organization_ID) VALUES ("3119072", "Ian", "Clark", "Male", "1995-08-30", "2021-04-28", "3119036");
INSERT INTO Researcher (Researcher_ID,Name,Surname,Gender,Birth_Date,Recruitment_Date,Organization_ID) VALUES ("3119073", "William", "Thompson", "Female", "1965-07-29", "2021-08-19", "3119046");
INSERT INTO Researcher (Researcher_ID,Name,Surname,Gender,Birth_Date,Recruitment_Date,Organization_ID) VALUES ("3119074", "Zachary", "Tyler", "Other", "1973-10-23", "2020-07-19", "3119036");
INSERT INTO Researcher (Researcher_ID,Name,Surname,Gender,Birth_Date,Recruitment_Date,Organization_ID) VALUES ("3119075", "Calvin", "West", "Male", "1987-03-31", "2021-02-12", "3119023");
INSERT INTO Researcher (Researcher_ID,Name,Surname,Gender,Birth_Date,Recruitment_Date,Organization_ID) VALUES ("3119076", "Richard", "Ross", "Female", "1992-11-07", "2021-04-26", "3119033");
INSERT INTO Researcher (Researcher_ID,Name,Surname,Gender,Birth_Date,Recruitment_Date,Organization_ID) VALUES ("3119077", "Advika", "Hughes", "Other", "1983-06-30", "2020-01-22", "3119021");
INSERT INTO Researcher (Researcher_ID,Name,Surname,Gender,Birth_Date,Recruitment_Date,Organization_ID) VALUES ("3119078", "Nicole", "Baria", "Male", "2000-11-19", "2022-02-02", "3119003");
INSERT INTO Researcher (Researcher_ID,Name,Surname,Gender,Birth_Date,Recruitment_Date,Organization_ID) VALUES ("3119079", "Sheila", "Gera", "Female", "1981-06-12", "2020-11-03", "3119003");
INSERT INTO Researcher (Researcher_ID,Name,Surname,Gender,Birth_Date,Recruitment_Date,Organization_ID) VALUES ("3119080", "Gabriel", "Mejia", "Other", "1988-09-21", "2021-01-19", "3119017");
INSERT INTO Researcher (Researcher_ID,Name,Surname,Gender,Birth_Date,Recruitment_Date,Organization_ID) VALUES ("3119081", "Indranil", "Krueger", "Male", "1991-04-30", "2020-03-21", "3119000");
INSERT INTO Researcher (Researcher_ID,Name,Surname,Gender,Birth_Date,Recruitment_Date,Organization_ID) VALUES ("3119082", "Nayantara", "Srinivasan", "Female", "1997-09-14", "2020-08-30", "3119049");
INSERT INTO Researcher (Researcher_ID,Name,Surname,Gender,Birth_Date,Recruitment_Date,Organization_ID) VALUES ("3119083", "Phillip", "Balasubramanian", "Other", "1964-05-05", "2020-07-24", "3119024");
INSERT INTO Researcher (Researcher_ID,Name,Surname,Gender,Birth_Date,Recruitment_Date,Organization_ID) VALUES ("3119084", "Ellen", "Smith", "Male", "1963-09-04", "2021-12-15", "3119038");
INSERT INTO Researcher (Researcher_ID,Name,Surname,Gender,Birth_Date,Recruitment_Date,Organization_ID) VALUES ("3119085", "Tina", "Thompson", "Female", "1988-08-07", "2021-06-09", "3119045");
INSERT INTO Researcher (Researcher_ID,Name,Surname,Gender,Birth_Date,Recruitment_Date,Organization_ID) VALUES ("3119086", "Pihu", "Johnson", "Other", "1979-07-20", "2021-03-01", "3119047");
INSERT INTO Researcher (Researcher_ID,Name,Surname,Gender,Birth_Date,Recruitment_Date,Organization_ID) VALUES ("3119087", "Kathryn", "Kala", "Male", "1990-04-29", "2020-06-28", "3119021");
INSERT INTO Researcher (Researcher_ID,Name,Surname,Gender,Birth_Date,Recruitment_Date,Organization_ID) VALUES ("3119088", "Shamik", "Mangat", "Female", "1981-01-30", "2020-09-03", "3119023");
INSERT INTO Researcher (Researcher_ID,Name,Surname,Gender,Birth_Date,Recruitment_Date,Organization_ID) VALUES ("3119089", "Keith", "Borah", "Other", "1987-08-22", "2020-05-06", "3119037");
INSERT INTO Researcher (Researcher_ID,Name,Surname,Gender,Birth_Date,Recruitment_Date,Organization_ID) VALUES ("3119090", "Alyssa", "Rojas", "Male", "1997-07-18", "2022-05-14", "3119028");
INSERT INTO Researcher (Researcher_ID,Name,Surname,Gender,Birth_Date,Recruitment_Date,Organization_ID) VALUES ("3119091", "Erin", "Viswanathan", "Female", "1991-04-30", "2020-09-03", "3119014");
INSERT INTO Researcher (Researcher_ID,Name,Surname,Gender,Birth_Date,Recruitment_Date,Organization_ID) VALUES ("3119092", "Tushar", "Deol", "Other", "1985-11-15", "2021-10-24", "3119033");
INSERT INTO Researcher (Researcher_ID,Name,Surname,Gender,Birth_Date,Recruitment_Date,Organization_ID) VALUES ("3119093", "Shayak", "Sanghvi", "Male", "1973-07-08", "2021-03-31", "3119047");
INSERT INTO Researcher (Researcher_ID,Name,Surname,Gender,Birth_Date,Recruitment_Date,Organization_ID) VALUES ("3119094", "Amy", "Cooper", "Female", "1997-06-22", "2021-08-27", "3119007");
INSERT INTO Researcher (Researcher_ID,Name,Surname,Gender,Birth_Date,Recruitment_Date,Organization_ID) VALUES ("3119095", "Anay", "Greene", "Other", "1994-11-08", "2020-10-31", "3119008");
INSERT INTO Researcher (Researcher_ID,Name,Surname,Gender,Birth_Date,Recruitment_Date,Organization_ID) VALUES ("3119096", "Lauren", "Hughes", "Male", "1985-10-21", "2021-10-03", "3119024");
INSERT INTO Researcher (Researcher_ID,Name,Surname,Gender,Birth_Date,Recruitment_Date,Organization_ID) VALUES ("3119097", "Aaron", "Jackson", "Female", "1962-06-10", "2021-09-22", "3119011");
INSERT INTO Researcher (Researcher_ID,Name,Surname,Gender,Birth_Date,Recruitment_Date,Organization_ID) VALUES ("3119098", "Jill", "Romero", "Other", "1994-10-01", "2021-03-17", "3119011");
INSERT INTO Researcher (Researcher_ID,Name,Surname,Gender,Birth_Date,Recruitment_Date,Organization_ID) VALUES ("3119099", "Sharon", "Gilbert", "Male", "1974-10-16", "2022-04-13", "3119000");
INSERT INTO Researcher (Researcher_ID,Name,Surname,Gender,Birth_Date,Recruitment_Date,Organization_ID) VALUES ("3119100", "Advik", "Duncan", "Female", "1973-12-30", "2020-06-15", "3119033");
INSERT INTO Researcher (Researcher_ID,Name,Surname,Gender,Birth_Date,Recruitment_Date,Organization_ID) VALUES ("3119101", "Jon", "Powell", "Other", "1981-07-29", "2020-03-06", "3119030");
INSERT INTO Researcher (Researcher_ID,Name,Surname,Gender,Birth_Date,Recruitment_Date,Organization_ID) VALUES ("3119102", "Amani", "Tata", "Male", "1967-04-03", "2020-08-01", "3119004");
INSERT INTO Researcher (Researcher_ID,Name,Surname,Gender,Birth_Date,Recruitment_Date,Organization_ID) VALUES ("3119103", "Dishani", "Schwartz", "Female", "1963-04-12", "2022-05-14", "3119016");
INSERT INTO Researcher (Researcher_ID,Name,Surname,Gender,Birth_Date,Recruitment_Date,Organization_ID) VALUES ("3119104", "Saksham", "Borah", "Other", "1982-07-03", "2020-06-09", "3119036");
INSERT INTO Researcher (Researcher_ID,Name,Surname,Gender,Birth_Date,Recruitment_Date,Organization_ID) VALUES ("3119105", "Veer", "Bhakta", "Male", "1976-05-29", "2021-07-04", "3119041");
INSERT INTO Researcher (Researcher_ID,Name,Surname,Gender,Birth_Date,Recruitment_Date,Organization_ID) VALUES ("3119106", "Cynthia", "Viswanathan", "Female", "1986-06-08", "2022-01-20", "3119016");
INSERT INTO Researcher (Researcher_ID,Name,Surname,Gender,Birth_Date,Recruitment_Date,Organization_ID) VALUES ("3119107", "Samantha", "Bates", "Other", "1974-11-05", "2020-07-09", "3119006");
INSERT INTO Researcher (Researcher_ID,Name,Surname,Gender,Birth_Date,Recruitment_Date,Organization_ID) VALUES ("3119108", "Tarini", "Merritt", "Male", "1966-11-03", "2022-02-06", "3119023");
INSERT INTO Researcher (Researcher_ID,Name,Surname,Gender,Birth_Date,Recruitment_Date,Organization_ID) VALUES ("3119109", "Kimaya", "Upadhyay", "Female", "1993-01-18", "2021-03-08", "3119038");
INSERT INTO Researcher (Researcher_ID,Name,Surname,Gender,Birth_Date,Recruitment_Date,Organization_ID) VALUES ("3119110", "Anthony", "Long", "Other", "1995-03-17", "2021-08-09", "3119042");
INSERT INTO Researcher (Researcher_ID,Name,Surname,Gender,Birth_Date,Recruitment_Date,Organization_ID) VALUES ("3119111", "Yashvi", "Johnson", "Male", "1977-04-09", "2020-01-16", "3119010");
INSERT INTO Researcher (Researcher_ID,Name,Surname,Gender,Birth_Date,Recruitment_Date,Organization_ID) VALUES ("3119112", "Gregg", "Austin", "Female", "2002-03-29", "2021-08-26", "3119028");
INSERT INTO Researcher (Researcher_ID,Name,Surname,Gender,Birth_Date,Recruitment_Date,Organization_ID) VALUES ("3119113", "Hannah", "Salas", "Other", "1997-04-02", "2021-05-16", "3119036");
INSERT INTO Researcher (Researcher_ID,Name,Surname,Gender,Birth_Date,Recruitment_Date,Organization_ID) VALUES ("3119114", "Michael", "Holmes", "Male", "1990-08-07", "2021-12-17", "3119024");
INSERT INTO Researcher (Researcher_ID,Name,Surname,Gender,Birth_Date,Recruitment_Date,Organization_ID) VALUES ("3119115", "Andrew", "Chan", "Female", "1989-11-01", "2021-04-09", "3119038");
INSERT INTO Researcher (Researcher_ID,Name,Surname,Gender,Birth_Date,Recruitment_Date,Organization_ID) VALUES ("3119116", "Sarah", "Hunter", "Other", "2000-09-12", "2020-11-22", "3119036");
INSERT INTO Researcher (Researcher_ID,Name,Surname,Gender,Birth_Date,Recruitment_Date,Organization_ID) VALUES ("3119117", "Cynthia", "Schneider", "Male", "1997-12-22", "2020-12-22", "3119007");
INSERT INTO Researcher (Researcher_ID,Name,Surname,Gender,Birth_Date,Recruitment_Date,Organization_ID) VALUES ("3119118", "Catherine", "Donovan", "Female", "1967-04-21", "2022-03-26", "3119019");
INSERT INTO Researcher (Researcher_ID,Name,Surname,Gender,Birth_Date,Recruitment_Date,Organization_ID) VALUES ("3119119", "Elizabeth", "Ramirez", "Other", "1988-11-22", "2020-08-10", "3119027");
INSERT INTO Researcher (Researcher_ID,Name,Surname,Gender,Birth_Date,Recruitment_Date,Organization_ID) VALUES ("3119120", "Edward", "Parrish", "Male", "1970-01-23", "2022-03-11", "3119025");
INSERT INTO Researcher (Researcher_ID,Name,Surname,Gender,Birth_Date,Recruitment_Date,Organization_ID) VALUES ("3119121", "Lawrence", "Reese", "Female", "1988-11-16", "2020-11-06", "3119029");
INSERT INTO Researcher (Researcher_ID,Name,Surname,Gender,Birth_Date,Recruitment_Date,Organization_ID) VALUES ("3119122", "Jennifer", "Morrison", "Other", "1979-04-13", "2020-02-05", "3119022");
INSERT INTO Researcher (Researcher_ID,Name,Surname,Gender,Birth_Date,Recruitment_Date,Organization_ID) VALUES ("3119123", "John", "Farmer", "Male", "1971-06-13", "2020-12-10", "3119004");
INSERT INTO Researcher (Researcher_ID,Name,Surname,Gender,Birth_Date,Recruitment_Date,Organization_ID) VALUES ("3119124", "Zain", "Bhargava", "Female", "2000-11-08", "2021-07-24", "3119025");
INSERT INTO Researcher (Researcher_ID,Name,Surname,Gender,Birth_Date,Recruitment_Date,Organization_ID) VALUES ("3119125", "Justin", "Flowers", "Other", "1996-05-16", "2022-04-04", "3119041");
INSERT INTO Researcher (Researcher_ID,Name,Surname,Gender,Birth_Date,Recruitment_Date,Organization_ID) VALUES ("3119126", "Shalv", "Stafford", "Male", "1985-10-22", "2021-09-08", "3119007");
INSERT INTO Researcher (Researcher_ID,Name,Surname,Gender,Birth_Date,Recruitment_Date,Organization_ID) VALUES ("3119127", "Damini", "Sibal", "Female", "2000-07-08", "2020-07-22", "3119038");
INSERT INTO Researcher (Researcher_ID,Name,Surname,Gender,Birth_Date,Recruitment_Date,Organization_ID) VALUES ("3119128", "Amy", "Arnold", "Other", "1975-08-02", "2020-03-27", "3119030");
INSERT INTO Researcher (Researcher_ID,Name,Surname,Gender,Birth_Date,Recruitment_Date,Organization_ID) VALUES ("3119129", "Siya", "Raju", "Male", "1981-11-27", "2020-03-26", "3119020");
INSERT INTO Researcher (Researcher_ID,Name,Surname,Gender,Birth_Date,Recruitment_Date,Organization_ID) VALUES ("3119130", "Karen", "Trivedi", "Female", "1993-06-09", "2020-12-20", "3119035");
INSERT INTO Researcher (Researcher_ID,Name,Surname,Gender,Birth_Date,Recruitment_Date,Organization_ID) VALUES ("3119131", "Darshit", "Richards", "Other", "1986-02-21", "2020-09-16", "3119015");
INSERT INTO Researcher (Researcher_ID,Name,Surname,Gender,Birth_Date,Recruitment_Date,Organization_ID) VALUES ("3119132", "Carol", "Rogers", "Male", "1966-09-19", "2020-06-04", "3119006");
INSERT INTO Researcher (Researcher_ID,Name,Surname,Gender,Birth_Date,Recruitment_Date,Organization_ID) VALUES ("3119133", "Stacey", "Agate", "Female", "1996-05-11", "2020-02-28", "3119009");
INSERT INTO Researcher (Researcher_ID,Name,Surname,Gender,Birth_Date,Recruitment_Date,Organization_ID) VALUES ("3119134", "Ritvik", "Hartman", "Other", "1964-07-06", "2020-04-06", "3119001");
INSERT INTO Researcher (Researcher_ID,Name,Surname,Gender,Birth_Date,Recruitment_Date,Organization_ID) VALUES ("3119135", "Derrick", "Mcgee", "Male", "1975-10-08", "2021-01-08", "3119021");
INSERT INTO Researcher (Researcher_ID,Name,Surname,Gender,Birth_Date,Recruitment_Date,Organization_ID) VALUES ("3119136", "Aayush", "Reeves", "Female", "2001-02-28", "2020-09-13", "3119039");
INSERT INTO Researcher (Researcher_ID,Name,Surname,Gender,Birth_Date,Recruitment_Date,Organization_ID) VALUES ("3119137", "Scott", "Williams", "Other", "1975-10-28", "2020-02-25", "3119011");
INSERT INTO Researcher (Researcher_ID,Name,Surname,Gender,Birth_Date,Recruitment_Date,Organization_ID) VALUES ("3119138", "Mamooty", "Ryan", "Male", "1970-08-25", "2022-02-23", "3119006");
INSERT INTO Researcher (Researcher_ID,Name,Surname,Gender,Birth_Date,Recruitment_Date,Organization_ID) VALUES ("3119139", "William", "Torres", "Female", "1963-01-22", "2021-09-15", "3119007");
INSERT INTO Researcher (Researcher_ID,Name,Surname,Gender,Birth_Date,Recruitment_Date,Organization_ID) VALUES ("3119140", "Donna", "David", "Other", "1984-01-01", "2021-12-31", "3119038");
INSERT INTO Researcher (Researcher_ID,Name,Surname,Gender,Birth_Date,Recruitment_Date,Organization_ID) VALUES ("3119141", "Kristen", "Fitzgerald", "Male", "1966-04-04", "2020-10-23", "3119030");
INSERT INTO Researcher (Researcher_ID,Name,Surname,Gender,Birth_Date,Recruitment_Date,Organization_ID) VALUES ("3119142", "Raghav", "Jones", "Female", "1965-12-09", "2021-05-18", "3119040");
INSERT INTO Researcher (Researcher_ID,Name,Surname,Gender,Birth_Date,Recruitment_Date,Organization_ID) VALUES ("3119143", "Morgan", "Hill", "Other", "1982-08-30", "2021-03-01", "3119009");
INSERT INTO Researcher (Researcher_ID,Name,Surname,Gender,Birth_Date,Recruitment_Date,Organization_ID) VALUES ("3119144", "Brian", "Roberts", "Male", "1970-07-08", "2022-04-28", "3119008");
INSERT INTO Researcher (Researcher_ID,Name,Surname,Gender,Birth_Date,Recruitment_Date,Organization_ID) VALUES ("3119145", "Johnathan", "Shelton", "Female", "1975-03-13", "2022-02-23", "3119049");
INSERT INTO Researcher (Researcher_ID,Name,Surname,Gender,Birth_Date,Recruitment_Date,Organization_ID) VALUES ("3119146", "Benjamin", "Smith", "Other", "1971-02-25", "2021-07-29", "3119021");
INSERT INTO Researcher (Researcher_ID,Name,Surname,Gender,Birth_Date,Recruitment_Date,Organization_ID) VALUES ("3119147", "Julie", "Phillips", "Male", "1963-10-20", "2020-07-04", "3119042");
INSERT INTO Researcher (Researcher_ID,Name,Surname,Gender,Birth_Date,Recruitment_Date,Organization_ID) VALUES ("3119148", "Neelofar", "Halder", "Female", "1970-11-12", "2020-01-26", "3119047");
INSERT INTO Researcher (Researcher_ID,Name,Surname,Gender,Birth_Date,Recruitment_Date,Organization_ID) VALUES ("3119149", "Kaitlyn", "Mahal", "Other", "1964-11-07", "2022-03-18", "3119017");
INSERT INTO University (University_ID,Ministry_Budget,Org_type) VALUES ("3119000", "603079", "University");
INSERT INTO University (University_ID,Ministry_Budget,Org_type) VALUES ("3119003", "354004", "University");
INSERT INTO University (University_ID,Ministry_Budget,Org_type) VALUES ("3119006", "223822", "University");
INSERT INTO University (University_ID,Ministry_Budget,Org_type) VALUES ("3119009", "460095", "University");
INSERT INTO University (University_ID,Ministry_Budget,Org_type) VALUES ("3119012", "250223", "University");
INSERT INTO University (University_ID,Ministry_Budget,Org_type) VALUES ("3119015", "336841", "University");
INSERT INTO University (University_ID,Ministry_Budget,Org_type) VALUES ("3119018", "266152", "University");
INSERT INTO University (University_ID,Ministry_Budget,Org_type) VALUES ("3119021", "265033", "University");
INSERT INTO University (University_ID,Ministry_Budget,Org_type) VALUES ("3119024", "473659", "University");
INSERT INTO University (University_ID,Ministry_Budget,Org_type) VALUES ("3119027", "150630", "University");
INSERT INTO University (University_ID,Ministry_Budget,Org_type) VALUES ("3119030", "37018", "University");
INSERT INTO University (University_ID,Ministry_Budget,Org_type) VALUES ("3119033", "652447", "University");
INSERT INTO University (University_ID,Ministry_Budget,Org_type) VALUES ("3119036", "574491", "University");
INSERT INTO University (University_ID,Ministry_Budget,Org_type) VALUES ("3119039", "398162", "University");
INSERT INTO University (University_ID,Ministry_Budget,Org_type) VALUES ("3119042", "263797", "University");
INSERT INTO University (University_ID,Ministry_Budget,Org_type) VALUES ("3119045", "362568", "University");
INSERT INTO University (University_ID,Ministry_Budget,Org_type) VALUES ("3119048", "614304", "University");
INSERT INTO Research_Center (Research_Center_ID,Ministry_Budget,Actions_Budget,Org_type) VALUES ("3119002", "653684", "503755", "Research Center");
INSERT INTO Research_Center (Research_Center_ID,Ministry_Budget,Actions_Budget,Org_type) VALUES ("3119005", "334484", "433260", "Research Center");
INSERT INTO Research_Center (Research_Center_ID,Ministry_Budget,Actions_Budget,Org_type) VALUES ("3119008", "681526", "286971", "Research Center");
INSERT INTO Research_Center (Research_Center_ID,Ministry_Budget,Actions_Budget,Org_type) VALUES ("3119011", "431980", "137580", "Research Center");
INSERT INTO Research_Center (Research_Center_ID,Ministry_Budget,Actions_Budget,Org_type) VALUES ("3119014", "315550", "46143", "Research Center");
INSERT INTO Research_Center (Research_Center_ID,Ministry_Budget,Actions_Budget,Org_type) VALUES ("3119017", "63051", "370345", "Research Center");
INSERT INTO Research_Center (Research_Center_ID,Ministry_Budget,Actions_Budget,Org_type) VALUES ("3119020", "97941", "391066", "Research Center");
INSERT INTO Research_Center (Research_Center_ID,Ministry_Budget,Actions_Budget,Org_type) VALUES ("3119023", "77696", "265002", "Research Center");
INSERT INTO Research_Center (Research_Center_ID,Ministry_Budget,Actions_Budget,Org_type) VALUES ("3119026", "344710", "230150", "Research Center");
INSERT INTO Research_Center (Research_Center_ID,Ministry_Budget,Actions_Budget,Org_type) VALUES ("3119029", "639068", "185177", "Research Center");
INSERT INTO Research_Center (Research_Center_ID,Ministry_Budget,Actions_Budget,Org_type) VALUES ("3119032", "295635", "111217", "Research Center");
INSERT INTO Research_Center (Research_Center_ID,Ministry_Budget,Actions_Budget,Org_type) VALUES ("3119035", "530636", "256698", "Research Center");
INSERT INTO Research_Center (Research_Center_ID,Ministry_Budget,Actions_Budget,Org_type) VALUES ("3119038", "609546", "506303", "Research Center");
INSERT INTO Research_Center (Research_Center_ID,Ministry_Budget,Actions_Budget,Org_type) VALUES ("3119041", "283298", "325355", "Research Center");
INSERT INTO Research_Center (Research_Center_ID,Ministry_Budget,Actions_Budget,Org_type) VALUES ("3119044", "431398", "146964", "Research Center");
INSERT INTO Research_Center (Research_Center_ID,Ministry_Budget,Actions_Budget,Org_type) VALUES ("3119047", "184380", "10747", "Research Center");
INSERT INTO Company (Company_ID,Equity,Org_type) VALUES ("3119001", "602633", "Company");
INSERT INTO Company (Company_ID,Equity,Org_type) VALUES ("3119004", "575919", "Company");
INSERT INTO Company (Company_ID,Equity,Org_type) VALUES ("3119007", "414353", "Company");
INSERT INTO Company (Company_ID,Equity,Org_type) VALUES ("3119010", "82338", "Company");
INSERT INTO Company (Company_ID,Equity,Org_type) VALUES ("3119013", "536029", "Company");
INSERT INTO Company (Company_ID,Equity,Org_type) VALUES ("3119016", "310306", "Company");
INSERT INTO Company (Company_ID,Equity,Org_type) VALUES ("3119019", "565448", "Company");
INSERT INTO Company (Company_ID,Equity,Org_type) VALUES ("3119022", "672436", "Company");
INSERT INTO Company (Company_ID,Equity,Org_type) VALUES ("3119025", "661528", "Company");
INSERT INTO Company (Company_ID,Equity,Org_type) VALUES ("3119028", "198593", "Company");
INSERT INTO Company (Company_ID,Equity,Org_type) VALUES ("3119031", "662535", "Company");
INSERT INTO Company (Company_ID,Equity,Org_type) VALUES ("3119034", "528389", "Company");
INSERT INTO Company (Company_ID,Equity,Org_type) VALUES ("3119037", "570330", "Company");
INSERT INTO Company (Company_ID,Equity,Org_type) VALUES ("3119040", "276148", "Company");
INSERT INTO Company (Company_ID,Equity,Org_type) VALUES ("3119043", "448420", "Company");
INSERT INTO Company (Company_ID,Equity,Org_type) VALUES ("3119046", "627977", "Company");
INSERT INTO Company (Company_ID,Equity,Org_type) VALUES ("3119049", "627696", "Company");
INSERT INTO Research_Field (Field_ID,Name) VALUES ("1", "Physics");
INSERT INTO Research_Field (Field_ID,Name) VALUES ("2", "Chemistry");
INSERT INTO Research_Field (Field_ID,Name) VALUES ("3", "Humanities");
INSERT INTO Research_Field (Field_ID,Name) VALUES ("4", "Creative Arts");
INSERT INTO Research_Field (Field_ID,Name) VALUES ("5", "Engineering");
INSERT INTO Research_Field (Field_ID,Name) VALUES ("6", "Economics");
INSERT INTO Research_Field (Field_ID,Name) VALUES ("7", "Mathematics");
INSERT INTO Research_Field (Field_ID,Name) VALUES ("8", "Computer Science");
INSERT INTO Research_Field (Field_ID,Name) VALUES ("9", "Biology");
INSERT INTO Research_Field (Field_ID,Name) VALUES ("10", "Medical Sciences");
INSERT INTO Research_Field (Field_ID,Name) VALUES ("11", "Education");
INSERT INTO Research_Field (Field_ID,Name) VALUES ("12", "Religion");
INSERT INTO Work_to_be_Submitted (Title,Project_ID,Summary,Submission_Date) VALUES ("Everybody Hear", "3119046", "Appear quickly guess news my forward.", "2022-12-03");
INSERT INTO Work_to_be_Submitted (Title,Project_ID,Summary,Submission_Date) VALUES ("Eum Et Illum Facere", "3119016", "Dicta quidem doloremque consectetur ab. Nostrum qui possimus.", "2021-02-10");
INSERT INTO Work_to_be_Submitted (Title,Project_ID,Summary,Submission_Date) VALUES ("Leave Must Home", "3119035", "Corporis recusandae sunt exercitationem quia suscipit quaerat.", "2022-10-05");
INSERT INTO Work_to_be_Submitted (Title,Project_ID,Summary,Submission_Date) VALUES ("Dolore Quisquam", "3119010", "Eat agreement up project. Get seek item right.", "2020-07-20");
INSERT INTO Work_to_be_Submitted (Title,Project_ID,Summary,Submission_Date) VALUES ("Eius Corrupti", "3119016", "Officiis expedita laboriosam accusamus hic.", "2022-10-01");
INSERT INTO Work_to_be_Submitted (Title,Project_ID,Summary,Submission_Date) VALUES ("So Likely Indicate", "3119018", "Officia soluta delectus inventore incidunt non sequi.", "2021-11-13");
INSERT INTO Work_to_be_Submitted (Title,Project_ID,Summary,Submission_Date) VALUES ("You American", "3119047", "Size key audience high entire feel. Save protect long president many able.", "2022-05-04");
INSERT INTO Work_to_be_Submitted (Title,Project_ID,Summary,Submission_Date) VALUES ("Dolore Unde Sequi", "3119049", "Suscipit fugiat iure praesentium.", "2021-09-25");
INSERT INTO Work_to_be_Submitted (Title,Project_ID,Summary,Submission_Date) VALUES ("Trouble Structure", "3119004", "Reach draw new ago agreement. Son machine better fine significant civil.", "2021-02-25");
INSERT INTO Work_to_be_Submitted (Title,Project_ID,Summary,Submission_Date) VALUES ("Pariatur Excepturi", "3119003", "Mention indeed eight save fund political evidence official.", "2023-04-26");
INSERT INTO Work_to_be_Submitted (Title,Project_ID,Summary,Submission_Date) VALUES ("Culture Law Break", "3119013", "Sit adipisci saepe laudantium quo. Cum hic pariatur nihil harum.", "2021-12-13");
INSERT INTO Work_to_be_Submitted (Title,Project_ID,Summary,Submission_Date) VALUES ("Whatever", "3119004", "Radio listen little begin might former at soldier.", "2021-06-12");
INSERT INTO Work_to_be_Submitted (Title,Project_ID,Summary,Submission_Date) VALUES ("Message Direction A", "3119023", "Dark loss successful else remain interest. Window paper image size office.", "2020-04-25");
INSERT INTO Work_to_be_Submitted (Title,Project_ID,Summary,Submission_Date) VALUES ("Expect Contain", "3119044", "See south government size big think knowledge form.", "2023-10-22");
INSERT INTO Work_to_be_Submitted (Title,Project_ID,Summary,Submission_Date) VALUES ("Eius Temporibus", "3119048", "Still wait size rather during miss per.", "2020-06-04");
INSERT INTO Work_to_be_Submitted (Title,Project_ID,Summary,Submission_Date) VALUES ("Fugiat Sint", "3119014", "Distinctio voluptate dicta maxime magni.", "2021-10-02");
INSERT INTO Work_to_be_Submitted (Title,Project_ID,Summary,Submission_Date) VALUES ("Reprehenderit", "3119008", "There eight player program idea exist.", "2021-08-25");
INSERT INTO Work_to_be_Submitted (Title,Project_ID,Summary,Submission_Date) VALUES ("Tempora Molestiae", "3119028", "Veritatis tenetur tenetur repellendus.", "2021-05-04");
INSERT INTO Work_to_be_Submitted (Title,Project_ID,Summary,Submission_Date) VALUES ("Figure Ability", "3119039", "Doloribus facilis adipisci aperiam. Nobis fugiat atque.", "2021-12-19");
INSERT INTO Work_to_be_Submitted (Title,Project_ID,Summary,Submission_Date) VALUES ("Television Energy", "3119038", "Born rest receive together. Pm organization painting why.", "2025-02-19");
INSERT INTO Work_to_be_Submitted (Title,Project_ID,Summary,Submission_Date) VALUES ("Idea Happy Report", "3119005", "City billion wide sign sense lead meeting.", "2023-09-06");
INSERT INTO Work_to_be_Submitted (Title,Project_ID,Summary,Submission_Date) VALUES ("Test Fear Food", "3119043", "Free ten southern run. Plan fear media condition live subject enjoy.", "2022-09-10");
INSERT INTO Work_to_be_Submitted (Title,Project_ID,Summary,Submission_Date) VALUES ("History Much", "3119021", "Even work great card human example us.", "2019-11-22");
INSERT INTO Work_to_be_Submitted (Title,Project_ID,Summary,Submission_Date) VALUES ("Each Both See", "3119047", "General sing hot structure behavior live student.", "2022-08-08");
INSERT INTO Work_to_be_Submitted (Title,Project_ID,Summary,Submission_Date) VALUES ("Adipisci Molestias", "3119022", "Voluptates consequatur quis. Quia corrupti facere a.", "2021-05-25");
INSERT INTO Work_to_be_Submitted (Title,Project_ID,Summary,Submission_Date) VALUES ("Three Fine Mother", "3119003", "Nesciunt libero tempora repellendus esse ex eligendi.", "2022-01-21");
INSERT INTO Work_to_be_Submitted (Title,Project_ID,Summary,Submission_Date) VALUES ("Necessitatibus", "3119034", "All listen author specific. Program part and argue.", "2022-08-19");
INSERT INTO Work_to_be_Submitted (Title,Project_ID,Summary,Submission_Date) VALUES ("Ipsam Asperiores", "3119045", "On movie hospital call father manager. Enjoy last child toward week.", "2022-10-21");
INSERT INTO Work_to_be_Submitted (Title,Project_ID,Summary,Submission_Date) VALUES ("Concern Learn Home", "3119011", "Responsibility no also reduce lot son according.", "2022-05-24");
INSERT INTO Work_to_be_Submitted (Title,Project_ID,Summary,Submission_Date) VALUES ("Delectus Incidunt", "3119036", "Condition large much. Benefit choose either town choice give her.", "2021-05-13");
INSERT INTO Work_to_be_Submitted (Title,Project_ID,Summary,Submission_Date) VALUES ("Particular Like", "3119040", "Class inside TV most those.", "2022-06-14");
INSERT INTO Work_to_be_Submitted (Title,Project_ID,Summary,Submission_Date) VALUES ("Join Foreign Appear", "3119011", "Avoid read against box too fall position much.", "2022-09-02");
INSERT INTO Work_to_be_Submitted (Title,Project_ID,Summary,Submission_Date) VALUES ("Understand Raise", "3119002", "Consumer author hit blue. Pass over evening toward wind.", "2022-11-08");
INSERT INTO Work_to_be_Submitted (Title,Project_ID,Summary,Submission_Date) VALUES ("Inventore Ipsam Sed", "3119004", "Ipsum culpa dicta corrupti porro. Ex vitae perferendis repellendus sunt.", "2020-05-23");
INSERT INTO Work_to_be_Submitted (Title,Project_ID,Summary,Submission_Date) VALUES ("Quisquam Veniam", "3119010", "Vel pariatur a minima quaerat perspiciatis.", "2020-06-01");
INSERT INTO Work_to_be_Submitted (Title,Project_ID,Summary,Submission_Date) VALUES ("Ratione Dolorum", "3119041", "Drug central term buy because build.", "2025-04-07");
INSERT INTO Work_to_be_Submitted (Title,Project_ID,Summary,Submission_Date) VALUES ("Veniam Atque Quos", "3119026", "Dolorum accusantium pariatur aperiam sapiente. Accusantium saepe illo.", "2023-05-21");
INSERT INTO Work_to_be_Submitted (Title,Project_ID,Summary,Submission_Date) VALUES ("Sapiente Quam Modi", "3119027", "Wonder draw too two player move. Factor good want of letter form.", "2020-12-22");
INSERT INTO Work_to_be_Submitted (Title,Project_ID,Summary,Submission_Date) VALUES ("Qui Eos Numquam", "3119002", "Corrupti impedit porro beatae amet.", "2023-09-24");
INSERT INTO Work_to_be_Submitted (Title,Project_ID,Summary,Submission_Date) VALUES ("Up Admit Trouble", "3119049", "Set billion set despite increase kind partner.", "2020-03-09");
INSERT INTO Work_to_be_Submitted (Title,Project_ID,Summary,Submission_Date) VALUES ("Attack Key Theory", "3119028", "Dicta amet repellat recusandae reprehenderit perferendis.", "2022-07-26");
INSERT INTO Work_to_be_Submitted (Title,Project_ID,Summary,Submission_Date) VALUES ("Enim Aliquid Error", "3119044", "Every later through administration.", "2024-08-25");
INSERT INTO Work_to_be_Submitted (Title,Project_ID,Summary,Submission_Date) VALUES ("Excepturi", "3119002", "Eligendi numquam ducimus in reprehenderit deserunt repellendus.", "2022-10-09");
INSERT INTO Work_to_be_Submitted (Title,Project_ID,Summary,Submission_Date) VALUES ("Facilis Maxime", "3119010", "Process seem win sound seem prepare. Light sort money two example race.", "2021-03-24");
INSERT INTO Work_to_be_Submitted (Title,Project_ID,Summary,Submission_Date) VALUES ("She Change Research", "3119018", "Eveniet error reiciendis reprehenderit.", "2023-01-03");
INSERT INTO Work_to_be_Submitted (Title,Project_ID,Summary,Submission_Date) VALUES ("What Group Media", "3119025", "Yeah who financial painting. Wife rich however measure.", "2022-02-24");
INSERT INTO Work_to_be_Submitted (Title,Project_ID,Summary,Submission_Date) VALUES ("And Television Hard", "3119043", "National another special movie notice gas.", "2021-10-02");
INSERT INTO Work_to_be_Submitted (Title,Project_ID,Summary,Submission_Date) VALUES ("Culpa Culpa Quos", "3119047", "Contain kitchen light region pull heart truth great.", "2021-09-17");
INSERT INTO Work_to_be_Submitted (Title,Project_ID,Summary,Submission_Date) VALUES ("Year But Man", "3119034", "Ex voluptatem ducimus hic minus nostrum unde.", "2021-06-12");
INSERT INTO Work_to_be_Submitted (Title,Project_ID,Summary,Submission_Date) VALUES ("Excepturi Optio", "3119045", "Enim impedit iure laboriosam earum esse.", "2021-12-04");
INSERT INTO Works_On (Researcher_ID,Project_ID,Start_Date) VALUES ("3119051", "3119047", "2020-03-29");
INSERT INTO Works_On (Researcher_ID,Project_ID,Start_Date) VALUES ("3119096", "3119043", "2021-10-27");
INSERT INTO Works_On (Researcher_ID,Project_ID,Start_Date) VALUES ("3119090", "3119035", "2022-01-19");
INSERT INTO Works_On (Researcher_ID,Project_ID,Start_Date) VALUES ("3119016", "3119030", "2020-04-08");
INSERT INTO Works_On (Researcher_ID,Project_ID,Start_Date) VALUES ("3119044", "3119015", "2021-04-18");
INSERT INTO Works_On (Researcher_ID,Project_ID,Start_Date) VALUES ("3119118", "3119001", "2020-05-28");
INSERT INTO Works_On (Researcher_ID,Project_ID,Start_Date) VALUES ("3119107", "3119002", "2021-04-07");
INSERT INTO Works_On (Researcher_ID,Project_ID,Start_Date) VALUES ("3119143", "3119000", "2020-01-17");
INSERT INTO Works_On (Researcher_ID,Project_ID,Start_Date) VALUES ("3119010", "3119025", "2020-01-24");
INSERT INTO Works_On (Researcher_ID,Project_ID,Start_Date) VALUES ("3119122", "3119032", "2020-05-10");
INSERT INTO Works_On (Researcher_ID,Project_ID,Start_Date) VALUES ("3119096", "3119037", "2021-08-12");
INSERT INTO Works_On (Researcher_ID,Project_ID,Start_Date) VALUES ("3119146", "3119033", "2020-12-18");
INSERT INTO Works_On (Researcher_ID,Project_ID,Start_Date) VALUES ("3119062", "3119032", "2020-11-30");
INSERT INTO Works_On (Researcher_ID,Project_ID,Start_Date) VALUES ("3119005", "3119020", "2020-11-25");
INSERT INTO Works_On (Researcher_ID,Project_ID,Start_Date) VALUES ("3119117", "3119016", "2022-04-03");
INSERT INTO Works_On (Researcher_ID,Project_ID,Start_Date) VALUES ("3119085", "3119002", "2021-06-13");
INSERT INTO Works_On (Researcher_ID,Project_ID,Start_Date) VALUES ("3119095", "3119002", "2022-01-24");
INSERT INTO Works_On (Researcher_ID,Project_ID,Start_Date) VALUES ("3119003", "3119045", "2021-06-21");
INSERT INTO Works_On (Researcher_ID,Project_ID,Start_Date) VALUES ("3119106", "3119006", "2022-01-07");
INSERT INTO Works_On (Researcher_ID,Project_ID,Start_Date) VALUES ("3119038", "3119014", "2021-11-08");
INSERT INTO Works_On (Researcher_ID,Project_ID,Start_Date) VALUES ("3119148", "3119004", "2020-02-17");
INSERT INTO Works_On (Researcher_ID,Project_ID,Start_Date) VALUES ("3119104", "3119018", "2020-11-09");
INSERT INTO Works_On (Researcher_ID,Project_ID,Start_Date) VALUES ("3119070", "3119025", "2020-08-08");
INSERT INTO Works_On (Researcher_ID,Project_ID,Start_Date) VALUES ("3119053", "3119017", "2021-08-08");
INSERT INTO Works_On (Researcher_ID,Project_ID,Start_Date) VALUES ("3119011", "3119019", "2020-02-06");
INSERT INTO Works_On (Researcher_ID,Project_ID,Start_Date) VALUES ("3119011", "3119017", "2020-03-27");
INSERT INTO Works_On (Researcher_ID,Project_ID,Start_Date) VALUES ("3119144", "3119004", "2021-07-29");
INSERT INTO Works_On (Researcher_ID,Project_ID,Start_Date) VALUES ("3119035", "3119037", "2020-08-17");
INSERT INTO Works_On (Researcher_ID,Project_ID,Start_Date) VALUES ("3119084", "3119007", "2021-08-03");
INSERT INTO Works_On (Researcher_ID,Project_ID,Start_Date) VALUES ("3119137", "3119013", "2021-05-16");
INSERT INTO Works_On (Researcher_ID,Project_ID,Start_Date) VALUES ("3119025", "3119033", "2020-11-29");
INSERT INTO Works_On (Researcher_ID,Project_ID,Start_Date) VALUES ("3119052", "3119003", "2022-03-28");
INSERT INTO Works_On (Researcher_ID,Project_ID,Start_Date) VALUES ("3119038", "3119020", "2022-03-14");
INSERT INTO Works_On (Researcher_ID,Project_ID,Start_Date) VALUES ("3119127", "3119030", "2021-12-06");
INSERT INTO Works_On (Researcher_ID,Project_ID,Start_Date) VALUES ("3119062", "3119030", "2021-11-14");
INSERT INTO Works_On (Researcher_ID,Project_ID,Start_Date) VALUES ("3119090", "3119001", "2021-08-10");
INSERT INTO Works_On (Researcher_ID,Project_ID,Start_Date) VALUES ("3119106", "3119030", "2022-01-08");
INSERT INTO Works_On (Researcher_ID,Project_ID,Start_Date) VALUES ("3119041", "3119012", "2022-03-30");
INSERT INTO Works_On (Researcher_ID,Project_ID,Start_Date) VALUES ("3119056", "3119011", "2020-06-04");
INSERT INTO Works_On (Researcher_ID,Project_ID,Start_Date) VALUES ("3119020", "3119016", "2021-09-09");
INSERT INTO Works_On (Researcher_ID,Project_ID,Start_Date) VALUES ("3119133", "3119039", "2022-02-09");
INSERT INTO Works_On (Researcher_ID,Project_ID,Start_Date) VALUES ("3119129", "3119021", "2020-01-31");
INSERT INTO Works_On (Researcher_ID,Project_ID,Start_Date) VALUES ("3119121", "3119007", "2020-03-20");
INSERT INTO Works_On (Researcher_ID,Project_ID,Start_Date) VALUES ("3119106", "3119047", "2022-04-19");
INSERT INTO Works_On (Researcher_ID,Project_ID,Start_Date) VALUES ("3119007", "3119037", "2022-01-12");
INSERT INTO Works_On (Researcher_ID,Project_ID,Start_Date) VALUES ("3119024", "3119027", "2021-02-23");
INSERT INTO Works_On (Researcher_ID,Project_ID,Start_Date) VALUES ("3119109", "3119032", "2021-08-28");
INSERT INTO Works_On (Researcher_ID,Project_ID,Start_Date) VALUES ("3119083", "3119040", "2020-07-08");
INSERT INTO Works_On (Researcher_ID,Project_ID,Start_Date) VALUES ("3119009", "3119028", "2021-10-26");
INSERT INTO Works_On (Researcher_ID,Project_ID,Start_Date) VALUES ("3119133", "3119027", "2021-07-24");
INSERT INTO Works_On (Researcher_ID,Project_ID,Start_Date) VALUES ("3119102", "3119047", "2022-04-16");
INSERT INTO Works_On (Researcher_ID,Project_ID,Start_Date) VALUES ("3119027", "3119047", "2021-04-08");
INSERT INTO Works_On (Researcher_ID,Project_ID,Start_Date) VALUES ("3119121", "3119018", "2021-01-30");
INSERT INTO Works_On (Researcher_ID,Project_ID,Start_Date) VALUES ("3119025", "3119019", "2021-05-18");
INSERT INTO Works_On (Researcher_ID,Project_ID,Start_Date) VALUES ("3119083", "3119015", "2022-01-28");
INSERT INTO Works_On (Researcher_ID,Project_ID,Start_Date) VALUES ("3119007", "3119010", "2020-10-25");
INSERT INTO Works_On (Researcher_ID,Project_ID,Start_Date) VALUES ("3119144", "3119019", "2022-02-09");
INSERT INTO Works_On (Researcher_ID,Project_ID,Start_Date) VALUES ("3119132", "3119037", "2020-11-23");
INSERT INTO Works_On (Researcher_ID,Project_ID,Start_Date) VALUES ("3119092", "3119000", "2020-10-02");
INSERT INTO Works_On (Researcher_ID,Project_ID,Start_Date) VALUES ("3119084", "3119000", "2021-11-05");
INSERT INTO Works_On (Researcher_ID,Project_ID,Start_Date) VALUES ("3119087", "3119021", "2020-08-12");
INSERT INTO Works_On (Researcher_ID,Project_ID,Start_Date) VALUES ("3119020", "3119039", "2020-11-23");
INSERT INTO Works_On (Researcher_ID,Project_ID,Start_Date) VALUES ("3119066", "3119021", "2021-09-16");
INSERT INTO Works_On (Researcher_ID,Project_ID,Start_Date) VALUES ("3119044", "3119009", "2020-08-14");
INSERT INTO Works_On (Researcher_ID,Project_ID,Start_Date) VALUES ("3119142", "3119033", "2020-03-27");
INSERT INTO Works_On (Researcher_ID,Project_ID,Start_Date) VALUES ("3119035", "3119008", "2020-07-31");
INSERT INTO Works_On (Researcher_ID,Project_ID,Start_Date) VALUES ("3119145", "3119034", "2020-05-03");
INSERT INTO Works_On (Researcher_ID,Project_ID,Start_Date) VALUES ("3119139", "3119005", "2022-04-16");
INSERT INTO Works_On (Researcher_ID,Project_ID,Start_Date) VALUES ("3119107", "3119009", "2021-06-26");
INSERT INTO Works_On (Researcher_ID,Project_ID,Start_Date) VALUES ("3119044", "3119039", "2020-09-12");
INSERT INTO Works_On (Researcher_ID,Project_ID,Start_Date) VALUES ("3119042", "3119000", "2021-10-06");
INSERT INTO Works_On (Researcher_ID,Project_ID,Start_Date) VALUES ("3119082", "3119016", "2021-08-11");
INSERT INTO Works_On (Researcher_ID,Project_ID,Start_Date) VALUES ("3119044", "3119045", "2020-06-07");
INSERT INTO Works_On (Researcher_ID,Project_ID,Start_Date) VALUES ("3119011", "3119035", "2022-05-09");
INSERT INTO Works_On (Researcher_ID,Project_ID,Start_Date) VALUES ("3119052", "3119033", "2020-03-23");
INSERT INTO Works_On (Researcher_ID,Project_ID,Start_Date) VALUES ("3119128", "3119031", "2020-06-15");
INSERT INTO Works_On (Researcher_ID,Project_ID,Start_Date) VALUES ("3119146", "3119004", "2021-07-13");
INSERT INTO Works_On (Researcher_ID,Project_ID,Start_Date) VALUES ("3119078", "3119028", "2022-05-03");
INSERT INTO Works_On (Researcher_ID,Project_ID,Start_Date) VALUES ("3119051", "3119025", "2021-07-03");
INSERT INTO Works_On (Researcher_ID,Project_ID,Start_Date) VALUES ("3119078", "3119036", "2020-06-03");
INSERT INTO Works_On (Researcher_ID,Project_ID,Start_Date) VALUES ("3119144", "3119003", "2020-11-13");
INSERT INTO Works_On (Researcher_ID,Project_ID,Start_Date) VALUES ("3119076", "3119048", "2020-01-06");
INSERT INTO Works_On (Researcher_ID,Project_ID,Start_Date) VALUES ("3119001", "3119030", "2021-11-30");
INSERT INTO Works_On (Researcher_ID,Project_ID,Start_Date) VALUES ("3119086", "3119012", "2021-09-22");
INSERT INTO Works_On (Researcher_ID,Project_ID,Start_Date) VALUES ("3119018", "3119038", "2021-07-27");
INSERT INTO Works_On (Researcher_ID,Project_ID,Start_Date) VALUES ("3119147", "3119043", "2022-01-12");
INSERT INTO Works_On (Researcher_ID,Project_ID,Start_Date) VALUES ("3119012", "3119014", "2020-06-03");
INSERT INTO Works_On (Researcher_ID,Project_ID,Start_Date) VALUES ("3119073", "3119022", "2021-05-16");
INSERT INTO Works_On (Researcher_ID,Project_ID,Start_Date) VALUES ("3119124", "3119010", "2022-04-25");
INSERT INTO Works_On (Researcher_ID,Project_ID,Start_Date) VALUES ("3119008", "3119001", "2020-08-17");
INSERT INTO Works_On (Researcher_ID,Project_ID,Start_Date) VALUES ("3119021", "3119000", "2021-04-11");
INSERT INTO Works_On (Researcher_ID,Project_ID,Start_Date) VALUES ("3119119", "3119048", "2022-03-14");
INSERT INTO Works_On (Researcher_ID,Project_ID,Start_Date) VALUES ("3119014", "3119039", "2021-01-19");
INSERT INTO Works_On (Researcher_ID,Project_ID,Start_Date) VALUES ("3119023", "3119025", "2022-02-13");
INSERT INTO Works_On (Researcher_ID,Project_ID,Start_Date) VALUES ("3119082", "3119003", "2020-12-01");
INSERT INTO Works_On (Researcher_ID,Project_ID,Start_Date) VALUES ("3119003", "3119013", "2021-05-21");
INSERT INTO Works_On (Researcher_ID,Project_ID,Start_Date) VALUES ("3119061", "3119028", "2021-09-01");
INSERT INTO Works_On (Researcher_ID,Project_ID,Start_Date) VALUES ("3119067", "3119005", "2022-05-04");
INSERT INTO Works_On (Researcher_ID,Project_ID,Start_Date) VALUES ("3119128", "3119048", "2022-01-20");
INSERT INTO Works_On (Researcher_ID,Project_ID,Start_Date) VALUES ("3119145", "3119049", "2020-05-15");
INSERT INTO Works_On (Researcher_ID,Project_ID,Start_Date) VALUES ("3119071", "3119003", "2021-09-02");
INSERT INTO Works_On (Researcher_ID,Project_ID,Start_Date) VALUES ("3119014", "3119014", "2022-02-23");
INSERT INTO Works_On (Researcher_ID,Project_ID,Start_Date) VALUES ("3119112", "3119032", "2020-10-11");
INSERT INTO Works_On (Researcher_ID,Project_ID,Start_Date) VALUES ("3119056", "3119049", "2021-03-17");
INSERT INTO Works_On (Researcher_ID,Project_ID,Start_Date) VALUES ("3119038", "3119049", "2020-07-23");
INSERT INTO Works_On (Researcher_ID,Project_ID,Start_Date) VALUES ("3119072", "3119008", "2021-11-18");
INSERT INTO Works_On (Researcher_ID,Project_ID,Start_Date) VALUES ("3119083", "3119014", "2022-01-31");
INSERT INTO Works_On (Researcher_ID,Project_ID,Start_Date) VALUES ("3119133", "3119034", "2020-09-17");
INSERT INTO Works_On (Researcher_ID,Project_ID,Start_Date) VALUES ("3119009", "3119017", "2020-05-02");
INSERT INTO Works_On (Researcher_ID,Project_ID,Start_Date) VALUES ("3119006", "3119004", "2021-04-09");
INSERT INTO Works_On (Researcher_ID,Project_ID,Start_Date) VALUES ("3119024", "3119017", "2021-09-14");
INSERT INTO Works_On (Researcher_ID,Project_ID,Start_Date) VALUES ("3119010", "3119030", "2021-06-09");
INSERT INTO Works_On (Researcher_ID,Project_ID,Start_Date) VALUES ("3119147", "3119000", "2020-02-16");
INSERT INTO Works_On (Researcher_ID,Project_ID,Start_Date) VALUES ("3119118", "3119041", "2020-07-03");
INSERT INTO Works_On (Researcher_ID,Project_ID,Start_Date) VALUES ("3119037", "3119030", "2021-02-18");
INSERT INTO Works_On (Researcher_ID,Project_ID,Start_Date) VALUES ("3119064", "3119017", "2022-03-23");
INSERT INTO Works_On (Researcher_ID,Project_ID,Start_Date) VALUES ("3119120", "3119004", "2022-02-18");
INSERT INTO Works_On (Researcher_ID,Project_ID,Start_Date) VALUES ("3119053", "3119023", "2021-06-28");
INSERT INTO Works_On (Researcher_ID,Project_ID,Start_Date) VALUES ("3119093", "3119020", "2020-01-09");
INSERT INTO Works_On (Researcher_ID,Project_ID,Start_Date) VALUES ("3119110", "3119017", "2020-08-31");
INSERT INTO Works_On (Researcher_ID,Project_ID,Start_Date) VALUES ("3119029", "3119015", "2020-06-02");
INSERT INTO Works_On (Researcher_ID,Project_ID,Start_Date) VALUES ("3119048", "3119032", "2021-06-14");
INSERT INTO Works_On (Researcher_ID,Project_ID,Start_Date) VALUES ("3119090", "3119034", "2020-09-26");
INSERT INTO Works_On (Researcher_ID,Project_ID,Start_Date) VALUES ("3119122", "3119008", "2021-08-20");
INSERT INTO Works_On (Researcher_ID,Project_ID,Start_Date) VALUES ("3119054", "3119043", "2021-11-22");
INSERT INTO Works_On (Researcher_ID,Project_ID,Start_Date) VALUES ("3119071", "3119034", "2020-09-11");
INSERT INTO Works_On (Researcher_ID,Project_ID,Start_Date) VALUES ("3119076", "3119025", "2021-01-28");
INSERT INTO Works_On (Researcher_ID,Project_ID,Start_Date) VALUES ("3119017", "3119000", "2020-09-21");
INSERT INTO Works_On (Researcher_ID,Project_ID,Start_Date) VALUES ("3119148", "3119017", "2020-11-22");
INSERT INTO Works_On (Researcher_ID,Project_ID,Start_Date) VALUES ("3119028", "3119020", "2020-06-27");
INSERT INTO Works_On (Researcher_ID,Project_ID,Start_Date) VALUES ("3119136", "3119008", "2020-07-25");
INSERT INTO Works_On (Researcher_ID,Project_ID,Start_Date) VALUES ("3119131", "3119017", "2021-12-19");
INSERT INTO Works_On (Researcher_ID,Project_ID,Start_Date) VALUES ("3119066", "3119039", "2021-11-08");
INSERT INTO Works_On (Researcher_ID,Project_ID,Start_Date) VALUES ("3119084", "3119004", "2021-01-15");
INSERT INTO Works_On (Researcher_ID,Project_ID,Start_Date) VALUES ("3119035", "3119010", "2020-07-28");
INSERT INTO Works_On (Researcher_ID,Project_ID,Start_Date) VALUES ("3119019", "3119034", "2020-02-15");
INSERT INTO Works_On (Researcher_ID,Project_ID,Start_Date) VALUES ("3119104", "3119049", "2020-04-09");
INSERT INTO Works_On (Researcher_ID,Project_ID,Start_Date) VALUES ("3119029", "3119020", "2020-01-20");
INSERT INTO Works_On (Researcher_ID,Project_ID,Start_Date) VALUES ("3119096", "3119027", "2021-07-12");
INSERT INTO Works_On (Researcher_ID,Project_ID,Start_Date) VALUES ("3119127", "3119018", "2021-05-27");
INSERT INTO Works_On (Researcher_ID,Project_ID,Start_Date) VALUES ("3119054", "3119010", "2021-02-14");
INSERT INTO Works_On (Researcher_ID,Project_ID,Start_Date) VALUES ("3119047", "3119019", "2021-10-06");
INSERT INTO Works_On (Researcher_ID,Project_ID,Start_Date) VALUES ("3119041", "3119015", "2020-01-24");
INSERT INTO Works_On (Researcher_ID,Project_ID,Start_Date) VALUES ("3119032", "3119000", "2021-08-19");
INSERT INTO Works_On (Researcher_ID,Project_ID,Start_Date) VALUES ("3119027", "3119008", "2021-06-06");
INSERT INTO Works_On (Researcher_ID,Project_ID,Start_Date) VALUES ("3119009", "3119010", "2020-12-26");
INSERT INTO Works_On (Researcher_ID,Project_ID,Start_Date) VALUES ("3119048", "3119012", "2021-04-06");
INSERT INTO Works_On (Researcher_ID,Project_ID,Start_Date) VALUES ("3119113", "3119046", "2020-07-14");
INSERT INTO Works_On (Researcher_ID,Project_ID,Start_Date) VALUES ("3119116", "3119003", "2022-03-23");
INSERT INTO Works_On (Researcher_ID,Project_ID,Start_Date) VALUES ("3119049", "3119019", "2020-05-05");
INSERT INTO Works_On (Researcher_ID,Project_ID,Start_Date) VALUES ("3119103", "3119013", "2022-04-21");
INSERT INTO Works_On (Researcher_ID,Project_ID,Start_Date) VALUES ("3119125", "3119004", "2021-04-27");
INSERT INTO Works_On (Researcher_ID,Project_ID,Start_Date) VALUES ("3119041", "3119017", "2021-09-21");
INSERT INTO Works_On (Researcher_ID,Project_ID,Start_Date) VALUES ("3119092", "3119041", "2022-02-08");
INSERT INTO Works_On (Researcher_ID,Project_ID,Start_Date) VALUES ("3119120", "3119026", "2020-08-14");
INSERT INTO Works_On (Researcher_ID,Project_ID,Start_Date) VALUES ("3119125", "3119034", "2021-09-26");
INSERT INTO Works_On (Researcher_ID,Project_ID,Start_Date) VALUES ("3119099", "3119011", "2021-08-02");
INSERT INTO Works_On (Researcher_ID,Project_ID,Start_Date) VALUES ("3119009", "3119012", "2020-04-15");
INSERT INTO Works_On (Researcher_ID,Project_ID,Start_Date) VALUES ("3119033", "3119033", "2021-09-23");
INSERT INTO Works_On (Researcher_ID,Project_ID,Start_Date) VALUES ("3119046", "3119029", "2022-01-13");
INSERT INTO Works_On (Researcher_ID,Project_ID,Start_Date) VALUES ("3119111", "3119010", "2022-02-12");
INSERT INTO Works_On (Researcher_ID,Project_ID,Start_Date) VALUES ("3119042", "3119014", "2020-05-09");
INSERT INTO Works_On (Researcher_ID,Project_ID,Start_Date) VALUES ("3119126", "3119013", "2021-03-17");
INSERT INTO Works_On (Researcher_ID,Project_ID,Start_Date) VALUES ("3119083", "3119035", "2020-11-15");
INSERT INTO Works_On (Researcher_ID,Project_ID,Start_Date) VALUES ("3119045", "3119020", "2021-05-05");
INSERT INTO Works_On (Researcher_ID,Project_ID,Start_Date) VALUES ("3119042", "3119035", "2021-02-13");
INSERT INTO Works_On (Researcher_ID,Project_ID,Start_Date) VALUES ("3119081", "3119049", "2022-05-02");
INSERT INTO Works_On (Researcher_ID,Project_ID,Start_Date) VALUES ("3119069", "3119013", "2021-09-24");
INSERT INTO Works_On (Researcher_ID,Project_ID,Start_Date) VALUES ("3119140", "3119024", "2021-06-05");
INSERT INTO Works_On (Researcher_ID,Project_ID,Start_Date) VALUES ("3119046", "3119002", "2022-01-22");
INSERT INTO Works_On (Researcher_ID,Project_ID,Start_Date) VALUES ("3119074", "3119039", "2021-04-21");
INSERT INTO Works_On (Researcher_ID,Project_ID,Start_Date) VALUES ("3119102", "3119031", "2020-03-20");
INSERT INTO Works_On (Researcher_ID,Project_ID,Start_Date) VALUES ("3119088", "3119048", "2020-04-01");
INSERT INTO Works_On (Researcher_ID,Project_ID,Start_Date) VALUES ("3119006", "3119000", "2020-11-27");
INSERT INTO Works_On (Researcher_ID,Project_ID,Start_Date) VALUES ("3119041", "3119032", "2021-03-02");
INSERT INTO Works_On (Researcher_ID,Project_ID,Start_Date) VALUES ("3119114", "3119000", "2022-02-18");
INSERT INTO Works_On (Researcher_ID,Project_ID,Start_Date) VALUES ("3119031", "3119037", "2020-07-23");
INSERT INTO Works_On (Researcher_ID,Project_ID,Start_Date) VALUES ("3119052", "3119024", "2022-02-25");
INSERT INTO Works_On (Researcher_ID,Project_ID,Start_Date) VALUES ("3119135", "3119000", "2020-12-26");
INSERT INTO Works_On (Researcher_ID,Project_ID,Start_Date) VALUES ("3119020", "3119027", "2020-01-27");
INSERT INTO Works_On (Researcher_ID,Project_ID,Start_Date) VALUES ("3119004", "3119021", "2022-02-01");
INSERT INTO Works_On (Researcher_ID,Project_ID,Start_Date) VALUES ("3119146", "3119016", "2021-06-25");
INSERT INTO Works_On (Researcher_ID,Project_ID,Start_Date) VALUES ("3119041", "3119011", "2022-01-30");
INSERT INTO Works_On (Researcher_ID,Project_ID,Start_Date) VALUES ("3119033", "3119030", "2020-11-18");
INSERT INTO Works_On (Researcher_ID,Project_ID,Start_Date) VALUES ("3119063", "3119036", "2021-05-19");
INSERT INTO Works_On (Researcher_ID,Project_ID,Start_Date) VALUES ("3119081", "3119044", "2020-06-29");
INSERT INTO Works_On (Researcher_ID,Project_ID,Start_Date) VALUES ("3119014", "3119016", "2021-01-08");
INSERT INTO Works_On (Researcher_ID,Project_ID,Start_Date) VALUES ("3119080", "3119001", "2020-04-17");
INSERT INTO Works_On (Researcher_ID,Project_ID,Start_Date) VALUES ("3119125", "3119017", "2021-03-06");
INSERT INTO Works_On (Researcher_ID,Project_ID,Start_Date) VALUES ("3119130", "3119033", "2021-01-05");
INSERT INTO Works_On (Researcher_ID,Project_ID,Start_Date) VALUES ("3119025", "3119049", "2021-11-04");
INSERT INTO Works_On (Researcher_ID,Project_ID,Start_Date) VALUES ("3119141", "3119002", "2020-02-02");
INSERT INTO Works_On (Researcher_ID,Project_ID,Start_Date) VALUES ("3119128", "3119038", "2022-01-02");
INSERT INTO Works_On (Researcher_ID,Project_ID,Start_Date) VALUES ("3119076", "3119022", "2020-04-01");
INSERT INTO Works_On (Researcher_ID,Project_ID,Start_Date) VALUES ("3119138", "3119003", "2020-05-11");
INSERT INTO Works_On (Researcher_ID,Project_ID,Start_Date) VALUES ("3119003", "3119043", "2020-02-10");
INSERT INTO Works_On (Researcher_ID,Project_ID,Start_Date) VALUES ("3119062", "3119018", "2020-01-11");
INSERT INTO Works_On (Researcher_ID,Project_ID,Start_Date) VALUES ("3119098", "3119007", "2021-09-10");
INSERT INTO Works_On (Researcher_ID,Project_ID,Start_Date) VALUES ("3119143", "3119046", "2021-02-08");
INSERT INTO Works_On (Researcher_ID,Project_ID,Start_Date) VALUES ("3119097", "3119027", "2021-04-23");
INSERT INTO Works_On (Researcher_ID,Project_ID,Start_Date) VALUES ("3119035", "3119007", "2020-09-06");
INSERT INTO Works_On (Researcher_ID,Project_ID,Start_Date) VALUES ("3119054", "3119007", "2021-02-06");
INSERT INTO Works_On (Researcher_ID,Project_ID,Start_Date) VALUES ("3119086", "3119030", "2022-05-17");
INSERT INTO Works_On (Researcher_ID,Project_ID,Start_Date) VALUES ("3119106", "3119043", "2021-10-10");
INSERT INTO Works_On (Researcher_ID,Project_ID,Start_Date) VALUES ("3119022", "3119032", "2020-11-20");
INSERT INTO Works_On (Researcher_ID,Project_ID,Start_Date) VALUES ("3119085", "3119006", "2021-01-31");
INSERT INTO Works_On (Researcher_ID,Project_ID,Start_Date) VALUES ("3119110", "3119041", "2020-09-09");
INSERT INTO Works_On (Researcher_ID,Project_ID,Start_Date) VALUES ("3119064", "3119040", "2020-12-15");
INSERT INTO Works_On (Researcher_ID,Project_ID,Start_Date) VALUES ("3119032", "3119016", "2021-04-16");
INSERT INTO Works_On (Researcher_ID,Project_ID,Start_Date) VALUES ("3119094", "3119049", "2020-05-21");
INSERT INTO Works_On (Researcher_ID,Project_ID,Start_Date) VALUES ("3119045", "3119012", "2020-07-14");
INSERT INTO Works_On (Researcher_ID,Project_ID,Start_Date) VALUES ("3119065", "3119026", "2020-09-01");
INSERT INTO Works_On (Researcher_ID,Project_ID,Start_Date) VALUES ("3119130", "3119035", "2021-09-01");
INSERT INTO Works_On (Researcher_ID,Project_ID,Start_Date) VALUES ("3119037", "3119034", "2020-01-19");
INSERT INTO Works_On (Researcher_ID,Project_ID,Start_Date) VALUES ("3119021", "3119042", "2020-08-09");
INSERT INTO Works_On (Researcher_ID,Project_ID,Start_Date) VALUES ("3119046", "3119017", "2020-09-04");
INSERT INTO Works_On (Researcher_ID,Project_ID,Start_Date) VALUES ("3119098", "3119039", "2020-07-24");
INSERT INTO Works_On (Researcher_ID,Project_ID,Start_Date) VALUES ("3119040", "3119044", "2020-08-13");
INSERT INTO Works_On (Researcher_ID,Project_ID,Start_Date) VALUES ("3119020", "3119035", "2021-09-20");
INSERT INTO Works_On (Researcher_ID,Project_ID,Start_Date) VALUES ("3119099", "3119007", "2020-01-08");
INSERT INTO Works_On (Researcher_ID,Project_ID,Start_Date) VALUES ("3119000", "3119031", "2022-02-04");
INSERT INTO Works_On (Researcher_ID,Project_ID,Start_Date) VALUES ("3119020", "3119029", "2021-04-29");
INSERT INTO Works_On (Researcher_ID,Project_ID,Start_Date) VALUES ("3119008", "3119039", "2021-09-28");
INSERT INTO Works_On (Researcher_ID,Project_ID,Start_Date) VALUES ("3119049", "3119049", "2022-02-04");
INSERT INTO Works_On (Researcher_ID,Project_ID,Start_Date) VALUES ("3119080", "3119005", "2021-05-16");
INSERT INTO Works_On (Researcher_ID,Project_ID,Start_Date) VALUES ("3119149", "3119039", "2020-06-24");
INSERT INTO Works_On (Researcher_ID,Project_ID,Start_Date) VALUES ("3119115", "3119034", "2022-02-10");
INSERT INTO Works_On (Researcher_ID,Project_ID,Start_Date) VALUES ("3119077", "3119046", "2020-01-31");
INSERT INTO Works_On (Researcher_ID,Project_ID,Start_Date) VALUES ("3119033", "3119032", "2020-12-27");
INSERT INTO Works_On (Researcher_ID,Project_ID,Start_Date) VALUES ("3119060", "3119021", "2020-03-23");
INSERT INTO Works_On (Researcher_ID,Project_ID,Start_Date) VALUES ("3119034", "3119029", "2020-06-08");
INSERT INTO Works_On (Researcher_ID,Project_ID,Start_Date) VALUES ("3119131", "3119041", "2020-09-28");
INSERT INTO Works_On (Researcher_ID,Project_ID,Start_Date) VALUES ("3119030", "3119032", "2022-02-20");
INSERT INTO Works_On (Researcher_ID,Project_ID,Start_Date) VALUES ("3119134", "3119021", "2021-04-05");
INSERT INTO Works_On (Researcher_ID,Project_ID,Start_Date) VALUES ("3119069", "3119048", "2022-03-18");
INSERT INTO Works_On (Researcher_ID,Project_ID,Start_Date) VALUES ("3119105", "3119015", "2020-11-21");
INSERT INTO Works_On (Researcher_ID,Project_ID,Start_Date) VALUES ("3119051", "3119032", "2022-02-11");
INSERT INTO Works_On (Researcher_ID,Project_ID,Start_Date) VALUES ("3119102", "3119034", "2020-05-03");
INSERT INTO Works_On (Researcher_ID,Project_ID,Start_Date) VALUES ("3119121", "3119024", "2022-03-05");
INSERT INTO Works_On (Researcher_ID,Project_ID,Start_Date) VALUES ("3119120", "3119017", "2020-11-24");
INSERT INTO Works_On (Researcher_ID,Project_ID,Start_Date) VALUES ("3119028", "3119031", "2020-07-20");
INSERT INTO Works_On (Researcher_ID,Project_ID,Start_Date) VALUES ("3119016", "3119003", "2021-07-05");
INSERT INTO Works_On (Researcher_ID,Project_ID,Start_Date) VALUES ("3119124", "3119045", "2021-04-02");
INSERT INTO Works_On (Researcher_ID,Project_ID,Start_Date) VALUES ("3119140", "3119000", "2020-07-13");
INSERT INTO Works_On (Researcher_ID,Project_ID,Start_Date) VALUES ("3119071", "3119014", "2022-01-20");
INSERT INTO Works_On (Researcher_ID,Project_ID,Start_Date) VALUES ("3119041", "3119003", "2021-09-09");
INSERT INTO Works_On (Researcher_ID,Project_ID,Start_Date) VALUES ("3119133", "3119046", "2020-11-01");
INSERT INTO Works_On (Researcher_ID,Project_ID,Start_Date) VALUES ("3119144", "3119001", "2020-04-10");
INSERT INTO Works_On (Researcher_ID,Project_ID,Start_Date) VALUES ("3119085", "3119043", "2022-01-06");
INSERT INTO Works_On (Researcher_ID,Project_ID,Start_Date) VALUES ("3119057", "3119036", "2020-11-20");
INSERT INTO Works_On (Researcher_ID,Project_ID,Start_Date) VALUES ("3119123", "3119025", "2022-05-11");
INSERT INTO Works_On (Researcher_ID,Project_ID,Start_Date) VALUES ("3119138", "3119004", "2022-04-23");
INSERT INTO Works_On (Researcher_ID,Project_ID,Start_Date) VALUES ("3119101", "3119036", "2021-07-12");
INSERT INTO Works_On (Researcher_ID,Project_ID,Start_Date) VALUES ("3119121", "3119034", "2021-10-06");
INSERT INTO Works_On (Researcher_ID,Project_ID,Start_Date) VALUES ("3119007", "3119036", "2021-11-04");
INSERT INTO Works_On (Researcher_ID,Project_ID,Start_Date) VALUES ("3119089", "3119007", "2021-06-01");
INSERT INTO Works_On (Researcher_ID,Project_ID,Start_Date) VALUES ("3119003", "3119039", "2020-12-02");
INSERT INTO Works_On (Researcher_ID,Project_ID,Start_Date) VALUES ("3119145", "3119019", "2021-01-11");
INSERT INTO Works_On (Researcher_ID,Project_ID,Start_Date) VALUES ("3119106", "3119036", "2020-08-10");
INSERT INTO Works_On (Researcher_ID,Project_ID,Start_Date) VALUES ("3119104", "3119042", "2022-04-02");
INSERT INTO Works_On (Researcher_ID,Project_ID,Start_Date) VALUES ("3119049", "3119038", "2020-03-11");
INSERT INTO Works_On (Researcher_ID,Project_ID,Start_Date) VALUES ("3119055", "3119046", "2021-10-01");
INSERT INTO Works_On (Researcher_ID,Project_ID,Start_Date) VALUES ("3119060", "3119034", "2022-04-12");
INSERT INTO Works_On (Researcher_ID,Project_ID,Start_Date) VALUES ("3119112", "3119011", "2020-08-02");
INSERT INTO Works_On (Researcher_ID,Project_ID,Start_Date) VALUES ("3119053", "3119025", "2021-05-02");
INSERT INTO Works_On (Researcher_ID,Project_ID,Start_Date) VALUES ("3119072", "3119046", "2021-12-29");
INSERT INTO Works_On (Researcher_ID,Project_ID,Start_Date) VALUES ("3119008", "3119014", "2020-05-20");
INSERT INTO Works_On (Researcher_ID,Project_ID,Start_Date) VALUES ("3119015", "3119019", "2021-05-13");
INSERT INTO Works_On (Researcher_ID,Project_ID,Start_Date) VALUES ("3119113", "3119036", "2021-12-21");
INSERT INTO Works_On (Researcher_ID,Project_ID,Start_Date) VALUES ("3119072", "3119037", "2021-06-03");
INSERT INTO Works_On (Researcher_ID,Project_ID,Start_Date) VALUES ("3119105", "3119023", "2020-05-18");
INSERT INTO Works_On (Researcher_ID,Project_ID,Start_Date) VALUES ("3119083", "3119045", "2020-09-23");
INSERT INTO Works_On (Researcher_ID,Project_ID,Start_Date) VALUES ("3119049", "3119025", "2021-11-06");
INSERT INTO Works_On (Researcher_ID,Project_ID,Start_Date) VALUES ("3119099", "3119031", "2021-12-13");
INSERT INTO Works_On (Researcher_ID,Project_ID,Start_Date) VALUES ("3119060", "3119001", "2021-08-05");
INSERT INTO Works_On (Researcher_ID,Project_ID,Start_Date) VALUES ("3119072", "3119045", "2020-10-22");
INSERT INTO Works_On (Researcher_ID,Project_ID,Start_Date) VALUES ("3119079", "3119038", "2021-09-03");
INSERT INTO Works_On (Researcher_ID,Project_ID,Start_Date) VALUES ("3119047", "3119034", "2021-01-05");
INSERT INTO Works_On (Researcher_ID,Project_ID,Start_Date) VALUES ("3119039", "3119010", "2020-11-16");
INSERT INTO Works_On (Researcher_ID,Project_ID,Start_Date) VALUES ("3119108", "3119011", "2021-02-21");
INSERT INTO Works_On (Researcher_ID,Project_ID,Start_Date) VALUES ("3119028", "3119012", "2020-04-23");
INSERT INTO Works_On (Researcher_ID,Project_ID,Start_Date) VALUES ("3119013", "3119000", "2020-11-07");
INSERT INTO Works_On (Researcher_ID,Project_ID,Start_Date) VALUES ("3119022", "3119012", "2020-06-15");
INSERT INTO Works_On (Researcher_ID,Project_ID,Start_Date) VALUES ("3119128", "3119023", "2021-01-28");
INSERT INTO Works_On (Researcher_ID,Project_ID,Start_Date) VALUES ("3119009", "3119049", "2021-06-07");
INSERT INTO Works_On (Researcher_ID,Project_ID,Start_Date) VALUES ("3119094", "3119046", "2021-06-11");
INSERT INTO Works_On (Researcher_ID,Project_ID,Start_Date) VALUES ("3119120", "3119014", "2021-12-12");
INSERT INTO Works_On (Researcher_ID,Project_ID,Start_Date) VALUES ("3119064", "3119031", "2022-01-27");
INSERT INTO Works_On (Researcher_ID,Project_ID,Start_Date) VALUES ("3119060", "3119010", "2020-04-25");
INSERT INTO Works_On (Researcher_ID,Project_ID,Start_Date) VALUES ("3119006", "3119010", "2021-03-25");
INSERT INTO Works_On (Researcher_ID,Project_ID,Start_Date) VALUES ("3119045", "3119026", "2020-10-03");
INSERT INTO Works_On (Researcher_ID,Project_ID,Start_Date) VALUES ("3119057", "3119019", "2020-02-02");
INSERT INTO Works_On (Researcher_ID,Project_ID,Start_Date) VALUES ("3119086", "3119028", "2021-04-26");
INSERT INTO Works_On (Researcher_ID,Project_ID,Start_Date) VALUES ("3119092", "3119042", "2020-11-27");
INSERT INTO Works_On (Researcher_ID,Project_ID,Start_Date) VALUES ("3119113", "3119041", "2021-12-20");
INSERT INTO Works_On (Researcher_ID,Project_ID,Start_Date) VALUES ("3119103", "3119017", "2020-01-01");
INSERT INTO Works_On (Researcher_ID,Project_ID,Start_Date) VALUES ("3119075", "3119003", "2022-01-18");
INSERT INTO Works_On (Researcher_ID,Project_ID,Start_Date) VALUES ("3119032", "3119030", "2021-11-19");
INSERT INTO Works_On (Researcher_ID,Project_ID,Start_Date) VALUES ("3119092", "3119037", "2020-08-27");
INSERT INTO Works_On (Researcher_ID,Project_ID,Start_Date) VALUES ("3119001", "3119025", "2021-12-15");
INSERT INTO Works_On (Researcher_ID,Project_ID,Start_Date) VALUES ("3119068", "3119041", "2021-11-23");
INSERT INTO Works_On (Researcher_ID,Project_ID,Start_Date) VALUES ("3119104", "3119043", "2020-02-13");
INSERT INTO Works_On (Researcher_ID,Project_ID,Start_Date) VALUES ("3119138", "3119006", "2022-04-18");
INSERT INTO Works_On (Researcher_ID,Project_ID,Start_Date) VALUES ("3119070", "3119009", "2022-05-05");
INSERT INTO Works_On (Researcher_ID,Project_ID,Start_Date) VALUES ("3119020", "3119041", "2021-06-13");
INSERT INTO Works_On (Researcher_ID,Project_ID,Start_Date) VALUES ("3119093", "3119003", "2021-10-22");
INSERT INTO Works_On (Researcher_ID,Project_ID,Start_Date) VALUES ("3119012", "3119044", "2021-06-23");
INSERT INTO Works_On (Researcher_ID,Project_ID,Start_Date) VALUES ("3119073", "3119034", "2021-05-25");
INSERT INTO Works_On (Researcher_ID,Project_ID,Start_Date) VALUES ("3119081", "3119039", "2021-05-10");
INSERT INTO Works_On (Researcher_ID,Project_ID,Start_Date) VALUES ("3119093", "3119011", "2021-07-27");
INSERT INTO Works_On (Researcher_ID,Project_ID,Start_Date) VALUES ("3119075", "3119013", "2021-10-28");
INSERT INTO Works_On (Researcher_ID,Project_ID,Start_Date) VALUES ("3119077", "3119017", "2022-03-09");
INSERT INTO Works_On (Researcher_ID,Project_ID,Start_Date) VALUES ("3119140", "3119034", "2021-08-13");
INSERT INTO Works_On (Researcher_ID,Project_ID,Start_Date) VALUES ("3119043", "3119049", "2021-08-16");
INSERT INTO Works_On (Researcher_ID,Project_ID,Start_Date) VALUES ("3119081", "3119029", "2020-10-31");
INSERT INTO Works_On (Researcher_ID,Project_ID,Start_Date) VALUES ("3119046", "3119046", "2021-04-17");
INSERT INTO Works_On (Researcher_ID,Project_ID,Start_Date) VALUES ("3119025", "3119003", "2021-08-03");
INSERT INTO Works_On (Researcher_ID,Project_ID,Start_Date) VALUES ("3119143", "3119044", "2021-08-09");
INSERT INTO Works_On (Researcher_ID,Project_ID,Start_Date) VALUES ("3119076", "3119021", "2021-04-12");
INSERT INTO Works_On (Researcher_ID,Project_ID,Start_Date) VALUES ("3119099", "3119027", "2021-01-27");
INSERT INTO Works_On (Researcher_ID,Project_ID,Start_Date) VALUES ("3119096", "3119028", "2021-08-10");
INSERT INTO Works_On (Researcher_ID,Project_ID,Start_Date) VALUES ("3119095", "3119022", "2021-09-18");
INSERT INTO Works_On (Researcher_ID,Project_ID,Start_Date) VALUES ("3119118", "3119008", "2022-05-16");
INSERT INTO Works_On (Researcher_ID,Project_ID,Start_Date) VALUES ("3119085", "3119023", "2021-08-24");
INSERT INTO Works_On (Researcher_ID,Project_ID,Start_Date) VALUES ("3119122", "3119012", "2021-02-05");
INSERT INTO Works_On (Researcher_ID,Project_ID,Start_Date) VALUES ("3119083", "3119011", "2020-06-01");
INSERT INTO Works_On (Researcher_ID,Project_ID,Start_Date) VALUES ("3119025", "3119047", "2022-04-12");
INSERT INTO Works_On (Researcher_ID,Project_ID,Start_Date) VALUES ("3119118", "3119040", "2020-01-19");
INSERT INTO Works_On (Researcher_ID,Project_ID,Start_Date) VALUES ("3119127", "3119024", "2020-03-26");
INSERT INTO Works_On (Researcher_ID,Project_ID,Start_Date) VALUES ("3119113", "3119042", "2022-02-05");
INSERT INTO Works_On (Researcher_ID,Project_ID,Start_Date) VALUES ("3119090", "3119018", "2020-08-30");
INSERT INTO Works_On (Researcher_ID,Project_ID,Start_Date) VALUES ("3119043", "3119044", "2022-02-07");
INSERT INTO Works_On (Researcher_ID,Project_ID,Start_Date) VALUES ("3119142", "3119000", "2022-04-06");
INSERT INTO Works_On (Researcher_ID,Project_ID,Start_Date) VALUES ("3119124", "3119023", "2020-07-04");
INSERT INTO Works_On (Researcher_ID,Project_ID,Start_Date) VALUES ("3119118", "3119013", "2021-10-26");
INSERT INTO Works_On (Researcher_ID,Project_ID,Start_Date) VALUES ("3119016", "3119027", "2020-07-11");
INSERT INTO Works_On (Researcher_ID,Project_ID,Start_Date) VALUES ("3119031", "3119026", "2020-05-27");
INSERT INTO Works_On (Researcher_ID,Project_ID,Start_Date) VALUES ("3119074", "3119020", "2022-01-08");
INSERT INTO Works_On (Researcher_ID,Project_ID,Start_Date) VALUES ("3119016", "3119009", "2022-04-04");
INSERT INTO Works_On (Researcher_ID,Project_ID,Start_Date) VALUES ("3119123", "3119007", "2020-02-09");
INSERT INTO Works_On (Researcher_ID,Project_ID,Start_Date) VALUES ("3119140", "3119011", "2021-04-07");
INSERT INTO Works_On (Researcher_ID,Project_ID,Start_Date) VALUES ("3119036", "3119016", "2021-10-05");
INSERT INTO Works_On (Researcher_ID,Project_ID,Start_Date) VALUES ("3119087", "3119022", "2020-01-18");
INSERT INTO Works_On (Researcher_ID,Project_ID,Start_Date) VALUES ("3119055", "3119001", "2021-05-04");
INSERT INTO Works_On (Researcher_ID,Project_ID,Start_Date) VALUES ("3119137", "3119019", "2020-05-27");
INSERT INTO Works_On (Researcher_ID,Project_ID,Start_Date) VALUES ("3119058", "3119043", "2020-11-01");
INSERT INTO Works_On (Researcher_ID,Project_ID,Start_Date) VALUES ("3119143", "3119020", "2021-03-28");
INSERT INTO Works_On (Researcher_ID,Project_ID,Start_Date) VALUES ("3119002", "3119012", "2021-06-03");
INSERT INTO Works_On (Researcher_ID,Project_ID,Start_Date) VALUES ("3119107", "3119022", "2021-07-08");
INSERT INTO Works_On (Researcher_ID,Project_ID,Start_Date) VALUES ("3119013", "3119003", "2021-10-09");
INSERT INTO Works_On (Researcher_ID,Project_ID,Start_Date) VALUES ("3119116", "3119032", "2021-04-20");
INSERT INTO Works_On (Researcher_ID,Project_ID,Start_Date) VALUES ("3119016", "3119033", "2020-02-26");
INSERT INTO Works_On (Researcher_ID,Project_ID,Start_Date) VALUES ("3119007", "3119003", "2021-11-07");
INSERT INTO Works_On (Researcher_ID,Project_ID,Start_Date) VALUES ("3119054", "3119021", "2021-05-07");
INSERT INTO Works_On (Researcher_ID,Project_ID,Start_Date) VALUES ("3119145", "3119037", "2020-04-24");
INSERT INTO Works_On (Researcher_ID,Project_ID,Start_Date) VALUES ("3119038", "3119046", "2020-03-02");
INSERT INTO Works_On (Researcher_ID,Project_ID,Start_Date) VALUES ("3119081", "3119013", "2021-11-06");
INSERT INTO Works_On (Researcher_ID,Project_ID,Start_Date) VALUES ("3119039", "3119042", "2020-09-04");
INSERT INTO Works_On (Researcher_ID,Project_ID,Start_Date) VALUES ("3119018", "3119026", "2021-07-03");
INSERT INTO Works_On (Researcher_ID,Project_ID,Start_Date) VALUES ("3119030", "3119038", "2020-01-15");
INSERT INTO Works_On (Researcher_ID,Project_ID,Start_Date) VALUES ("3119056", "3119010", "2020-09-10");
INSERT INTO Works_On (Researcher_ID,Project_ID,Start_Date) VALUES ("3119022", "3119028", "2020-04-21");
INSERT INTO Works_On (Researcher_ID,Project_ID,Start_Date) VALUES ("3119126", "3119009", "2020-06-05");
INSERT INTO Works_On (Researcher_ID,Project_ID,Start_Date) VALUES ("3119146", "3119008", "2021-09-16");
INSERT INTO Works_On (Researcher_ID,Project_ID,Start_Date) VALUES ("3119035", "3119000", "2020-08-21");
INSERT INTO Works_On (Researcher_ID,Project_ID,Start_Date) VALUES ("3119058", "3119017", "2022-03-25");
INSERT INTO Works_On (Researcher_ID,Project_ID,Start_Date) VALUES ("3119139", "3119003", "2021-03-09");
INSERT INTO Works_On (Researcher_ID,Project_ID,Start_Date) VALUES ("3119118", "3119037", "2022-03-26");
INSERT INTO Works_On (Researcher_ID,Project_ID,Start_Date) VALUES ("3119108", "3119042", "2022-03-17");
INSERT INTO Works_On (Researcher_ID,Project_ID,Start_Date) VALUES ("3119084", "3119001", "2020-06-14");
INSERT INTO Works_On (Researcher_ID,Project_ID,Start_Date) VALUES ("3119031", "3119022", "2022-01-21");
INSERT INTO Works_On (Researcher_ID,Project_ID,Start_Date) VALUES ("3119015", "3119046", "2022-02-21");
INSERT INTO Works_On (Researcher_ID,Project_ID,Start_Date) VALUES ("3119034", "3119012", "2021-01-06");
INSERT INTO Works_On (Researcher_ID,Project_ID,Start_Date) VALUES ("3119059", "3119034", "2021-05-28");
INSERT INTO Works_On (Researcher_ID,Project_ID,Start_Date) VALUES ("3119108", "3119016", "2020-07-20");
INSERT INTO Works_On (Researcher_ID,Project_ID,Start_Date) VALUES ("3119087", "3119038", "2021-08-05");
INSERT INTO Works_On (Researcher_ID,Project_ID,Start_Date) VALUES ("3119140", "3119044", "2021-02-05");
INSERT INTO Works_On (Researcher_ID,Project_ID,Start_Date) VALUES ("3119109", "3119006", "2021-04-19");
INSERT INTO Works_On (Researcher_ID,Project_ID,Start_Date) VALUES ("3119096", "3119015", "2021-05-18");
INSERT INTO Works_On (Researcher_ID,Project_ID,Start_Date) VALUES ("3119147", "3119040", "2020-05-11");
INSERT INTO Works_On (Researcher_ID,Project_ID,Start_Date) VALUES ("3119054", "3119041", "2020-05-08");
INSERT INTO Works_On (Researcher_ID,Project_ID,Start_Date) VALUES ("3119128", "3119022", "2021-09-19");
INSERT INTO Works_On (Researcher_ID,Project_ID,Start_Date) VALUES ("3119050", "3119018", "2021-04-21");
INSERT INTO Works_On (Researcher_ID,Project_ID,Start_Date) VALUES ("3119030", "3119015", "2020-05-30");
INSERT INTO Works_On (Researcher_ID,Project_ID,Start_Date) VALUES ("3119035", "3119041", "2020-04-09");
INSERT INTO Works_On (Researcher_ID,Project_ID,Start_Date) VALUES ("3119128", "3119026", "2021-05-31");
INSERT INTO Works_On (Researcher_ID,Project_ID,Start_Date) VALUES ("3119074", "3119023", "2020-09-19");
INSERT INTO Works_On (Researcher_ID,Project_ID,Start_Date) VALUES ("3119030", "3119026", "2022-02-20");
INSERT INTO Works_On (Researcher_ID,Project_ID,Start_Date) VALUES ("3119016", "3119012", "2020-08-17");
INSERT INTO Works_On (Researcher_ID,Project_ID,Start_Date) VALUES ("3119016", "3119034", "2020-05-19");
INSERT INTO Works_On (Researcher_ID,Project_ID,Start_Date) VALUES ("3119057", "3119038", "2022-02-07");
INSERT INTO Works_On (Researcher_ID,Project_ID,Start_Date) VALUES ("3119016", "3119024", "2022-01-12");
INSERT INTO Works_On (Researcher_ID,Project_ID,Start_Date) VALUES ("3119063", "3119017", "2020-12-24");
INSERT INTO Works_On (Researcher_ID,Project_ID,Start_Date) VALUES ("3119068", "3119001", "2020-09-08");
INSERT INTO Works_On (Researcher_ID,Project_ID,Start_Date) VALUES ("3119015", "3119041", "2021-09-01");
INSERT INTO Works_On (Researcher_ID,Project_ID,Start_Date) VALUES ("3119145", "3119023", "2022-04-26");
INSERT INTO Works_On (Researcher_ID,Project_ID,Start_Date) VALUES ("3119053", "3119003", "2021-02-25");
INSERT INTO Works_On (Researcher_ID,Project_ID,Start_Date) VALUES ("3119109", "3119041", "2020-01-03");
INSERT INTO Works_On (Researcher_ID,Project_ID,Start_Date) VALUES ("3119082", "3119002", "2021-05-23");
INSERT INTO Works_On (Researcher_ID,Project_ID,Start_Date) VALUES ("3119101", "3119005", "2020-03-31");
INSERT INTO Works_On (Researcher_ID,Project_ID,Start_Date) VALUES ("3119107", "3119019", "2022-05-17");
INSERT INTO Works_On (Researcher_ID,Project_ID,Start_Date) VALUES ("3119055", "3119004", "2020-01-27");
INSERT INTO Works_On (Researcher_ID,Project_ID,Start_Date) VALUES ("3119030", "3119034", "2020-04-27");
INSERT INTO Works_On (Researcher_ID,Project_ID,Start_Date) VALUES ("3119123", "3119008", "2022-04-18");
INSERT INTO Works_On (Researcher_ID,Project_ID,Start_Date) VALUES ("3119072", "3119015", "2022-04-03");
INSERT INTO Works_On (Researcher_ID,Project_ID,Start_Date) VALUES ("3119019", "3119037", "2020-08-18");
INSERT INTO Works_On (Researcher_ID,Project_ID,Start_Date) VALUES ("3119147", "3119036", "2020-11-01");
INSERT INTO Works_On (Researcher_ID,Project_ID,Start_Date) VALUES ("3119126", "3119016", "2021-12-24");
INSERT INTO Works_On (Researcher_ID,Project_ID,Start_Date) VALUES ("3119060", "3119031", "2021-11-07");
INSERT INTO Works_On (Researcher_ID,Project_ID,Start_Date) VALUES ("3119011", "3119034", "2020-11-03");
INSERT INTO Works_On (Researcher_ID,Project_ID,Start_Date) VALUES ("3119078", "3119021", "2020-02-06");
INSERT INTO Works_On (Researcher_ID,Project_ID,Start_Date) VALUES ("3119053", "3119037", "2020-07-25");
INSERT INTO Works_On (Researcher_ID,Project_ID,Start_Date) VALUES ("3119033", "3119019", "2022-03-26");
INSERT INTO Works_On (Researcher_ID,Project_ID,Start_Date) VALUES ("3119039", "3119003", "2022-02-02");
INSERT INTO Works_On (Researcher_ID,Project_ID,Start_Date) VALUES ("3119037", "3119041", "2020-04-06");
INSERT INTO Works_On (Researcher_ID,Project_ID,Start_Date) VALUES ("3119136", "3119014", "2020-02-25");
INSERT INTO Works_On (Researcher_ID,Project_ID,Start_Date) VALUES ("3119136", "3119045", "2022-01-24");
INSERT INTO Works_On (Researcher_ID,Project_ID,Start_Date) VALUES ("3119085", "3119024", "2021-07-10");
INSERT INTO Works_On (Researcher_ID,Project_ID,Start_Date) VALUES ("3119027", "3119011", "2020-04-05");
INSERT INTO Works_On (Researcher_ID,Project_ID,Start_Date) VALUES ("3119087", "3119025", "2021-08-25");
INSERT INTO Works_On (Researcher_ID,Project_ID,Start_Date) VALUES ("3119005", "3119002", "2022-03-15");
INSERT INTO Works_On (Researcher_ID,Project_ID,Start_Date) VALUES ("3119091", "3119016", "2021-08-09");
INSERT INTO Works_On (Researcher_ID,Project_ID,Start_Date) VALUES ("3119119", "3119046", "2020-12-25");
INSERT INTO Works_On (Researcher_ID,Project_ID,Start_Date) VALUES ("3119057", "3119033", "2021-12-26");
INSERT INTO Works_On (Researcher_ID,Project_ID,Start_Date) VALUES ("3119068", "3119038", "2022-01-15");
INSERT INTO Works_On (Researcher_ID,Project_ID,Start_Date) VALUES ("3119119", "3119016", "2020-02-26");
INSERT INTO Works_On (Researcher_ID,Project_ID,Start_Date) VALUES ("3119074", "3119009", "2022-01-11");
INSERT INTO Works_On (Researcher_ID,Project_ID,Start_Date) VALUES ("3119113", "3119012", "2020-03-21");
INSERT INTO Works_On (Researcher_ID,Project_ID,Start_Date) VALUES ("3119068", "3119030", "2022-03-07");
INSERT INTO Works_On (Researcher_ID,Project_ID,Start_Date) VALUES ("3119136", "3119047", "2021-07-20");
INSERT INTO Works_On (Researcher_ID,Project_ID,Start_Date) VALUES ("3119098", "3119000", "2022-02-02");
INSERT INTO Works_On (Researcher_ID,Project_ID,Start_Date) VALUES ("3119132", "3119025", "2022-02-07");
INSERT INTO Works_On (Researcher_ID,Project_ID,Start_Date) VALUES ("3119149", "3119041", "2020-03-16");
INSERT INTO Works_On (Researcher_ID,Project_ID,Start_Date) VALUES ("3119062", "3119021", "2020-07-29");
INSERT INTO Works_On (Researcher_ID,Project_ID,Start_Date) VALUES ("3119110", "3119011", "2022-02-20");
INSERT INTO Works_On (Researcher_ID,Project_ID,Start_Date) VALUES ("3119088", "3119027", "2021-12-12");
INSERT INTO Works_On (Researcher_ID,Project_ID,Start_Date) VALUES ("3119067", "3119017", "2020-11-24");
INSERT INTO Works_On (Researcher_ID,Project_ID,Start_Date) VALUES ("3119122", "3119046", "2021-04-07");
INSERT INTO Works_On (Researcher_ID,Project_ID,Start_Date) VALUES ("3119125", "3119040", "2020-09-24");
INSERT INTO Works_On (Researcher_ID,Project_ID,Start_Date) VALUES ("3119046", "3119032", "2021-10-26");
INSERT INTO Works_On (Researcher_ID,Project_ID,Start_Date) VALUES ("3119022", "3119010", "2020-02-01");
INSERT INTO Works_On (Researcher_ID,Project_ID,Start_Date) VALUES ("3119111", "3119038", "2021-01-24");
INSERT INTO Works_On (Researcher_ID,Project_ID,Start_Date) VALUES ("3119147", "3119042", "2021-07-18");
INSERT INTO Works_On (Researcher_ID,Project_ID,Start_Date) VALUES ("3119046", "3119007", "2020-09-07");
INSERT INTO Works_On (Researcher_ID,Project_ID,Start_Date) VALUES ("3119080", "3119027", "2020-04-28");
INSERT INTO Works_On (Researcher_ID,Project_ID,Start_Date) VALUES ("3119055", "3119026", "2021-05-04");
INSERT INTO Works_On (Researcher_ID,Project_ID,Start_Date) VALUES ("3119013", "3119016", "2021-09-30");
INSERT INTO Works_On (Researcher_ID,Project_ID,Start_Date) VALUES ("3119129", "3119043", "2021-10-02");
INSERT INTO Works_On (Researcher_ID,Project_ID,Start_Date) VALUES ("3119112", "3119020", "2021-03-27");
INSERT INTO Works_On (Researcher_ID,Project_ID,Start_Date) VALUES ("3119114", "3119028", "2020-03-05");
INSERT INTO Works_On (Researcher_ID,Project_ID,Start_Date) VALUES ("3119147", "3119014", "2021-02-20");
INSERT INTO Works_On (Researcher_ID,Project_ID,Start_Date) VALUES ("3119022", "3119013", "2021-11-13");
INSERT INTO Works_On (Researcher_ID,Project_ID,Start_Date) VALUES ("3119029", "3119040", "2020-10-24");
INSERT INTO Works_On (Researcher_ID,Project_ID,Start_Date) VALUES ("3119041", "3119043", "2020-12-04");
INSERT INTO Works_On (Researcher_ID,Project_ID,Start_Date) VALUES ("3119055", "3119016", "2021-12-02");
INSERT INTO Works_On (Researcher_ID,Project_ID,Start_Date) VALUES ("3119123", "3119024", "2021-04-28");
INSERT INTO Works_On (Researcher_ID,Project_ID,Start_Date) VALUES ("3119057", "3119012", "2021-05-18");
INSERT INTO Works_On (Researcher_ID,Project_ID,Start_Date) VALUES ("3119047", "3119012", "2021-11-18");
INSERT INTO Works_On (Researcher_ID,Project_ID,Start_Date) VALUES ("3119079", "3119043", "2021-02-09");
INSERT INTO Works_On (Researcher_ID,Project_ID,Start_Date) VALUES ("3119064", "3119006", "2020-06-08");
INSERT INTO Works_On (Researcher_ID,Project_ID,Start_Date) VALUES ("3119085", "3119012", "2020-07-30");
INSERT INTO Works_On (Researcher_ID,Project_ID,Start_Date) VALUES ("3119029", "3119022", "2021-10-27");
INSERT INTO Works_On (Researcher_ID,Project_ID,Start_Date) VALUES ("3119136", "3119029", "2020-08-14");
INSERT INTO Works_On (Researcher_ID,Project_ID,Start_Date) VALUES ("3119098", "3119034", "2021-01-14");
INSERT INTO Works_On (Researcher_ID,Project_ID,Start_Date) VALUES ("3119001", "3119013", "2021-09-01");
INSERT INTO Works_On (Researcher_ID,Project_ID,Start_Date) VALUES ("3119124", "3119038", "2021-02-08");
INSERT INTO Works_On (Researcher_ID,Project_ID,Start_Date) VALUES ("3119021", "3119044", "2020-01-20");
INSERT INTO Works_On (Researcher_ID,Project_ID,Start_Date) VALUES ("3119105", "3119045", "2020-03-22");
INSERT INTO Works_On (Researcher_ID,Project_ID,Start_Date) VALUES ("3119073", "3119006", "2020-02-28");
INSERT INTO Works_On (Researcher_ID,Project_ID,Start_Date) VALUES ("3119071", "3119008", "2020-09-05");
INSERT INTO Works_On (Researcher_ID,Project_ID,Start_Date) VALUES ("3119139", "3119000", "2020-02-03");
INSERT INTO Works_On (Researcher_ID,Project_ID,Start_Date) VALUES ("3119043", "3119017", "2020-07-07");
INSERT INTO Works_On (Researcher_ID,Project_ID,Start_Date) VALUES ("3119058", "3119027", "2022-05-03");
INSERT INTO Works_On (Researcher_ID,Project_ID,Start_Date) VALUES ("3119015", "3119026", "2020-12-31");
INSERT INTO Works_On (Researcher_ID,Project_ID,Start_Date) VALUES ("3119013", "3119042", "2021-12-15");
INSERT INTO Works_On (Researcher_ID,Project_ID,Start_Date) VALUES ("3119145", "3119027", "2021-02-20");
INSERT INTO Works_On (Researcher_ID,Project_ID,Start_Date) VALUES ("3119062", "3119011", "2021-09-19");
INSERT INTO Works_On (Researcher_ID,Project_ID,Start_Date) VALUES ("3119141", "3119013", "2021-09-20");
INSERT INTO Works_On (Researcher_ID,Project_ID,Start_Date) VALUES ("3119129", "3119035", "2020-02-21");
INSERT INTO Works_On (Researcher_ID,Project_ID,Start_Date) VALUES ("3119000", "3119000", "2020-03-12");
INSERT INTO Works_On (Researcher_ID,Project_ID,Start_Date) VALUES ("3119063", "3119043", "2020-12-27");
INSERT INTO Works_On (Researcher_ID,Project_ID,Start_Date) VALUES ("3119037", "3119016", "2020-01-23");
INSERT INTO Evaluation (Researcher_ID,Project_ID,Evaluation_Date,Evaluation_Grade) VALUES ("3119130", "3119000", "2020-08-13", "6");
INSERT INTO Evaluation (Researcher_ID,Project_ID,Evaluation_Date,Evaluation_Grade) VALUES ("3119061", "3119001", "2021-01-19", "4");
INSERT INTO Evaluation (Researcher_ID,Project_ID,Evaluation_Date,Evaluation_Grade) VALUES ("3119137", "3119002", "2020-10-19", "9");
INSERT INTO Evaluation (Researcher_ID,Project_ID,Evaluation_Date,Evaluation_Grade) VALUES ("3119014", "3119003", "2020-12-28", "2");
INSERT INTO Evaluation (Researcher_ID,Project_ID,Evaluation_Date,Evaluation_Grade) VALUES ("3119031", "3119004", "2022-02-24", "10");
INSERT INTO Evaluation (Researcher_ID,Project_ID,Evaluation_Date,Evaluation_Grade) VALUES ("3119000", "3119005", "2021-11-25", "3");
INSERT INTO Evaluation (Researcher_ID,Project_ID,Evaluation_Date,Evaluation_Grade) VALUES ("3119007", "3119006", "2021-08-06", "9");
INSERT INTO Evaluation (Researcher_ID,Project_ID,Evaluation_Date,Evaluation_Grade) VALUES ("3119061", "3119007", "2020-03-05", "1");
INSERT INTO Evaluation (Researcher_ID,Project_ID,Evaluation_Date,Evaluation_Grade) VALUES ("3119103", "3119008", "2021-10-26", "5");
INSERT INTO Evaluation (Researcher_ID,Project_ID,Evaluation_Date,Evaluation_Grade) VALUES ("3119130", "3119009", "2021-02-21", "8");
INSERT INTO Evaluation (Researcher_ID,Project_ID,Evaluation_Date,Evaluation_Grade) VALUES ("3119021", "3119010", "2022-04-04", "7");
INSERT INTO Evaluation (Researcher_ID,Project_ID,Evaluation_Date,Evaluation_Grade) VALUES ("3119013", "3119011", "2020-03-18", "9");
INSERT INTO Evaluation (Researcher_ID,Project_ID,Evaluation_Date,Evaluation_Grade) VALUES ("3119050", "3119012", "2020-11-30", "4");
INSERT INTO Evaluation (Researcher_ID,Project_ID,Evaluation_Date,Evaluation_Grade) VALUES ("3119124", "3119013", "2022-05-01", "5");
INSERT INTO Evaluation (Researcher_ID,Project_ID,Evaluation_Date,Evaluation_Grade) VALUES ("3119055", "3119014", "2022-05-17", "6");
INSERT INTO Evaluation (Researcher_ID,Project_ID,Evaluation_Date,Evaluation_Grade) VALUES ("3119035", "3119015", "2021-12-27", "4");
INSERT INTO Evaluation (Researcher_ID,Project_ID,Evaluation_Date,Evaluation_Grade) VALUES ("3119012", "3119016", "2020-10-16", "9");
INSERT INTO Evaluation (Researcher_ID,Project_ID,Evaluation_Date,Evaluation_Grade) VALUES ("3119079", "3119017", "2020-08-13", "2");
INSERT INTO Evaluation (Researcher_ID,Project_ID,Evaluation_Date,Evaluation_Grade) VALUES ("3119054", "3119018", "2020-12-18", "4");
INSERT INTO Evaluation (Researcher_ID,Project_ID,Evaluation_Date,Evaluation_Grade) VALUES ("3119003", "3119019", "2020-01-12", "7");
INSERT INTO Evaluation (Researcher_ID,Project_ID,Evaluation_Date,Evaluation_Grade) VALUES ("3119080", "3119020", "2021-07-12", "1");
INSERT INTO Evaluation (Researcher_ID,Project_ID,Evaluation_Date,Evaluation_Grade) VALUES ("3119012", "3119021", "2021-04-27", "4");
INSERT INTO Evaluation (Researcher_ID,Project_ID,Evaluation_Date,Evaluation_Grade) VALUES ("3119104", "3119022", "2021-08-08", "9");
INSERT INTO Evaluation (Researcher_ID,Project_ID,Evaluation_Date,Evaluation_Grade) VALUES ("3119072", "3119023", "2021-09-30", "7");
INSERT INTO Evaluation (Researcher_ID,Project_ID,Evaluation_Date,Evaluation_Grade) VALUES ("3119010", "3119024", "2020-04-23", "1");
INSERT INTO Evaluation (Researcher_ID,Project_ID,Evaluation_Date,Evaluation_Grade) VALUES ("3119011", "3119025", "2021-09-19", "2");
INSERT INTO Evaluation (Researcher_ID,Project_ID,Evaluation_Date,Evaluation_Grade) VALUES ("3119007", "3119026", "2020-02-14", "2");
INSERT INTO Evaluation (Researcher_ID,Project_ID,Evaluation_Date,Evaluation_Grade) VALUES ("3119138", "3119027", "2021-02-03", "9");
INSERT INTO Evaluation (Researcher_ID,Project_ID,Evaluation_Date,Evaluation_Grade) VALUES ("3119071", "3119028", "2022-04-01", "3");
INSERT INTO Evaluation (Researcher_ID,Project_ID,Evaluation_Date,Evaluation_Grade) VALUES ("3119052", "3119029", "2020-08-02", "6");
INSERT INTO Evaluation (Researcher_ID,Project_ID,Evaluation_Date,Evaluation_Grade) VALUES ("3119063", "3119030", "2020-07-03", "10");
INSERT INTO Evaluation (Researcher_ID,Project_ID,Evaluation_Date,Evaluation_Grade) VALUES ("3119106", "3119031", "2022-01-15", "2");
INSERT INTO Evaluation (Researcher_ID,Project_ID,Evaluation_Date,Evaluation_Grade) VALUES ("3119104", "3119032", "2020-07-27", "3");
INSERT INTO Evaluation (Researcher_ID,Project_ID,Evaluation_Date,Evaluation_Grade) VALUES ("3119038", "3119033", "2020-12-28", "5");
INSERT INTO Evaluation (Researcher_ID,Project_ID,Evaluation_Date,Evaluation_Grade) VALUES ("3119048", "3119034", "2021-02-23", "10");
INSERT INTO Evaluation (Researcher_ID,Project_ID,Evaluation_Date,Evaluation_Grade) VALUES ("3119118", "3119035", "2020-04-17", "8");
INSERT INTO Evaluation (Researcher_ID,Project_ID,Evaluation_Date,Evaluation_Grade) VALUES ("3119002", "3119036", "2020-12-01", "1");
INSERT INTO Evaluation (Researcher_ID,Project_ID,Evaluation_Date,Evaluation_Grade) VALUES ("3119119", "3119037", "2021-04-16", "9");
INSERT INTO Evaluation (Researcher_ID,Project_ID,Evaluation_Date,Evaluation_Grade) VALUES ("3119093", "3119038", "2020-12-10", "5");
INSERT INTO Evaluation (Researcher_ID,Project_ID,Evaluation_Date,Evaluation_Grade) VALUES ("3119108", "3119039", "2020-09-06", "4");
INSERT INTO Evaluation (Researcher_ID,Project_ID,Evaluation_Date,Evaluation_Grade) VALUES ("3119090", "3119040", "2021-02-08", "6");
INSERT INTO Evaluation (Researcher_ID,Project_ID,Evaluation_Date,Evaluation_Grade) VALUES ("3119117", "3119041", "2020-03-19", "10");
INSERT INTO Evaluation (Researcher_ID,Project_ID,Evaluation_Date,Evaluation_Grade) VALUES ("3119032", "3119042", "2020-03-16", "2");
INSERT INTO Evaluation (Researcher_ID,Project_ID,Evaluation_Date,Evaluation_Grade) VALUES ("3119059", "3119043", "2020-11-22", "6");
INSERT INTO Evaluation (Researcher_ID,Project_ID,Evaluation_Date,Evaluation_Grade) VALUES ("3119065", "3119044", "2020-01-17", "1");
INSERT INTO Evaluation (Researcher_ID,Project_ID,Evaluation_Date,Evaluation_Grade) VALUES ("3119128", "3119045", "2022-04-27", "2");
INSERT INTO Evaluation (Researcher_ID,Project_ID,Evaluation_Date,Evaluation_Grade) VALUES ("3119125", "3119046", "2020-10-07", "5");
INSERT INTO Evaluation (Researcher_ID,Project_ID,Evaluation_Date,Evaluation_Grade) VALUES ("3119092", "3119047", "2020-02-05", "3");
INSERT INTO Evaluation (Researcher_ID,Project_ID,Evaluation_Date,Evaluation_Grade) VALUES ("3119146", "3119048", "2021-05-01", "9");
INSERT INTO Evaluation (Researcher_ID,Project_ID,Evaluation_Date,Evaluation_Grade) VALUES ("3119026", "3119049", "2021-07-23", "10");
INSERT INTO Org_Phone (Organization_ID,Phone_Number) VALUES ("3119000", "2422284660");
INSERT INTO Org_Phone (Organization_ID,Phone_Number) VALUES ("3119001", "2386297072");
INSERT INTO Org_Phone (Organization_ID,Phone_Number) VALUES ("3119002", "2250633371");
INSERT INTO Org_Phone (Organization_ID,Phone_Number) VALUES ("3119003", "2195069307");
INSERT INTO Org_Phone (Organization_ID,Phone_Number) VALUES ("3119004", "2302699992");
INSERT INTO Org_Phone (Organization_ID,Phone_Number) VALUES ("3119005", "2409198784");
INSERT INTO Org_Phone (Organization_ID,Phone_Number) VALUES ("3119006", "2591799701");
INSERT INTO Org_Phone (Organization_ID,Phone_Number) VALUES ("3119007", "2126577280");
INSERT INTO Org_Phone (Organization_ID,Phone_Number) VALUES ("3119008", "2327151926");
INSERT INTO Org_Phone (Organization_ID,Phone_Number) VALUES ("3119009", "2598543691");
INSERT INTO Org_Phone (Organization_ID,Phone_Number) VALUES ("3119010", "2458812275");
INSERT INTO Org_Phone (Organization_ID,Phone_Number) VALUES ("3119011", "2443166531");
INSERT INTO Org_Phone (Organization_ID,Phone_Number) VALUES ("3119012", "2785474580");
INSERT INTO Org_Phone (Organization_ID,Phone_Number) VALUES ("3119013", "2363027485");
INSERT INTO Org_Phone (Organization_ID,Phone_Number) VALUES ("3119014", "2172032594");
INSERT INTO Org_Phone (Organization_ID,Phone_Number) VALUES ("3119015", "2432690036");
INSERT INTO Org_Phone (Organization_ID,Phone_Number) VALUES ("3119016", "2169409429");
INSERT INTO Org_Phone (Organization_ID,Phone_Number) VALUES ("3119017", "2429609835");
INSERT INTO Org_Phone (Organization_ID,Phone_Number) VALUES ("3119018", "2140168168");
INSERT INTO Org_Phone (Organization_ID,Phone_Number) VALUES ("3119019", "2127572791");
INSERT INTO Org_Phone (Organization_ID,Phone_Number) VALUES ("3119020", "2121269291");
INSERT INTO Org_Phone (Organization_ID,Phone_Number) VALUES ("3119021", "2204545399");
INSERT INTO Org_Phone (Organization_ID,Phone_Number) VALUES ("3119022", "2219924790");
INSERT INTO Org_Phone (Organization_ID,Phone_Number) VALUES ("3119023", "2768480695");
INSERT INTO Org_Phone (Organization_ID,Phone_Number) VALUES ("3119024", "2534598497");
INSERT INTO Org_Phone (Organization_ID,Phone_Number) VALUES ("3119025", "2645199359");
INSERT INTO Org_Phone (Organization_ID,Phone_Number) VALUES ("3119026", "2570702696");
INSERT INTO Org_Phone (Organization_ID,Phone_Number) VALUES ("3119027", "2525665131");
INSERT INTO Org_Phone (Organization_ID,Phone_Number) VALUES ("3119028", "2564257324");
INSERT INTO Org_Phone (Organization_ID,Phone_Number) VALUES ("3119029", "2493344238");
INSERT INTO Org_Phone (Organization_ID,Phone_Number) VALUES ("3119030", "2729704492");
INSERT INTO Org_Phone (Organization_ID,Phone_Number) VALUES ("3119031", "2526041670");
INSERT INTO Org_Phone (Organization_ID,Phone_Number) VALUES ("3119032", "2239939304");
INSERT INTO Org_Phone (Organization_ID,Phone_Number) VALUES ("3119033", "2512127398");
INSERT INTO Org_Phone (Organization_ID,Phone_Number) VALUES ("3119034", "2254958776");
INSERT INTO Org_Phone (Organization_ID,Phone_Number) VALUES ("3119035", "2746301004");
INSERT INTO Org_Phone (Organization_ID,Phone_Number) VALUES ("3119036", "2705584911");
INSERT INTO Org_Phone (Organization_ID,Phone_Number) VALUES ("3119037", "2157565281");
INSERT INTO Org_Phone (Organization_ID,Phone_Number) VALUES ("3119038", "2209667799");
INSERT INTO Org_Phone (Organization_ID,Phone_Number) VALUES ("3119039", "2162472382");
INSERT INTO Org_Phone (Organization_ID,Phone_Number) VALUES ("3119040", "2544398058");
INSERT INTO Org_Phone (Organization_ID,Phone_Number) VALUES ("3119041", "2760905374");
INSERT INTO Org_Phone (Organization_ID,Phone_Number) VALUES ("3119042", "2615353153");
INSERT INTO Org_Phone (Organization_ID,Phone_Number) VALUES ("3119043", "2642998195");
INSERT INTO Org_Phone (Organization_ID,Phone_Number) VALUES ("3119044", "2375523628");
INSERT INTO Org_Phone (Organization_ID,Phone_Number) VALUES ("3119045", "2193750975");
INSERT INTO Org_Phone (Organization_ID,Phone_Number) VALUES ("3119046", "2499541094");
INSERT INTO Org_Phone (Organization_ID,Phone_Number) VALUES ("3119047", "2267167327");
INSERT INTO Org_Phone (Organization_ID,Phone_Number) VALUES ("3119048", "2416026224");
INSERT INTO Org_Phone (Organization_ID,Phone_Number) VALUES ("3119049", "2283540764");
INSERT INTO Org_Phone (Organization_ID,Phone_Number) VALUES ("3119029", "2538216775");
INSERT INTO Org_Phone (Organization_ID,Phone_Number) VALUES ("3119005", "2274175884");
INSERT INTO Org_Phone (Organization_ID,Phone_Number) VALUES ("3119001", "2300519328");
INSERT INTO Org_Phone (Organization_ID,Phone_Number) VALUES ("3119014", "2549374956");
INSERT INTO Org_Phone (Organization_ID,Phone_Number) VALUES ("3119025", "2673080283");
INSERT INTO Org_Phone (Organization_ID,Phone_Number) VALUES ("3119010", "2620452951");
INSERT INTO Org_Phone (Organization_ID,Phone_Number) VALUES ("3119017", "2255090912");
INSERT INTO Org_Phone (Organization_ID,Phone_Number) VALUES ("3119003", "2673139837");
INSERT INTO Org_Phone (Organization_ID,Phone_Number) VALUES ("3119047", "2125477109");
INSERT INTO Org_Phone (Organization_ID,Phone_Number) VALUES ("3119003", "2570525785");
INSERT INTO Org_Phone (Organization_ID,Phone_Number) VALUES ("3119007", "2725742145");
INSERT INTO Org_Phone (Organization_ID,Phone_Number) VALUES ("3119025", "2249331453");
INSERT INTO Org_Phone (Organization_ID,Phone_Number) VALUES ("3119022", "2553996101");
INSERT INTO Org_Phone (Organization_ID,Phone_Number) VALUES ("3119005", "2220053905");
INSERT INTO Org_Phone (Organization_ID,Phone_Number) VALUES ("3119003", "2244450204");
INSERT INTO Org_Phone (Organization_ID,Phone_Number) VALUES ("3119042", "2132257738");
INSERT INTO Org_Phone (Organization_ID,Phone_Number) VALUES ("3119023", "2319452472");
INSERT INTO Org_Phone (Organization_ID,Phone_Number) VALUES ("3119020", "2625465299");
INSERT INTO Org_Phone (Organization_ID,Phone_Number) VALUES ("3119022", "2149233929");
INSERT INTO Org_Phone (Organization_ID,Phone_Number) VALUES ("3119008", "2614510430");
INSERT INTO Org_Phone (Organization_ID,Phone_Number) VALUES ("3119013", "2599565999");
INSERT INTO Org_Phone (Organization_ID,Phone_Number) VALUES ("3119035", "2393367790");
INSERT INTO Org_Phone (Organization_ID,Phone_Number) VALUES ("3119014", "2315666996");
INSERT INTO Org_Phone (Organization_ID,Phone_Number) VALUES ("3119049", "2374244082");
INSERT INTO Org_Phone (Organization_ID,Phone_Number) VALUES ("3119014", "2604004928");
INSERT INTO Org_Phone (Organization_ID,Phone_Number) VALUES ("3119006", "2659501199");
INSERT INTO Org_Phone (Organization_ID,Phone_Number) VALUES ("3119022", "2183336445");
INSERT INTO Org_Phone (Organization_ID,Phone_Number) VALUES ("3119021", "2251781783");
INSERT INTO Org_Phone (Organization_ID,Phone_Number) VALUES ("3119011", "2528318718");
INSERT INTO Org_Phone (Organization_ID,Phone_Number) VALUES ("3119019", "2534157477");
INSERT INTO Org_Phone (Organization_ID,Phone_Number) VALUES ("3119000", "2717179152");
INSERT INTO Org_Phone (Organization_ID,Phone_Number) VALUES ("3119048", "2358931687");
INSERT INTO Org_Phone (Organization_ID,Phone_Number) VALUES ("3119023", "2244124322");
INSERT INTO Org_Phone (Organization_ID,Phone_Number) VALUES ("3119017", "2619315567");
INSERT INTO Org_Phone (Organization_ID,Phone_Number) VALUES ("3119032", "2594106158");
INSERT INTO Org_Phone (Organization_ID,Phone_Number) VALUES ("3119021", "2258548553");
INSERT INTO Org_Phone (Organization_ID,Phone_Number) VALUES ("3119047", "2750051699");
INSERT INTO Org_Phone (Organization_ID,Phone_Number) VALUES ("3119010", "2351612941");
INSERT INTO Org_Phone (Organization_ID,Phone_Number) VALUES ("3119037", "2498632965");
INSERT INTO Org_Phone (Organization_ID,Phone_Number) VALUES ("3119027", "2556241044");
INSERT INTO Org_Phone (Organization_ID,Phone_Number) VALUES ("3119005", "2447343608");
INSERT INTO Org_Phone (Organization_ID,Phone_Number) VALUES ("3119028", "2506421311");
INSERT INTO Org_Phone (Organization_ID,Phone_Number) VALUES ("3119028", "2504142561");
INSERT INTO Org_Phone (Organization_ID,Phone_Number) VALUES ("3119049", "2573735807");
INSERT INTO Org_Phone (Organization_ID,Phone_Number) VALUES ("3119043", "2125781221");
INSERT INTO Org_Phone (Organization_ID,Phone_Number) VALUES ("3119016", "2339203549");
INSERT INTO Org_Phone (Organization_ID,Phone_Number) VALUES ("3119023", "2543590304");
INSERT INTO Org_Phone (Organization_ID,Phone_Number) VALUES ("3119049", "2535278699");
INSERT INTO Org_Phone (Organization_ID,Phone_Number) VALUES ("3119013", "2492329467");
INSERT INTO Org_Phone (Organization_ID,Phone_Number) VALUES ("3119025", "2639401333");
INSERT INTO Refers_To (Field_ID,Project_ID) VALUES ("3", "3119000");
INSERT INTO Refers_To (Field_ID,Project_ID) VALUES ("10", "3119001");
INSERT INTO Refers_To (Field_ID,Project_ID) VALUES ("10", "3119002");
INSERT INTO Refers_To (Field_ID,Project_ID) VALUES ("4", "3119003");
INSERT INTO Refers_To (Field_ID,Project_ID) VALUES ("6", "3119004");
INSERT INTO Refers_To (Field_ID,Project_ID) VALUES ("6", "3119005");
INSERT INTO Refers_To (Field_ID,Project_ID) VALUES ("6", "3119006");
INSERT INTO Refers_To (Field_ID,Project_ID) VALUES ("8", "3119007");
INSERT INTO Refers_To (Field_ID,Project_ID) VALUES ("12", "3119008");
INSERT INTO Refers_To (Field_ID,Project_ID) VALUES ("10", "3119009");
INSERT INTO Refers_To (Field_ID,Project_ID) VALUES ("1", "3119010");
INSERT INTO Refers_To (Field_ID,Project_ID) VALUES ("11", "3119011");
INSERT INTO Refers_To (Field_ID,Project_ID) VALUES ("4", "3119012");
INSERT INTO Refers_To (Field_ID,Project_ID) VALUES ("11", "3119013");
INSERT INTO Refers_To (Field_ID,Project_ID) VALUES ("2", "3119014");
INSERT INTO Refers_To (Field_ID,Project_ID) VALUES ("6", "3119015");
INSERT INTO Refers_To (Field_ID,Project_ID) VALUES ("12", "3119016");
INSERT INTO Refers_To (Field_ID,Project_ID) VALUES ("11", "3119017");
INSERT INTO Refers_To (Field_ID,Project_ID) VALUES ("11", "3119018");
INSERT INTO Refers_To (Field_ID,Project_ID) VALUES ("6", "3119019");
INSERT INTO Refers_To (Field_ID,Project_ID) VALUES ("8", "3119020");
INSERT INTO Refers_To (Field_ID,Project_ID) VALUES ("11", "3119021");
INSERT INTO Refers_To (Field_ID,Project_ID) VALUES ("11", "3119022");
INSERT INTO Refers_To (Field_ID,Project_ID) VALUES ("4", "3119023");
INSERT INTO Refers_To (Field_ID,Project_ID) VALUES ("8", "3119024");
INSERT INTO Refers_To (Field_ID,Project_ID) VALUES ("10", "3119025");
INSERT INTO Refers_To (Field_ID,Project_ID) VALUES ("11", "3119026");
INSERT INTO Refers_To (Field_ID,Project_ID) VALUES ("8", "3119027");
INSERT INTO Refers_To (Field_ID,Project_ID) VALUES ("10", "3119028");
INSERT INTO Refers_To (Field_ID,Project_ID) VALUES ("7", "3119029");
INSERT INTO Refers_To (Field_ID,Project_ID) VALUES ("9", "3119030");
INSERT INTO Refers_To (Field_ID,Project_ID) VALUES ("10", "3119031");
INSERT INTO Refers_To (Field_ID,Project_ID) VALUES ("4", "3119032");
INSERT INTO Refers_To (Field_ID,Project_ID) VALUES ("7", "3119033");
INSERT INTO Refers_To (Field_ID,Project_ID) VALUES ("9", "3119034");
INSERT INTO Refers_To (Field_ID,Project_ID) VALUES ("11", "3119035");
INSERT INTO Refers_To (Field_ID,Project_ID) VALUES ("12", "3119036");
INSERT INTO Refers_To (Field_ID,Project_ID) VALUES ("3", "3119037");
INSERT INTO Refers_To (Field_ID,Project_ID) VALUES ("2", "3119038");
INSERT INTO Refers_To (Field_ID,Project_ID) VALUES ("1", "3119039");
INSERT INTO Refers_To (Field_ID,Project_ID) VALUES ("1", "3119040");
INSERT INTO Refers_To (Field_ID,Project_ID) VALUES ("12", "3119041");
INSERT INTO Refers_To (Field_ID,Project_ID) VALUES ("6", "3119042");
INSERT INTO Refers_To (Field_ID,Project_ID) VALUES ("1", "3119043");
INSERT INTO Refers_To (Field_ID,Project_ID) VALUES ("4", "3119044");
INSERT INTO Refers_To (Field_ID,Project_ID) VALUES ("7", "3119045");
INSERT INTO Refers_To (Field_ID,Project_ID) VALUES ("9", "3119046");
INSERT INTO Refers_To (Field_ID,Project_ID) VALUES ("7", "3119047");
INSERT INTO Refers_To (Field_ID,Project_ID) VALUES ("10", "3119048");
INSERT INTO Refers_To (Field_ID,Project_ID) VALUES ("3", "3119049");
INSERT INTO Refers_To (Field_ID,Project_ID) VALUES ("9", "3119000");
INSERT INTO Refers_To (Field_ID,Project_ID) VALUES ("12", "3119001");
INSERT INTO Refers_To (Field_ID,Project_ID) VALUES ("3", "3119002");
INSERT INTO Refers_To (Field_ID,Project_ID) VALUES ("7", "3119003");
INSERT INTO Refers_To (Field_ID,Project_ID) VALUES ("3", "3119004");
INSERT INTO Refers_To (Field_ID,Project_ID) VALUES ("12", "3119005");
INSERT INTO Refers_To (Field_ID,Project_ID) VALUES ("12", "3119007");
INSERT INTO Refers_To (Field_ID,Project_ID) VALUES ("9", "3119008");
INSERT INTO Refers_To (Field_ID,Project_ID) VALUES ("6", "3119009");
INSERT INTO Refers_To (Field_ID,Project_ID) VALUES ("2", "3119010");
INSERT INTO Refers_To (Field_ID,Project_ID) VALUES ("3", "3119011");
INSERT INTO Refers_To (Field_ID,Project_ID) VALUES ("12", "3119012");
INSERT INTO Refers_To (Field_ID,Project_ID) VALUES ("1", "3119013");
INSERT INTO Refers_To (Field_ID,Project_ID) VALUES ("8", "3119014");
INSERT INTO Refers_To (Field_ID,Project_ID) VALUES ("8", "3119017");
INSERT INTO Refers_To (Field_ID,Project_ID) VALUES ("7", "3119018");
INSERT INTO Refers_To (Field_ID,Project_ID) VALUES ("3", "3119019");
INSERT INTO Refers_To (Field_ID,Project_ID) VALUES ("4", "3119020");
INSERT INTO Refers_To (Field_ID,Project_ID) VALUES ("10", "3119021");
INSERT INTO Refers_To (Field_ID,Project_ID) VALUES ("4", "3119022");
INSERT INTO Refers_To (Field_ID,Project_ID) VALUES ("1", "3119023");
INSERT INTO Refers_To (Field_ID,Project_ID) VALUES ("10", "3119024");
INSERT INTO Refers_To (Field_ID,Project_ID) VALUES ("4", "3119025");
INSERT INTO Refers_To (Field_ID,Project_ID) VALUES ("9", "3119026");
INSERT INTO Refers_To (Field_ID,Project_ID) VALUES ("11", "3119027");
INSERT INTO Refers_To (Field_ID,Project_ID) VALUES ("9", "3119029");
INSERT INTO Refers_To (Field_ID,Project_ID) VALUES ("4", "3119030");
INSERT INTO Refers_To (Field_ID,Project_ID) VALUES ("11", "3119031");
INSERT INTO Refers_To (Field_ID,Project_ID) VALUES ("8", "3119032");
INSERT INTO Refers_To (Field_ID,Project_ID) VALUES ("5", "3119033");
INSERT INTO Refers_To (Field_ID,Project_ID) VALUES ("7", "3119035");
INSERT INTO Refers_To (Field_ID,Project_ID) VALUES ("5", "3119036");
INSERT INTO Refers_To (Field_ID,Project_ID) VALUES ("6", "3119037");
INSERT INTO Refers_To (Field_ID,Project_ID) VALUES ("4", "3119038");
INSERT INTO Refers_To (Field_ID,Project_ID) VALUES ("11", "3119039");
INSERT INTO Refers_To (Field_ID,Project_ID) VALUES ("5", "3119040");
INSERT INTO Refers_To (Field_ID,Project_ID) VALUES ("11", "3119042");
INSERT INTO Refers_To (Field_ID,Project_ID) VALUES ("8", "3119043");
INSERT INTO Refers_To (Field_ID,Project_ID) VALUES ("8", "3119044");
INSERT INTO Refers_To (Field_ID,Project_ID) VALUES ("9", "3119045");
INSERT INTO Refers_To (Field_ID,Project_ID) VALUES ("5", "3119046");
INSERT INTO Refers_To (Field_ID,Project_ID) VALUES ("5", "3119047");
INSERT INTO Refers_To (Field_ID,Project_ID) VALUES ("3", "3119048");
INSERT INTO Refers_To (Field_ID,Project_ID) VALUES ("6", "3119049");
INSERT INTO Refers_To (Field_ID,Project_ID) VALUES ("6", "3119000");
INSERT INTO Refers_To (Field_ID,Project_ID) VALUES ("5", "3119001");
INSERT INTO Refers_To (Field_ID,Project_ID) VALUES ("6", "3119002");
INSERT INTO Refers_To (Field_ID,Project_ID) VALUES ("2", "3119003");
INSERT INTO Refers_To (Field_ID,Project_ID) VALUES ("10", "3119004");
INSERT INTO Refers_To (Field_ID,Project_ID) VALUES ("7", "3119005");
INSERT INTO Refers_To (Field_ID,Project_ID) VALUES ("11", "3119006");
INSERT INTO Refers_To (Field_ID,Project_ID) VALUES ("10", "3119007");
INSERT INTO Refers_To (Field_ID,Project_ID) VALUES ("4", "3119008");
INSERT INTO Refers_To (Field_ID,Project_ID) VALUES ("11", "3119010");
INSERT INTO Refers_To (Field_ID,Project_ID) VALUES ("8", "3119011");
INSERT INTO Refers_To (Field_ID,Project_ID) VALUES ("11", "3119012");
INSERT INTO Refers_To (Field_ID,Project_ID) VALUES ("12", "3119013");
INSERT INTO Refers_To (Field_ID,Project_ID) VALUES ("12", "3119014");
INSERT INTO Refers_To (Field_ID,Project_ID) VALUES ("1", "3119015");
INSERT INTO Refers_To (Field_ID,Project_ID) VALUES ("1", "3119016");
INSERT INTO Refers_To (Field_ID,Project_ID) VALUES ("12", "3119017");
INSERT INTO Refers_To (Field_ID,Project_ID) VALUES ("9", "3119018");
INSERT INTO Refers_To (Field_ID,Project_ID) VALUES ("12", "3119019");
INSERT INTO Refers_To (Field_ID,Project_ID) VALUES ("12", "3119020");
INSERT INTO Refers_To (Field_ID,Project_ID) VALUES ("2", "3119021");
INSERT INTO Refers_To (Field_ID,Project_ID) VALUES ("3", "3119022");
INSERT INTO Refers_To (Field_ID,Project_ID) VALUES ("5", "3119023");
INSERT INTO Refers_To (Field_ID,Project_ID) VALUES ("1", "3119024");
INSERT INTO Refers_To (Field_ID,Project_ID) VALUES ("9", "3119025");
INSERT INTO Refers_To (Field_ID,Project_ID) VALUES ("1", "3119026");
INSERT INTO Refers_To (Field_ID,Project_ID) VALUES ("2", "3119028");
INSERT INTO Refers_To (Field_ID,Project_ID) VALUES ("6", "3119029");
INSERT INTO Refers_To (Field_ID,Project_ID) VALUES ("7", "3119030");
INSERT INTO Refers_To (Field_ID,Project_ID) VALUES ("5", "3119031");
INSERT INTO Refers_To (Field_ID,Project_ID) VALUES ("6", "3119035");
INSERT INTO Refers_To (Field_ID,Project_ID) VALUES ("8", "3119036");
INSERT INTO Refers_To (Field_ID,Project_ID) VALUES ("1", "3119038");
INSERT INTO Refers_To (Field_ID,Project_ID) VALUES ("7", "3119039");
INSERT INTO Refers_To (Field_ID,Project_ID) VALUES ("6", "3119040");
INSERT INTO Refers_To (Field_ID,Project_ID) VALUES ("1", "3119041");
INSERT INTO Refers_To (Field_ID,Project_ID) VALUES ("9", "3119044");
INSERT INTO Refers_To (Field_ID,Project_ID) VALUES ("5", "3119045");
INSERT INTO Refers_To (Field_ID,Project_ID) VALUES ("12", "3119046");
INSERT INTO Refers_To (Field_ID,Project_ID) VALUES ("2", "3119047");
INSERT INTO Refers_To (Field_ID,Project_ID) VALUES ("8", "3119048");
INSERT INTO Refers_To (Field_ID,Project_ID) VALUES ("10", "3119049");
INSERT INTO Refers_To (Field_ID,Project_ID) VALUES ("1", "3119000");
INSERT INTO Refers_To (Field_ID,Project_ID) VALUES ("9", "3119001");
INSERT INTO Refers_To (Field_ID,Project_ID) VALUES ("6", "3119003");
INSERT INTO Refers_To (Field_ID,Project_ID) VALUES ("9", "3119004");
INSERT INTO Refers_To (Field_ID,Project_ID) VALUES ("9", "3119006");
INSERT INTO Refers_To (Field_ID,Project_ID) VALUES ("3", "3119007");
INSERT INTO Refers_To (Field_ID,Project_ID) VALUES ("1", "3119009");
INSERT INTO Refers_To (Field_ID,Project_ID) VALUES ("3", "3119010");
INSERT INTO Refers_To (Field_ID,Project_ID) VALUES ("6", "3119012");
INSERT INTO Refers_To (Field_ID,Project_ID) VALUES ("3", "3119013");
INSERT INTO Refers_To (Field_ID,Project_ID) VALUES ("6", "3119014");
INSERT INTO Refers_To (Field_ID,Project_ID) VALUES ("8", "3119015");
INSERT INTO Refers_To (Field_ID,Project_ID) VALUES ("5", "3119016");
INSERT INTO Refers_To (Field_ID,Project_ID) VALUES ("9", "3119017");
INSERT INTO Refers_To (Field_ID,Project_ID) VALUES ("2", "3119018");
INSERT INTO Refers_To (Field_ID,Project_ID) VALUES ("9", "3119019");
INSERT INTO Refers_To (Field_ID,Project_ID) VALUES ("3", "3119020");
INSERT INTO Refers_To (Field_ID,Project_ID) VALUES ("4", "3119021");
INSERT INTO Refers_To (Field_ID,Project_ID) VALUES ("8", "3119022");
INSERT INTO Refers_To (Field_ID,Project_ID) VALUES ("12", "3119023");
INSERT INTO Refers_To (Field_ID,Project_ID) VALUES ("4", "3119024");
INSERT INTO Refers_To (Field_ID,Project_ID) VALUES ("11", "3119025");
INSERT INTO Refers_To (Field_ID,Project_ID) VALUES ("10", "3119026");
INSERT INTO Refers_To (Field_ID,Project_ID) VALUES ("10", "3119027");
INSERT INTO Refers_To (Field_ID,Project_ID) VALUES ("1", "3119028");
INSERT INTO Refers_To (Field_ID,Project_ID) VALUES ("12", "3119030");
INSERT INTO Refers_To (Field_ID,Project_ID) VALUES ("5", "3119032");
INSERT INTO Refers_To (Field_ID,Project_ID) VALUES ("11", "3119034");
INSERT INTO Refers_To (Field_ID,Project_ID) VALUES ("9", "3119035");
INSERT INTO Refers_To (Field_ID,Project_ID) VALUES ("4", "3119037");
INSERT INTO Refers_To (Field_ID,Project_ID) VALUES ("6", "3119039");
INSERT INTO Refers_To (Field_ID,Project_ID) VALUES ("11", "3119041");
INSERT INTO Refers_To (Field_ID,Project_ID) VALUES ("7", "3119042");
INSERT INTO Refers_To (Field_ID,Project_ID) VALUES ("6", "3119043");
INSERT INTO Refers_To (Field_ID,Project_ID) VALUES ("7", "3119044");
INSERT INTO Refers_To (Field_ID,Project_ID) VALUES ("11", "3119047");
INSERT INTO Refers_To (Field_ID,Project_ID) VALUES ("12", "3119049");
